,IC
0,0.0
1,0.0
2,2.54774162
3,1.7186345749999998
4,0.0
5,0.0
6,0.0
7,0.0
8,1.33557294
9,2.5768703
10,1.71778686
11,1.71778686
12,2.75486124
13,3.09040418
14,2.49424964
15,1.94759624
16,3.06899752
17,2.3706335400000005
18,1.71778686
19,1.71778686
20,3.4093012600000003
21,3.2518926200000005
22,2.83454514
23,2.72377048
24,2.3706335400000005
25,3.5148054800000006
26,2.2192167599999997
27,1.33531645
28,2.37099382
29,1.3345479500000001
30,2.0046198399999997
31,2.67452132
32,2.18348308
33,2.82766412
34,1.6417201599999998
35,2.0046198399999997
36,3.4106905000000003
37,1.62214415
38,2.0046198399999997
39,2.22781752
40,3.1110451400000003
41,2.40645562
42,1.33531645
43,2.9021714000000003
44,3.5055931199999995
45,2.0046198399999997
46,3.34517582
47,1.6417201599999998
48,3.1771858600000003
49,1.3362562666666669
50,1.335914533333333
51,1.33557294
52,2.57183138
53,1.71778686
54,2.55264044
55,1.71778686
56,1.6417201599999998
57,2.55264044
58,1.33531645
59,0.0
60,1.71778686
61,0.0
62,2.0046198399999997
63,1.33557294
64,1.33557294
65,1.6982608
66,1.33557294
67,2.38437656
68,3.0439836199999997
69,3.32037404
70,3.3687992
71,2.1918197200000002
72,3.57970628
73,3.0769348
74,2.9561546
75,1.71778686
76,3.548525
77,2.95429116
78,1.71778686
79,2.86610162
80,2.6499252800000006
81,2.37099382
82,2.37099382
83,1.3362562666666669
84,1.71778686
85,2.18348308
86,1.336085625
87,1.33557294
88,1.33557294
89,2.0046198399999997
90,1.94759624
91,3.17223196
92,1.81406468
93,3.30270388
94,2.22781752
95,0.0
96,1.33557294
97,3.8675014400000003
98,2.71222224
99,2.8276887200000003
100,1.33557294
101,1.33557294
102,1.4686632400000001
103,1.7186345749999998
104,3.46469146
105,2.3351717400000003
106,1.4881893000000002
107,1.33557294
108,1.33531645
109,2.88157482
110,2.18306918
111,3.12160354
112,1.71778686
113,2.9427032200000003
114,3.78875276
115,1.3353682
116,1.33557294
117,3.4563266599999998
118,1.33557294
119,2.7365377000000004
120,1.71778686
121,1.71778686
122,2.9273319
123,2.77185432
124,2.55264044
125,3.3547518000000003
126,3.21718732
127,2.5721055600000002
128,2.8105548600000003
129,0.0
130,0.0
131,1.6417201599999998
132,3.01083936
133,2.22781752
134,2.9545112600000003
135,3.16676948
136,3.47116764
137,2.4096958600000002
138,2.40645562
139,1.71778686
140,0.0
141,3.4110062999999995
142,2.29963492
143,1.6416121000000001
144,2.0046199
145,1.33557294
146,2.126274
147,1.33557294
148,2.4960930800000005
149,1.71778686
150,2.0046199
151,1.71778686
152,2.1886653199999997
153,1.9213354599999999
154,3.3942416799999995
155,2.52333778
156,2.62134582
157,2.5233201999999997
158,1.71778686
159,1.5651705
160,0.0
161,2.812925
162,3.6752066400000003
163,1.71778686
164,2.6259009000000004
165,2.3709188000000005
166,1.71778686
167,1.33557294
168,2.0046199
169,3.21718732
170,1.71778686
171,1.6416121000000001
172,1.33557294
173,1.33557294
174,3.8202325800000003
175,1.33557294
176,0.0
177,2.13864634
178,2.0046199
179,3.3219901400000005
180,2.86610162
181,3.39729618
182,2.9677171200000005
183,0.0
184,1.33557294
185,0.0
186,0.0
187,1.9474992199999999
188,2.22781752
189,1.33557294
190,1.33557294
191,0.0
192,0.0
193,3.2773272600000007
194,3.0152399
195,1.3362562666666669
196,0.0
197,0.0
198,2.2548419799999997
199,1.33557294
200,3.7645242800000007
201,3.32672496
202,3.6278853
203,3.8531129000000006
204,1.71778686
205,1.7748104599999999
206,1.8715296
207,2.77766546
208,2.13875738
209,2.40645562
210,1.336290175
211,1.33557294
212,2.0046199
213,1.7186345749999998
214,3.5434398799999998
215,1.6417201599999998
216,2.2906738800000004
217,3.2224105200000004
218,1.6417201599999998
219,0.0
220,1.71778686
221,1.9475963
222,2.67452132
223,2.55264044
224,1.64094106
225,2.8317412400000004
226,2.0817111400000003
227,1.33557294
228,1.33557294
229,2.6912988
230,3.77043716
231,1.3365989
232,2.5967722200000005
233,2.77766546
234,1.71778686
235,3.12059986
236,2.7365377000000004
237,2.8357771800000005
238,1.33557294
239,1.71778686
240,2.5235698799999997
241,1.4303998249999998
242,1.6417201599999998
243,2.1975393
244,3.5033326199999997
245,1.33557294
246,3.81556548
247,2.22781752
248,1.87055442
249,1.33557294
250,1.99234464
251,0.0
252,3.30270388
253,1.71778686
254,3.37573204
255,2.18306918
256,2.5614494599999995
257,3.1655583999999997
258,2.6034149
259,1.71778686
260,3.01865514
261,3.2813645799999995
262,0.0
263,1.33557294
264,0.0
265,2.37065212
266,2.4963433
267,1.9474992199999999
268,2.6671074
269,1.33557294
270,1.71778686
271,2.75721798
272,1.33557294
273,2.69298268
274,3.1110451400000003
275,3.4474035200000004
276,0.0
277,3.8127023799999997
278,2.84835736
279,3.2416415
280,3.7318172000000005
281,1.33557294
282,3.47492862
283,0.0
284,2.95405084
285,1.33557294
286,2.83084208
287,1.33557294
288,1.33557294
289,1.64172
290,0.0
291,3.03037682
292,1.3362562666666669
293,1.71778686
294,2.0811577999999997
295,2.75697222
296,1.33557294
297,2.5770891199999997
298,3.3995735600000003
299,3.7764160200000005
300,2.22781752
301,1.7177866800000001
302,3.2626525200000005
303,1.9474992
304,2.49424964
305,2.83079664
306,1.3353682
307,3.32034204
308,3.08405008
309,2.49424964
310,2.0046199
311,1.9475962799999997
312,2.22781752
313,1.56517038
314,3.26324782
315,3.1825365999999997
316,1.7177866800000001
317,2.0046199
318,2.22781752
319,0.0
320,1.71778686
321,3.34517582
322,3.14991836
323,2.6879313999999996
324,2.0046199
325,1.33557294
326,1.64172
327,3.8074894200000005
328,3.9448234399999995
329,2.0046199
330,2.72050076
331,2.0046199
332,1.33557294
333,1.7177866800000001
334,1.9790707399999998
335,0.0
336,2.89419246
337,2.4584275599999996
338,2.95430554
339,1.7177866800000001
340,2.13864634
341,1.336290175
342,3.33847886
343,2.5075249600000005
344,1.336290175
345,1.33557294
346,1.7177866800000001
347,1.7177866800000001
348,1.33557294
349,3.3104738600000005
350,1.9474992
351,0.0
352,1.9471313
353,1.7177866800000001
354,2.40645562
355,1.33557294
356,1.9471313599999998
357,3.23404352
358,1.33557294
359,2.87679694
360,3.81482898
361,1.7177866800000001
362,3.6959043799999995
363,2.0046199
364,3.78371668
365,1.8901313800000001
366,2.29046462
367,2.40645562
368,1.33557294
369,3.04533352
370,2.68275582
371,2.13875738
372,1.33531645
373,2.6500726400000003
374,0.0
375,0.0
376,1.718974
377,1.33557294
378,1.7177866800000001
379,3.71757292
380,2.24755738
381,1.3362562666666669
382,1.33557294
383,3.1829247
384,1.33557294
385,2.85949196
386,2.29908282
387,1.33557294
388,1.7177866800000001
389,2.0046199
390,1.7177866800000001
391,1.7177866800000001
392,2.40645562
393,2.0046199
394,3.35027338
395,1.7177866800000001
396,2.0046199
397,1.33557294
398,1.33557294
399,2.5319151600000005
400,1.7177866800000001
401,0.0
402,1.7177866800000001
403,1.7177867
404,1.33557294
405,3.3335948799999997
406,1.33557294
407,3.5690354999999996
408,1.33557294
409,2.22781752
410,2.0046198399999997
411,3.5452760399999996
412,2.3351903199999997
413,3.54796652
414,3.1097314399999996
415,1.33557294
416,1.33557294
417,2.55264044
418,2.9121644800000004
419,1.33557294
420,1.336290175
421,1.33557294
422,3.00973132
423,1.7177866800000001
424,1.33557294
425,2.22781752
426,0.0
427,3.26209092
428,0.0
429,3.4189922600000004
430,1.33557294
431,3.5761355599999995
432,2.89664036
433,1.33557294
434,1.336290175
435,2.73252354
436,3.0689975599999997
437,2.4003140600000004
438,1.7630032000000004
439,1.33557294
440,3.07388642
441,2.0046199
442,1.7177866800000001
443,1.7177866800000001
444,1.7177867
445,3.3192101000000003
446,3.1277649600000004
447,3.4922756999999995
448,1.33557294
449,2.5720163200000004
450,1.64161194
451,2.17457946
452,2.9544704800000003
453,0.0
454,1.33557294
455,1.33557294
456,2.62134582
457,1.33557294
458,1.7177866800000001
459,1.33557294
460,2.9099987400000003
461,1.9923219799999998
462,2.67452132
463,3.12980814
464,3.06899752
465,2.40645562
466,2.0361915
467,3.8821327599999997
468,0.0
469,0.0
470,1.7177866800000001
471,2.67078
472,3.40423002
473,2.3706335400000005
474,3.73740514
475,3.2173338799999995
476,2.49433402
477,2.09400904
478,2.7250767799999998
479,3.5960330400000005
480,1.33557294
481,2.1264594800000003
482,1.8715296
483,0.0
484,3.36139516
485,1.8897637999999997
486,3.24596226
487,3.5704019200000006
488,1.33557294
489,3.1005988
490,1.33557294
491,1.6416121000000001
492,2.18348308
493,2.0046199
494,1.33557294
495,1.7177866800000001
496,1.87055442
497,3.08928944
498,2.6879313999999996
499,2.40645562
500,2.08171112
501,1.336085625
502,1.33557294
503,3.5880201599999992
504,2.2189139
505,2.75721798
506,3.4491223600000005
507,1.33557294
508,0.0
509,0.0
510,1.3362562666666669
511,2.92748488
512,3.54304676
513,1.33557294
514,2.0046199
515,1.790834675
516,2.22781752
517,1.91488886
518,3.41864126
519,1.9474992
520,2.2459255400000004
521,2.2068986
522,2.7749622400000002
523,1.33557294
524,1.71778686
525,2.22781752
526,2.09379108
527,1.7177866800000001
528,1.7177866800000001
529,1.33557294
530,2.7441095399999997
531,2.0046199
532,2.55264044
533,2.13875738
534,2.9696888200000005
535,2.77766546
536,3.65536512
537,2.77766546
538,1.336290175
539,1.6412370799999998
540,2.18339468
541,0.0
542,0.0
543,2.3351903199999997
544,2.77766546
545,1.7177866800000001
546,1.336290175
547,2.3351903199999997
548,1.7177866800000001
549,2.0046199
550,1.33557294
551,2.2636396000000003
552,2.09370268
553,1.64172
554,3.7297942000000006
555,1.87055442
556,1.33557294
557,3.12638748
558,1.8901313800000001
559,1.7177866800000001
560,2.5424389000000005
561,1.7177866800000001
562,2.0046199
563,1.7177866800000001
564,2.67452132
565,2.77766546
566,1.7177866800000001
567,2.37099382
568,3.5784037
569,3.3370400000000005
570,2.77766546
571,2.37099382
572,3.2055813200000003
573,3.46321954
574,2.0046199
575,2.2459255400000004
576,3.7032434800000003
577,1.4883246199999998
578,3.0336039400000003
579,3.40805522
580,2.0936800399999997
581,2.40645562
582,2.40645562
583,1.33557294
584,2.62591502
585,2.6502914600000005
586,1.71778686
587,2.0046199
588,1.33557294
589,2.0046199
590,0.0
591,2.33509672
592,3.2472379600000005
593,2.54749194
594,1.71778686
595,3.48993776
596,2.9275258
597,3.2697734000000005
598,2.9121136
599,1.7177866800000001
600,2.36467792
601,3.2265493999999997
602,3.53090794
603,3.25733776
604,1.33557294
605,3.7843993999999994
606,2.12645946
607,1.71778686
608,1.33557294
609,1.33557294
610,1.33557294
611,2.55804484
612,1.33557294
613,1.33557294
614,3.5990978199999994
615,3.766449675
616,3.43635868
617,2.83084224
618,1.7177866800000001
619,0.0
620,0.0
621,2.13864634
622,1.7177866800000001
623,3.48220356
624,3.70657616
625,2.49433402
626,1.64161194
627,1.33557294
628,1.7177866800000001
629,3.81227562
630,2.0046199
631,1.33557294
632,2.86610166
633,2.84378952
634,2.81016184
635,2.5725199200000004
636,3.53712126
637,2.0046199
638,1.6412371999999997
639,3.72164978
640,3.1855661
641,0.0
642,1.33557294
643,1.71778686
644,2.47189462
645,3.42318208
646,1.64120974
647,1.8777590200000003
648,1.33557294
649,2.4942496
650,2.40645562
651,1.73725898
652,1.33557294
653,3.00973144
654,0.0
655,3.00973144
656,2.40645562
657,0.0
658,1.5650350000000002
659,2.3351903199999997
660,2.5849303600000004
661,1.33557294
662,1.9511758000000001
663,1.9474992
664,1.5650350000000002
665,3.4327045400000005
666,2.0046199
667,2.56143534
668,1.7177866800000001
669,1.33557294
670,1.7177866800000001
671,1.7752753399999999
672,1.7177866800000001
673,0.0
674,1.33557294
675,3.55311514
676,2.67452132
677,1.7177866800000001
678,3.49347282
679,3.684372619999999
680,1.7177866800000001
681,1.33557294
682,0.0
683,2.7776656199999996
684,2.22781752
685,3.00973144
686,1.9474992
687,2.67452136
688,1.9471314199999998
689,2.75721798
690,2.0046199
691,1.33557294
692,3.53171866
693,3.52788258
694,1.7177866800000001
695,1.33557294
696,0.0
697,2.22781752
698,0.0
699,1.7177866800000001
700,3.7470078400000006
701,2.40645552
702,2.40645562
703,1.7177866800000001
704,3.0958783
705,0.0
706,3.71567268
707,1.8329871199999999
708,3.4145086399999998
709,2.0046199
710,2.22781752
711,3.21806232
712,2.49424964
713,3.65661234
714,3.4128335
715,1.336085625
716,3.62670156
717,2.7330462399999997
718,3.64590448
719,2.22781752
720,1.9474992
721,2.40645552
722,3.2894975000000004
723,2.82768876
724,3.5762346199999997
725,2.92752566
726,1.33531645
727,1.33557294
728,3.10875306
729,0.0
730,3.3039760800000004
731,2.55264034
732,1.7177866800000001
733,3.1456581799999994
734,3.2001829199999996
735,1.7177866800000001
736,1.71778686
737,1.33557294
738,2.22781752
739,2.0046199
740,1.4121499400000002
741,3.1934005
742,1.33531645
743,1.5650350000000002
744,2.7834001400000004
745,1.33557294
746,2.58588402
747,0.0
748,3.60502818
749,2.18348308
750,3.61916776
751,1.7177866800000001
752,3.0224703
753,2.40645552
754,3.307718
755,2.5190148
756,3.12998386
757,1.7177866800000001
758,1.9471313
759,2.22781752
760,3.5419607400000004
761,1.33557294
762,1.7177866800000001
763,2.73252354
764,2.0493682399999997
765,1.74384892
766,2.37099378
767,3.26324776
768,2.4357758600000006
769,2.76993072
770,0.0
771,3.55286216
772,3.7136280800000003
773,2.44384044
774,1.5650350000000002
775,2.55264044
776,2.67452132
777,1.33557294
778,1.64120974
779,3.2288922199999996
780,1.33557294
781,1.336290175
782,2.22781752
783,3.57021576
784,3.1678312399999995
785,0.0
786,2.6500726400000003
787,1.33557294
788,3.06926144
789,2.18348308
790,2.0046199
791,1.33557294
792,1.7177866800000001
793,1.33557294
794,3.5595394999999996
795,2.18306918
796,1.33557294
797,1.33557294
798,0.0
799,0.0
800,1.33557294
801,1.73725898
802,2.67452132
803,1.33557294
804,3.1528836
805,2.29042336
806,1.718974
807,1.9475962799999997
808,1.7177866800000001
809,2.13875738
810,1.33557294
811,1.33557294
812,2.83066934
813,1.527229775
814,1.33557294
815,1.33557294
816,1.7177866800000001
817,2.37099382
818,2.5233201999999997
819,1.33557294
820,2.22781752
821,2.7364730799999997
822,2.7571663200000005
823,2.6502914600000005
824,1.33557294
825,3.04302232
826,3.76309708
827,3.2842621800000003
828,2.0046199
829,2.0046199
830,1.64161194
831,0.0
832,2.0046199
833,1.7177866800000001
834,1.526856
835,1.3362562666666669
836,2.22781752
837,2.52363668
838,1.33557294
839,1.33557294
840,1.33557294
841,2.67452132
842,2.69185396
843,0.0
844,1.56517038
845,3.47958134
846,1.64120974
847,3.02483452
848,2.0046199
849,1.33557294
850,1.33557294
851,1.33557294
852,2.55264044
853,1.718974
854,2.5233201999999997
855,1.64172
856,2.2548419799999997
857,2.48817488
858,3.1754012000000005
859,2.62584278
860,0.0
861,2.37099382
862,0.0
863,1.6232869749999999
864,2.9427032200000003
865,1.33557294
866,2.22781752
867,2.64660826
868,2.22781752
869,1.4638845
870,2.49433382
871,2.52356978
872,2.6500726400000003
873,2.9916207999999997
874,1.7177866800000001
875,1.7177866800000001
876,1.33557294
877,3.34914622
878,2.22781752
879,3.6865338999999997
880,2.62122094
881,3.2493257
882,1.5650350000000002
883,2.9256158599999997
884,1.7186343750000002
885,1.41174768
886,1.33557294
887,1.9923446199999997
888,1.9471313599999998
889,2.94991858
890,1.7177866800000001
891,2.69167272
892,2.0046199
893,2.40645552
894,2.92723002
895,2.0493682399999997
896,1.7177866800000001
897,2.3706335400000005
898,3.14040032
899,2.0046199
900,1.7177866800000001
901,3.11416404
902,3.5772491000000004
903,2.82587452
904,2.7367188400000004
905,3.21994306
906,2.22781752
907,1.5650350000000002
908,1.33557294
909,1.73751508
910,1.7177866800000001
911,3.1532478000000004
912,2.08918628
913,1.8901313800000001
914,2.0046199
915,3.66141016
916,3.2103456
917,1.33557294
918,2.6930609600000004
919,3.2543047800000005
920,3.5204383999999997
921,2.52296354
922,1.33557294
923,1.71778686
924,3.33923512
925,1.33557294
926,1.73751508
927,1.7177866800000001
928,1.7748103
929,3.4011478600000005
930,2.4682891199999997
931,1.8901313800000001
932,2.0046198399999997
933,3.5942564000000004
934,2.11731524
935,1.7177866800000001
936,3.43692852
937,0.0
938,3.3980628499999996
939,2.82766412
940,1.64172
941,2.90866048
942,1.9475962799999997
943,3.44479482
944,2.0046199
945,1.7177866800000001
946,2.49433382
947,2.13864634
948,2.13875742
949,2.0046199
950,2.00461994
951,1.33557294
952,3.3097165000000004
953,2.8103946
954,3.41985028
955,3.5561906800000003
956,2.00461994
957,3.2842621800000003
958,1.33557294
959,1.33557294
960,3.42203564
961,3.15936116
962,2.29067378
963,1.7177866800000001
964,3.0994501400000005
965,3.0534687999999996
966,1.33557294
967,3.16868122
968,3.1984244600000005
969,1.33557294
970,2.87033724
971,1.33557294
972,3.4547833199999998
973,3.00973132
974,1.5650350000000002
975,2.3709187
976,1.33557294
977,1.33557294
978,3.1342359
979,3.48576518
980,2.6176045
981,3.56613694
982,3.4060238999999997
983,2.9275258
984,1.336290175
985,1.7560659
986,2.94060902
987,0.0
988,2.22781752
989,3.00816654
990,2.65034958
991,2.9427032200000003
992,1.33557294
993,2.67452132
994,2.7776656199999996
995,2.40645552
996,1.7177866800000001
997,3.50073118
998,1.33557294
999,1.33557294
1000,1.7177866800000001
1001,2.00461994
1002,1.33557294
1003,1.7177866800000001
1004,1.71778686
1005,1.9475962799999997
1006,3.48618182
1007,3.37617712
1008,0.0
1009,0.0
1010,0.0
1011,1.3365989
1012,2.7749623800000003
1013,2.55264044
1014,1.81914474
1015,3.1005988
1016,2.00461994
1017,1.33557294
1018,1.9475962799999997
1019,2.8485747599999995
1020,2.0046199
1021,1.33557294
1022,1.33557294
1023,2.90823178
1024,3.21189064
1025,2.40645552
1026,3.31611008
1027,1.3350605500000001
1028,3.2010254
1029,1.7748103400000002
1030,2.22781752
1031,1.3362562666666669
1032,1.33557294
1033,1.7177866800000001
1034,1.7177866800000001
1035,1.33557294
1036,1.33557294
1037,1.4882165600000001
1038,1.7177866800000001
1039,2.881473
1040,2.22781752
1041,3.3713029
1042,1.87704718
1043,2.77766546
1044,2.39965588
1045,3.24874034
1046,2.2189139
1047,1.336290175
1048,1.33557294
1049,3.105134
1050,3.35613818
1051,3.00973132
1052,3.1716847199999996
1053,1.7177866800000001
1054,3.5787362599999994
1055,1.7177866800000001
1056,2.00461994
1057,1.7177866800000001
1058,2.1256269199999998
1059,2.6708966400000005
1060,1.336085625
1061,3.64353464
1062,2.00461994
1063,2.00461994
1064,1.9471314
1065,1.71778686
1066,2.40645562
1067,1.33557294
1068,2.55264044
1069,2.00461994
1070,1.33557294
1071,3.74965214
1072,1.9475962799999997
1073,0.0
1074,3.6535615
1075,1.71778686
1076,1.336290175
1077,3.1787857799999997
1078,3.35383632
1079,2.4874981199999997
1080,1.7177866800000001
1081,1.33531645
1082,0.0
1083,2.87404222
1084,2.81028586
1085,1.33557294
1086,1.71778672
1087,1.33557294
1088,2.0046199
1089,2.22781752
1090,1.71778672
1091,1.71778672
1092,2.22781752
1093,2.62584278
1094,3.2417497600000003
1095,1.8900107
1096,2.45871278
1097,0.0
1098,1.8323959200000002
1099,1.7177866800000001
1100,2.5235698799999997
1101,2.0046198399999997
1102,3.19416406
1103,1.64120978
1104,1.7177866800000001
1105,1.335914533333333
1106,3.11721408
1107,1.33557294
1108,1.335914533333333
1109,2.49433402
1110,1.33557294
1111,1.33557294
1112,1.5650350000000002
1113,2.5235698799999997
1114,3.25328308
1115,1.71778686
1116,1.7177866800000001
1117,3.2312494800000002
1118,2.67452132
1119,2.77766546
1120,2.22781752
1121,3.62922644
1122,1.71778672
1123,3.8430104799999993
1124,2.40645562
1125,2.22781752
1126,2.49433382
1127,3.7642373
1128,2.85820286
1129,1.33557294
1130,3.1538336400000007
1131,1.7177866800000001
1132,1.33557294
1133,1.33557294
1134,3.2842621800000003
1135,2.00461994
1136,1.33557294
1137,1.8900106599999997
1138,1.81358176
1139,2.4359432200000004
1140,1.9471314
1141,1.56517042
1142,1.33557294
1143,3.58997816
1144,1.8901313800000001
1145,3.2493257
1146,2.90286476
1147,1.33557294
1148,2.99463976
1149,1.71778686
1150,2.00461994
1151,2.55264044
1152,3.3626463750000006
1153,1.33557294
1154,2.98090862
1155,2.298956
1156,1.33557294
1157,2.8888944000000003
1158,1.33557294
1159,1.33557294
1160,2.92752566
1161,1.7177866800000001
1162,2.8485746999999995
1163,1.71778686
1164,1.64120974
1165,1.33557294
1166,3.0572606199999997
1167,1.64123706
1168,1.71778672
1169,1.33557294
1170,3.60351462
1171,2.7365377000000004
1172,0.0
1173,1.8900107
1174,2.5967722
1175,0.0
1176,2.40645552
1177,3.30270388
1178,1.9475962799999997
1179,2.40645562
1180,2.37099382
1181,1.71778686
1182,2.22781752
1183,2.22781752
1184,1.33557294
1185,2.12558064
1186,2.00461994
1187,3.06471944
1188,2.88127918
1189,2.0046199
1190,3.06899752
1191,1.71778672
1192,3.64547414
1193,1.33531645
1194,1.9474992
1195,3.34933846
1196,2.00461994
1197,1.33557294
1198,2.7569723799999997
1199,2.6503496199999996
1200,1.33557294
1201,3.06778578
1202,2.67452132
1203,2.8888945600000002
1204,1.64120978
1205,3.2340722
1206,2.38681684
1207,2.00461994
1208,3.19716568
1209,1.64120978
1210,1.33557294
1211,3.3823324799999996
1212,2.00461994
1213,1.33557294
1214,1.9474992
1215,2.37099382
1216,3.2236875599999997
1217,2.42306872
1218,1.33557294
1219,3.4645414599999995
1220,1.33557294
1221,0.0
1222,1.33557294
1223,0.0
1224,2.00461994
1225,2.2101220400000003
1226,1.33557294
1227,1.8322753199999997
1228,1.33557294
1229,3.6459181000000003
1230,1.71778672
1231,1.33557294
1232,1.71778672
1233,1.8901313800000001
1234,2.18306918
1235,1.33557294
1236,1.3345479500000001
1237,2.40645562
1238,1.668685325
1239,1.48896836
1240,1.3350605500000001
1241,1.33557294
1242,1.33557294
1243,1.56517038
1244,0.0
1245,3.5689688599999996
1246,1.71778672
1247,1.6417200400000003
1248,2.43545934
1249,1.332704
1250,1.33557294
1251,3.10353462
1252,1.7183513666666668
1253,1.33557294
1254,2.86610166
1255,3.40122286
1256,1.48818924
1257,3.21474172
1258,2.4565014599999997
1259,2.00461994
1260,1.33557294
1261,0.0
1262,1.94759624
1263,1.7183513666666668
1264,1.64120974
1265,2.40645562
1266,1.336085625
1267,2.40645552
1268,2.6879313999999996
1269,3.3098081
1270,2.00461994
1271,2.86610162
1272,3.10655355
1273,2.49433392
1274,3.5003997399999998
1275,1.33557294
1276,1.33557294
1277,1.7563292800000003
1278,1.71778672
1279,2.9273319
1280,1.71778672
1281,1.3345479500000001
1282,2.22781752
1283,1.71778672
1284,1.3362562666666669
1285,3.31456976
1286,1.7177866800000001
1287,2.45853042
1288,2.18306918
1289,3.2008360799999998
1290,1.33557294
1291,1.33557294
1292,1.3350605500000001
1293,3.21583616
1294,2.48803306
1295,2.40645552
1296,3.5485951400000006
1297,2.37065212
1298,1.33557294
1299,2.55264034
1300,2.52363668
1301,0.0
1302,0.0
1303,1.33557294
1304,1.3365989
1305,1.33557294
1306,0.0
1307,0.0
1308,0.0
1309,1.71778672
1310,1.33531645
1311,1.336290175
1312,2.55264034
1313,3.23407214
1314,2.00461994
1315,2.55264034
1316,2.86610162
1317,2.89664052
1318,1.33557294
1319,1.8771443
1320,3.63456884
1321,2.40645552
1322,1.33557294
1323,1.69920854
1324,2.22781752
1325,3.07155318
1326,2.22781752
1327,1.3365989
1328,2.0046199
1329,2.97631936
1330,3.2826045600000002
1331,3.86957008
1332,2.46524582
1333,3.31611008
1334,3.08617322
1335,2.603566
1336,1.9475963
1337,3.3947145
1338,0.0
1339,3.1489447
1340,3.3555398
1341,2.55264034
1342,1.33557294
1343,2.40645562
1344,1.33557294
1345,2.0046199
1346,2.94270344
1347,2.8101618000000004
1348,3.4166969600000003
1349,2.0046199
1350,2.2996535000000002
1351,3.00973144
1352,2.00461994
1353,1.3362562666666669
1354,1.71778672
1355,2.91216458
1356,1.64161194
1357,3.12160354
1358,0.0
1359,2.0046199
1360,1.7177866800000001
1361,1.336290175
1362,3.18477488
1363,1.7177866800000001
1364,1.33531645
1365,1.8901313800000001
1366,2.3709187600000003
1367,2.3258851
1368,1.71778672
1369,2.99488948
1370,2.18348312
1371,1.71778686
1372,2.86610162
1373,1.48818924
1374,0.0
1375,2.92752566
1376,1.7630031000000002
1377,3.06510556
1378,1.33557294
1379,2.26362098
1380,2.6502914600000005
1381,2.18339468
1382,3.79428938
1383,3.65852498
1384,1.9471314
1385,2.00461994
1386,2.09400908
1387,0.0
1388,1.33557294
1389,1.33557294
1390,1.64120974
1391,2.40645562
1392,3.5093312400000003
1393,2.18348308
1394,2.77766546
1395,2.66239302
1396,3.3955427
1397,1.33557294
1398,1.33557294
1399,2.22781752
1400,3.1238033
1401,1.336290175
1402,2.9030027800000004
1403,2.00461994
1404,2.9273319
1405,1.7177866800000001
1406,2.7776656199999996
1407,1.33557294
1408,3.5101659400000003
1409,2.55264034
1410,3.67754748
1411,2.18339468
1412,3.64689864
1413,2.40645562
1414,1.7177866800000001
1415,0.0
1416,3.7316278599999997
1417,1.8323959600000002
1418,3.0804382400000003
1419,1.33557294
1420,2.71210318
1421,2.21928658
1422,1.9922475800000001
1423,3.72901896
1424,3.3968593599999997
1425,2.3351903199999997
1426,1.33557294
1427,3.18800796
1428,2.00461994
1429,2.7749517
1430,3.8687814400000002
1431,3.07224316
1432,0.0
1433,0.0
1434,1.71778672
1435,2.40645562
1436,2.4430347
1437,2.33545696
1438,2.22781752
1439,2.13875742
1440,3.5733069199999994
1441,1.62205862
1442,3.50471532
1443,2.75721798
1444,1.336290175
1445,2.08519036
1446,1.336290175
1447,1.71778672
1448,1.9471550400000002
1449,3.2678283200000005
1450,0.0
1451,2.98127686
1452,2.49433402
1453,1.71778672
1454,0.0
1455,0.0
1456,3.6252761
1457,2.57708908
1458,1.33531645
1459,2.99627994
1460,3.7192648200000002
1461,2.00461994
1462,3.1005233
1463,1.71778672
1464,1.33480425
1465,1.33557294
1466,3.7434608
1467,3.5032964800000004
1468,3.5930793800000003
1469,2.00461994
1470,0.0
1471,1.33557294
1472,3.80237524
1473,3.33118002
1474,3.52805944
1475,1.71778672
1476,1.33557294
1477,1.336085625
1478,1.336290175
1479,1.33557294
1480,1.33557294
1481,1.33557294
1482,0.0
1483,1.33557294
1484,2.22781752
1485,0.0
1486,1.8322751999999998
1487,1.77527522
1488,2.5726146
1489,1.81379414
1490,3.42836906
1491,3.00973144
1492,2.67452136
1493,0.0
1494,1.6417200400000003
1495,1.71778672
1496,2.3258852000000005
1497,1.9474992400000002
1498,1.33557294
1499,3.5425871
1500,2.5614494599999995
1501,3.5925534
1502,3.62916226
1503,2.22781752
1504,2.35619064
1505,2.22781752
1506,2.29908282
1507,2.9239216400000005
1508,2.18339468
1509,2.52363652
1510,1.69910052
1511,1.33557294
1512,2.40645562
1513,2.12645946
1514,1.33557294
1515,3.0322134800000002
1516,0.0
1517,1.71778672
1518,1.56517042
1519,3.7713566399999996
1520,3.33738526
1521,3.8199613599999998
1522,2.4938326
1523,3.15288354
1524,1.71778672
1525,1.33557294
1526,2.65007262
1527,2.22781752
1528,2.9095876400000003
1529,2.55264044
1530,1.71778672
1531,1.56506236
1532,1.336290175
1533,1.33557294
1534,1.71778672
1535,1.7177866800000001
1536,1.33557294
1537,0.0
1538,0.0
1539,0.0
1540,0.0
1541,3.04398372
1542,1.33557294
1543,0.0
1544,0.0
1545,0.0
1546,2.13875742
1547,3.05711118
1548,2.40645552
1549,3.41443012
1550,1.33557294
1551,1.3365989
1552,2.7569723799999997
1553,2.3706335400000005
1554,3.11128786
1555,1.4638845
1556,1.33557294
1557,2.42938462
1558,2.0046199
1559,3.0487791
1560,2.5480852599999997
1561,1.9474992400000002
1562,1.33557294
1563,1.9475962799999997
1564,3.4221556800000004
1565,1.7189740500000001
1566,3.8185549799999996
1567,1.71778672
1568,2.40645562
1569,3.85323418
1570,1.33557294
1571,2.88147294
1572,2.83577722
1573,1.33557294
1574,1.336085625
1575,2.99627994
1576,2.81298208
1577,3.1771858
1578,1.33557294
1579,1.71778672
1580,3.44006542
1581,2.22781752
1582,1.71778672
1583,0.0
1584,1.33557294
1585,2.0046199
1586,1.77552214
1587,2.7572180800000003
1588,3.11955972
1589,3.09007788
1590,3.48811522
1591,3.7717894000000003
1592,1.7177866800000001
1593,1.7177866800000001
1594,1.33557294
1595,1.3353682
1596,3.3155105
1597,3.6531371400000006
1598,1.71778672
1599,1.71778672
1600,2.9121644800000004
1601,1.3362562666666669
1602,1.33557294
1603,2.9631805
1604,1.56517038
1605,1.33557294
1606,1.83227528
1607,1.33557294
1608,2.7724373800000004
1609,1.33557294
1610,1.33557294
1611,3.6094424
1612,1.3362562666666669
1613,1.9474992400000002
1614,2.62591502
1615,0.0
1616,1.3362562666666669
1617,2.5719265000000004
1618,2.0937911199999997
1619,1.8900107
1620,1.33557294
1621,0.0
1622,1.71778672
1623,1.335914533333333
1624,3.1007407000000002
1625,1.33557294
1626,1.71778672
1627,1.33557294
1628,1.33557294
1629,1.336290175
1630,2.8485748
1631,1.7177866800000001
1632,3.3382666400000005
1633,1.33557294
1634,1.336085625
1635,3.6197842000000007
1636,3.3763681399999994
1637,1.33557294
1638,3.5157021
1639,1.33557294
1640,2.52356978
1641,2.29908282
1642,2.0493682399999997
1643,1.71778686
1644,2.86610166
1645,1.33557294
1646,3.00894584
1647,3.1984244600000005
1648,2.81038296
1649,1.5650350000000002
1650,1.33557294
1651,0.0
1652,2.67452132
1653,0.0
1654,1.33557294
1655,3.66203798
1656,2.0046199
1657,1.336290175
1658,1.8900107
1659,1.33557294
1660,2.52363668
1661,1.33557294
1662,0.0
1663,1.8900107
1664,3.0370887200000003
1665,1.33557294
1666,2.4943164
1667,1.9475962799999997
1668,2.40645552
1669,2.3349798799999997
1670,2.89669134
1671,1.7177866800000001
1672,3.34475946
1673,1.7177866800000001
1674,1.71778672
1675,2.55264044
1676,2.00461994
1677,2.84835736
1678,1.8900106599999997
1679,2.9427032200000003
1680,3.44161174
1681,1.33557294
1682,3.36641708
1683,2.8103946
1684,2.48781236
1685,1.3353682
1686,3.2493257
1687,3.57122144
1688,1.71778672
1689,1.33557294
1690,3.42275692
1691,3.2303604200000002
1692,1.33557294
1693,1.64172
1694,3.4008412
1695,2.3844372199999997
1696,2.88941338
1697,2.55264044
1698,1.33557294
1699,1.33557294
1700,3.77927806
1701,2.22781752
1702,2.7364730799999997
1703,3.3231084799999997
1704,2.62611972
1705,1.71778686
1706,2.55264044
1707,3.0083410399999995
1708,3.8327845600000003
1709,1.33557294
1710,1.33557294
1711,1.33557294
1712,1.33557294
1713,1.64123706
1714,2.29963488
1715,2.55264034
1716,1.33557294
1717,1.335914533333333
1718,0.0
1719,2.00461994
1720,2.09379108
1721,2.55264044
1722,3.12915106
1723,1.41214988
1724,1.33557294
1725,2.2544768
1726,2.00461994
1727,3.4373639
1728,3.28898292
1729,1.7177866800000001
1730,3.4057662399999997
1731,1.33557294
1732,2.5231527799999998
1733,1.33557294
1734,1.33557294
1735,1.7177866800000001
1736,2.49433382
1737,2.0046199
1738,3.4045089399999995
1739,3.62206082
1740,2.40645562
1741,1.8322751999999998
1742,1.33557294
1743,2.73629194
1744,2.52332016
1745,2.4287481399999997
1746,3.6707565200000003
1747,1.33557294
1748,1.33557294
1749,2.13875738
1750,0.0
1751,1.9352239199999999
1752,2.18910656
1753,3.73449096
1754,2.22781752
1755,2.77766546
1756,3.39660646
1757,2.9637498399999997
1758,3.2834474799999995
1759,3.5857025800000004
1760,3.36105378
1761,2.49433402
1762,1.71778672
1763,1.77527522
1764,3.6963032
1765,3.32620982
1766,3.12469412
1767,2.3351717
1768,3.4106905000000003
1769,2.8741900800000004
1770,1.33557294
1771,1.6332546333333333
1772,2.22781752
1773,1.33557294
1774,2.60857986
1775,1.5255746250000002
1776,1.71778672
1777,2.40645552
1778,1.33557294
1779,2.62591502
1780,1.33557294
1781,2.0046199
1782,3.1942495200000005
1783,1.8387178499999999
1784,2.49433402
1785,3.0886004
1786,1.33557294
1787,2.2992931800000003
1788,3.5926220399999997
1789,2.67452132
1790,1.7177866800000001
1791,2.91205246
1792,2.2188564800000004
1793,0.0
1794,2.9427032200000003
1795,3.37091284
1796,1.7177866800000001
1797,1.33557294
1798,1.7177866800000001
1799,2.3709188000000005
1800,1.6412371000000001
1801,1.7177866800000001
1802,2.75697222
1803,2.18339464
1804,2.75721798
1805,1.33557294
1806,2.22781752
1807,1.947155
1808,3.36137558
1809,2.00461994
1810,2.0811577999999997
1811,2.77766546
1812,1.33557294
1813,2.9756363799999996
1814,2.55264034
1815,3.31611008
1816,2.59661236
1817,2.0046199
1818,1.9471314
1819,2.00461994
1820,2.94060892
1821,1.33557294
1822,1.9475962799999997
1823,2.13875738
1824,1.33557294
1825,1.33557294
1826,1.71778672
1827,1.33557294
1828,1.33557294
1829,2.02426892
1830,2.13864634
1831,0.0
1832,1.6222547200000001
1833,1.33557294
1834,2.67452136
1835,2.08129252
1836,3.8051242800000002
1837,1.7177866800000001
1838,1.33557294
1839,0.0
1840,1.33557294
1841,2.4287481399999997
1842,2.5428276199999997
1843,1.9471313599999998
1844,1.33557294
1845,3.5433937
1846,1.33557294
1847,2.6500726400000003
1848,1.5651705
1849,2.0046199
1850,2.00461994
1851,2.7129589000000003
1852,1.947155
1853,3.4659336000000005
1854,1.71778686
1855,0.0
1856,2.00461994
1857,1.33557294
1858,1.3365989
1859,2.22781752
1860,2.0053509
1861,1.9471314
1862,1.33557294
1863,1.7177866800000001
1864,2.2278174799999997
1865,2.40645552
1866,1.71778672
1867,3.46095078
1868,2.22781752
1869,1.33557294
1870,1.5650351
1871,2.13875738
1872,1.71778672
1873,2.13864634
1874,2.13875738
1875,2.52363668
1876,3.17745708
1877,2.3351903199999997
1878,0.0
1879,3.1745128200000003
1880,2.57183138
1881,1.33557294
1882,2.94270344
1883,3.72439696
1884,3.54508494
1885,3.67414972
1886,3.00973132
1887,3.19416406
1888,3.40123356
1889,1.8900106599999997
1890,2.0495862
1891,1.6409409199999998
1892,1.5650350400000002
1893,1.71778686
1894,3.5811743999999996
1895,3.5158243999999996
1896,2.0046199
1897,1.33557294
1898,2.3709188000000005
1899,2.4650137800000005
1900,1.33557294
1901,2.0046199
1902,3.21104894
1903,1.33557294
1904,1.33557294
1905,2.6503496199999996
1906,1.7755222
1907,3.6453463800000003
1908,3.33351028
1909,1.332704
1910,1.64161198
1911,2.5849303600000004
1912,1.56517038
1913,1.33557294
1914,1.33557294
1915,2.0046199
1916,2.40645552
1917,2.42978404
1918,1.33557294
1919,1.335914533333333
1920,2.0046198399999997
1921,2.8485746999999995
1922,2.4145376799999996
1923,3.66481918
1924,0.0
1925,2.0046199
1926,2.55264034
1927,2.00461994
1928,1.33557294
1929,1.33557294
1930,1.7569203599999998
1931,2.83084208
1932,1.77527522
1933,1.3362562666666669
1934,1.71778672
1935,1.33557294
1936,1.33557294
1937,2.25464254
1938,1.71778672
1939,1.3345479500000001
1940,3.3079479800000002
1941,3.1393674799999998
1942,1.336290175
1943,2.77766546
1944,1.8322751999999998
1945,2.0046199
1946,2.5358174799999995
1947,0.0
1948,0.0
1949,3.55402232
1950,2.52363668
1951,1.9471313599999998
1952,2.18306918
1953,2.18348312
1954,1.336290175
1955,1.71778672
1956,1.8900106599999997
1957,1.335914533333333
1958,3.27661662
1959,2.55264034
1960,2.0817337599999997
1961,1.8323959200000002
1962,1.33557294
1963,2.7569723799999997
1964,2.5770891199999997
1965,2.44427925
1966,1.71778672
1967,1.71778672
1968,3.0306768
1969,1.7189187333333333
1970,2.9427032200000003
1971,1.7177866800000001
1972,2.69201378
1973,1.9475962799999997
1974,2.49433402
1975,2.6016710400000003
1976,2.40645562
1977,1.33557294
1978,3.2340722
1979,2.5614494599999995
1980,1.33557294
1981,1.7177866800000001
1982,1.6412371000000001
1983,2.60124668
1984,1.33557294
1985,2.00461994
1986,2.37099382
1987,2.26383142
1988,1.9162779399999998
1989,0.0
1990,1.56517038
1991,1.71778672
1992,1.71778672
1993,2.0046199
1994,2.00461994
1995,1.6417200400000003
1996,1.33557294
1997,2.0046199
1998,2.0046199
1999,1.335914533333333
2000,3.7701629000000003
2001,1.3362562666666669
2002,3.5128696600000007
2003,1.9471549799999999
2004,2.00461994
2005,2.00461994
2006,1.8901313800000001
2007,1.33557294
2008,2.33509672
2009,1.336290175
2010,2.13875742
2011,1.33557294
2012,3.19217936
2013,2.5186842
2014,2.87259494
2015,0.0
2016,1.33557294
2017,1.7177866800000001
2018,2.67452132
2019,2.8307849999999997
2020,3.4468800599999994
2021,2.79540988
2022,1.7177866800000001
2023,1.71778672
2024,1.33557294
2025,3.2842621800000003
2026,2.0046199
2027,1.64161198
2028,2.9427032200000003
2029,2.2278174799999997
2030,1.3362562666666669
2031,3.2691624600000004
2032,2.6915419999999997
2033,3.52734066
2034,2.00461994
2035,1.33557294
2036,1.5650350400000002
2037,2.2991764199999998
2038,3.4774346800000004
2039,2.40645562
2040,3.7247800399999997
2041,2.18348308
2042,2.00461994
2043,1.33557294
2044,3.1005989
2045,3.2026614
2046,2.0046199
2047,2.40645562
2048,1.6417200400000003
2049,3.52816846
2050,1.48818924
2051,1.33557294
2052,1.71778686
2053,2.80395548
2054,1.56517042
2055,2.2278174799999997
2056,1.7563292400000001
2057,3.3336541599999996
2058,1.33557294
2059,3.36988372
2060,2.67452132
2061,2.49424964
2062,1.3345479500000001
2063,1.33531645
2064,0.0
2065,1.33557294
2066,2.26327928
2067,2.6386202400000003
2068,0.0
2069,1.3362562666666669
2070,3.7265956399999993
2071,3.17442736
2072,3.5475280000000007
2073,1.33557294
2074,2.6500726400000003
2075,3.4701864400000004
2076,1.71778672
2077,1.71778672
2078,2.22781752
2079,2.22781752
2080,1.33557294
2081,1.48818924
2082,0.0
2083,2.40645552
2084,2.0936800399999997
2085,2.40645562
2086,2.0046199
2087,1.81383596
2088,1.9475962799999997
2089,2.40645562
2090,1.335914533333333
2091,2.71236596
2092,2.00461994
2093,2.55264034
2094,1.33557294
2095,3.2312667600000005
2096,1.71778672
2097,0.0
2098,0.0
2099,3.28473238
2100,2.3709188000000005
2101,1.33557294
2102,0.0
2103,0.0
2104,3.6127244000000003
2105,1.71778672
2106,2.22781752
2107,2.22781752
2108,1.33557294
2109,1.33557294
2110,3.69645162
2111,0.0
2112,1.33557294
2113,1.3345479500000001
2114,1.3365989
2115,1.33531645
2116,1.71778686
2117,3.21104894
2118,2.66743226
2119,2.9275257000000003
2120,1.8329870399999997
2121,1.73725898
2122,2.00461994
2123,2.40645562
2124,2.49401754
2125,2.67452132
2126,1.9475962799999997
2127,3.79140934
2128,1.336290175
2129,2.5318051
2130,3.3232014800000003
2131,2.1745795
2132,2.9076462999999997
2133,1.71778672
2134,1.48818924
2135,3.3870712999999997
2136,3.6313195799999995
2137,1.33557294
2138,3.84885326
2139,1.71778686
2140,1.7189186666666665
2141,3.16555552
2142,2.0046199
2143,2.2278174799999997
2144,1.33557294
2145,1.6417200400000003
2146,1.33557294
2147,0.0
2148,1.71778672
2149,3.4830652
2150,2.39358808
2151,1.6412371000000001
2152,2.22781752
2153,1.33557294
2154,1.3362562666666669
2155,1.33557294
2156,1.8323959600000002
2157,0.0
2158,2.0807403333333334
2159,1.3362562666666669
2160,3.4996953599999996
2161,1.33557294
2162,0.0
2163,2.13864634
2164,3.1006361599999996
2165,1.33557294
2166,3.00973144
2167,2.9121544200000002
2168,0.0
2169,1.33557294
2170,2.8050658200000003
2171,1.71778672
2172,3.54508494
2173,1.33557294
2174,1.71778672
2175,2.91216458
2176,1.33557294
2177,0.0
2178,1.33557294
2179,0.0
2180,2.16494524
2181,1.3362562666666669
2182,2.0046199
2183,2.6502915000000002
2184,2.77766546
2185,1.7177866800000001
2186,2.00461994
2187,2.00461994
2188,0.0
2189,2.40645562
2190,3.7189817599999997
2191,1.7177866800000001
2192,2.89679316
2193,1.71778672
2194,3.1490354599999995
2195,0.0
2196,2.67452132
2197,3.35449692
2198,2.40645562
2199,0.0
2200,1.64120978
2201,2.8485746999999995
2202,1.62236278
2203,1.71778672
2204,2.2618636000000003
2205,3.6324401200000005
2206,1.33557294
2207,3.3250273
2208,2.40645562
2209,2.49424964
2210,1.33557294
2211,3.64699582
2212,2.0242688199999996
2213,1.33557294
2214,3.08653092
2215,2.00461994
2216,1.7752752600000001
2217,2.00461994
2218,3.91804594
2219,2.67452132
2220,1.33557294
2221,1.33557294
2222,2.67452132
2223,3.16868122
2224,2.81028582
2225,2.62584278
2226,2.55264044
2227,2.79255324
2228,1.7177866800000001
2229,1.33557294
2230,1.8901313800000001
2231,2.67452136
2232,2.00461994
2233,1.64161198
2234,3.46820594
2235,1.7177866800000001
2236,3.7669445599999998
2237,1.71778672
2238,2.667624
2239,1.335914533333333
2240,3.6416837200000005
2241,3.38346858
2242,0.0
2243,1.71778672
2244,1.8901313800000001
2245,1.71778672
2246,1.6417200400000003
2247,2.55264044
2248,2.40645562
2249,1.33557294
2250,3.0734062
2251,1.33557294
2252,2.52332016
2253,1.33557294
2254,3.34517582
2255,1.64120974
2256,1.8900107
2257,2.77766546
2258,1.33557294
2259,2.40645562
2260,3.6217284800000002
2261,3.4491262
2262,1.7177866800000001
2263,2.0046198399999997
2264,2.99304564
2265,3.21718732
2266,2.52363668
2267,2.65034958
2268,2.82263986
2269,0.0
2270,2.0046199
2271,3.1111871599999996
2272,3.1666368999999994
2273,1.7177866800000001
2274,2.00461994
2275,2.8639006399999998
2276,2.40645562
2277,2.18306918
2278,3.3763681399999994
2279,2.67452132
2280,3.3218792
2281,1.33557294
2282,2.09431194
2283,2.62591502
2284,2.62075244
2285,1.71778672
2286,2.18339468
2287,2.5133683400000004
2288,3.5925534
2289,1.71778672
2290,3.2484974600000003
2291,3.5344068199999996
2292,1.33557294
2293,0.0
2294,2.37063344
2295,2.00461994
2296,2.37099382
2297,1.71778672
2298,1.71778686
2299,1.71778672
2300,0.0
2301,0.0
2302,0.0
2303,0.0
2304,0.0
2305,2.73647324
2306,1.33557294
2307,1.41163962
2308,3.29709328
2309,2.22781752
2310,1.7177866800000001
2311,3.18492932
2312,2.4647620399999997
2313,1.56517042
2314,2.40645562
2315,1.33557294
2316,1.33557294
2317,1.9471314
2318,1.33480425
2319,3.62865612
2320,1.71778686
2321,0.0
2322,0.0
2323,1.3362562666666669
2324,3.4605504799999998
2325,2.40645552
2326,2.21011632
2327,1.33557294
2328,1.8323959600000002
2329,2.6502915000000002
2330,1.33557294
2331,1.71778672
2332,1.33557294
2333,2.0046199
2334,1.5650350000000002
2335,1.33557294
2336,3.0769348
2337,3.1657565
2338,3.8520634800000004
2339,1.33557294
2340,3.1216036199999997
2341,1.48896836
2342,1.71778672
2343,1.336085625
2344,1.83227528
2345,1.33557294
2346,2.72833024
2347,3.5333902999999998
2348,2.00461994
2349,2.5676086000000002
2350,1.7177866800000001
2351,2.5235698799999997
2352,2.0046199
2353,1.3362562666666669
2354,2.39358106
2355,1.33557294
2356,1.71778672
2357,1.33557294
2358,1.5650350400000002
2359,1.7177866800000001
2360,1.8715296
2361,3.7922187999999997
2362,2.34946414
2363,2.73653778
2364,0.0
2365,2.12627394
2366,3.4357624600000003
2367,2.67452132
2368,3.175582
2369,2.13875738
2370,1.33557294
2371,2.13875742
2372,3.53352772
2373,2.62563802
2374,1.71778672
2375,2.04958624
2376,2.77766546
2377,0.0
2378,0.0
2379,2.6500867599999998
2380,1.33557294
2381,1.33557294
2382,1.6412371000000001
2383,1.3345479500000001
2384,2.3351903199999997
2385,2.0046199
2386,3.2750449600000002
2387,3.5507976999999995
2388,0.0
2389,2.0046199
2390,1.3362562666666669
2391,1.33557294
2392,1.33557294
2393,2.40645562
2394,3.00973132
2395,3.4469210599999998
2396,2.13906024
2397,3.05710388
2398,1.56517042
2399,2.22781752
2400,2.83084208
2401,2.48817488
2402,2.24613022
2403,3.00359666
2404,1.8901313800000001
2405,2.42306872
2406,1.33557294
2407,2.2911225600000003
2408,1.3362562666666669
2409,2.0046199
2410,1.8900107
2411,2.85001844
2412,2.5235698799999997
2413,3.08606024
2414,1.8900107
2415,1.71778672
2416,3.5113831400000004
2417,2.67452132
2418,1.33557294
2419,1.4883246199999998
2420,1.33557294
2421,1.33557294
2422,1.33557294
2423,1.33557294
2424,2.13834348
2425,2.0046198399999997
2426,3.52157556
2427,3.04537426
2428,3.5870195199999997
2429,1.41163962
2430,2.9575671199999998
2431,3.36757816
2432,2.18285122
2433,2.62591502
2434,2.2461301799999998
2435,1.7177866800000001
2436,1.33557294
2437,2.18348308
2438,3.23415178
2439,1.33557294
2440,1.33557294
2441,3.0170360599999997
2442,1.7177866800000001
2443,1.93487972
2444,1.33557294
2445,1.33557294
2446,0.0
2447,0.0
2448,0.0
2449,1.335914533333333
2450,2.97957326
2451,2.86610162
2452,3.2416415
2453,1.71778672
2454,3.04423798
2455,2.9523762000000007
2456,2.40645562
2457,3.4557369600000003
2458,1.7177866800000001
2459,1.71778672
2460,1.33557294
2461,1.33557294
2462,2.0046199
2463,1.33557294
2464,2.71584454
2465,2.3351717400000003
2466,1.33557294
2467,2.43545938
2468,2.40645562
2469,1.41214988
2470,1.33557294
2471,2.8769051599999997
2472,0.0
2473,1.33557294
2474,1.33557294
2475,0.0
2476,1.8901313800000001
2477,1.6412371000000001
2478,1.33557294
2479,1.336085625
2480,1.6409409199999998
2481,3.09589582
2482,1.8900106599999997
2483,0.0
2484,0.0
2485,2.48091768
2486,3.2671767600000003
2487,2.99480452
2488,3.1711878
2489,1.71778672
2490,3.7705205600000005
2491,0.0
2492,2.5526403799999997
2493,2.8428824600000002
2494,2.43545938
2495,3.1810930400000004
2496,2.00461994
2497,1.64120974
2498,2.3709188000000005
2499,3.8164903199999998
2500,1.64120974
2501,1.7177866800000001
2502,1.71778686
2503,3.13915536
2504,2.40645552
2505,2.8769051599999997
2506,2.0046199
2507,1.3350605500000001
2508,3.2742438399999996
2509,3.5090462199999997
2510,1.71778672
2511,2.22781752
2512,2.65034958
2513,3.175536
2514,2.18348308
2515,1.33557294
2516,2.71224322
2517,1.3350605500000001
2518,3.09915134
2519,1.71778672
2520,1.71778672
2521,3.4408939500000004
2522,2.7325236399999993
2523,2.40645562
2524,1.33557294
2525,2.00461994
2526,2.9964544999999996
2527,3.12160358
2528,1.9471313599999998
2529,1.64123706
2530,3.14991172
2531,2.00461994
2532,2.13864634
2533,2.00461994
2534,2.0046199
2535,3.54631002
2536,1.71778672
2537,2.22781752
2538,3.50325704
2539,2.6500726400000003
2540,1.7177866800000001
2541,1.71778672
2542,3.29533318
2543,1.7177866800000001
2544,3.5610863999999998
2545,1.41214988
2546,1.7177866800000001
2547,2.86610162
2548,3.19090562
2549,0.0
2550,1.9475962799999997
2551,2.577075
2552,2.00461994
2553,2.00461994
2554,2.25484202
2555,3.68092088
2556,2.09431194
2557,3.06899752
2558,2.54018202
2559,3.3007139200000006
2560,1.6416121000000001
2561,1.336085625
2562,3.63751786
2563,1.9471313599999998
2564,1.33557294
2565,3.5599155799999997
2566,2.18348312
2567,2.00461994
2568,1.33557294
2569,3.51878882
2570,1.9475962799999997
2571,2.5233201999999997
2572,3.1499184799999997
2573,2.3852612
2574,3.41424862
2575,1.64161198
2576,0.0
2577,2.85835566
2578,3.5888021
2579,1.335914533333333
2580,1.33557294
2581,2.22781752
2582,1.33531645
2583,3.67824174
2584,0.0
2585,3.64166918
2586,1.71778672
2587,3.5776043
2588,1.33557294
2589,1.33557294
2590,1.33531645
2591,1.71778672
2592,2.22781752
2593,3.5497318799999995
2594,1.33557294
2595,2.81137486
2596,3.3955253199999995
2597,1.33557294
2598,2.3706335000000003
2599,0.0
2600,1.33557294
2601,1.7177866800000001
2602,2.77766546
2603,2.00461994
2604,2.8140275800000003
2605,2.67452132
2606,2.18306918
2607,1.3353682
2608,3.52798558
2609,1.48818924
2610,2.3266593799999997
2611,1.33531645
2612,1.33557294
2613,1.33557294
2614,3.1277973599999997
2615,1.71778672
2616,1.33557294
2617,2.18348308
2618,2.22781752
2619,1.33557294
2620,1.8901313800000001
2621,3.05711098
2622,1.3362562666666669
2623,1.33557294
2624,3.00973132
2625,1.33557294
2626,2.00461994
2627,2.0046199
2628,1.332704
2629,1.3362562666666669
2630,2.22781752
2631,2.55264044
2632,1.9471313599999998
2633,1.33557294
2634,3.41596994
2635,1.33557294
2636,1.33557294
2637,1.33531645
2638,1.33531645
2639,1.33557294
2640,3.15797256
2641,1.71778672
2642,3.46369162
2643,1.33557294
2644,0.0
2645,2.79540988
2646,0.0
2647,1.9474991399999997
2648,1.33557294
2649,3.37213962
2650,1.33557294
2651,1.56517042
2652,2.0046199
2653,1.33557294
2654,1.8715296
2655,1.33557294
2656,0.0
2657,1.33557294
2658,2.7365377000000004
2659,1.33557294
2660,2.22781752
2661,2.40645562
2662,2.7120760600000002
2663,0.0
2664,0.0
2665,0.0
2666,2.18306918
2667,2.77766546
2668,1.33557294
2669,0.0
2670,2.55264044
2671,2.0046199
2672,3.25508656
2673,1.33557294
2674,3.3097402800000006
2675,3.4731846400000004
2676,1.71778672
2677,1.33557294
2678,1.33531645
2679,1.71778672
2680,3.01975504
2681,0.0
2682,3.39821272
2683,1.71778672
2684,1.71778672
2685,1.64120978
2686,3.7558432600000002
2687,1.71778672
2688,0.0
2689,1.48818924
2690,0.0
2691,0.0
2692,0.0
2693,2.12645946
2694,1.71778672
2695,2.2546599800000005
2696,2.62584278
2697,1.33557294
2698,3.56916502
2699,1.71778672
2700,1.64161198
2701,2.3709188000000005
2702,1.33557294
2703,3.18487016
2704,2.22781752
2705,0.0
2706,3.87740388
2707,0.0
2708,1.8135307999999999
2709,2.00461994
2710,2.7776656199999996
2711,1.33557294
2712,2.8814628
2713,3.18477488
2714,1.64172
2715,2.00461994
2716,2.00461994
2717,2.22781752
2718,2.40645562
2719,2.04895434
2720,2.7776656199999996
2721,1.9475962799999997
2722,2.93608896
2723,3.2894973399999996
2724,3.0141374599999997
2725,2.92752566
2726,3.48769658
2727,1.71778672
2728,3.5398966
2729,1.7177866800000001
2730,2.22781752
2731,2.98301238
2732,1.33557294
2733,1.41163962
2734,2.40645552
2735,3.50063716
2736,3.62860012
2737,1.33557294
2738,1.64120974
2739,3.21104888
2740,2.98127676
2741,1.71778672
2742,2.00461994
2743,1.71778686
2744,2.33509672
2745,3.4019508200000006
2746,3.9481804000000005
2747,2.33509672
2748,3.3028952599999997
2749,2.13906028
2750,1.33557294
2751,1.3350605500000001
2752,1.33557294
2753,1.3350605500000001
2754,1.33557294
2755,1.7177866800000001
2756,2.40645562
2757,1.33557294
2758,2.5319151600000005
2759,1.93487972
2760,1.33557294
2761,1.73751508
2762,2.7218690199999998
2763,2.94270344
2764,3.24932564
2765,2.3706335400000005
2766,2.3879200600000003
2767,1.5643913
2768,3.3651777000000003
2769,1.71778672
2770,1.336085625
2771,3.8167348199999998
2772,1.33557294
2773,1.33531645
2774,1.33557294
2775,1.33557294
2776,1.64161194
2777,1.48818924
2778,1.3350605500000001
2779,2.22781752
2780,2.95405084
2781,1.6417200400000003
2782,2.2278174799999997
2783,1.7177866800000001
2784,1.71778672
2785,1.71778672
2786,3.27031464
2787,1.66639306
2788,2.37063344
2789,2.5235698799999997
2790,1.64120978
2791,3.0453337199999995
2792,1.4883246199999998
2793,1.71778672
2794,1.33557294
2795,1.33531645
2796,0.0
2797,1.33557294
2798,1.33557294
2799,2.3709188000000005
2800,1.7177866800000001
2801,1.56517042
2802,1.9471550400000002
2803,3.6027366599999993
2804,1.3353682
2805,1.33557294
2806,2.25411652
2807,2.7776656199999996
2808,3.4790312200000004
2809,2.67452132
2810,2.5970492
2811,2.42938462
2812,3.15936102
2813,2.8132580799999998
2814,2.83084208
2815,1.7177866800000001
2816,2.60126086
2817,1.33557294
2818,3.26327324
2819,2.0046199
2820,2.18339468
2821,2.2278174799999997
2822,3.12160354
2823,2.8485292600000003
2824,0.0
2825,2.55264034
2826,1.336085625
2827,2.40645552
2828,1.48818924
2829,1.33557294
2830,1.332704
2831,3.38522396
2832,1.71778672
2833,0.0
2834,1.33557294
2835,1.33557294
2836,3.00973144
2837,1.7177866800000001
2838,1.33557294
2839,2.40645562
2840,1.33557294
2841,2.57681218
2842,1.33557296
2843,1.77527522
2844,1.33557294
2845,2.22781752
2846,1.33531645
2847,1.33557294
2848,2.67452136
2849,2.9274851
2850,2.2683965600000002
2851,3.2493257
2852,3.51470212
2853,2.8485292600000003
2854,2.22781752
2855,1.5650350400000002
2856,2.0943119
2857,3.57831354
2858,1.8387178499999999
2859,3.4713392
2860,1.33557296
2861,1.336290175
2862,1.71778672
2863,2.0046199
2864,2.9427032200000003
2865,2.2278174799999997
2866,1.33557294
2867,1.33557294
2868,2.0936800399999997
2869,2.00461994
2870,2.86610162
2871,3.4160364000000003
2872,2.49433402
2873,1.33557294
2874,3.1782986200000005
2875,1.33557294
2876,1.33557296
2877,2.40645552
2878,2.0046199
2879,2.0046199
2880,2.22781752
2881,0.0
2882,3.59892106
2883,2.13864634
2884,1.7177866800000001
2885,2.55264044
2886,1.33557294
2887,3.4036627399999992
2888,3.49936742
2889,1.33557294
2890,1.33557296
2891,1.33557296
2892,3.349342
2893,1.8900107
2894,2.13875738
2895,1.33557294
2896,2.3351903199999997
2897,2.18306918
2898,0.0
2899,2.40645562
2900,2.18348308
2901,2.37065206
2902,2.3706335400000005
2903,1.7177866800000001
2904,1.33557294
2905,1.33557296
2906,2.8812793
2907,2.12558064
2908,3.67774298
2909,3.51276694
2910,1.33557296
2911,1.33531645
2912,2.84835736
2913,1.56517042
2914,1.336290175
2915,3.35358978
2916,1.83227528
2917,1.89001074
2918,2.37099382
2919,2.5676086000000002
2920,3.12160354
2921,3.50944432
2922,2.7120244
2923,1.33557296
2924,1.33557294
2925,1.33557294
2926,1.6417200400000003
2927,3.7729025399999996
2928,1.71778672
2929,3.4517923799999997
2930,2.22781752
2931,1.8323959600000002
2932,1.9471314
2933,1.71778672
2934,3.23776366
2935,1.33557296
2936,1.33557296
2937,1.9471313599999998
2938,3.1179143
2939,1.33557294
2940,2.22781752
2941,1.3362562666666669
2942,3.20263706
2943,2.67452132
2944,3.4743859
2945,2.55264044
2946,2.18339468
2947,1.71778672
2948,1.71778672
2949,1.7177866800000001
2950,1.7177866800000001
2951,1.33557296
2952,2.22781752
2953,3.22576424
2954,2.00461994
2955,1.33557294
2956,1.33557296
2957,1.41214988
2958,2.70128768
2959,2.3258851
2960,1.64120978
2961,2.0943119
2962,3.2078536
2963,1.41214988
2964,1.9474992
2965,2.8485746999999995
2966,1.33557296
2967,2.81137486
2968,1.9475962799999997
2969,1.336290175
2970,3.17014464
2971,2.2278174799999997
2972,2.5392242
2973,1.71778672
2974,1.33531645
2975,2.04958624
2976,2.92748488
2977,2.37099382
2978,2.9096094200000002
2979,2.0046199
2980,2.54285594
2981,1.8323960200000002
2982,0.0
2983,1.33557294
2984,1.33557294
2985,1.33557296
2986,1.56517038
2987,1.9923446199999997
2988,1.33557294
2989,1.71778672
2990,3.1404419399999997
2991,3.3034868600000005
2992,1.33557296
2993,1.71778672
2994,2.22781752
2995,1.33557294
2996,1.33557294
2997,2.9695238799999997
2998,1.71778686
2999,2.70293962
3000,1.33531645
3001,2.0046199
3002,1.33557294
3003,2.67452132
3004,2.52363652
3005,2.37099382
3006,1.33557294
3007,1.7177866800000001
3008,2.40645552
3009,3.6768707800000002
3010,2.22781752
3011,2.73647324
3012,2.9427032200000003
3013,2.75698518
3014,1.71778686
3015,1.33557294
3016,2.4647620399999997
3017,1.33557294
3018,3.4855959800000003
3019,2.55264034
3020,2.00461994
3021,2.4003140600000004
3022,1.33557294
3023,1.33557294
3024,1.33531645
3025,1.7177868
3026,3.29304458
3027,1.33557294
3028,2.3350966200000003
3029,1.33557296
3030,1.8900107
3031,1.33557294
3032,2.54301242
3033,3.18064332
3034,1.33557294
3035,2.40645562
3036,1.3362562999999998
3037,2.22781752
3038,1.33557296
3039,1.33557296
3040,1.71778672
3041,1.7569203599999998
3042,1.41214988
3043,2.89664036
3044,1.4303998
3045,1.33557296
3046,0.0
3047,1.71778672
3048,1.33531645
3049,1.33557296
3050,0.0
3051,1.7177866800000001
3052,1.33557294
3053,1.71778672
3054,1.33557296
3055,3.66326198
3056,2.8307849999999997
3057,2.55264044
3058,1.3353682249999999
3059,1.6416121000000001
3060,3.33357108
3061,1.33557294
3062,2.7115652
3063,1.41214988
3064,1.7177866800000001
3065,1.41214988
3066,2.22781752
3067,1.64161198
3068,2.3709188000000005
3069,0.0
3070,2.3706335400000005
3071,2.40645562
3072,1.7177866800000001
3073,2.67452132
3074,2.0046198399999997
3075,2.0046199
3076,2.41374602
3077,1.6412098
3078,2.0046199
3079,2.5676086000000002
3080,2.48817488
3081,2.82766412
3082,3.00973132
3083,0.0
3084,1.7177866800000001
3085,3.2493257
3086,1.71778672
3087,3.2327525
3088,1.33557294
3089,2.3709187
3090,2.13875738
3091,3.3695108400000002
3092,1.8129180200000001
3093,3.20950312
3094,2.13810288
3095,3.0013901200000004
3096,3.02150152
3097,2.80126476
3098,1.8901313800000001
3099,3.4725865400000004
3100,1.33557294
3101,1.71778672
3102,1.64161194
3103,2.00461994
3104,2.00461994
3105,2.40645562
3106,3.1006361599999996
3107,1.7177866800000001
3108,1.6417200400000003
3109,2.18339468
3110,1.6417201599999998
3111,1.7177866800000001
3112,2.46484642
3113,1.71778672
3114,1.3350605999999998
3115,2.10119798
3116,2.40645562
3117,3.21805606
3118,1.8900106599999997
3119,1.33557294
3120,1.33557296
3121,1.33557296
3122,1.33557294
3123,3.12887986
3124,0.0
3125,2.00461994
3126,0.0
3127,0.0
3128,2.6500867599999998
3129,1.71778672
3130,2.22781752
3131,2.37099382
3132,2.96946872
3133,1.33557296
3134,1.33557296
3135,2.00461994
3136,1.7177866800000001
3137,1.71778672
3138,1.33557296
3139,1.71778672
3140,2.9427032200000003
3141,2.80395548
3142,1.33557294
3143,3.3448202
3144,3.1848562
3145,1.71778672
3146,1.71778672
3147,2.86610162
3148,3.3662657400000002
3149,1.3362901999999999
3150,0.0
3151,1.33557296
3152,1.7177866800000001
3153,1.7177866800000001
3154,1.33557294
3155,3.00973132
3156,2.77766546
3157,1.33557296
3158,1.9475962799999997
3159,0.0
3160,2.0046198399999997
3161,1.33557294
3162,1.33557296
3163,3.6552252800000007
3164,2.22781752
3165,1.33557294
3166,2.0046198399999997
3167,1.335914533333333
3168,1.7177866800000001
3169,2.5721761800000005
3170,1.41214988
3171,1.6412098
3172,2.67452132
3173,2.4837922
3174,1.33531645
3175,3.06752764
3176,2.2996535000000002
3177,1.33557294
3178,1.56517038
3179,2.22781752
3180,0.0
3181,1.64161198
3182,2.6500725800000002
3183,1.33557294
3184,1.33557296
3185,2.99499114
3186,2.18306918
3187,0.0
3188,3.6196537799999993
3189,1.71778672
3190,1.33557296
3191,1.71778672
3192,3.4295504200000004
3193,2.91230732
3194,2.4228907399999997
3195,2.13875738
3196,2.6502914600000005
3197,2.83062474
3198,1.33557294
3199,2.86610162
3200,1.3362901999999999
3201,2.0937911199999997
3202,2.22781752
3203,1.71736245
3204,2.75721798
3205,2.22781752
3206,1.8901313800000001
3207,3.73648194
3208,3.22404202
3209,2.40645562
3210,1.33557294
3211,1.33557294
3212,2.94270344
3213,2.59661236
3214,1.71778672
3215,2.75697222
3216,2.80321544
3217,2.2278174799999997
3218,2.40645552
3219,1.33557296
3220,1.33557294
3221,3.3214346999999997
3222,1.33557294
3223,3.34517582
3224,3.2493257
3225,3.43692852
3226,1.71778672
3227,2.22781752
3228,1.3365989
3229,1.9471550400000002
3230,1.33557294
3231,2.2278174799999997
3232,2.3709188000000005
3233,1.33557294
3234,3.2026614
3235,2.0937026199999997
3236,2.40645562
3237,0.0
3238,2.7478358399999996
3239,1.33557294
3240,1.4696384200000001
3241,2.6083383600000003
3242,2.26383142
3243,1.71778672
3244,1.33557294
3245,2.18348308
3246,1.3362562666666669
3247,1.71778672
3248,0.0
3249,1.71778672
3250,2.7285352200000004
3251,1.33557294
3252,1.71778672
3253,3.6192034200000003
3254,3.2679226
3255,1.335914533333333
3256,1.89013132
3257,1.6417200400000003
3258,1.33480425
3259,2.13873474
3260,2.00461994
3261,0.0
3262,2.22781752
3263,0.0
3264,2.55264044
3265,1.33557294
3266,1.3362562999999998
3267,2.2278174799999997
3268,1.33557296
3269,1.9471314
3270,1.33557294
3271,1.71778672
3272,3.6430170000000004
3273,2.95419982
3274,1.8140410599999999
3275,1.8900107
3276,3.7625869
3277,1.7177866800000001
3278,2.98090862
3279,1.9475962799999997
3280,1.33557294
3281,2.812925
3282,2.0046199
3283,1.432011425
3284,2.2911226000000005
3285,3.8281702799999997
3286,2.6499252800000006
3287,1.336085625
3288,1.33557294
3289,3.3276910200000005
3290,3.22630238
3291,1.71778672
3292,1.71778672
3293,2.94270344
3294,1.335914533333333
3295,1.71778672
3296,1.6417200400000003
3297,1.33557296
3298,1.33557294
3299,2.5770891199999997
3300,2.7361483399999997
3301,3.13339146
3302,1.3365989999999999
3303,2.3266593799999997
3304,1.71778672
3305,2.7158444600000005
3306,1.33557294
3307,2.60124674
3308,2.25411642
3309,2.72549798
3310,1.33557294
3311,1.33557294
3312,1.9474992
3313,1.71778672
3314,2.0046199
3315,3.1754012000000005
3316,1.7177866800000001
3317,1.4117477
3318,1.71778672
3319,2.0936800399999997
3320,1.6412098
3321,1.33531645
3322,3.3642053399999994
3323,1.33557294
3324,3.4480819400000002
3325,2.22781752
3326,1.33557294
3327,2.92752566
3328,1.71778672
3329,2.0046199
3330,3.0529018800000003
3331,2.22781752
3332,1.71778672
3333,2.40645562
3334,1.9475962799999997
3335,2.7651438799999997
3336,2.5233201999999997
3337,2.3351903199999997
3338,0.0
3339,1.33557296
3340,1.33557296
3341,0.0
3342,2.40645552
3343,1.33557294
3344,0.0
3345,1.33531645
3346,3.2493257
3347,3.8538231000000005
3348,1.6412098
3349,3.2842621800000003
3350,2.94270344
3351,2.6207841000000003
3352,2.40645562
3353,0.0
3354,2.46484642
3355,3.4758967800000002
3356,2.00461994
3357,1.8900106599999997
3358,1.33557296
3359,2.26327932
3360,2.55264044
3361,3.26972928
3362,2.40645552
3363,3.3097214399999997
3364,1.33557294
3365,1.3360856499999998
3366,1.33557294
3367,2.40645562
3368,2.00461994
3369,2.0046199
3370,3.78567544
3371,1.9475962799999997
3372,1.33557296
3373,3.6543405
3374,3.26841358
3375,3.3555654000000006
3376,2.13864634
3377,3.8359313799999994
3378,2.00461994
3379,3.12160354
3380,1.33531645
3381,1.64161198
3382,1.7752752600000001
3383,0.0
3384,3.1429822599999993
3385,2.4290428
3386,2.37044162
3387,1.33557294
3388,2.42938462
3389,3.7882488599999995
3390,1.33557294
3391,1.71778672
3392,0.0
3393,2.18306918
3394,3.3593340400000002
3395,2.40645562
3396,1.33557294
3397,1.33557296
3398,1.947155
3399,2.8485746999999995
3400,2.8341025000000006
3401,2.9427033400000004
3402,2.22781752
3403,1.7177866800000001
3404,2.84835736
3405,1.8322753199999997
3406,2.00461994
3407,1.335914533333333
3408,2.73648618
3409,2.2278174799999997
3410,1.33557296
3411,1.7177866800000001
3412,1.33557296
3413,0.0
3414,1.33557296
3415,3.2842621800000003
3416,1.33557294
3417,3.2493257
3418,1.71778686
3419,2.0046199
3420,2.94270344
3421,3.27808828
3422,3.07819476
3423,1.56517042
3424,2.55264044
3425,1.33557294
3426,3.6479675800000004
3427,0.0
3428,1.33557294
3429,1.8715296
3430,0.0
3431,2.6213457999999994
3432,2.22781752
3433,2.37099382
3434,3.29001326
3435,0.0
3436,2.5233201999999997
3437,2.00461994
3438,2.18309182
3439,1.33557294
3440,3.1363650200000004
3441,1.33557296
3442,0.0
3443,1.33557294
3444,0.0
3445,2.99628006
3446,0.0
3447,2.64681296
3448,2.64681296
3449,3.71498194
3450,3.4319145000000004
3451,1.33557294
3452,2.0493682399999997
3453,2.00461994
3454,2.62584278
3455,1.33557294
3456,1.9475962199999999
3457,3.2164427000000004
3458,2.98301238
3459,2.54807118
3460,3.30918348
3461,1.33531645
3462,1.33531645
3463,2.00461994
3464,1.41163964
3465,0.0
3466,2.00461994
3467,1.3362901999999999
3468,2.6500867599999998
3469,1.33557294
3470,2.67452132
3471,2.3258852000000005
3472,1.9468844399999998
3473,2.7925347400000002
3474,1.33557294
3475,2.8485746999999995
3476,1.33557294
3477,2.55264044
3478,1.33557294
3479,0.0
3480,1.69920854
3481,1.33557296
3482,1.8901313800000001
3483,0.0
3484,1.33557296
3485,2.2278174799999997
3486,2.9964543200000002
3487,1.48859348
3488,2.9121544600000004
3489,1.71778672
3490,3.78160654
3491,3.2773272600000007
3492,2.6502914600000005
3493,2.40645552
3494,3.07819476
3495,1.3362901999999999
3496,2.9392929200000006
3497,2.81298208
3498,2.86610162
3499,3.3020126000000003
3500,1.71778672
3501,2.3351903199999997
3502,2.00461994
3503,1.33557296
3504,3.50896002
3505,2.87233054
3506,2.55264044
3507,2.22781752
3508,1.71778672
3509,3.55772594
3510,1.7177866800000001
3511,2.7157137000000002
3512,3.82851618
3513,1.33557294
3514,2.7924047
3515,2.29067384
3516,1.71778672
3517,3.32729296
3518,3.8141880400000003
3519,1.64161198
3520,1.56517042
3521,2.37065206
3522,2.4874981199999997
3523,1.6412371000000001
3524,1.71778672
3525,1.6409409199999998
3526,1.33531645
3527,1.9471550400000002
3528,1.33531645
3529,2.72161016
3530,1.71778672
3531,2.8307849999999997
3532,2.31323278
3533,1.71778672
3534,3.19413242
3535,2.22781752
3536,2.8561037
3537,1.33557294
3538,1.71778672
3539,2.89694614
3540,3.42839648
3541,1.33557294
3542,2.2278174799999997
3543,1.33557296
3544,1.33557294
3545,2.0936800399999997
3546,2.00461994
3547,2.40645562
3548,1.7177866800000001
3549,2.8440925999999997
3550,2.18306918
3551,1.336290175
3552,2.40645562
3553,2.8618444199999997
3554,2.18348312
3555,1.7174484
3556,2.55264034
3557,1.33557296
3558,3.06899752
3559,2.79519248
3560,2.59778232
3561,0.0
3562,2.9694221600000006
3563,3.5022902399999998
3564,3.217127
3565,2.0046199
3566,1.33557296
3567,1.33557294
3568,0.0
3569,1.64120978
3570,2.2278174799999997
3571,3.2773493399999998
3572,3.1926760400000003
3573,1.8901313800000001
3574,1.33557296
3575,1.7177866800000001
3576,2.22781752
3577,3.9038413800000002
3578,2.90367044
3579,2.9961876600000004
3580,2.0367674599999996
3581,2.67452132
3582,1.3360856499999998
3583,1.33557296
3584,1.64094106
3585,2.7285046
3586,3.0281902800000005
3587,2.13875738
3588,1.3362901999999999
3589,1.3360856499999998
3590,2.5235698799999997
3591,1.33557294
3592,3.74706094
3593,2.18306918
3594,1.3365989
3595,2.49431644
3596,3.4509608399999996
3597,1.33557294
3598,0.0
3599,2.18306918
3600,3.3419718000000005
3601,2.0046198399999997
3602,3.11118704
3603,2.7776656199999996
3604,2.37099382
3605,1.7177866800000001
3606,2.4359432200000004
3607,2.40645552
3608,2.0046199
3609,2.0046198399999997
3610,1.33557296
3611,1.33557296
3612,1.8322751999999998
3613,3.5533052999999994
3614,1.33557294
3615,2.7776656199999996
3616,2.93690756
3617,1.7177866800000001
3618,3.1612682399999996
3619,1.33557294
3620,2.73252354
3621,2.0046199
3622,1.33557294
3623,1.71778672
3624,3.3940792200000005
3625,3.4912838600000002
3626,1.33557296
3627,2.2192167599999997
3628,2.00461994
3629,1.93440485
3630,2.46484642
3631,1.33557294
3632,1.64120978
3633,3.7307672600000004
3634,1.9471313599999998
3635,1.71778672
3636,2.229814975
3637,2.62591502
3638,1.33531645
3639,2.1384283799999997
3640,1.3345479500000001
3641,1.7189740500000001
3642,3.4811928
3643,1.33480425
3644,0.0
3645,2.09379108
3646,1.33557294
3647,1.7177866800000001
3648,2.00461994
3649,2.0240371
3650,2.9426024799999997
3651,1.33557294
3652,2.3706335400000005
3653,2.3709187
3654,2.7952378199999997
3655,2.40645562
3656,1.8900107
3657,1.33557296
3658,1.336290175
3659,1.33557294
3660,3.7436504800000003
3661,1.89013144
3662,1.7177866800000001
3663,2.86172094
3664,1.33557294
3665,1.71778672
3666,0.0
3667,2.22781752
3668,2.86610166
3669,1.33557294
3670,0.0
3671,3.9008811999999997
3672,2.53162994
3673,3.736174320000001
3674,2.86610166
3675,1.71778672
3676,2.8316551199999997
3677,3.00442594
3678,2.3709188000000005
3679,1.33557294
3680,3.4817914
3681,3.7575521199999997
3682,3.3704359600000005
3683,1.33557296
3684,2.0046199
3685,2.4963433
3686,3.4487864000000004
3687,1.33557294
3688,2.7776656199999996
3689,1.4883246199999998
3690,1.83227524
3691,1.41214988
3692,1.33557294
3693,1.33557294
3694,2.22781752
3695,1.41163962
3696,2.40645562
3697,2.7364730799999997
3698,1.7177866800000001
3699,3.2773272600000007
3700,1.7564101600000002
3701,1.7177866800000001
3702,1.71778672
3703,1.5260868250000001
3704,1.8900107
3705,1.335914533333333
3706,2.18306918
3707,2.6259009000000004
3708,3.1403664
3709,2.9388325
3710,1.71778672
3711,1.9471314
3712,1.33557296
3713,1.33557294
3714,1.33557294
3715,2.54808536
3716,1.33557294
3717,3.16868122
3718,2.6270764
3719,3.8607264399999996
3720,3.45178506
3721,3.7883911400000003
3722,1.336085625
3723,1.33480425
3724,2.49424964
3725,1.33557294
3726,3.46095078
3727,3.5797474799999995
3728,1.33557294
3729,1.71778672
3730,1.71778686
3731,1.33557296
3732,3.0571037199999997
3733,3.6310534000000003
3734,2.37063344
3735,2.7365377000000004
3736,2.37099382
3737,1.71778672
3738,0.0
3739,1.33557296
3740,1.33557296
3741,1.71778686
3742,3.1216036199999997
3743,2.55264044
3744,3.33543342
3745,1.64161194
3746,1.33557296
3747,1.71778672
3748,1.89010774
3749,1.7173626
3750,2.9273319
3751,2.5235698799999997
3752,3.55553938
3753,1.5650350400000002
3754,1.7177866800000001
3755,1.8900107
3756,3.47777812
3757,2.55264034
3758,2.22781752
3759,2.0046199
3760,1.33557296
3761,1.33557294
3762,3.0572273799999996
3763,1.33557294
3764,2.31075004
3765,1.4882165600000001
3766,1.71778672
3767,3.0690492999999996
3768,2.55264034
3769,1.33557294
3770,2.55264034
3771,2.0046199
3772,1.332704
3773,1.56517042
3774,1.33557296
3775,2.18306918
3776,1.64161198
3777,2.3709187
3778,1.33557294
3779,2.18348308
3780,1.71778672
3781,3.5662717199999996
3782,2.0046199
3783,1.7177866800000001
3784,1.3353682249999999
3785,2.40645562
3786,2.99627994
3787,1.71778672
3788,1.33557294
3789,1.41214988
3790,3.0262489599999998
3791,2.5321467600000003
3792,2.92752566
3793,1.9474992400000002
3794,3.23404352
3795,1.5650350400000002
3796,2.6016710400000003
3797,1.71778672
3798,3.6226871249999997
3799,1.71778672
3800,1.33557294
3801,1.8901313800000001
3802,1.3362901999999999
3803,2.00461994
3804,1.947155
3805,3.4411390000000006
3806,3.4884061600000003
3807,3.5639205599999997
3808,2.8955411
3809,2.0046199
3810,1.33557294
3811,2.16228154
3812,1.33557294
3813,2.86610162
3814,2.40645552
3815,1.71778672
3816,2.9677475600000003
3817,2.00461994
3818,2.00461994
3819,2.94270344
3820,0.0
3821,2.6502914600000005
3822,2.3706335400000005
3823,2.00461994
3824,2.22781752
3825,3.00973144
3826,3.2702402800000003
3827,1.336085625
3828,2.29936824
3829,1.71778672
3830,3.3778100199999996
3831,2.0046199
3832,1.56517042
3833,1.71778672
3834,2.9545112600000003
3835,1.33557294
3836,1.64172
3837,1.336290175
3838,2.22781752
3839,2.67452132
3840,2.4942496
3841,1.33557294
3842,1.3353682
3843,1.7177866800000001
3844,2.65007262
3845,3.1391818000000002
3846,1.7177866800000001
3847,1.33557296
3848,1.8713244599999999
3849,2.55264044
3850,1.33557296
3851,2.92752566
3852,1.64161198
3853,3.2008799199999998
3854,1.7177866800000001
3855,2.40645552
3856,2.9995092
3857,1.41214988
3858,1.33557294
3859,2.52363668
3860,1.7752752600000001
3861,1.3362901999999999
3862,3.26535134
3863,1.71778672
3864,2.18348308
3865,2.92748488
3866,1.33557294
3867,3.4106905000000003
3868,2.62584278
3869,1.33557294
3870,2.00461994
3871,3.0453337199999995
3872,1.71778686
3873,2.40645552
3874,1.9160727999999998
3875,2.18348308
3876,2.13864634
3877,2.0046198399999997
3878,1.33557294
3879,2.7749623800000003
3880,3.2550324600000002
3881,0.0
3882,2.0046199
3883,2.22781752
3884,3.48251508
3885,3.30270388
3886,1.7177866800000001
3887,2.22781752
3888,2.40645562
3889,2.18339468
3890,3.081022
3891,1.527229775
3892,1.3362562666666669
3893,1.33557296
3894,1.56503506
3895,3.2704144200000003
3896,1.33557296
3897,1.3350605999999998
3898,2.22781752
3899,3.1006361599999996
3900,2.00461994
3901,2.55264034
3902,2.8130978200000003
3903,3.42839644
3904,3.18559044
3905,2.22781752
3906,1.335914533333333
3907,0.0
3908,2.68872896
3909,2.22781752
3910,2.35756722
3911,2.3350966200000003
3912,3.3182495800000007
3913,0.0
3914,0.0
3915,3.21104894
3916,2.7776656199999996
3917,2.52315284
3918,1.71778672
3919,3.59401146
3920,2.5317548600000004
3921,1.71778672
3922,1.71778672
3923,3.6793889999999996
3924,3.0636206800000005
3925,0.0
3926,1.4883247000000002
3927,1.33557296
3928,3.0793027000000004
3929,1.33557296
3930,2.29908272
3931,1.33531645
3932,2.9121544600000004
3933,1.947155
3934,3.2545841199999996
3935,1.33557296
3936,1.33557296
3937,3.1111871199999994
3938,3.05317
3939,2.67452136
3940,0.0
3941,1.33557294
3942,1.33557294
3943,3.2416415
3944,2.0046199
3945,3.1256486600000004
3946,2.3781423999999998
3947,2.22781752
3948,3.70431114
3949,1.71778672
3950,1.33557294
3951,3.7862205200000005
3952,0.0
3953,1.74395692
3954,2.40645562
3955,1.6412371000000001
3956,3.5297791599999995
3957,1.33557296
3958,1.71778672
3959,1.33531645
3960,2.0046199
3961,2.94097704
3962,2.40645562
3963,2.71571374
3964,1.8715296
3965,0.0
3966,1.9153537200000001
3967,3.3034868600000005
3968,3.1933411400000002
3969,2.9829659000000004
3970,1.33557294
3971,3.31777382
3972,3.1583958799999996
3973,2.67452136
3974,3.4397225999999996
3975,3.07955608
3976,3.6194688200000003
3977,1.8700387200000002
3978,1.71778672
3979,2.04895434
3980,2.3709188000000005
3981,2.49385018
3982,1.336290175
3983,3.31466322
3984,2.92734204
3985,2.81292504
3986,1.33557296
3987,1.71778686
3988,3.3757573800000005
3989,3.3505891600000006
3990,1.33557294
3991,3.5481070599999995
3992,2.00461994
3993,3.00973132
3994,3.06899752
3995,3.59444314
3996,0.0
3997,2.4436102199999996
3998,1.33557296
3999,2.40645562
4000,2.2910341599999997
4001,2.40645562
4002,3.19413242
4003,2.9696888200000005
4004,1.33557296
4005,2.49977598
4006,2.55264034
4007,3.3498142799999995
4008,1.33557296
4009,1.6409409199999998
4010,3.54516088
4011,1.33557294
4012,2.0046199
4013,3.2703287750000003
4014,0.0
4015,0.0
4016,1.33557296
4017,1.33557296
4018,1.33557294
4019,1.6417201599999998
4020,1.33557296
4021,1.71778672
4022,3.3440286200000005
4023,1.9475962799999997
4024,2.00461994
4025,2.62611972
4026,2.22781752
4027,2.84083882
4028,1.7177866800000001
4029,2.37814236
4030,1.33557296
4031,1.41163962
4032,1.52574385
4033,3.6558599400000005
4034,1.33557294
4035,1.71778672
4036,1.33557294
4037,2.49433402
4038,2.0046199
4039,1.33531645
4040,2.0046199
4041,3.00973132
4042,1.3362901999999999
4043,3.31428482
4044,2.67452132
4045,1.56517042
4046,2.5879554200000006
4047,1.33557294
4048,2.9694222800000003
4049,3.3217711000000003
4050,2.86610166
4051,0.0
4052,2.0046199
4053,2.0046198399999997
4054,3.93041786
4055,1.33557296
4056,1.3345479500000001
4057,1.9474992400000002
4058,1.33557294
4059,1.7189742
4060,2.0046199
4061,1.3345479500000001
4062,2.86610166
4063,2.5676086000000002
4064,1.69920854
4065,1.71778672
4066,0.0
4067,2.7330462399999997
4068,3.39685948
4069,1.718974
4070,2.22781752
4071,1.33557294
4072,1.33557294
4073,1.33557294
4074,2.67452136
4075,1.56517042
4076,2.64660826
4077,2.62590084
4078,2.67452136
4079,1.33557294
4080,1.33557294
4081,1.33557296
4082,2.40645562
4083,1.9922475
4084,1.33557294
4085,2.48803306
4086,1.33557296
4087,1.92156714
4088,1.33557294
4089,3.0602962
4090,3.1310463
4091,1.71778672
4092,2.9830125999999995
4093,1.9471550399999997
4094,2.3706335400000005
4095,1.33557294
4096,3.48423454
4097,2.3190136
4098,2.40645552
4099,2.00461994
4100,1.6417200400000003
4101,1.71778672
4102,2.9566934000000002
4103,3.5880201599999992
4104,1.33557294
4105,2.00461994
4106,1.71778672
4107,3.51193954
4108,2.56075858
4109,1.71778672
4110,1.71778672
4111,1.33557294
4112,1.7177866800000001
4113,2.73252354
4114,1.336290175
4115,2.55264044
4116,2.67452132
4117,3.01639442
4118,3.2572491599999998
4119,1.33557294
4120,2.4800786
4121,1.8715296
4122,2.0046199
4123,3.12004102
4124,1.8901313800000001
4125,1.947155
4126,1.33557296
4127,1.33557294
4128,1.71778672
4129,0.0
4130,1.33557294
4131,2.55264044
4132,1.7177866800000001
4133,2.4647620399999997
4134,1.7177866800000001
4135,3.46095078
4136,0.0
4137,2.0046198399999997
4138,1.33557294
4139,3.1930949999999996
4140,3.12160354
4141,1.332704
4142,3.4963687199999995
4143,1.336085625
4144,1.33557296
4145,2.0046199
4146,1.33557294
4147,3.2625560800000004
4148,1.6412098
4149,1.6412371000000001
4150,2.18348308
4151,2.0046199
4152,3.5348754399999995
4153,2.9524737399999994
4154,2.0046199
4155,3.3966182599999994
4156,2.84835736
4157,2.0046199
4158,2.00461994
4159,1.8387178499999999
4160,1.3353682
4161,3.46837346
4162,1.7177866800000001
4163,1.33557296
4164,1.33557296
4165,1.7177866800000001
4166,3.02416408
4167,1.3362901999999999
4168,1.71778672
4169,0.0
4170,1.71778672
4171,2.2278174799999997
4172,3.3556066199999997
4173,2.12558064
4174,2.3351717
4175,2.3706335000000003
4176,0.0
4177,1.33557294
4178,3.1021734249999997
4179,1.56503506
4180,3.11105266
4181,1.33557296
4182,1.71778672
4183,1.33557294
4184,2.77766546
4185,1.33557296
4186,1.64161198
4187,2.98119886
4188,1.6412098
4189,2.55264034
4190,2.13875738
4191,1.33557294
4192,3.01856818
4193,2.71236604
4194,1.33531645
4195,2.6016710400000003
4196,1.33557296
4197,2.6879313999999996
4198,1.33557294
4199,1.71778672
4200,1.33557294
4201,1.3345479500000001
4202,2.30452096
4203,1.71778672
4204,1.33557294
4205,3.5332891
4206,2.2631525200000002
4207,1.41214988
4208,1.3365989999999999
4209,3.02880606
4210,1.3362562666666669
4211,1.9475962799999997
4212,2.00461994
4213,1.8900107
4214,2.0046198399999997
4215,1.71778672
4216,0.0
4217,1.33557294
4218,2.40645562
4219,2.9561546
4220,1.7177866800000001
4221,1.33557294
4222,2.2278174799999997
4223,2.0046199
4224,3.4360065
4225,3.16868136
4226,1.7177866800000001
4227,1.8323959200000002
4228,1.71778672
4229,2.5849303200000007
4230,1.69910052
4231,1.71778672
4232,1.33557296
4233,1.33531645
4234,2.88955126
4235,2.22781752
4236,2.0046199
4237,1.336085625
4238,1.6409409199999998
4239,2.46484642
4240,1.7177866800000001
4241,2.40645562
4242,0.0
4243,1.71778672
4244,2.00461994
4245,2.7325236399999993
4246,1.33557294
4247,3.0689977199999996
4248,3.61169678
4249,2.83084224
4250,3.0709977200000003
4251,1.3362901999999999
4252,1.71778672
4253,2.3351903199999997
4254,1.9475962799999997
4255,2.9756437
4256,2.00461994
4257,2.0046199
4258,2.0046199
4259,2.3354570000000003
4260,2.0046199
4261,2.99485238
4262,1.6416121000000001
4263,2.54750952
4264,3.23407214
4265,1.33557294
4266,1.335914533333333
4267,1.81343368
4268,2.3706335400000005
4269,1.71778672
4270,1.336290175
4271,1.64120986
4272,2.49433382
4273,1.3362901999999999
4274,2.3706335400000005
4275,2.62611976
4276,1.6412371000000001
4277,3.1754012000000005
4278,1.71778672
4279,1.8715296
4280,2.9931327199999997
4281,2.40645562
4282,1.52557465
4283,1.3362901999999999
4284,3.2962121600000005
4285,0.0
4286,3.3766340199999996
4287,3.7669941600000003
4288,1.33531645
4289,1.5265029
4290,1.9475963
4291,2.3706335400000005
4292,3.3762324
4293,2.2278174799999997
4294,2.0046199
4295,2.40645552
4296,1.33557296
4297,1.71778686
4298,2.77766546
4299,3.48250918
4300,2.83100234
4301,1.33557294
4302,1.71778672
4303,1.71778672
4304,2.91216458
4305,3.00973132
4306,1.33557294
4307,1.77525162
4308,3.27670334
4309,2.88955126
4310,1.33557294
4311,3.0070309
4312,2.9917430400000002
4313,1.33557296
4314,1.33557294
4315,3.3271167
4316,2.55264044
4317,1.6029338599999998
4318,3.45081284
4319,1.56503502
4320,1.33557294
4321,1.336290175
4322,1.3350605999999998
4323,3.00834818
4324,1.33557294
4325,2.0046198399999997
4326,1.71778672
4327,0.0
4328,1.64161198
4329,2.00461994
4330,2.00461994
4331,1.71778672
4332,3.3766340199999996
4333,1.33557294
4334,1.3362901999999999
4335,2.0943119
4336,1.33557296
4337,2.9489725399999998
4338,3.5498455
4339,1.7177866800000001
4340,2.18348308
4341,1.3362562666666669
4342,1.33557294
4343,3.22504116
4344,1.33557296
4345,3.0755166199999997
4346,2.00461994
4347,2.9541898800000004
4348,2.18348308
4349,2.4650137800000005
4350,3.01856818
4351,3.49679506
4352,3.7988146199999995
4353,3.5857164
4354,1.33557294
4355,1.33531645
4356,1.71778672
4357,3.5084496199999995
4358,1.33557294
4359,2.40645552
4360,0.0
4361,1.33557296
4362,3.3505891600000006
4363,1.33557296
4364,1.4889683200000001
4365,2.9675945000000006
4366,3.37213962
4367,2.03594462
4368,1.71778672
4369,1.6409409199999998
4370,1.3362901999999999
4371,0.0
4372,1.33557294
4373,2.86610162
4374,1.3362901999999999
4375,0.0
4376,3.2657947799999993
4377,1.3350605500000001
4378,2.44384044
4379,2.13864634
4380,1.33557294
4381,1.6795236
4382,1.33557294
4383,1.33557296
4384,3.4681665799999997
4385,3.63542454
4386,2.65034958
4387,2.18348312
4388,2.6242462399999997
4389,2.6500726400000003
4390,1.3362901999999999
4391,2.40645552
4392,3.2401557199999997
4393,2.94097718
4394,1.718974
4395,1.64161198
4396,1.71778672
4397,2.00461994
4398,2.00461994
4399,2.18348308
4400,3.1489445199999997
4401,2.55264044
4402,2.40645562
4403,3.5592125799999996
4404,1.71778686
4405,2.33545696
4406,2.73652474
4407,1.69910052
4408,2.49433402
4409,3.37022858
4410,1.33557294
4411,2.2460889600000002
4412,1.3362562666666669
4413,1.33557296
4414,1.71778672
4415,2.18348312
4416,2.40645562
4417,2.7926504000000003
4418,1.7177866800000001
4419,2.00566708
4420,2.18285122
4421,3.73167734
4422,1.71778672
4423,1.71778672
4424,1.9471314199999998
4425,1.64161198
4426,2.0046199
4427,1.62236505
4428,1.336290175
4429,2.7569723799999997
4430,1.9475962799999997
4431,1.71778672
4432,1.33557294
4433,1.8901313800000001
4434,1.33531645
4435,2.77766546
4436,3.0032923599999997
4437,1.8901313800000001
4438,1.56517042
4439,3.58667864
4440,2.0046199
4441,1.71778686
4442,2.40645562
4443,1.6229132750000002
4444,2.94270344
4445,1.71778686
4446,2.00461994
4447,3.50331172
4448,2.0046693
4449,2.0937911199999997
4450,1.8323959600000002
4451,1.33557296
4452,1.71778672
4453,2.2278174799999997
4454,3.6403646000000003
4455,2.00461994
4456,1.6229132000000002
4457,1.8901313800000001
4458,1.71778672
4459,2.73653778
4460,2.0046199
4461,2.92748488
4462,1.336085625
4463,1.33557294
4464,2.8485746999999995
4465,2.71236596
4466,1.7177866800000001
4467,1.71778672
4468,1.335914533333333
4469,1.5650350400000002
4470,1.7177866800000001
4471,3.35014604
4472,3.4185995399999998
4473,1.3345479500000001
4474,3.6498123399999995
4475,0.0
4476,1.71778672
4477,2.44384038
4478,2.88147294
4479,1.71778672
4480,3.0453740799999998
4481,2.97786822
4482,3.29463738
4483,1.33557294
4484,1.33557296
4485,1.33557296
4486,2.00461994
4487,3.1171152999999996
4488,1.33557294
4489,3.3655172199999996
4490,1.71778672
4491,2.37099382
4492,1.4883247000000002
4493,1.3360856499999998
4494,0.0
4495,1.33557294
4496,2.18306918
4497,2.22781752
4498,1.3345479500000001
4499,2.00461994
4500,1.33557296
4501,2.0046199
4502,3.68738384
4503,1.33557294
4504,1.8323959600000002
4505,2.40645562
4506,2.52363652
4507,2.7572180800000003
4508,2.57681218
4509,3.2493257
4510,2.8485747599999995
4511,1.6417200400000003
4512,1.33557294
4513,2.5236365800000002
4514,1.6232869749999999
4515,2.44596716
4516,2.55264034
4517,1.71778672
4518,2.00461994
4519,3.4144804399999997
4520,1.33557294
4521,2.0281667
4522,2.4587128199999997
4523,2.9964543200000002
4524,2.40645562
4525,2.37099378
4526,3.7706960200000004
4527,1.64120978
4528,2.47806312
4529,2.09400908
4530,2.0363261799999997
4531,1.71778672
4532,2.2278174799999997
4533,2.87690494
4534,1.33557294
4535,2.49433382
4536,2.40645562
4537,1.71778686
4538,2.86610162
4539,2.12582878
4540,2.7776656199999996
4541,1.33557296
4542,2.0046199
4543,1.33557294
4544,3.1216036199999997
4545,2.84835736
4546,2.04936828
4547,1.48859344
4548,2.9830125999999995
4549,1.69910058
4550,3.6796309000000003
4551,2.67452136
4552,1.41214988
4553,1.33557294
4554,2.22781752
4555,1.33557294
4556,2.18014242
4557,1.3362901999999999
4558,1.33557294
4559,3.14046906
4560,1.33557294
4561,1.64120988
4562,2.00461994
4563,3.2008799199999998
4564,2.9783359799999998
4565,3.19781214
4566,2.9703851400000003
4567,2.83084208
4568,1.33557294
4569,1.9471314
4570,1.33557294
4571,2.0046199
4572,1.33557294
4573,3.1216036199999997
4574,2.18348308
4575,1.33557294
4576,2.12645946
4577,2.98301238
4578,2.77766546
4579,1.3362901999999999
4580,1.7177866800000001
4581,3.28298166
4582,2.6503496199999996
4583,1.3362562666666669
4584,3.3701480599999996
4585,2.9657878600000003
4586,3.4175081999999994
4587,1.33557294
4588,1.56517042
4589,3.2526714399999994
4590,2.0815256399999997
4591,1.9160727999999998
4592,2.94188786
4593,3.05582042
4594,2.9964543200000002
4595,1.33557296
4596,3.39685948
4597,1.432011425
4598,0.0
4599,2.09379108
4600,2.6879313999999996
4601,2.00461994
4602,2.0046199
4603,1.33557296
4604,1.33557296
4605,3.20444596
4606,2.09431194
4607,1.33557296
4608,0.0
4609,1.33557296
4610,3.1324352600000003
4611,2.00461994
4612,0.0
4613,2.49433382
4614,1.33557294
4615,2.22781752
4616,1.56503502
4617,1.33557294
4618,3.2772528999999997
4619,1.33557294
4620,2.66253824
4621,2.54758738
4622,2.85622466
4623,1.33557294
4624,1.6026778
4625,3.2493257
4626,1.33557294
4627,2.67452132
4628,2.00461994
4629,0.0
4630,1.33557294
4631,2.13875742
4632,2.38467546
4633,1.33557294
4634,2.5971159600000004
4635,1.33557294
4636,3.33805694
4637,1.81358176
4638,1.332704
4639,1.81406468
4640,1.33557296
4641,2.55264034
4642,1.33557296
4643,3.06781916
4644,2.7987349
4645,2.91230732
4646,1.71778672
4647,3.04431618
4648,1.5650350400000002
4649,1.33557294
4650,2.0046199
4651,1.33557294
4652,0.0
4653,1.8901313800000001
4654,1.71778672
4655,3.28994018
4656,2.00461994
4657,1.33557294
4658,1.33557294
4659,2.18348312
4660,2.00461994
4661,1.48818926
4662,3.5285363199999997
4663,1.33557294
4664,2.67452132
4665,0.0
4666,2.8926158600000003
4667,0.0
4668,2.6707529200000004
4669,1.33557296
4670,0.0
4671,3.27034006
4672,3.17558194
4673,1.71778686
4674,1.6412098
4675,1.336290175
4676,1.7177866800000001
4677,2.3706335000000003
4678,2.75721798
4679,1.94688452
4680,2.0046199
4681,1.9923446199999997
4682,3.3669284999999993
4683,2.99280262
4684,1.71778672
4685,2.0046199
4686,1.71778672
4687,2.00461994
4688,1.718974
4689,1.33557294
4690,0.0
4691,1.33557294
4692,1.3362562666666669
4693,2.83100234
4694,1.3362562666666669
4695,1.71778686
4696,2.2278174799999997
4697,1.3353682249999999
4698,1.33557294
4699,0.0
4700,2.86610162
4701,2.18306918
4702,2.40645552
4703,2.9637499999999997
4704,1.64120974
4705,1.33557294
4706,1.7177866800000001
4707,1.64172
4708,2.55264034
4709,2.77766546
4710,3.0453740799999998
4711,2.13875738
4712,2.18306918
4713,3.23407214
4714,2.86610162
4715,2.22781752
4716,2.62584278
4717,3.68897106
4718,1.33557296
4719,1.7177866800000001
4720,1.33557294
4721,2.7158444600000005
4722,2.0046198399999997
4723,1.6417200400000003
4724,1.7177866800000001
4725,3.6007726
4726,2.37099378
4727,2.00461994
4728,1.95920986
4729,2.00461994
4730,2.2991764199999998
4731,1.33557294
4732,3.53865662
4733,3.6137214799999997
4734,2.6502914600000005
4735,1.71778672
4736,2.00461994
4737,0.0
4738,3.36139516
4739,2.0811577999999997
4740,2.67452136
4741,1.33557294
4742,2.00461994
4743,1.33557294
4744,1.33557294
4745,1.6417200400000003
4746,2.12645946
4747,1.71778672
4748,3.4581955800000004
4749,1.71778672
4750,1.71778672
4751,1.33557294
4752,1.8897637799999998
4753,1.33557296
4754,0.0
4755,3.5575342999999995
4756,1.33480425
4757,1.9471314
4758,2.5967722200000005
4759,1.71778672
4760,3.75785534
4761,2.22781752
4762,2.2518789
4763,2.5202751599999997
4764,2.40645562
4765,2.75697222
4766,2.65034958
4767,2.55264034
4768,1.43201135
4769,2.00461994
4770,2.40645552
4771,1.33557294
4772,1.33557294
4773,2.00461994
4774,3.49227268
4775,2.9829658200000004
4776,2.29963488
4777,1.64172
4778,0.0
4779,1.71778672
4780,1.33557296
4781,2.40645562
4782,1.33557294
4783,1.33557296
4784,2.60131898
4785,1.83264284
4786,1.33557296
4787,1.33557294
4788,1.71778672
4789,2.77766546
4790,2.67822178
4791,1.33557294
4792,1.33557294
4793,1.7177866800000001
4794,3.21104894
4795,1.33557296
4796,2.52363668
4797,1.33557294
4798,2.22781752
4799,1.33557294
4800,2.13875742
4801,3.38620138
4802,2.49433382
4803,3.00973144
4804,1.9475962799999997
4805,2.3709188000000005
4806,3.21104894
4807,1.71778672
4808,2.22781752
4809,1.7177866800000001
4810,2.0046199
4811,0.0
4812,0.0
4813,1.718974
4814,1.5648743
4815,1.71778672
4816,2.9273319
4817,2.8462134
4818,3.72453342
4819,2.00461994
4820,2.2103080999999998
4821,1.3362562666666669
4822,2.0046198399999997
4823,1.3365989999999999
4824,3.45701924
4825,3.4171404800000005
4826,3.3597146200000005
4827,2.55264044
4828,3.5019887000000005
4829,2.00461994
4830,2.22781752
4831,1.7177866800000001
4832,2.0046198399999997
4833,2.40645552
4834,0.0
4835,1.8901313800000001
4836,3.3519941600000003
4837,1.3360856499999998
4838,1.33531645
4839,3.14991836
4840,1.33557294
4841,3.0501693000000003
4842,1.33557294
4843,1.3345479500000001
4844,1.33557294
4845,3.2026614
4846,1.7177866800000001
4847,1.33557294
4848,3.36635798
4849,2.37065206
4850,3.0991514199999997
4851,2.91211356
4852,1.33557294
4853,1.71778672
4854,1.33557294
4855,2.0046199
4856,2.2991578
4857,1.332704
4858,2.18348312
4859,1.33557294
4860,3.0781157200000004
4861,2.55264044
4862,0.0
4863,1.7177866800000001
4864,0.0
4865,1.56517042
4866,3.48003748
4867,3.7759525
4868,1.71778672
4869,1.71778672
4870,2.0046199
4871,2.7571663200000005
4872,1.33557296
4873,2.5676085
4874,2.00461994
4875,3.04533352
4876,1.7189187333333333
4877,2.3706335400000005
4878,1.3362562666666669
4879,2.3351903199999997
4880,2.71236604
4881,2.22781752
4882,1.64123706
4883,1.3362562666666669
4884,1.6409409199999998
4885,1.7177866800000001
4886,1.33557296
4887,3.2385961
4888,1.7177866800000001
4889,2.00461994
4890,1.64161198
4891,1.6212958000000002
4892,2.0046199
4893,2.9427032200000003
4894,3.67893262
4895,1.64120974
4896,2.87690494
4897,1.3362562666666669
4898,3.6455635
4899,1.9471314
4900,2.9299882400000006
4901,1.33557296
4902,1.64161198
4903,1.64161198
4904,2.5482326
4905,1.71778672
4906,3.21104888
4907,2.67452132
4908,1.64120986
4909,0.0
4910,0.0
4911,1.3362562666666669
4912,2.00461994
4913,2.71224322
4914,3.1372076200000003
4915,3.1641810999999995
4916,1.48818924
4917,0.0
4918,3.47440582
4919,3.58209662
4920,1.7189740500000001
4921,2.5433787400000005
4922,1.33531645
4923,3.4356669
4924,2.2461301799999998
4925,2.22781752
4926,1.7177866800000001
4927,1.9471313599999998
4928,2.18339468
4929,1.8715296
4930,1.3362562666666669
4931,3.33942464
4932,2.00461994
4933,0.0
4934,0.0
4935,2.22781752
4936,1.33557294
4937,1.71778672
4938,1.33557296
4939,1.33557296
4940,2.26362102
4941,3.12160354
4942,0.0
4943,1.71778672
4944,1.3345479500000001
4945,2.5969111999999996
4946,3.71347958
4947,3.1216036199999997
4948,3.00973132
4949,3.0336039400000003
4950,2.68779454
4951,1.33557296
4952,2.92345028
4953,3.0453740799999998
4954,3.2878990000000003
4955,2.5676085
4956,2.56204872
4957,1.33557294
4958,2.49433402
4959,1.33557296
4960,2.22781752
4961,0.0
4962,2.40645552
4963,1.4883246199999998
4964,2.94270344
4965,3.3815778
4966,1.33557294
4967,1.6412371000000001
4968,2.55264034
4969,1.9474992400000002
4970,2.40645562
4971,2.29908282
4972,2.0046199
4973,1.56517042
4974,3.47165294
4975,2.55264044
4976,2.22781752
4977,1.71778672
4978,1.9468844399999998
4979,1.33557296
4980,1.336290175
4981,0.0
4982,2.00461994
4983,0.0
4984,1.33557296
4985,1.71778672
4986,2.75721798
4987,1.33557296
4988,3.11118704
4989,1.33557296
4990,0.0
4991,1.33557294
4992,1.33557294
4993,1.64161194
4994,2.18306918
4995,2.95017512
4996,2.40645552
4997,2.67091076
4998,1.71778672
4999,1.9471314
5000,1.64161198
5001,3.8438776199999998
5002,3.1276682199999994
5003,2.22781752
5004,3.12160354
5005,1.48818926
5006,1.3350605500000001
5007,2.00461994
5008,1.33557294
5009,1.33557296
5010,1.33557294
5011,2.5676085
5012,1.33557296
5013,3.12158074
5014,2.53753568
5015,3.10062868
5016,2.88147294
5017,3.16868122
5018,3.4606098599999995
5019,3.77297006
5020,3.57844094
5021,1.33557294
5022,1.33557294
5023,1.33557294
5024,3.32733444
5025,1.3360856499999998
5026,3.4684602
5027,3.2643751200000004
5028,2.29908282
5029,1.71778672
5030,1.33557296
5031,2.67452132
5032,1.33557294
5033,2.37099382
5034,2.33497992
5035,1.33557294
5036,1.33557294
5037,2.5318051
5038,2.00461994
5039,0.0
5040,2.40645562
5041,1.7177866800000001
5042,0.0
5043,0.0
5044,2.55264044
5045,0.0
5046,2.86610162
5047,1.71778672
5048,2.40645562
5049,0.0
5050,1.7177866800000001
5051,0.0
5052,1.77527522
5053,3.69252174
5054,1.5650350000000002
5055,3.3956572199999995
5056,1.71778672
5057,2.4581953800000003
5058,0.0
5059,2.83258882
5060,3.04537426
5061,2.6500867599999998
5062,1.56517042
5063,2.2278174799999997
5064,3.19272634
5065,1.33557296
5066,2.67452132
5067,1.33557296
5068,3.3034868600000005
5069,2.2906738800000004
5070,2.7776656199999996
5071,2.13864634
5072,2.9095876400000003
5073,1.7177866800000001
5074,1.33557296
5075,3.60762934
5076,2.00461994
5077,2.7721420400000003
5078,3.368294519999999
5079,3.46270224
5080,2.0046199
5081,2.4228907399999997
5082,2.55264034
5083,3.05710388
5084,2.2278174799999997
5085,2.00461994
5086,2.3351903199999997
5087,3.14779592
5088,2.22781752
5089,2.5607004600000005
5090,3.22337662
5091,2.95247364
5092,0.0
