,B7N
0,114.188245
1,0.0
2,0.0
3,0.0
4,655.8516133333334
5,3612.4437999999996
6,0.0
7,0.0
8,0.0
9,7737.596333333334
10,6538.666666666667
11,6572.0622
12,2636.0
13,0.0
14,0.0
15,0.0
16,0.0
17,0.0
18,0.0
19,11513.553375
20,0.0
21,14.1950355
22,3637.8451333333337
23,44.14253233333333
24,0.0
25,0.0
26,10556.446333333333
27,0.0
28,0.0
29,0.0
30,0.0
31,11413.331
32,0.0
33,0.0
34,4641.411266666667
35,21100.595333333335
36,0.0
37,0.0
38,0.0
39,10864.369666666666
40,0.0
41,11.586742999999998
42,173.79862
43,0.0
44,0.0
45,0.0
46,0.0
47,0.0
48,0.0
49,0.0
50,5.160966666666667
51,0.0
52,148.83147385
53,31509.922666666665
54,6057.288666675
55,14524.775666666666
56,376.06417799999997
57,0.0
58,0.0
59,0.0
60,161.31046466666666
61,0.0
62,2213.3333333333335
63,0.0
64,0.0
65,5139.856333333333
66,0.0
67,25259.9575
68,1.8687823000000001
69,0.0
70,179.13464333333332
71,2867.0723666666668
72,0.0
73,0.0
74,0.0
75,0.0
76,0.0
77,1369.4137666666666
78,6969.970733333333
79,0.0
80,0.0
81,19123.442333333332
82,2019.2250333333334
83,0.0
84,11337.7124
85,0.0
86,0.0
87,1382.23145
88,12478.20925
89,0.0
90,0.0
91,0.0
92,0.0
93,0.0
94,273.326325
95,0.0
96,0.0
97,0.0
98,94.59858000000001
99,0.0
100,0.0
101,45.70083666666667
102,0.0
103,0.0
104,0.0
105,0.0
106,0.0
107,0.0
108,321.2922266666667
109,0.0
110,0.0
111,0.0
112,6540.666666666667
113,0.0
114,0.0
115,0.0
116,3271.3333333333335
117,2366.949333333333
118,3271.3333333333335
119,0.0
120,0.0
121,0.0
122,0.0
123,0.0
124,0.0
125,697.7361533333333
126,0.0
127,5665.222033333333
128,53.6036225
129,0.0
130,888.1872075
131,429.344815
132,0.0
133,0.0
134,0.0
135,0.0
136,113498.16666666667
137,220.15092
138,0.0
139,0.0
140,6540.666666666667
141,0.0
142,937.1183899999999
143,2796.6149
144,0.0
145,0.0
146,0.0
147,0.0
148,0.0
149,3860.784066666667
150,0.0
151,13800.283000000001
152,1717.5777050000002
153,0.0
154,0.0
155,3189.233666666667
156,11860.50775
157,2398.0835733333333
158,0.0
159,8181.453463499999
160,8686.162031
161,3991.9193
162,73.54437333333333
163,6621.339666666667
164,5327.8954
165,3271.3333333333335
166,2769.905025
167,0.0
168,1660.0
169,0.0
170,1080.3294099999998
171,2057.798975
172,0.0
173,3564.1516666666666
174,0.0
175,0.0
176,2453.5
177,15602.85745
178,4246.521333333334
179,0.0
180,0.0
181,0.0
182,0.0
183,0.0
184,287.205535
185,0.0
186,384.1978766666667
187,171.90896999999998
188,519.145185
189,0.0
190,3071.0103333333336
191,0.0
192,0.0
193,137.29993666666664
194,0.0
195,0.0
196,0.0
197,72.77525875
198,1433.1626
199,28.326920333333334
200,0.0
201,0.0
202,3851.5839333333333
203,0.0
204,0.0
205,0.0
206,16.862111666666667
207,0.0
208,0.0
209,175.58194500000002
210,0.0
211,7105.594533333333
212,34.901808333333335
213,1107.5247233333332
214,0.0
215,0.0
216,0.0
217,0.0
218,2905.3939333333333
219,1662.0
220,0.0
221,0.0
222,0.0
223,0.0
224,0.0
225,0.0
226,0.0
227,0.0
228,1451.83266
229,3271.3333333333335
230,1129.2263333333333
231,0.0
232,3271.3333333333335
233,0.0
234,1072.9091666666666
235,1691.7061333333334
236,0.0
237,0.0
238,36205.606
239,0.0
240,0.0
241,0.0
242,0.0
243,5198.261433333333
244,881.238375
245,0.0
246,2148.71452
247,225.76236
248,2453.5
249,9241.3925
250,0.0
251,0.0
252,26689.506666666664
253,0.0
254,0.0
255,5724.4598000000005
256,0.0
257,0.0
258,0.0
259,46.47695425
260,0.0
261,326.1542775
262,0.0
263,5188.786325
264,6788.083466666667
265,0.0
266,60.6447225
267,2333.4041333333334
268,0.0
269,435.04122666666666
270,0.0
271,9.917013166666665
272,0.0
273,0.0
274,0.0
275,0.0
276,0.0
277,0.0
278,1058.0
279,5356.00805
280,21823.698999999997
281,0.0
282,3449.2465650000004
283,0.0
284,0.0
285,0.0
286,3384.9243175
287,3656.2090000000003
288,0.0
289,0.0
290,0.0
291,0.0
292,186.72355000000002
293,0.0
294,0.0
295,496.28542666666664
296,0.0
297,0.0
298,11460.231749999999
299,0.0
300,0.0
301,0.0
302,0.0
303,0.0
304,0.0
305,12466.7675
306,118.42594
307,13660.6155
308,38.1014325
309,0.0
310,0.0
311,0.0
312,2453.5
313,0.0
314,0.0
315,0.0
316,6538.666666666667
317,8861.852625
318,0.0
319,0.0
320,0.0
321,3271.3333333333335
322,0.0
323,0.0
324,85.39597624999999
325,3445.6888
326,0.0
327,12192.544624999999
328,5010.04874
329,0.0
330,0.0
331,0.0
332,2213.3333333333335
333,175.58454319999998
334,0.0
335,1342.1258866666667
336,0.0
337,0.0
338,0.0
339,444.3160333333333
340,0.0
341,4649.843733333333
342,3136.4044000000004
343,137.22366
344,17422.961
345,0.6450996333333333
346,5183.1115666666665
347,0.0
348,0.0
349,0.0
350,95.94731250000001
351,0.0
352,13282.674666666666
353,0.0
354,0.0
355,0.0
356,0.0
357,0.0
358,0.0
359,13.78537
360,0.0
361,0.0
362,0.0
363,0.0
364,397.41107
365,0.0
366,0.0
367,0.0
368,355.4505933333333
369,0.0
370,123.5451185
371,0.0
372,0.0
373,0.0
374,17116.62185
375,0.0
376,2962.3981999999996
377,4917.1405
378,2494.2472
379,0.0
380,6444.576875000001
381,0.0
382,0.0
383,0.0
384,4520.698963333333
385,0.0
386,0.0
387,0.0
388,295.20693300000005
389,2266.755171666667
390,0.0
391,0.0
392,37944.32833333333
393,0.0
394,0.0
395,0.0
396,0.0
397,0.0
398,0.0
399,0.0
400,25744.676333333333
401,0.0
402,0.0
403,0.0
404,0.0
405,0.0
406,0.0
407,0.0
408,0.0
409,0.0
410,0.0
411,0.0
412,0.0
413,0.0
414,0.0
415,0.0
416,0.0
417,0.0
418,29621.622333333333
419,1058.0
420,0.0
421,12793.627666666667
422,814.319425
423,0.0
424,0.0
425,0.0
426,4557.9335108
427,7269.441212
428,2460.5386832
429,0.0
430,0.0
431,0.0
432,0.0
433,0.0
434,0.0
435,0.0
436,0.0
437,0.0
438,0.0
439,0.0
440,0.0
441,0.0
442,0.0
443,0.0
444,0.0
445,6405.328
446,0.0
447,0.0
448,0.0
449,21.94967733333333
450,3174.0
451,0.0
452,0.0
453,0.0
454,0.0
455,0.0
456,0.0
457,0.0
458,0.0
459,0.0
460,0.0
461,21.14271666666667
462,0.0
463,0.0
464,0.0
465,0.0
466,0.0
467,101904.18574999999
468,0.0
469,0.0
470,0.0
471,0.0
472,0.0
473,7468.303
474,0.0
475,0.0
476,0.0
477,0.0
478,0.0
479,0.0
480,0.0
481,5565.626033333334
482,0.0
483,340.19226000000003
484,0.0
485,0.0
486,0.0
487,0.0
488,0.0
489,0.0
490,8924.025
491,7989.805875
492,0.0
493,0.0
494,0.0
495,0.0
496,0.0
497,0.0
498,514.9811166666667
499,0.0
500,0.0
501,0.0
502,0.0
503,6547.272933333334
504,0.0
505,3271.3333333333335
506,7660.0
507,0.0
508,0.0
509,0.0
510,0.0
511,0.0
512,222.00533333333337
513,0.0
514,0.0
515,0.0
516,115.10638999999999
517,0.0
518,0.0
519,666.417325
520,376.3644475
521,0.0
522,0.0
523,2437.191033333333
524,0.0
525,0.0
526,0.0
527,0.0
528,0.0
529,1661.7719666666665
530,0.0
531,843.0
532,0.0
533,6555.0938
534,0.0
535,0.0
536,8850.0
537,0.0
538,16747.882333333335
539,0.0
540,0.0
541,5470.978466666667
542,0.0
543,35237.251449999996
544,14694.277250000003
545,1097.65644
546,411.28663325
547,1252.624
548,79.3786525
549,861.07026
550,0.0
551,387.93426666666664
552,2640.972175
553,0.0
554,0.0
555,0.0
556,0.0
557,469.674034
558,20412.920000000002
559,0.0
560,313.9959666666667
561,0.0
562,0.0
563,0.0
564,0.0
565,0.0
566,1113.2812299999998
567,561.36924
568,0.0
569,2482.9948249999998
570,0.0
571,0.0
572,300.69804666666664
573,0.0
574,0.0
575,3291.9315666666666
576,0.0
577,0.0
578,0.0
579,2641.45675
580,0.642910075
581,5557.6167
582,0.0
583,0.0
584,0.0
585,0.0
586,0.0
587,0.0
588,0.0
589,0.0
590,0.0
591,4535.690486666666
592,0.0
593,0.0
594,85.4400775
595,0.0
596,809.6536500000001
597,0.0
598,0.0
599,0.0
600,31238.30425
601,0.0
602,1066.0260486666668
603,0.0
604,0.0
605,774.06175
606,0.0
607,104.65212333333334
608,0.0
609,0.0
610,0.0
611,0.0
612,8360.117675000001
613,0.0
614,0.0
615,0.0
616,0.0
617,0.0
618,0.0
619,0.0
620,417.2065
621,1053.403575
622,0.0
623,0.0
624,0.0
625,0.0
626,117.32551333333333
627,0.0
628,0.0
629,0.0
630,0.0
631,0.0
632,7503.8601333333345
633,0.0
634,0.0
635,0.0
636,11528.650666666668
637,0.0
638,7447.5465
639,0.0
640,5814.0590999999995
641,2476.822925
642,3232.42355
643,1945.8738250000001
644,0.0
645,0.0
646,146.18565
647,0.0
648,0.0
649,3037.652666666667
650,0.0
651,0.0
652,0.0
653,0.0
654,0.0
655,0.0
656,0.0
657,0.0
658,60.628012666666656
659,3271.3333333333335
660,96.51469
661,0.0
662,0.0
663,0.0
664,9567.994999999999
665,0.0
666,0.0
667,0.0
668,0.0
669,0.0
670,463.4270933333334
671,8857.6975
672,159.22260640000002
673,3529.1149666666665
674,7189.647199999999
675,0.0
676,0.0
677,0.0
678,1456.60955
679,1430.435
680,0.0
681,0.0
682,0.0
683,0.0
684,114.46947333333333
685,0.0
686,17638.873666666666
687,1288.4116533333333
688,0.0
689,0.0
690,0.0
691,4013.2676999999994
692,0.0
693,0.0
694,0.0
695,0.0
696,0.0
697,11040.0
698,0.0
699,0.0
700,0.0
701,4727.304433333334
702,3603.1947333333333
703,0.0
704,5353.4646
705,0.0
706,0.0
707,27623.664666666667
708,0.0
709,0.0
710,1621.3260320000002
711,171.03585999999999
712,0.0
713,81.92531333333334
714,0.0
715,0.0
716,0.0
717,0.0
718,0.0
719,0.0
720,0.0
721,0.0
722,7751.0823809
723,10550.608666666667
724,3362.1068666666665
725,0.0
726,0.0
727,0.0
728,4779.3189
729,0.0
730,3427.069266666667
731,0.0
732,6926.815
733,2684.3072666666662
734,0.0
735,0.0
736,0.0
737,3355.9476
738,15103.007
739,0.0
740,0.0
741,0.0
742,147.54521333333332
743,0.0
744,2636.2784
745,4328.990733333333
746,0.0
747,0.0
748,0.0
749,4420.684288333333
750,3189.845425
751,0.0
752,0.0
753,6913.5610750000005
754,969.26248
755,2652.7359333333334
756,0.0
757,2590.4230749999997
758,0.0
759,8585.759
760,14.15591
761,0.0
762,0.0
763,0.0
764,0.0
765,1822.7615799999999
766,0.0
767,0.0
768,28720.658574999998
769,0.0
770,8749.333333333334
771,0.0
772,0.0
773,0.0
774,584.7088399999999
775,0.0
776,0.0
777,0.0
778,0.0
779,59.417790000000004
780,7067.735933333333
781,0.0
782,234.33180666666667
783,0.0
784,0.0
785,2053.207875
786,415.73157000000003
787,0.0
788,2675.7562
789,0.0
790,0.0
791,0.0
792,0.0
793,3682.9876333333336
794,0.0
795,0.0
796,0.0
797,0.0
798,0.0
799,154.77414533333334
800,0.0
801,0.0
802,0.0
803,0.0
804,0.0
805,0.0
806,10361.43725
807,0.0
808,265.46964
809,43.624692
810,0.0
811,0.0
812,0.0
813,200.1766125
814,0.0
815,0.0
816,0.0
817,0.0
818,0.0
819,0.0
820,0.0
821,473.6997757500001
822,0.0
823,0.0
824,0.0
825,13818.81725
826,0.0
827,0.0
828,0.0
829,0.0
830,0.0
831,0.0
832,1673.6454
833,25903.484500000002
834,0.0
835,0.0
836,0.0
837,0.0
838,0.0
839,2627.380857
840,0.0
841,0.0
842,4527.866825
843,0.0
844,0.0
845,221.59925400000003
846,0.0
847,3315.482566666667
848,0.0
849,1192.7079333333334
850,49.32158174999999
851,0.0
852,0.0
853,3271.3333333333335
854,137.52686
855,0.0
856,0.0
857,8865.2775
858,0.0
859,0.0
860,1829.8492999999999
861,55.541022
862,0.0
863,0.0
864,0.0
865,93224.60333333333
866,0.0
867,3375.2662
868,0.0
869,0.0
870,0.0
871,2024.13191
872,0.0
873,0.0
874,73.44751666666666
875,5107.793433333333
876,0.0
877,0.0
878,132.4709366666667
879,0.0
880,0.0
881,6538.666666666667
882,0.0
883,0.0
884,11563.449999999999
885,0.0
886,0.0
887,0.0
888,1732.57508
889,0.0
890,2883.5189250000003
891,8780.5466
892,0.0
893,0.0
894,0.0
895,0.0
896,222.66905
897,12518.402999999998
898,0.0
899,0.0
900,2213.3333333333335
901,2887.660425
902,0.0
903,0.0
904,0.0
905,0.0
906,957.975596
907,2680.7004399999996
908,0.0
909,0.0
910,2679.7507
911,0.0
912,0.0
913,0.0
914,0.0
915,207.38266666666667
916,0.0
917,0.0
918,0.0
919,0.0
920,1341.0745
921,6354.7457
922,0.0
923,88189.85833333334
924,0.0
925,0.0
926,3271.3333333333335
927,0.0
928,0.0
929,0.0
930,2453.5
931,66.950135
932,0.0
933,0.0
934,0.0
935,7236.5254
936,0.0
937,1387.2567999999999
938,0.0
939,0.0
940,308.3003766666667
941,0.0
942,0.0
943,0.0
944,0.0
945,0.0
946,59.970903
947,0.0
948,0.0
949,2536.607175
950,0.0
951,0.0
952,0.0
953,0.0
954,27.4222985
955,0.0
956,0.0
957,0.0
958,1149.7940333333333
959,0.0
960,0.0
961,0.0
962,2190.9438600000003
963,1579.2598333333335
964,0.0
965,0.0
966,0.0
967,0.0
968,9.822904166666667
969,21.2791504
970,0.0
971,0.0
972,0.0
973,0.0
974,0.0
975,0.0
976,0.0
977,391.0910875
978,0.0
979,0.0
980,0.0
981,215.28605666666667
982,0.0
983,0.0
984,0.0
985,2.7870462000000003
986,0.0
987,0.0
988,0.0
989,0.0
990,0.0
991,0.0
992,2886.7872
993,0.0
994,0.0
995,10163.220333333335
996,0.0
997,0.0
998,3271.3333333333335
999,0.0
1000,0.0
1001,35.155391
1002,2453.5
1003,0.0
1004,8492.743422
1005,0.0
1006,0.0
1007,320.14844
1008,0.0
1009,0.0
1010,0.0
1011,0.0
1012,0.0
1013,0.0
1014,0.0
1015,102.86349333333332
1016,0.0
1017,0.0
1018,0.0
1019,0.0
1020,0.0
1021,779.1502849999999
1022,10111.236074999999
1023,0.0
1024,0.0
1025,0.0
1026,0.0
1027,2.0263565
1028,0.0
1029,2611.3176333333336
1030,0.0
1031,4717.070133333334
1032,100.3981
1033,0.0
1034,0.0
1035,7.78664725
1036,0.0
1037,0.0
1038,2088.33215
1039,0.0
1040,0.0
1041,0.0
1042,0.0
1043,0.0
1044,13158.449333333332
1045,4592.036366666666
1046,0.0
1047,4112.5
1048,0.0
1049,0.0
1050,2453.5
1051,0.0
1052,0.0
1053,396.83441666666664
1054,0.0
1055,0.0
1056,0.0
1057,0.0
1058,0.0
1059,21813.491175
1060,0.0
1061,3267.3796666666663
1062,0.0
1063,0.0
1064,0.0
1065,460.0171266666666
1066,0.0
1067,0.0
1068,0.0
1069,0.0
1070,0.0
1071,636.98955
1072,847.789441
1073,0.0
1074,3366.438
1075,0.0
1076,0.0
1077,230.7901433333333
1078,0.0
1079,69.78398866666667
1080,0.0
1081,0.0
1082,0.0
1083,3727.472566666667
1084,0.0
1085,5698.392766666667
1086,0.0
1087,0.0
1088,31449.65433333333
1089,0.0
1090,0.0
1091,0.0
1092,0.0
1093,0.0
1094,0.0
1095,0.0
1096,0.0
1097,0.0
1098,96.92279866666667
1099,2732.0
1100,0.0
1101,0.0
1102,13489.231500000002
1103,0.0
1104,3844.7965333333336
1105,1069.3566533333333
1106,0.0
1107,190.173725
1108,118.1615172
1109,12170.643
1110,8.031327099999999
1111,0.0
1112,0.0
1113,0.0
1114,0.0
1115,3271.3333333333335
1116,43.95792
1117,0.0
1118,0.0
1119,2623.287866666666
1120,0.0
1121,0.0
1122,0.0
1123,0.0
1124,0.0
1125,0.0
1126,0.0
1127,10891.022500000001
1128,0.0
1129,0.0
1130,0.0
1131,0.0
1132,7221.187566666667
1133,0.0
1134,4376.565333333333
1135,192.7948966666667
1136,2051.0
1137,0.0
1138,0.0
1139,0.0
1140,581.7007933333333
1141,0.0
1142,312.9993
1143,0.0
1144,1585.1052975
1145,3410.9552500000004
1146,0.0
1147,76.46757
1148,0.0
1149,0.0
1150,0.0
1151,1664.3077
1152,1671.8006114999998
1153,270.4416375
1154,0.0
1155,75.9502075
1156,11308.262578333333
1157,0.0
1158,1446.2092999999998
1159,0.0
1160,0.0
1161,15264.0
1162,0.0
1163,0.0
1164,0.0
1165,0.0
1166,0.0
1167,0.0
1168,0.0
1169,3.8796866666666667
1170,0.0
1171,1916.4885666666667
1172,3271.3333333333335
1173,0.0
1174,0.0
1175,0.0
1176,0.0
1177,278.83004
1178,4260.272233333333
1179,0.0
1180,4581.495
1181,0.0
1182,4734.248200000001
1183,5123.59315
1184,0.0
1185,0.0
1186,2213.3333333333335
1187,2213.3333333333335
1188,0.0
1189,0.0
1190,3435.3114666666665
1191,0.0
1192,81.57378
1193,0.0
1194,0.0
1195,0.0
1196,0.0
1197,0.0
1198,2.0
1199,0.0
1200,6538.666666666667
1201,0.0
1202,0.0
1203,0.0
1204,0.0
1205,0.0
1206,0.0
1207,1.0
1208,1.0
1209,1.0
1210,1.0
1211,0.0
1212,0.0
1213,0.0
1214,0.0
1215,0.0
1216,875.7345333333333
1217,5711.584726666667
1218,8200.346466666668
1219,0.0
1220,0.0
1221,0.0
1222,0.0
1223,0.0
1224,0.0
1225,0.0
1226,0.0
1227,0.0
1228,0.0
1229,0.0
1230,0.0
1231,0.0
1232,0.0
1233,0.0
1234,3965.8783333333336
1235,0.0
1236,16302.544750000001
1237,0.0
1238,51.858418
1239,3504.5959333333335
1240,0.0
1241,0.0
1242,0.0
1243,0.0
1244,0.0
1245,0.0
1246,0.0
1247,578.79865
1248,7.628285333333333
1249,0.0
1250,0.0
1251,5096.0576
1252,833.9801
1253,0.0
1254,0.0
1255,3271.3333333333335
1256,0.0
1257,0.0
1258,0.0
1259,6867.900584
1260,0.0
1261,0.0
1262,0.0
1263,0.0
1264,0.0
1265,1194.4932999999999
1266,2453.5
1267,0.0
1268,0.0
1269,893.6506425
1270,0.0
1271,4657.717866666667
1272,0.0
1273,0.0
1274,0.0
1275,0.0
1276,0.0
1277,0.0
1278,12.0
1279,8.0
1280,0.0
1281,14.0
1282,0.0
1283,0.0
1284,0.0
1285,0.0
1286,0.0
1287,0.0
1288,33.269779666666665
1289,0.0
1290,3677.0419500000003
1291,3562.5616666666665
1292,0.0
1293,0.0
1294,786.5845833333333
1295,0.0
1296,8928.4445
1297,1025.5
1298,0.0
1299,0.0
1300,0.0
1301,8876.999666666665
1302,0.0
1303,0.0
1304,700.2005833333333
1305,30506.89533333333
1306,1392.5769666666667
1307,949.3643333333333
1308,13843.229333333335
1309,281.9893833333333
1310,187.41664666666665
1311,3109.208
1312,2826.3584666666666
1313,0.0
1314,0.0
1315,0.0
1316,8544.377999999999
1317,0.0
1318,0.0
1319,0.0
1320,0.0
1321,11110.130333333334
1322,0.0
1323,0.0
1324,12023.696660000001
1325,0.0
1326,7625.204433333333
1327,27213.479666666666
1328,18.900675666666668
1329,6422.487400000001
1330,21514.857
1331,6372.409333333333
1332,8379.345185
1333,1720.4421499999999
1334,833.4613231999999
1335,2544.84415
1336,0.0
1337,23.234827666666664
1338,5200.214525
1339,5915.095733333333
1340,33659.78049999999
1341,20174.99935
1342,1191.8689666666667
1343,1040.1525875000002
1344,935.98249
1345,25009.36566666667
1346,30384.716333333334
1347,4426.0
1348,13173.703999999998
1349,0.0
1350,0.0
1351,5388.27455
1352,0.0
1353,4858.32691
1354,0.0
1355,3635.543145
1356,969.6372833333334
1357,3702.9939999999997
1358,6186.54
1359,4132.5698999999995
1360,2573.0277
1361,161.89836333333332
1362,395.1945533333333
1363,0.0
1364,145.32303666666667
1365,423.642195
1366,4427.1034666666665
1367,29162.671923999995
1368,1819.8210100000001
1369,20.414196666666665
1370,0.0
1371,1668.9374
1372,13601.5965
1373,0.0
1374,0.0
1375,0.0
1376,90294.875586
1377,0.0
1378,0.0
1379,4149.15105
1380,0.0
1381,0.0
1382,96.79666999999999
1383,0.0
1384,6647.290499999999
1385,0.0
1386,13255.5695
1387,561.92318
1388,160.02966320000002
1389,3271.3333333333335
1390,19565.465333333334
1391,0.0
1392,3295.507
1393,68.4766775
1394,140482.72
1395,74412.056
1396,42840.05533333333
1397,27507.05
1398,0.0
1399,43037.291333333334
1400,19352.761824999998
1401,249.07021333333333
1402,0.0
1403,452.46268333333336
1404,0.0
1405,0.0
1406,9953.988666666666
1407,11831.355666666668
1408,470.6022333333333
1409,3633.9598674999997
1410,91430.73800000001
1411,9857.8148
1412,69045.19433333333
1413,4979.682525
1414,0.0
1415,0.0
1416,14138.769750999996
1417,1196.3229
1418,664.5675
1419,436.51774
1420,4177.603233333333
1421,4242.9322
1422,0.0
1423,19728.353791749996
1424,265.09066666666666
1425,11209.514467500001
1426,0.0
1427,3831.3195399999995
1428,13321.795
1429,0.0
1430,0.0
1431,10521.1075
1432,6597.417675000001
1433,0.0
1434,3271.3333333333335
1435,2453.5
1436,11224.051333333331
1437,128.339972
1438,0.0
1439,1172.0647925
1440,1839.1227999999999
1441,1446.412475
1442,0.0
1443,3580.3988666666664
1444,25308.417247999998
1445,3321.408133333333
1446,1109.3254675
1447,31.064616666666666
1448,0.0
1449,10820.389666666668
1450,12999.994333333334
1451,613.25606
1452,0.0
1453,0.0
1454,7863.423725
1455,5704.129000000001
1456,47.061479500000004
1457,19745.649666666664
1458,9806.0
1459,4317.632932999999
1460,717.3307500000001
1461,8234.379350625
1462,200.32890333333333
1463,2705.4351
1464,18983.048000000003
1465,477.03964675
1466,3455.4505750000003
1467,1368.596375
1468,0.0
1469,6968.674333333333
1470,2481.49365
1471,2997.7315999999996
1472,33614.57812499999
1473,2316.156675
1474,17853.792166666666
1475,8337.789323500001
1476,1523.3762
1477,21452.099200000004
1478,0.0
1479,0.0
1480,62005.30766666667
1481,0.0
1482,0.0
1483,2167.890925
1484,141.8229266666667
1485,3783.4296
1486,5810.592425000001
1487,0.0
1488,362.31949025
1489,575.8725000000001
1490,1423.20801
1491,19.65029
1492,975.3659574999999
1493,0.0
1494,0.0
1495,6394.465333333334
1496,0.0
1497,362.5463466666667
1498,9.687447666666666
1499,52552.541333333334
1500,0.0
1501,4160.5891
1502,721.150785
1503,1171.7997666666665
1504,750.5462279999999
1505,0.0
1506,0.0
1507,21047.687333333335
1508,234.905895
1509,15169.744999999999
1510,28873.713999999996
1511,0.0
1512,13948.20375
1513,4263.804275
1514,2600.051766666667
1515,0.0
1516,4984.244166666667
1517,159.6664
1518,0.0
1519,71.3997694
1520,0.0
1521,1948.8480666666667
1522,0.0
1523,0.0
1524,0.0
1525,54227.102775
1526,6847.989566666666
1527,0.0
1528,0.0
1529,2034.816125
1530,2851.9625333333333
1531,0.0
1532,68999.81666666667
1533,20896.59
1534,119.88620333333334
1535,3.0803890000000003
1536,26917.656666666666
1537,0.0
1538,0.0
1539,0.0
1540,111.85687666666665
1541,57.081862666666666
1542,11559.263
1543,23204.694
1544,2622.8068
1545,0.0
1546,0.0
1547,0.0
1548,0.0
1549,158723.81000000003
1550,3502.813733333334
1551,0.0
1552,0.0
1553,5493.238700000001
1554,0.0
1555,0.0
1556,3478.8086999999996
1557,7773.490625
1558,0.0
1559,9645.629666666666
1560,6638.0
1561,0.0
1562,0.0
1563,5716.911666666667
1564,2923.477226
1565,601.6916833333333
1566,0.0
1567,0.0
1568,0.0
1569,2925.804925
1570,89125.10333333333
1571,7174.6938
1572,0.0
1573,483.4956866666667
1574,0.0
1575,11797.299699999998
1576,1836.514025
1577,0.0
1578,0.0
1579,1359.2757
1580,1765.0524333333335
1581,0.0
1582,231.2540966
1583,0.0
1584,0.0
1585,129.91984000000002
1586,0.0
1587,8925.811875
1588,0.0
1589,13719.524249999999
1590,535.7763566666666
1591,0.0
1592,8381.835149999999
1593,7130.286865
1594,0.0
1595,41109.39132333334
1596,4142.779833333333
1597,0.0
1598,20.280120333333333
1599,14.493761500000002
1600,1252.6685066666666
1601,870.1411533333334
1602,0.0
1603,24.4448615
1604,10316.596450000001
1605,16473.060375
1606,6815.850733333333
1607,24.068302799999998
1608,3079.613325
1609,16932.505
1610,37957.558666666664
1611,40340.16166666666
1612,0.0
1613,0.0
1614,0.0
1615,1675.9866233333335
1616,24391.070333333333
1617,6746.507133333333
1618,5092.3192
1619,8609.048634000002
1620,9179.9795
1621,146716.52049999998
1622,19909.621
1623,0.0
1624,0.0
1625,282.6635866666667
1626,2476.4356285
1627,9685.764833333335
1628,7686.1951
1629,6264.797066666666
1630,10725.186
1631,0.0
1632,3324.535933333334
1633,0.0
1634,0.0
1635,464.91250249999996
1636,26.742715000000004
1637,529.40204
1638,0.0
1639,6576.131566666667
1640,0.0
1641,2277.459033333333
1642,0.0
1643,1333.2
1644,3147.1917000000003
1645,0.0
1646,0.0
1647,0.0
1648,0.0
1649,3261.9478016
1650,2193.170706833333
1651,0.0
1652,0.0
1653,0.0
1654,2587.0876999999996
1655,0.0
1656,0.0
1657,0.0
1658,0.0
1659,2137.9033999999997
1660,0.0
1661,0.0
1662,0.0
1663,0.0
1664,577.6094099999999
1665,7420.5057799999995
1666,94.75533333333334
1667,5617.088866666666
1668,6637.781441
1669,15537.727666666666
1670,8655.62709
1671,11043.461480000002
1672,8051.5361649999995
1673,55194.49966666666
1674,802.64954
1675,836.3373
1676,8110.323333333334
1677,37500.016
1678,2883.7566025
1679,8478.2108575
1680,0.0
1681,12007.333333333334
1682,25914.63266666667
1683,3263.283575
1684,5080.349566666667
1685,24161.59225
1686,0.0
1687,13028.029895
1688,38341.80933333333
1689,0.0
1690,11.60109
1691,2387.644
1692,39.486678000000005
1693,5830.630125
1694,929.4468666666667
1695,3996.1824
1696,264.21197333333333
1697,1425.021225
1698,9808.0
1699,41605.416
1700,2521.6189
1701,8014.976166666667
1702,760.4221333333334
1703,4849.359225
1704,3875.03912
1705,18930.942666666666
1706,2120.53408
1707,1697.8864406285713
1708,15068.351
1709,1066.7944205000001
1710,16729.353
1711,23949.679
1712,24702.648666666664
1713,0.0
1714,7952.964486
1715,8848.257356
1716,18552.31125
1717,4364.8535999999995
1718,3250.0371666666665
1719,7175.474566666667
1720,36.977172
1721,3873.975533333333
1722,7355.967
1723,29901.43825
1724,0.0
1725,767.854837225
1726,9455.3812
1727,7043.296066666667
1728,31.689766666666667
1729,14164.67506
1730,279.09000149999997
1731,10131.17285
1732,0.0
1733,4719.743925
1734,622.7282475
1735,10016.122333333335
1736,3020.8837932000006
1737,435.96506710000006
1738,58.900219666666665
1739,1979.6991333333333
1740,3279.5771572500003
1741,38551.927475000004
1742,9349.781466666665
1743,7162.058133333333
1744,2376.687966666667
1745,381.55453
1746,99.473255
1747,3677.8546666666666
1748,5943.874533333333
1749,17296.84025
1750,109.40412
1751,2113.951466666667
1752,9721.312666666665
1753,3271.3333333333335
1754,0.0
1755,6033.122233333333
1756,6638.8544999999995
1757,0.0
1758,0.0
1759,0.0
1760,3451.7802666666666
1761,1838.9863166666667
1762,9808.0
1763,0.0
1764,684.91056
1765,2.5947461
1766,28.363585000000004
1767,0.0
1768,0.0
1769,584.6063733333334
1770,1824.3953333333332
1771,446.6103825
1772,89.94655499999999
1773,894.9618399999999
1774,143.90031
1775,1364.9076666666667
1776,0.0
1777,3020.5059333333334
1778,14.354676166666664
1779,14.533657
1780,4296.157566666668
1781,6895.262333333333
1782,23.301178333333336
1783,8.606385233333333
1784,0.0
1785,2852.8357
1786,0.0
1787,68.90926666666667
1788,18.40858
1789,0.0
1790,169.2135933333333
1791,75.00172500000001
1792,0.0
1793,3936.525
1794,0.0
1795,699.81216
1796,0.0
1797,0.0
1798,0.0
1799,4919.754325
1800,0.0
1801,0.0
1802,79.7272
1803,0.0
1804,91.2045
1805,3825.1503666666663
1806,6797.447749999999
1807,92.6698775
1808,7235.918666666667
1809,489.4694075714286
1810,652.6472166666666
1811,1323.501025
1812,0.0
1813,0.0
1814,6632.0
1815,14.15591
1816,1538.7708333333333
1817,681.1912649999999
1818,0.0
1819,4261.637833333333
1820,0.0
1821,0.0
1822,12151.959
1823,2453.5
1824,0.0
1825,261.94114333333334
1826,24.173605
1827,4206.74625
1828,1339.0182000000002
1829,20.703949
1830,2851.231433333333
1831,7278.937466666666
1832,0.0
1833,0.0
1834,2227.951225
1835,0.0
1836,0.0
1837,0.0
1838,45.779680000000006
1839,311.08826
1840,3.3691999999999998
1841,0.0
1842,8532.618333333334
1843,5701.2570000000005
1844,610.8929633333333
1845,2977.3140000000003
1846,4741.42194
1847,559.6276425
1848,0.0
1849,58.87981
1850,65.9606925
1851,2543.4680605
1852,301.561065
1853,281.1362466666667
1854,0.0
1855,9971.864599999999
1856,0.0
1857,4388.271275
1858,3311.699133333333
1859,478.6367433333333
1860,0.0
1861,955.976125
1862,14066.125999999998
1863,766.57805
1864,0.0
1865,0.0
1866,15.973641666666666
1867,41.45930166666667
1868,32.350568333333335
1869,85.026798
1870,0.0
1871,457.61446
1872,0.0
1873,1184.5365
1874,0.0
1875,0.0
1876,1047.5771333333332
1877,4698.498175
1878,0.0
1879,1685.0
1880,11244.164333333334
1881,0.0
1882,850.486406
1883,90.9750675
1884,0.0
1885,0.0
1886,0.0
1887,0.0
1888,0.0
1889,0.0
1890,0.0
1891,274.56062333333335
1892,4210.817466666667
1893,0.0
1894,0.0
1895,0.0
1896,1124.6666666666667
1897,10891.173333333332
1898,1200.6561666666666
1899,0.0
1900,0.0
1901,465.07054250000004
1902,0.0
1903,0.0
1904,6919.799800000001
1905,0.0
1906,2751.818275
1907,162.78837749999997
1908,0.0
1909,259.47984333333335
1910,169.39328333333336
1911,190.9789466666667
1912,1292.22528
1913,0.0
1914,337.1271133333334
1915,0.0
1916,10.0060685
1917,0.0
1918,3271.3333333333335
1919,0.0
1920,0.0
1921,0.0
1922,0.0
1923,0.0
1924,0.0
1925,0.0
1926,127.190855
1927,0.0
1928,0.0
1929,0.0
1930,0.0
1931,0.0
1932,1067.2918240000001
1933,0.0
1934,0.0
1935,940.05375
1936,6678.874451199999
1937,2780.4223
1938,0.0
1939,1002.864225
1940,0.0
1941,6394.40375
1942,0.0
1943,0.0
1944,4905.5
1945,0.0
1946,0.0
1947,0.0
1948,157.78133000000003
1949,0.0
1950,0.0
1951,0.0
1952,5010.9316
1953,0.0
1954,3295.736733333333
1955,3271.3333333333335
1956,0.0
1957,0.0
1958,217.49238333333332
1959,0.0
1960,0.0
1961,16581.050999999996
1962,0.0
1963,3271.3333333333335
1964,4194.194956
1965,0.0
1966,1006.6184
1967,0.0
1968,1548.9146666666668
1969,3271.3333333333335
1970,11500.074666666667
1971,3285.4683666666665
1972,9192.795166666665
1973,0.0
1974,159.3992675
1975,1974.513625
1976,768.5426533333334
1977,0.0
1978,6785.508533333334
1979,0.0
1980,0.0
1981,1155.4652866666665
1982,0.0
1983,282.46798
1984,0.0
1985,0.0
1986,97.69798600000001
1987,24.296802666666668
1988,10095.278
1989,0.0
1990,59.288063666666666
1991,5.452203366666667
1992,175.40042000000003
1993,0.0
1994,0.0
1995,4060.4814
1996,65.56088466666667
1997,0.0
1998,0.0
1999,3271.3333333333335
2000,0.0
2001,0.0
2002,0.0
2003,3896.1557749999997
2004,0.0
2005,144.21245
2006,0.0
2007,0.0
2008,274.2684025
2009,5007.1915
2010,520.776665
2011,7034.784250000001
2012,0.0
2013,0.0
2014,2711.9786599999998
2015,0.0
2016,0.0
2017,0.0
2018,0.0
2019,0.0
2020,0.0
2021,21974.964666666667
2022,0.0
2023,379.6892325
2024,26.173805333333334
2025,3271.3333333333335
2026,2792.927275
2027,301.14821333333333
2028,25.72104366666667
2029,0.0
2030,0.0
2031,0.0
2032,5.131092
2033,0.0
2034,0.0
2035,0.0
2036,0.0
2037,0.0
2038,471.26857333333334
2039,4070.913325
2040,9190.46875
2041,0.0
2042,0.0
2043,465.242125
2044,5904.177866666666
2045,149.07082666666668
2046,0.0
2047,0.0
2048,3209.875
2049,0.0
2050,0.0
2051,5152.0
2052,0.0
2053,0.0
2054,0.0
2055,8508.0685
2056,0.0
2057,693.8617333333333
2058,0.0
2059,57.46952
2060,5527.35405
2061,4487.872249999999
2062,0.0
2063,4494.3508249999995
2064,1228.6958375
2065,0.0
2066,0.0
2067,3823.1389999999997
2068,0.0
2069,1182.7442
2070,1963.3041
2071,602.5069125
2072,0.0
2073,1127.60324
2074,0.0
2075,9.710023666666666
2076,403.6178466666667
2077,0.0
2078,88.91542749999999
2079,4080.1953
2080,587.27795
2081,143.32393
2082,0.0
2083,0.0
2084,617.98659
2085,0.0
2086,0.0
2087,37.33020066666666
2088,0.0
2089,196.39271
2090,486.9259025
2091,0.0
2092,0.0
2093,0.0
2094,0.0
2095,0.0
2096,7347.5724
2097,132.66359333333332
2098,0.0
2099,45.35303666666666
2100,0.0
2101,0.0
2102,0.0
2103,0.0
2104,0.0
2105,0.0
2106,0.0
2107,0.0
2108,225.95903749999997
2109,0.0
2110,0.0
2111,0.0
2112,0.0
2113,0.0
2114,0.0
2115,0.0
2116,0.0
2117,0.0
2118,0.0
2119,3271.3333333333335
2120,0.0
2121,0.0
2122,0.0
2123,0.0
2124,0.0
2125,0.0
2126,0.0
2127,0.0
2128,0.0
2129,0.0
2130,0.0
2131,0.0
2132,0.0
2133,0.0
2134,0.0
2135,0.0
2136,0.0
2137,0.0
2138,0.0
2139,0.0
2140,0.0
2141,0.0
2142,0.0
2143,0.0
2144,8274.459
2145,0.0
2146,0.0
2147,0.0
2148,0.0
2149,0.0
2150,0.0
2151,0.0
2152,0.0
2153,0.0
2154,0.0
2155,0.0
2156,0.0
2157,0.0
2158,0.0
2159,315.12338666666665
2160,0.0
2161,0.0
2162,0.0
2163,3577.5246999999995
2164,337.0
2165,337.0
2166,0.0
2167,5083.2627
2168,4711.122575
2169,0.0
2170,0.0
2171,0.0
2172,17332.236
2173,0.0
2174,0.0
2175,0.0
2176,0.0
2177,245382.54
2178,0.0
2179,0.0
2180,0.0
2181,0.0
2182,0.0
2183,0.0
2184,0.0
2185,0.0
2186,0.0
2187,0.0
2188,0.0
2189,0.0
2190,617.1332600000001
2191,0.0
2192,0.0
2193,3137.7544
2194,839.3424799999999
2195,0.0
2196,0.0
2197,58219.244999999995
2198,0.0
2199,0.0
2200,0.0
2201,0.0
2202,0.0
2203,0.0
2204,0.0
2205,0.0
2206,1141.7438459999998
2207,0.0
2208,0.0
2209,0.0
2210,0.0
2211,783.0735925
2212,0.0
2213,0.0
2214,0.0
2215,0.0
2216,0.0
2217,0.0
2218,0.0
2219,0.0
2220,19851.8899454
2221,6540.666666666667
2222,22851.333333333332
2223,56.37032833333333
2224,0.0
2225,0.0
2226,0.0
2227,0.0
2228,0.0
2229,0.0
2230,0.0
2231,0.0
2232,0.0
2233,0.0
2234,0.0
2235,19765.285666666667
2236,0.0
2237,0.0
2238,0.0
2239,21166.69625
2240,0.0
2241,0.0
2242,0.0
2243,7216.448800000001
2244,0.0
2245,63669.329000000005
2246,28876.682666666664
2247,0.0
2248,9959.854552
2249,5356.794024999999
2250,0.0
2251,251.23821999999998
2252,0.0
2253,1221.6064
2254,51.11956566666667
2255,0.0
2256,0.0
2257,93.20714275
2258,0.0
2259,602.6247533333334
2260,2636.0
2261,0.0
2262,0.0
2263,0.0
2264,0.0
2265,0.0
2266,0.0
2267,21027.799025
2268,5947.6167
2269,1215.1283
2270,659.7969166666667
2271,0.0
2272,0.0
2273,3271.3333333333335
2274,0.0
2275,0.0
2276,0.0
2277,6771.209524999999
2278,0.0
2279,0.0
2280,0.0
2281,30.892931
2282,9727.01251
2283,0.0
2284,0.0
2285,0.0
2286,0.0
2287,0.0
2288,0.0
2289,0.0
2290,0.0
2291,30.17998233333333
2292,245.82578
2293,2671.923335
2294,101.6037675
2295,2453.5
2296,0.0
2297,3567.5604
2298,0.0
2299,0.0
2300,0.0
2301,0.0
2302,0.0
2303,60.432875
2304,0.0
2305,0.0
2306,772.7646133333334
2307,6891.006333333334
2308,117.422685
2309,0.0
2310,0.0
2311,0.0
2312,0.0
2313,0.0
2314,0.0
2315,0.0
2316,0.0
2317,0.0
2318,3719.3422333333333
2319,0.0
2320,0.0
2321,2213.3333333333335
2322,0.0
2323,9.5
2324,0.0
2325,0.0
2326,0.0
2327,0.0
2328,6960.9121000000005
2329,27319.794333333335
2330,0.0
2331,0.0
2332,0.0
2333,0.0
2334,0.0
2335,0.0
2336,0.0
2337,0.0
2338,0.0
2339,0.0
2340,11036.430830000001
2341,2981.2365600000003
2342,0.0
2343,0.0
2344,0.0
2345,0.0
2346,0.0
2347,0.0
2348,0.0
2349,0.0
2350,0.0
2351,0.0
2352,968.735725
2353,0.0
2354,0.0
2355,0.0
2356,27146.853
2357,761.7284800000001
2358,0.0
2359,0.0
2360,0.0
2361,0.0
2362,0.0
2363,0.0
2364,0.0
2365,7771.183924999999
2366,0.0
2367,0.0
2368,0.0
2369,0.0
2370,0.0
2371,3309.974366666667
2372,0.0
2373,3823.6262666666667
2374,0.0
2375,0.0
2376,0.0
2377,715.4802433333333
2378,0.0
2379,3117.3520521399996
2380,0.0
2381,0.0
2382,0.0
2383,0.0
2384,0.0
2385,0.0
2386,0.0
2387,0.0
2388,0.0
2389,0.0
2390,2.0
2391,0.0
2392,0.0
2393,355.6457033333333
2394,0.0
2395,0.0
2396,0.0
2397,0.0
2398,0.0
2399,0.0
2400,0.0
2401,0.0
2402,0.0
2403,248.00633
2404,1322.587325
2405,0.0
2406,151.54597333333334
2407,0.0
2408,0.0
2409,0.0
2410,0.0
2411,0.0
2412,3004.8569625
2413,0.0
2414,0.0
2415,825.7685325
2416,0.0
2417,0.0
2418,0.0
2419,0.0
2420,0.0
2421,0.0
2422,0.0
2423,0.0
2424,0.0
2425,0.0
2426,0.0
2427,0.0
2428,42.81355233333333
2429,394.65118599999994
2430,0.0
2431,0.0
2432,0.0
2433,2453.5
2434,0.0
2435,0.0
2436,0.0
2437,0.0
2438,2397.6574
2439,2847.7347666666665
2440,20302.894333333334
2441,15948.993666666667
2442,0.0
2443,21805.153666666665
2444,0.0
2445,43072.58914
2446,0.0
2447,8644.184333333333
2448,0.0
2449,2791.3356666666664
2450,0.0
2451,0.0
2452,0.0
2453,0.0
2454,0.0
2455,0.0
2456,0.0
2457,0.0
2458,319.676265
2459,0.0
2460,1142.2040166666666
2461,4111.428466666667
2462,0.0
2463,0.0
2464,0.0
2465,0.0
2466,943.2363
2467,386.28431
2468,29.800205000000002
2469,0.0
2470,0.0
2471,0.0
2472,0.0
2473,809.79148
2474,0.0
2475,0.0
2476,229.49292333333332
2477,0.0
2478,0.0
2479,363.629715
2480,0.0
2481,10.384403333333333
2482,0.0
2483,0.0
2484,1066.1857103333334
2485,0.0
2486,0.0
2487,0.0
2488,0.0
2489,0.0
2490,0.0
2491,0.0
2492,0.0
2493,0.0
2494,0.0
2495,0.0
2496,43.09693000000001
2497,0.0
2498,0.0
2499,9357.194833333333
2500,6146.414833333333
2501,21.849863566666667
2502,2796.9341666666674
2503,0.0
2504,0.0
2505,0.0
2506,3.397652466666667
2507,0.0
2508,0.0
2509,0.0
2510,2.0
2511,0.0
2512,0.0
2513,0.0
2514,0.0
2515,0.0
2516,0.0
2517,3278.8788
2518,0.0
2519,0.0
2520,0.0
2521,0.0
2522,3277.67295
2523,0.0
2524,0.0
2525,0.0
2526,0.0
2527,0.0
2528,0.0
2529,240.31770666666668
2530,0.0
2531,4162.031433333334
2532,0.0
2533,0.0
2534,0.0
2535,0.0
2536,0.0
2537,0.0
2538,0.0
2539,0.0
2540,0.0
2541,0.0
2542,0.0
2543,0.0
2544,0.0
2545,0.0
2546,0.0
2547,0.0
2548,0.0
2549,0.0
2550,0.0
2551,0.0
2552,4720.2458
2553,0.0
2554,0.0
2555,0.0
2556,0.0
2557,0.0
2558,0.0
2559,0.0
2560,0.0
2561,0.0
2562,0.0
2563,0.0
2564,0.0
2565,0.0
2566,25.51640175
2567,0.0
2568,13232.0075
2569,3271.3333333333335
2570,0.0
2571,0.0
2572,0.0
2573,0.0
2574,0.0
2575,0.0
2576,0.0
2577,0.0
2578,2399.6677799999998
2579,0.0
2580,0.75
2581,16369.183666666664
2582,0.0
2583,0.0
2584,4910.423466666667
2585,0.0
2586,0.0
2587,0.0
2588,0.0
2589,87.696145
2590,0.0
2591,0.0
2592,3363.24975
2593,131.11955433333333
2594,0.0
2595,0.0
2596,0.0
2597,0.0
2598,0.0
2599,0.0
2600,0.0
2601,0.0
2602,0.0
2603,426.53755
2604,5505.791033333334
2605,0.0
2606,4513.09852
2607,0.0
2608,0.0
2609,8610.664499999999
2610,0.0
2611,0.0
2612,0.0
2613,0.0
2614,419.89947499999994
2615,0.0
2616,0.0
2617,13093.604674999999
2618,0.0
2619,0.0
2620,0.0
2621,1015.56732
2622,0.0
2623,0.0
2624,0.0
2625,419.21053333333333
2626,20.24507
2627,0.0
2628,0.0
2629,0.0
2630,0.0
2631,0.0
2632,0.0
2633,0.0
2634,1858.1872666666668
2635,9178.836666666668
2636,0.0
2637,0.0
2638,0.0
2639,0.0
2640,0.0
2641,7775.752433333334
2642,0.0
2643,0.0
2644,0.0
2645,0.0
2646,0.0
2647,0.0
2648,2.1596125
2649,112908.7378
2650,0.0
2651,0.0
2652,0.0
2653,0.0
2654,0.0
2655,0.0
2656,0.0
2657,0.0
2658,0.0
2659,0.0
2660,21928.846333333335
2661,0.0
2662,0.0
2663,0.0
2664,134.130418
2665,0.0
2666,0.0
2667,0.0
2668,0.0
2669,0.0
2670,0.0
2671,0.0
2672,0.0
2673,0.0
2674,22.54478933333333
2675,55.95269266666667
2676,0.0
2677,0.0
2678,0.0
2679,0.0
2680,0.0
2681,0.0
2682,0.0
2683,12946.32
2684,5629.545300000001
2685,18836.51975
2686,4705.727266666668
2687,0.0
2688,9172.770333333334
2689,3563.1849333333334
2690,0.0
2691,0.0
2692,0.0
2693,2597.6075499999997
2694,6797.574333333333
2695,164.46515
2696,435.94513333333333
2697,0.0
2698,0.0
2699,0.0
2700,0.0
2701,155.02640799999998
2702,0.0
2703,0.0
2704,9.1809615
2705,2933.2716800000003
2706,0.0
2707,0.0
2708,1840.3321333333333
2709,0.0
2710,0.0
2711,0.0
2712,0.0
2713,406.9876
2714,0.0
2715,0.0
2716,0.0
2717,0.0
2718,0.0
2719,0.0
2720,667.5301919999999
2721,0.0
2722,0.0
2723,0.0
2724,0.0
2725,9908.140666666668
2726,0.0
