,B8N
0,0.0
1,0.0
2,0.0
3,0.0
4,0.0
5,0.0
6,0.0
7,0.0
8,0.0
9,1100.7590796250001
10,0.0
11,429.6088066666667
12,0.0
13,3528.0118200000006
14,7059.003614285715
15,0.0
16,17769.860300000004
17,6349.512000000001
18,367.92210833333337
19,0.0
20,996.4575137500001
21,9845.901666666667
22,2552.0485
23,8365.039525
24,5040.357514285714
25,6543.372825
26,0.0
27,0.0
28,4238.731938571429
29,0.0
30,631.8444499999999
31,56.809208749999996
32,952.7756985714285
33,2408.3383750000003
34,0.0
35,1685.3306285714286
36,23487.767775
37,0.0
38,0.0
39,2603.9886543749994
40,4398.83375
41,2378.4997999999996
42,0.0
43,2991.2216120000003
44,36342.478375
45,0.0
46,9033.9428125
47,0.0
48,31828.230687499996
49,0.0
50,0.0
51,0.0
52,6623.1993999999995
53,0.0
54,4303.87437075
55,0.0
56,1477.142857142857
57,6986.485825
58,0.0
59,0.0
60,0.0
61,0.0
62,5359.769471428571
63,0.0
64,0.0
65,4656.022666666667
66,0.0
67,0.0
68,5952.711385714285
69,14058.362393750002
70,20882.173533333334
71,143.71876666666665
72,48550.505333333334
73,16059.663999999999
74,4696.969168749999
75,294.647875
76,57717.762500000004
77,8806.0336375
78,5692.9450375
79,8600.5042
80,688.8446875000001
81,0.0
82,2722.092125
83,0.0
84,0.0
85,8052.555571428571
86,0.0
87,0.0
88,0.0
89,913.5353988333333
90,6234.0
91,0.0
92,309.5555
93,11712.811
94,676.1972442857143
95,0.0
96,0.0
97,355090.472
98,5173.621657142858
99,6508.22695
100,0.0
101,0.0
102,106.26423
103,130.517845
104,31430.894212499996
105,842.256485
106,0.0
107,0.0
108,0.0
109,2580.397728
110,554.0083500000001
111,14088.0872
112,63.554103999999995
113,9453.2980375
114,168330.20825000003
115,0.0
116,0.0
117,49852.611999999994
118,0.0
119,6174.1542
120,0.0
121,0.0
122,9727.5655
123,1020.3184675000001
124,5918.4147
125,16844.690714285713
126,9250.665616666667
127,658.713
128,364.17456
129,0.0
130,0.0
131,0.0
132,7191.4795
133,587.601408
134,6896.2287
135,20063.424
136,32888.86932
137,1253.1950840000002
138,1724.1116428571427
139,0.0
140,0.0
141,10928.5778125
142,367.83173
143,1227.7236
144,7486.574266666667
145,0.0
146,940.409975
147,0.0
148,1205.4433114285714
149,0.0
150,5034.622475
151,793.44206
152,2462.9745125
153,118.845347
154,0.0
155,3598.4849
156,0.0
157,1407.2364166666666
158,1809.06156
159,78.04185833333334
160,0.0
161,26.197413666666666
162,105906.05500000001
163,412.64740857142857
164,7295.968354999999
165,10810.982150000002
166,110.03612
167,0.0
168,801.8891175000001
169,3957.9057250000005
170,5011.179757142857
171,0.0
172,0.0
173,0.0
174,104614.5125
175,0.0
176,0.0
177,3398.889875
178,2248.4172500000004
179,17176.7052875
180,9924.0900375
181,40848.074
182,6966.989121250001
183,0.0
184,0.0
185,0.0
186,0.0
187,316.23573799999997
188,753.0631916666666
189,0.0
190,0.0
191,0.0
192,0.0
193,0.0
194,4570.20165
195,0.0
196,0.0
197,0.0
198,2153.8836874999997
199,0.0
200,93953.64516666667
201,18851.05505
202,76828.603
203,374001.03875
204,248.1569
205,1618.3587625000002
206,3895.5366000000004
207,2401.574775
208,1105.1315325
209,10317.548333333334
210,0.0
211,0.0
212,6493.984650000001
213,0.0
214,10960.515016666666
215,0.0
216,885.1160033333332
217,6471.75435
218,0.0
219,0.0
220,1237.7177166666668
221,0.0
222,8348.014625
223,1182.7120057142859
224,0.0
225,6239.79418
226,0.0
227,0.0
228,0.0
229,0.0
230,68473.66073333334
231,0.0
232,2706.302133333333
233,5556.458171428571
234,0.0
235,14378.75765
236,7067.920550000001
237,20394.9185
238,0.0
239,48.06556666666666
240,1001.1648085714286
241,0.0
242,0.0
243,0.0
244,61880.401625
245,0.0
246,0.0
247,3800.5166
248,0.0
249,0.0
250,5024.0
251,0.0
252,13968.805333333336
253,522.91031
254,10432.345850000002
255,866.863461
256,356.68332499999997
257,19772.71
258,1821.21749075
259,0.0
260,5835.025379999999
261,20409.1982
262,0.0
263,0.0
264,0.0
265,369.08165833333334
266,3261.5363
267,0.0
268,3624.8326714285713
269,0.0
270,384.4436316666667
271,3431.56457
272,0.0
273,0.0
274,27926.167571428574
275,13916.672833333332
276,0.0
277,99071.5825
278,10549.9755875
279,11918.5266125
280,83816.84
281,0.0
282,13855.467142857142
283,0.0
284,13731.238833333331
285,0.0
286,9795.379666666666
287,0.0
288,0.0
289,0.0
290,0.0
291,247.405518175
292,0.0
293,45.596105
294,0.0
295,16459.598875
296,0.0
297,1803.9172982857144
298,13986.823499999999
299,192742.64750000002
300,1585.71540625
301,171.8949142857143
302,24370.039875
303,701.435232
304,406.93777833333326
305,9017.4181
306,0.0
307,22625.7098125
308,12365.0619375
309,6681.5696
310,1704.3166316666666
311,0.0
312,0.0
313,3289.5
314,3375.72585
315,14851.204249999999
316,2853.2254875
317,1479.2770942857144
318,0.0
319,0.0
320,0.0
321,23313.7067375
322,7412.749433333333
323,13208.414833333334
324,0.0
325,0.0
326,2464.0
327,105752.98260000002
328,748186.1814285713
329,0.0
330,0.0
331,0.0
332,0.0
333,652.149175
334,0.8
335,0.0
336,6025.11395
337,2887.2301712500002
338,18843.188000000002
339,0.0
340,457.91191749999996
341,0.0
342,19443.855924999996
343,598.73051
344,0.0
345,0.0
346,656.01979
347,2551.74935
348,0.0
349,3236.80517
350,970.1509285714285
351,0.0
352,1330.9031
353,3803.4708766666668
354,404.43465642857143
355,0.0
356,1178.3134999999997
357,15861.020674999998
358,0.0
359,11084.458225
360,100643.755
361,2238.7307
362,47004.207624999995
363,1690.4241624999997
364,179663.31199999998
365,1715.2651625
366,2638.45728
367,981.474095
368,0.0
369,13974.190166666667
370,3750.1851020000004
371,0.0
372,0.0
373,3096.2533875
374,0.0
375,0.0
376,0.0
377,0.0
378,27.861875
379,50354.457375
380,0.0
381,0.0
382,0.0
383,16224.095333333333
384,0.0
385,1325.653805
386,198.73765585714287
387,0.0
388,1099.1726014285714
389,4100.514064999999
390,533.4615
391,0.0
392,3741.047042857143
393,0.0
394,9427.315
395,1649.7079625000001
396,246.178116
397,0.0
398,0.0
399,3615.3262
400,403.71804249999997
401,0.0
402,0.0
403,0.0
404,0.0
405,23800.1438125
406,0.0
407,38267.563749999994
408,0.0
409,6579.0
410,6580.755149999999
411,45242.23857142857
412,8294.7675
413,19641.8755375
414,31103.93686625
415,0.0
416,0.0
417,100.063111875
418,6032.242237500001
419,0.0
420,0.0
421,0.0
422,3665.28408
423,0.0
424,0.0
425,126.03708
426,0.0
427,16045.224162499999
428,0.0
429,11635.498524999999
430,0.0
431,43529.593875000006
432,9537.903285714287
433,0.0
434,0.0
435,8601.371466666667
436,5380.2405125000005
437,0.0
438,4552.995
439,0.0
440,428.59065
441,9751.305375
442,255.045774
443,0.0
444,5567.5995
445,6052.0334
446,12287.677275714286
447,9915.4261375
448,0.0
449,16218.042066666669
450,0.0
451,2350.534324
452,6472.24815
453,0.0
454,0.0
455,0.0
456,6348.971500000001
457,0.0
458,557.8608875
459,0.0
460,12406.273214285715
461,0.0
462,764.89550625
463,14937.8542
464,33700.337375
465,3711.7105899999997
466,0.0
467,120509.965
468,0.0
469,0.0
470,413.0950142857143
471,1014.7933999999999
472,8775.074116666667
473,11505.516057142859
474,131994.082625
475,8654.641825
476,1523.4743571428571
477,0.0
478,11408.820716666669
479,63399.782625
480,0.0
481,0.0
482,0.0
483,0.0
484,24544.255999999998
485,0.0
486,24157.758714285716
487,0.0
488,0.0
489,6406.58615
490,0.0
491,2640.0267666666664
492,3449.605425
493,490.29580125000007
494,0.0
495,1127.7918666666667
496,9372.793450000001
497,15586.564642857144
498,4868.418566666666
499,7843.3642875
500,6160.0
501,0.0
502,0.0
503,32612.064166666667
504,2686.9038599999994
505,14792.48245
506,32343.878625
507,0.0
508,0.0
509,0.0
510,0.0
511,4878.9371125
512,5915.7852
513,0.0
514,0.0
515,0.0
516,4738.527908749999
517,0.0
518,15801.727625
519,0.0
520,1028.9321428571427
521,0.0
522,8146.9272
523,0.0
524,4138.0
525,6291.17855
526,5634.64895
527,2860.1689624999995
528,2692.0
529,0.0
530,24996.8295
531,0.0
532,2315.5362625000002
533,0.0
534,11144.21332
535,2711.1756708374996
536,36105.49475
537,3963.3194333333327
538,0.0
539,155.8918925
540,1605.998425
541,0.0
542,0.0
543,7479.4505874999995
544,2807.1763571428573
545,1528.56138
546,0.0
547,0.0
548,7070.102383333332
549,1328.00202375
550,0.0
551,1023.2335162500001
552,234.24155
553,0.0
554,78711.25233333332
555,0.0
556,0.0
557,14431.99275
558,288.795983375
559,1305.5041700000002
560,6132.542071428571
561,3606.204833333333
562,1142.894
563,0.0
564,603.6876086666666
565,4295.38564625
566,0.0
567,3167.459534285714
568,30531.498333333337
569,14417.401000000002
570,3241.1859624999997
571,3470.995
572,10556.876900000001
573,22067.367166666667
574,3564.644345
575,673.6437275000001
576,77624.26
577,0.0
578,1588.7120473333334
579,15950.219166666668
580,973.44818375
581,5646.63301875
582,4173.170824999999
583,0.0
584,1968.8412125000002
585,12235.4916
586,1145.2477499999998
587,8395.3938375
588,0.0
589,3199.36315
590,0.0
591,4919.6415125
592,23268.584824999998
593,1449.02372
594,0.0
595,28570.0237125
596,13062.517675000001
597,1348.8849519999999
598,108.525188375
599,0.0
600,9010.569
601,18590.18775
602,32222.963333333333
603,4128.654957142857
604,0.0
605,102985.69537500001
606,5582.9464
607,0.0
608,0.0
609,0.0
610,0.0
611,539.87627
612,0.0
613,0.0
614,70950.96350000001
615,33611.05133333333
616,25674.514850000003
617,310.40988500000003
618,0.0
619,0.0
620,0.0
621,0.0
622,2454.171357142857
623,38411.5845375
624,78429.975875
625,3592.4404
626,0.0
627,0.0
628,1313.6983333333333
629,98970.59274999998
630,3.2
631,0.0
632,1992.87363
633,1257.6143916666667
634,5943.27776
635,2234.615064
636,34188.142
637,2813.8077142857146
638,0.0
639,64097.21171428571
640,4594.77765
641,0.0
642,0.0
643,253.7871
644,1882.4834999999998
645,37996.58666666667
646,0.0
647,0.0
648,0.0
649,3801.3881250000004
650,13055.063838571428
651,630.5595149999999
652,0.0
653,6253.5276516666645
654,0.0
655,16119.208714285716
656,763.198979375
657,0.0
658,0.0
659,8919.22886
660,8067.547549999999
661,0.0
662,0.0
663,0.0
664,0.0
665,16831.541624999998
666,611.5150617500001
667,3616.4961857142853
668,0.0
669,0.0
670,0.0
671,0.0
672,5504.9021625
673,0.0
674,0.0
675,2370.0823
676,8428.88470375
677,60.43054375
678,39898.60733333334
679,38763.429875
680,1041.0
681,0.0
682,0.0
683,7821.5986250000005
684,623.758972
685,5569.715330000001
686,3995.8523999999998
687,38.994071749999996
688,496.14839250000006
689,4736.131662499999
690,1532.0
691,0.0
692,28786.9281
693,36833.113
694,0.0
695,0.0
696,0.0
697,2214.3176875
698,0.0
699,0.0
700,70616.62
701,4222.2378
702,0.0
703,737.0910228571429
704,36289.125
705,0.0
706,49596.63160000001
707,105.49257200000002
708,19134.35818571429
709,0.0
710,0.0
711,30297.562614285715
712,1062.59699875
713,28342.272666666668
714,15336.669666666667
715,0.0
716,3260.3626999999997
717,5296.7309375
718,14400.773000000001
719,3.2531649166666665
720,550.59646
721,0.0
722,50428.27683333334
723,12121.141475
724,70539.006375
725,4140.711028571429
726,0.0
727,0.0
728,6281.810811666666
729,0.0
730,20270.3352
731,10782.83549
732,248.61017714285714
733,9915.0964
734,4416.652231428571
735,12.304508349999999
736,2268.211616666667
737,0.0
738,0.0
739,0.0
740,0.0
741,11191.158225
742,0.0
743,0.0
744,3438.3026799999993
745,0.0
746,0.0
747,0.0
748,14917.498
749,3434.3419000000004
750,11335.475616666665
751,4504.316175
752,9240.4600125
753,123.7002315
754,16019.18425
755,1585.9696216666669
756,6877.17685
757,2025.729165
758,187.45839999999998
759,586.152565
760,10304.702166666668
761,0.0
762,0.0
763,3686.1868485714285
764,0.0
765,6945.125
766,1925.114422857143
767,9090.10475
768,743.4859880000001
769,9339.580585714286
770,0.0
771,18908.9455
772,68702.07416666667
773,0.0
774,0.0
775,2386.60077875
776,15720.284875000001
777,0.0
778,0.0
779,10299.43745
780,0.0
781,0.0
782,5727.701885714286
783,15009.677112500001
784,14522.027575
785,0.0
786,4951.739216666667
787,0.0
788,5702.179533333333
789,299.5589428571429
790,429.1061233333333
791,0.0
792,999.0
793,0.0
794,49674.087
795,62.87968
796,0.0
797,0.0
798,0.0
799,0.0
800,0.0
801,0.0
802,3398.2227733333334
803,0.0
804,9336.73905
805,2583.9878875000004
806,0.0
807,0.0
808,77.77274183333333
809,4007.4942666666666
810,0.0
811,0.0
812,4203.107172000001
813,0.0
814,0.0
815,0.0
816,239.97206999999995
817,2828.8224875
818,4036.335525
819,0.0
820,1479.9122285714286
821,10887.86966
822,581.658
823,473.00486
824,0.0
825,0.0
826,190735.3205
827,18390.195447500002
828,1004.3243666666666
829,3139.883893333333
830,3.5214898571428574
831,0.0
832,0.0
833,1178.3230714285714
834,0.0
835,0.0
836,3860.135423333333
837,2681.4245371428574
838,0.0
839,0.0
840,0.0
841,9917.9400325
842,2133.2599999999998
843,0.0
844,2496.03838
845,16096.742499999998
846,0.0
847,11958.609499999999
848,495.13335333333333
849,0.0
850,0.0
851,0.0
852,9037.172687500002
853,0.0
854,2796.575926666667
855,1443.9416999999999
856,6666.332800000001
857,0.0
858,8239.88225
859,685.75371375
860,0.0
861,4738.878107500001
862,0.0
863,406.2395033333333
864,11661.241893749999
865,0.0
866,1937.1334375
867,5270.756
868,1497.54621
869,0.0
870,314.8808693333333
871,7899.119575000001
872,1031.0710000000001
873,8099.06068
874,1734.6842875
875,354.8145214285714
876,0.0
877,19085.429200000002
878,3300.621768333333
879,97862.70133333335
880,0.0
881,9785.11675
882,1492.2259125
883,9792.131766250002
884,0.0
885,0.0
886,0.0
887,309.60826714285713
888,0.0
889,9858.254666666666
890,0.0
891,7564.235416666667
892,0.0
893,294.440068
894,514.9657875
895,0.0
896,2970.6264833333335
897,42.09352666666667
898,5442.645374285714
899,3428.7515083333333
900,227.59712333333334
901,658.452826
902,23277.57325
903,220.91404000000003
904,11535.248350000002
905,8892.206414285714
906,83.97760625
907,0.0
908,0.0
909,21.624364999999997
910,0.0
911,6761.023175
912,125.39981999999999
913,972.8194285714286
914,118.06749166666667
915,28256.263750000002
916,7626.8549
917,0.0
918,472.3367396249999
919,23098.0445
920,0.0
921,2175.0820000000003
922,0.0
923,35.623619500000004
924,0.0
925,0.0
926,367.531125
927,204.40343000000001
928,755.2799237499999
929,31903.47075
930,5260.0382666666665
931,3289.5
932,307.33449333333334
933,38741.01116666666
934,0.0
935,408.0653828571429
936,12584.083880000002
937,0.0
938,0.0
939,8163.6533500000005
940,50.788516
941,5695.1035
942,3189.9482
943,29748.852875
944,5476.817666666667
945,0.0
946,1132.9225900000001
947,1905.216
948,0.0
949,5634.211866666667
950,1016.5817333333334
951,0.0
952,8487.788266666666
953,3171.3501637500003
954,19185.7585
955,54255.475125
956,134.82201
957,3961.9350125
958,0.0
959,0.0
960,16248.928824999999
961,10717.13877142857
962,30.82645285714286
963,2350.6587237500003
964,11423.4556375
965,14814.860214285714
966,0.0
967,8349.343957142857
968,8065.641883333334
969,0.0
970,0.0
971,0.0
972,10548.14004
973,10068.871824999998
974,0.0
975,4140.179442857143
976,0.0
977,0.0
978,7995.44185
979,18486.023
980,333.193755
981,18902.925062500002
982,39578.46949999999
983,11625.72567875
984,0.0
985,82.35443750000002
986,5879.43561875
987,0.0
988,164.5342625
989,2723.80785
990,3764.823316666667
991,3055.796745
992,0.0
993,4578.7988875
994,5822.179857142857
995,1717.8636833333333
996,0.0
997,32296.7407625
998,0.0
999,0.0
1000,0.0
1001,3904.4691428571427
1002,0.0
1003,441.86683428571433
1004,0.0
1005,0.0
1006,110497.75674999999
1007,14143.389185714288
1008,0.0
1009,0.0
1010,0.0
1011,0.0
1012,11966.047999999999
1013,9779.53955
1014,1521.6612816666666
1015,15539.258249999999
1016,3368.0749714285716
1017,0.0
1018,31.600407500000003
1019,27830.342875000006
1020,675.056778
1021,0.0
1022,0.0
1023,1923.56675
1024,18463.25457142857
1025,2901.88661575
1026,9638.54075
1027,0.0
1028,13700.225250000003
1029,397.997218
1030,2111.586097142857
1031,0.0
1032,0.0
1033,3440.8571428571427
1034,1841.6977
1035,0.0
1036,0.0
1037,157.77363333333332
1038,0.0
1039,4599.2975
1040,2277.35285
1041,2685.17562
1042,0.0
1043,2495.4533166666665
1044,401.6144900000001
1045,3972.5914571428575
1046,313.20819166666666
1047,0.0
1048,0.0
1049,3329.2752499999997
1050,281.72794085714287
1051,5096.2391333333335
1052,9046.961961199999
1053,0.0
1054,76186.618
1055,237.28707
1056,2019.1855
1057,76.453802125
1058,149.552145
1059,1872.4346833333332
1060,0.0
1061,116537.88075000001
1062,1179.4960999999998
1063,930.6104724999999
1064,56.3066475
1065,0.0
1066,3155.85565
1067,0.0
1068,6731.494299999999
1069,0.0
1070,0.0
1071,27907.4625
1072,695.9417333333334
1073,0.0
1074,49271.57566666667
1075,2364.285714285714
1076,0.0
1077,7774.361525
1078,7850.444161428571
1079,801.48735
1080,4.34754
1081,0.0
1082,0.0
1083,0.0
1084,707.9465
1085,0.0
1086,1832.1545833333332
1087,0.0
1088,0.0
1089,3484.6864285714287
1090,0.0
1091,1275.6296483333333
1092,2523.235525
1093,2833.674258333333
1094,11918.163642857142
1095,102.589525
1096,57.57414285714286
1097,0.0
1098,0.0
1099,2239.5
1100,117.501729
1101,36.5811765
1102,12746.328
1103,0.0
1104,3289.5
1105,0.0
1106,11402.079762500001
1107,0.0
1108,0.0
1109,7148.390571428571
1110,0.0
1111,0.0
1112,0.0
1113,0.0
1114,8727.184838333333
1115,1063.191257142857
1116,0.0
1117,9427.97885
1118,5855.067800000001
1119,16924.965799999998
1120,0.0
1121,43204.76475
1122,328.3270225
1123,145449.91499999998
1124,6375.316083333334
1125,1414.8415942857143
1126,366.2416185
1127,45567.78442857142
1128,1864.4334999999999
1129,0.0
1130,12955.205083333332
1131,1601.8172166666666
1132,0.0
1133,0.0
1134,9941.691816666667
1135,152.8427625
1136,0.0
1137,1024.6117571428572
1138,225.56351800000002
1139,2731.026042857143
1140,0.0
1141,0.0
1142,0.0
1143,78578.4377142857
1144,5199.142857142857
1145,27494.8182125
1146,358.1641642857143
1147,0.0
1148,25430.19075
1149,1970.77415
1150,1493.20167
1151,804.66070325
1152,823.0943566666666
1153,0.0
1154,7092.4162
1155,0.0
1156,0.0
1157,2773.977978333334
1158,0.0
1159,0.0
1160,8416.124642857143
1161,731.2648375
1162,10842.481974999999
1163,0.0
1164,0.0
1165,0.0
1166,3950.1820085714285
1167,63.457730000000005
1168,0.0
1169,0.0
1170,58025.3775
1171,1977.2599900000002
1172,0.0
1173,1440.03086
1174,5309.467861666667
1175,0.0
1176,11184.278085714284
1177,27863.644957142853
1178,141.87793166666665
1179,1567.6168142857143
1180,878.987945
1181,298.6514375
1182,639.95792
1183,107.07177714285716
1184,0.0
1185,4138.0
1186,464.411675
1187,11682.290271428572
1188,5808.647585714286
1189,2193.0
1190,13888.62567142857
1191,208.40501375000005
1192,26409.3614
1193,0.0
1194,3698.8400119999997
1195,23764.848537500002
1196,0.0
1197,0.0
1198,2844.5900149999998
1199,1874.34610625
1200,0.0
1201,8678.484349999999
1202,14318.464518750001
1203,13351.031571428572
1204,0.0
1205,4143.59965
1206,0.0
1207,104.38159142857144
1208,10040.344975
1209,0.0
1210,0.0
1211,6865.7819500000005
1212,4716.876066666666
1213,0.0
1214,232.29485
1215,418.9417767499999
1216,13294.6856
1217,5037.857233333333
1218,0.0
1219,20603.84248571429
1220,0.0
1221,0.0
1222,0.0
1223,0.0
1224,4265.529242857143
1225,0.0
1226,0.0
1227,2334.0
1228,0.0
1229,19269.59048
1230,298.55148333333335
1231,0.0
1232,612.3399000000001
1233,415.16808000000003
1234,0.0
1235,0.0
1236,0.0
1237,12055.313875
1238,0.0
1239,0.0
1240,0.0
1241,0.0
1242,0.0
1243,0.0
1244,0.0
1245,5505.58565
1246,0.0
1247,19.792072166666667
1248,7393.069962500001
1249,0.0
1250,0.0
1251,0.0
1252,0.0
1253,0.0
1254,11482.271062857146
1255,41951.01028571428
1256,163.612595
1257,17883.487
1258,4932.0
1259,680.2720593333332
1260,0.0
1261,0.0
1262,0.0
1263,0.0
1264,0.0
1265,11190.097525000001
1266,0.0
1267,8930.655
1268,1144.0945
1269,17728.521975000003
1270,0.0
1271,10690.702887142857
1272,1200.62625
1273,3938.1414499999996
1274,11468.027666666667
1275,0.0
1276,0.0
1277,3495.7453
1278,0.0
1279,5255.324557142856
1280,5835.0
1281,0.0
1282,5622.17090075
1283,0.0
1284,0.0
1285,15243.210825
1286,0.0
1287,6766.3017
1288,64.34127566666666
1289,5307.35532875
1290,0.0
1291,0.0
1292,0.0
1293,0.0
1294,4895.895871428571
1295,2805.76078375
1296,28216.42757142857
1297,5579.8126085714275
1298,0.0
1299,4259.418175
1300,22081.7073625
1301,0.0
1302,0.0
1303,0.0
1304,0.0
1305,0.0
1306,0.0
1307,0.0
1308,0.0
1309,0.0
1310,0.0
1311,0.0
1312,2438.2310700000003
1313,5321.679275
1314,9184.7097
1315,5168.400000000001
1316,6420.43970875
1317,2853.7415
1318,0.0
1319,0.0
1320,9874.9515
1321,2979.9385500000003
1322,0.0
1323,156.54743333333332
1324,129.30896599999997
1325,2011.6098000000002
1326,559.0328658333334
1327,0.0
1328,3434.6902299999997
1329,8345.266333333333
1330,4292.493375
1331,333015.57125000004
1332,741.20195
1333,22996.641166666668
1334,2699.078566666667
1335,67.92199000000001
1336,1147.6991028571429
1337,11321.765157142856
1338,0.0
1339,12654.5081625
1340,42382.30312499999
1341,1073.4916925
1342,0.0
1343,4405.97749
1344,0.0
1345,4779.633887500001
1346,9731.3835125
1347,3532.9300557142856
1348,28618.829250000003
1349,0.0
1350,4858.3863625
1351,14545.5594125
1352,1644.0
1353,0.0
1354,0.0
1355,27095.833
1356,0.0
1357,1767.7868666666666
1358,0.0
1359,0.0
1360,0.0
1361,0.0
1362,9010.9338375
1363,0.0
1364,0.0
1365,61.631294499999996
1366,6022.7054771428575
1367,1901.6878525
1368,0.0
1369,1175.49992125
1370,845.8866666666667
1371,0.0
1372,790.8557716666666
1373,0.0
1374,0.0
1375,17785.067875
1376,5835.0
1377,2647.492255
1378,0.0
1379,3780.164775
1380,2793.5753124999997
1381,3598.83275
1382,161781.14500000002
1383,66586.19350000001
1384,4138.0
1385,4016.9290674999997
1386,2007.9097000000002
1387,0.0
1388,0.0
1389,0.0
1390,31.831183333333332
1391,695.86752
1392,0.0
1393,4407.3823142857145
1394,3237.6585375000004
1395,0.0
1396,8940.301933333334
1397,0.0
1398,0.0
1399,2258.507266
1400,4690.776
1401,0.0
1402,2458.37925
1403,2768.7847625000004
1404,7632.638275
1405,0.0
1406,11803.074574999999
1407,0.0
1408,56880.8685
1409,1881.17070625
1410,62827.656500000005
1411,3220.568514285714
1412,50962.383571428574
1413,3486.7689124999997
1414,83.39152857142858
1415,0.0
1416,236246.69666666666
1417,4245.714285714285
1418,2047.7257875
1419,0.0
1420,7195.20895
1421,537.91202875
1422,0.0
1423,73280.07842857143
1424,13445.731566666667
1425,501.24936500000007
1426,0.0
1427,13511.490857142857
1428,21711.237
1429,1995.4685125
1430,144570.4625
1431,6307.23875
1432,0.0
1433,0.0
1434,0.0
1435,2704.46760125
1436,499.7869333333333
1437,0.0
1438,3473.9289666666664
1439,0.0
1440,48735.0245
1441,102.11208400000001
1442,35864.31333333333
1443,10812.377625
1444,0.0
1445,89.69458571428572
1446,0.0
1447,3660.8571428571427
1448,3119.6855000000005
1449,18544.501285714283
1450,0.0
1451,4418.51380125
1452,6376.109685714287
1453,0.0
1454,0.0
1455,0.0
1456,36732.6251
1457,2773.431045
1458,0.0
1459,6282.8049249999995
1460,95364.1425
1461,288.89459999999997
1462,12875.1112275
1463,0.0
1464,0.0
1465,0.0
1466,57735.22285714286
1467,51305.198125
1468,25576.391875
1469,2554.2711
1470,0.0
1471,0.0
1472,0.0
1473,17270.93633333333
1474,19904.279814285717
1475,0.0
1476,0.0
1477,0.0
1478,0.0
1479,0.0
1480,0.0
1481,0.0
1482,0.0
1483,0.0
1484,4981.979633333333
1485,0.0
1486,352.35446749999994
1487,5125.2
1488,2835.82875
1489,0.0
1490,21182.162
1491,5704.5465075
1492,0.0
1493,0.0
1494,682.6312642857143
1495,394.71309
1496,4024.3846875
1497,0.0
1498,0.0
1499,23954.064619999997
1500,7843.5635
1501,22449.745
1502,0.0
1503,7946.243242857142
1504,4600.550175
1505,14151.685
1506,5006.8938333333335
1507,1362.7331100000001
1508,1158.2214150000002
1509,13522.655575
1510,15.4522375
1511,0.0
1512,3608.3205875000003
1513,0.0
1514,0.0
1515,490.98649833333326
1516,0.0
1517,0.0
1518,1289.742298
1519,191023.6
1520,28600.3825
1521,284785.31
1522,9727.731
1523,1469.0876466666668
1524,0.0
1525,0.0
1526,5341.66045
1527,434.4811666666667
1528,3867.6978450000006
1529,9107.5620125
1530,0.0
1531,0.0
1532,0.0
1533,0.0
1534,1333.9051599999998
1535,0.0
1536,0.0
1537,0.0
1538,0.0
1539,0.0
1540,0.0
1541,0.0
1542,0.0
1543,0.0
1544,0.0
1545,0.0
1546,241.982325
1547,8309.834928571428
1548,2310.4352566666666
1549,3925.9728333333333
1550,0.0
1551,0.0
1552,7520.6113625
1553,280.9486175
1554,65.16670083333334
1555,0.0
1556,0.0
1557,5114.7653625
1558,1127.701
1559,15134.645799999998
1560,7529.898000000001
1561,0.0
1562,0.0
1563,471.71625666666677
1564,33454.6319125
1565,334.51596
1566,117056.1906
1567,316.60638
1568,10585.954566666665
1569,244822.21125
1570,0.0
1571,17669.3655
1572,4213.852465
1573,0.0
1574,0.0
1575,13017.563642857142
1576,2710.1438799999996
1577,19853.345342857145
1578,0.0
1579,380.1795485714286
1580,11906.00345
1581,1246.4367166666666
1582,265.536512
1583,0.0
1584,0.0
1585,7981.445612500001
1586,3501.16556
1587,0.0
1588,5574.4598000000005
1589,3625.04843
1590,8146.50548
1591,97610.48
1592,408.91203333333334
1593,1196.3862833333333
1594,0.0
1595,0.0
1596,9518.9082125
1597,12632.228000000001
1598,1616.5165714285718
1599,6234.0
1600,7246.663750000001
1601,0.0
1602,0.0
1603,0.0
1604,0.0
1605,0.0
1606,164.03968
1607,0.0
1608,2365.1653971428573
1609,0.0
1610,0.0
1611,41943.9218
1612,0.0
1613,3788.6959799999995
1614,3089.687975
1615,0.0
1616,0.0
1617,1051.82135375
1618,6123.19385
1619,1198.8
1620,0.0
1621,0.0
1622,1844.54425
1623,0.0
1624,9615.42515
1625,0.0
1626,0.0
1627,0.0
1628,0.0
1629,0.0
1630,10977.105271428572
1631,118.69368142857142
1632,28503.45
1633,0.0
1634,0.0
1635,27206.716333333334
1636,16524.664
1637,0.0
1638,16898.346049999996
1639,0.0
1640,2523.853215
1641,8233.5736
1642,24.1304355
1643,106.59040125
1644,11238.81431875
1645,0.0
1646,8058.393999999999
1647,14393.807
1648,2173.134
1649,0.0
1650,0.0
1651,0.0
1652,2940.0960375
1653,0.0
1654,0.0
1655,117637.42499999999
1656,1247.276282
1657,0.0
1658,0.0
1659,0.0
1660,3360.6081325
1661,0.0
1662,0.0
1663,598.4687675
1664,3519.7783085714286
1665,0.0
1666,5007.742166666667
1667,117.09318800000001
1668,1141.48881875
1669,997.6161585714286
1670,13691.443792499998
1671,1294.8
1672,16272.647142857142
1673,0.0
1674,162.5885535
1675,2080.2695612499997
1676,0.0
1677,1906.8665875000002
1678,1479.569125
1679,5252.557716666666
1680,11224.71524125
1681,0.0
1682,52885.771875
1683,1642.47225
1684,633.7130666666666
1685,0.0
1686,5523.174883333333
1687,22308.745166666664
1688,519.23266
1689,0.0
1690,16091.798600000002
1691,8498.01082
1692,0.0
1693,167.20888
1694,47103.342249999994
1695,515.999015
1696,6858.317687999998
1697,13883.0846625
1698,0.0
1699,0.0
1700,135457.18925
1701,265.40813975000003
1702,39941.866825
1703,10438.682814285714
1704,2363.1309814285714
1705,0.0
1706,4072.083569428571
1707,5718.951024999999
1708,70598.77142857142
1709,0.0
1710,0.0
1711,0.0
1712,0.0
1713,0.0
1714,0.0
1715,8126.124358749999
1716,0.0
1717,0.0
1718,0.0
1719,350.256141875
1720,101.67528000000001
1721,3278.85157
1722,14680.944399999998
1723,0.0
1724,0.0
1725,0.0
1726,2584.39188
1727,13452.70097142857
1728,4097.8202
1729,215.12768666666668
1730,6034.207401428573
1731,0.0
1732,2928.97957375
1733,0.0
1734,0.0
1735,522.3298875
1736,5578.604287499999
1737,15.323102166666667
1738,8642.042475
1739,41312.2772
1740,2101.17892
1741,385.9964125
1742,0.0
1743,8170.239149999999
1744,1259.584325
1745,1101.640625
1746,87429.40550000001
1747,0.0
1748,0.0
1749,922.9681971428571
1750,0.0
1751,0.0
1752,0.0
1753,101082.65825000001
1754,5704.70525
1755,380.96166875000006
1756,16529.955299999998
1757,7109.409628571429
1758,10552.6685
1759,19465.590750000003
1760,40872.84525
1761,1428.4907
1762,1345.990042857143
1763,35.9433315
1764,50221.709800000004
1765,22543.202571428574
1766,677.05074
1767,2129.92427375
1768,54439.035875
1769,5357.517185714286
1770,0.0
1771,0.0
1772,3998.7246287500006
1773,0.0
1774,1407.5542156000001
1775,202.3817266666667
1776,2482.57356
1777,1679.3554771428571
1778,0.0
1779,261.4770188
1780,0.0
1781,389.34368
1782,34446.752
1783,729.7252166666667
1784,1999.9332499999996
1785,11933.7205
1786,0.0
1787,7874.4738333333335
1788,51265.097499999996
1789,6712.837428571428
1790,493.8788542857142
1791,1798.8999449714286
1792,0.0
1793,0.0
1794,8483.829325
1795,14980.993749999998
1796,4138.0
1797,0.0
1798,64.46716500000001
1799,6844.87019
1800,411.66353
1801,199.9964633333333
1802,110.11976
1803,7210.592
1804,6726.670115000001
1805,0.0
1806,12925.659342857141
1807,3451.714285714286
1808,11306.324125
1809,3560.0696285714284
1810,2812.1634000000004
1811,6953.510976666666
1812,0.0
1813,9211.366950000001
1814,3967.63959775
1815,8856.764775
1816,2177.08675
1817,1120.2656100000002
1818,1309.5324657142858
1819,7769.73215
1820,4514.7346
1821,0.0
1822,5064.761083333334
1823,5637.848190000001
1824,0.0
1825,0.0
1826,6234.0
1827,0.0
1828,0.0
1829,84.315495
1830,642.187038
1831,0.0
1832,0.0
1833,0.0
1834,568.1554825000001
1835,0.0
1836,101867.5034125
1837,0.0
1838,0.0
1839,0.0
1840,0.0
1841,7823.581012500001
1842,4120.2903875
1843,631.4729175
1844,0.0
1845,21153.23988333333
1846,0.0
1847,123.97290285714287
1848,0.0
1849,1971.2143349999997
1850,2109.338625
1851,8455.1361625
1852,962.6292214285714
1853,2926.825405
1854,173.5135625
1855,0.0
1856,136.60441166666666
1857,0.0
1858,0.0
1859,3760.2612833333333
1860,94.22267500000001
1861,153.18055714285714
1862,0.0
1863,855.3010225
1864,4944.804728571428
1865,2948.950660857143
1866,2149.5720387499996
1867,24614.424312499996
1868,122.01933137500001
1869,0.0
1870,176.718894
1871,792.4195816666667
1872,90.48211649999999
1873,1896.198126666667
1874,230.589035
1875,2681.8771
1876,3638.184716666667
1877,2905.086152857143
1878,0.0
1879,0.0
1880,2576.0583328571424
1881,0.0
1882,3018.151775
1883,97023.56375
1884,21262.398774999998
1885,33032.9078
1886,11686.2929
1887,7653.803133333334
1888,22471.079571428574
1889,2835.5241375000005
1890,1152.2877
1891,666.420125
1892,0.0
1893,527.07235
1894,25284.38883333333
1895,21081.635500000004
1896,3926.4
1897,0.0
1898,798.76952
1899,2590.96306
1900,0.0
1901,704.7009875
1902,42705.457
1903,0.0
1904,0.0
1905,4528.95412
1906,78.021408
1907,68628.2857857143
1908,22353.877074999997
1909,0.0
1910,0.0
1911,3127.680675
1912,0.0
1913,0.0
1914,0.0
1915,0.0
1916,46.868690625
1917,365.46672
1918,0.0
1919,0.0
1920,3253.2471175
1921,9739.58955
1922,0.0
1923,61132.20642857143
1924,0.0
1925,1712.6627999999998
1926,2330.9649142857143
1927,3330.3836428571426
1928,0.0
1929,0.0
1930,0.0
1931,2950.4735666666675
1932,0.0
1933,0.0
1934,0.0
1935,0.0
1936,0.0
1937,3052.3129714285715
1938,0.0
1939,0.0
1940,12546.3295
1941,4139.079567500001
1942,0.0
1943,6763.835783333333
1944,537.6163766666667
1945,4075.519071428572
1946,0.0
1947,0.0
1948,0.0
1949,44898.96683333333
1950,13676.9997
1951,74.407354
1952,14184.800134285715
1953,32.188943333333334
1954,0.0
1955,1294.8
1956,0.0
1957,0.0
1958,31518.318428571427
1959,6332.1564499999995
1960,321.79446333333334
1961,0.0
1962,0.0
1963,11219.398344
1964,3239.287648571429
1965,0.0
1966,0.0
1967,3450.4
1968,2409.7842875
1969,0.0
1970,9446.384499999998
1971,556.6909166666666
1972,7753.65355875
1973,870.8925666666668
1974,449.119365
1975,342.83304499999997
1976,198.951
1977,0.0
1978,9939.160333333333
1979,1950.0208525
1980,0.0
1981,672.06395
1982,0.0
1983,1577.295250566667
1984,0.0
1985,1260.8082228571427
1986,5344.30164
1987,0.0
1988,620.512472
1989,0.0
1990,0.0
1991,3148.649365
1992,159.22778499999998
1993,2054.243575
1994,657.74854
1995,94.83209124999999
1996,0.0
1997,2522.7839249999997
1998,2134.4654728571427
1999,0.0
2000,193735.55125000002
2001,0.0
2002,29428.4248
2003,532.9707166666667
2004,19211.5
2005,3401.3220333333334
2006,922.35372
2007,0.0
2008,2201.0959625
2009,0.0
2010,3705.9464475000004
2011,0.0
2012,4506.3242
2013,216.34324833333335
2014,110.91904375
2015,0.0
2016,0.0
2017,1074.11898875
2018,3079.6060825
2019,5119.030280000001
2020,11725.544750000001
2021,4743.44326
2022,386.1711
2023,0.0
2024,0.0
2025,1793.5071833333334
2026,5495.85089875
2027,152.1982
2028,7966.658257142858
2029,0.0
2030,0.0
2031,8468.238257142857
2032,817.0305725
2033,24688.7
2034,547.1072340000001
2035,0.0
2036,0.0
2037,0.0
2038,33553.67266666667
2039,4978.315885714285
2040,58533.916999999994
2041,409.0767
2042,841.4683150000001
2043,0.0
2044,16157.474135714287
2045,15425.3424775
2046,3152.626375
2047,3134.4927485714284
2048,24.254341857142858
2049,22618.806675
2050,415.625775
2051,0.0
2052,0.0
2053,525.2510337499999
2054,0.0
2055,6150.7488
2056,0.0
2057,4472.7826
2058,0.0
2059,0.0
2060,4143.17375
2061,7096.4215
2062,0.0
2063,0.0
2064,0.0
2065,0.0
2066,1910.75539825
2067,0.0
2068,0.0
2069,0.0
2070,86928.141875
2071,17224.66625625
2072,59264.99866666666
2073,0.0
2074,7097.615771428572
2075,46859.74
2076,160.05162142857142
2077,339.0517
2078,946.326073
2079,20937.097333333335
2080,0.0
2081,0.0
2082,0.0
2083,11024.185328571428
2084,1635.5504174999999
2085,4990.0509999999995
2086,1343.73406
2087,4156.0
2088,3616.1358437500003
2089,2925.715583333334
2090,0.0
2091,1678.3464675
2092,1144.59931875
2093,0.0
2094,0.0
2095,733.5681028571429
2096,0.0
2097,0.0
2098,0.0
2099,15732.062
2100,13518.027375
2101,0.0
2102,0.0
2103,0.0
2104,63010.207375
2105,340.16931875
2106,14506.414875
2107,5040.431716666667
2108,0.0
2109,0.0
2110,84803.400875
2111,0.0
2112,0.0
2113,0.0
2114,0.0
2115,0.0
2116,296.24679285714285
2117,15837.537750000003
2118,8769.2726
2119,0.0
2120,0.0
2121,0.0
2122,4473.36732425
2123,2265.50621125
2124,656.8640550000001
2125,903.3830971428571
2126,187.37854416666667
2127,77073.86799999999
2128,0.0
2129,1610.864025
2130,18817.669
2131,6653.9596249999995
2132,9466.499116666668
2133,0.0
2134,151.78629500000002
2135,11678.250875
2136,20086.35
2137,0.0
2138,163141.840625
2139,0.0
2140,2880.1914
2141,5272.6532
2142,6066.278237500001
2143,1955.53353
2144,0.0
2145,0.0
2146,0.0
2147,0.0
2148,895.7235975
2149,36811.443199999994
2150,3755.657575
2151,378.3766
2152,2870.7372662499997
2153,0.0
2154,0.0
2155,0.0
2156,2281.2
2157,0.0
2158,0.0
2159,0.0
2160,11207.848433333333
2161,0.0
2162,0.0
2163,0.0
2164,22996.6226875
2165,0.0
2166,11517.630037500001
2167,5230.39485
2168,0.0
2169,0.0
2170,5458.107325
2171,1945.0
2172,16611.311
2173,0.0
2174,0.0
2175,951.3508
2176,0.0
2177,0.0
2178,0.0
2179,0.0
2180,994.3062325999999
2181,0.0
2182,381.91026
2183,445.85314374999996
2184,5493.866716666666
2185,0.3333333333333333
2186,1890.4479287500003
2187,3700.4239512500003
2188,0.0
2189,1894.9270643333332
2190,81458.177
2191,170.34672771428572
2192,6387.3036
2193,0.0
2194,7759.697266666666
2195,0.0
2196,42.20601733333333
2197,7554.0246
2198,1166.460165
2199,0.0
2200,0.0
2201,1608.2745928571426
2202,0.0
2203,883.91525
2204,1487.8293399999998
2205,40358.91366666667
2206,0.0
2207,18848.590874999998
2208,6080.108785714286
2209,659.69706625
2210,0.0
2211,46261.934857142856
2212,352.67797499999995
2213,0.0
2214,2580.9657500000003
2215,625.22784325
2216,120.71677199999999
2217,938.6389666666668
2218,531508.6687500001
2219,10610.423442857142
2220,0.0
2221,0.0
2222,3637.48463875
2223,15587.794375
2224,5026.1852
2225,5185.61904
2226,8872.1173375
2227,285.33663875
2228,0.0
2229,0.0
2230,999.64463
2231,6926.233325000001
2232,612.6911428571428
2233,0.0
2234,33646.615595714284
2235,3739.466675
2236,43064.8826
2237,0.0
2238,2725.9150433333334
2239,0.0
2240,12548.615300000001
2241,11979.387700000001
2242,0.0
2243,132.9313065
2244,175.23171166666665
2245,0.0
2246,0.0
2247,2046.3821833333332
2248,7910.529833333333
2249,0.0
2250,30005.117799999996
2251,0.0
2252,3360.2677537500003
2253,0.0
2254,33805.815375000006
2255,1622.0
2256,103.5129075
2257,6454.29465
2258,0.0
2259,3110.592475
2260,44234.19357142857
2261,27637.64125
2262,231.50148333333334
2263,3317.2922214285713
2264,6980.069716666668
2265,14646.840250000001
2266,3241.1103142857137
2267,7426.633577142857
2268,1477.12445
2269,0.0
2270,1814.0805614285714
2271,28034.285687500007
2272,22724.610999999997
2273,273.0086428571429
2274,261.6863716666667
2275,2860.77556
2276,2657.6084275
2277,1312.04241625
2278,9686.1198875
2279,8996.157238071428
2280,19868.862175000002
2281,0.0
2282,1141.5061
2283,1040.6543825
2284,482.64782
2285,3205.4285714285716
2286,6234.0
2287,101.26435416666668
2288,35299.1945
2289,424.02808000000005
2290,4925.6651
2291,23165.027499999997
2292,0.0
2293,0.0
2294,997.2809657142859
2295,300.735544
2296,4097.714285714285
2297,941.47527
2298,418.2109825
2299,761.0131975
2300,0.0
2301,0.0
2302,0.0
2303,0.0
2304,0.0
2305,8214.248475
2306,0.0
2307,0.0
2308,7953.456125
2309,7248.618983333334
2310,721.2164
2311,3110.11610625
2312,4154.656
2313,0.0
2314,5683.859687499999
2315,0.0
2316,0.0
2317,0.0
2318,0.0
2319,13368.215987499998
2320,0.0
2321,0.0
2322,0.0
2323,0.0
2324,34828.22814285714
2325,3272.735075
2326,1122.37033
2327,0.0
2328,5216.5
2329,863.3250114285714
2330,0.0
2331,0.0
2332,0.0
2333,1243.5213033333332
2334,3466.5620333333336
2335,0.0
2336,11364.759000000002
2337,14003.829000000002
2338,150895.74242857142
2339,0.0
2340,5282.8602142857135
2341,0.0
2342,0.0
2343,0.0
2344,0.0
2345,0.0
2346,7487.263399999999
2347,19661.428874999998
2348,1675.6325000000002
2349,0.0
2350,2207.4336125
2351,4667.524282
2352,3289.5
2353,0.0
2354,1019.6092833333336
2355,0.0
2356,745.7561233333334
2357,0.0
2358,0.0
2359,0.0
2360,2721.804166666667
2361,199306.69199999998
2362,0.0
2363,2188.88966625
2364,0.0
2365,0.0
2366,14822.853650000001
2367,6210.5581999999995
2368,8692.261999999999
2369,1355.7700849999999
2370,0.0
2371,4645.6998
2372,12145.095
2373,38.689351599999995
2374,0.0
2375,1760.63985
2376,3820.0834833333333
2377,0.0
2378,0.0
2379,4553.310850000001
2380,0.0
2381,0.0
2382,0.0
2383,0.0
2384,3036.0367914285716
2385,135.79772250000002
2386,20930.3165
2387,32257.10775
2388,0.0
2389,34.461508571428574
2390,0.0
2391,0.0
2392,0.0
2393,6185.9875999999995
2394,1956.4822366666667
2395,22048.11945
2396,79.54923083333334
2397,5165.691154285714
2398,0.0
2399,2316.1065200000003
2400,3416.8664772499997
2401,811.40962625
2402,1914.2333314999998
2403,3943.62865
2404,65.43575200000001
2405,2450.30615
2406,0.0
2407,6805.4050959999995
2408,0.0
2409,1790.3820562500002
2410,0.0
2411,0.0
2412,1718.210664285714
2413,6556.710628571428
2414,4835.1139
2415,62.02347666666666
2416,57500.68266666667
2417,18598.4503
2418,0.0
2419,0.0
2420,0.0
2421,0.0
2422,0.0
2423,0.0
2424,8975.5188
2425,4046.8531525
2426,15016.069833333333
2427,8850.300437142858
2428,101618.770375
2429,0.0
2430,1793.2660783333338
2431,16831.001425000002
2432,133.30461625
2433,4106.7727700000005
2434,3301.9631874999995
2435,971.0888485714286
2436,0.0
2437,94.2986657142857
2438,11445.25435
2439,0.0
2440,0.0
2441,14655.195325
2442,0.0
2443,300.81528
2444,0.0
2445,0.0
2446,0.0
2447,0.0
2448,0.0
2449,0.0
2450,2376.937355
2451,8879.750725000002
2452,19400.79266
2453,694.7307025
2454,3260.816485714286
2455,8747.2278
2456,3342.7892750000005
2457,44034.074375
2458,3079.2173983333337
2459,0.0
2460,0.0
2461,0.0
2462,1519.7758
2463,0.0
2464,2879.27775
2465,4607.9095075
2466,0.0
2467,568.095822
2468,10840.689874999998
2469,986.4
2470,0.0
2471,4051.2070999999996
2472,0.0
2473,0.0
2474,0.0
2475,0.0
2476,4089.977
2477,0.0
2478,0.0
2479,0.0
2480,0.0
2481,14937.1495
2482,999.0
2483,0.0
2484,0.0
2485,2770.4253566666666
2486,24326.451399999998
2487,22069.916999999998
2488,4754.1760425
2489,0.0
2490,78530.9135
2491,0.0
2492,266.94027208333335
2493,8337.366693333333
2494,2207.4451125
2495,1806.1331433333335
2496,739.22606625
2497,0.0
2498,7267.170575
2499,166184.32499999998
2500,0.0
2501,0.0
2502,3494.725316666667
2503,0.0
2504,381.5439714285714
2505,4118.5345025
2506,1793.13328375
2507,0.0
2508,10908.247233333333
2509,50257.746
2510,2193.0
2511,2814.19182
2512,3774.2480687499997
2513,16821.215
2514,0.0
2515,0.0
2516,1611.40673375
2517,0.0
2518,29526.302625
2519,0.0
2520,75.37457724999999
2521,17899.88666666667
2522,7308.721864285713
2523,5056.8152
2524,0.0
2525,723.5558571428571
2526,3240.8701499999997
2527,32582.43685714286
2528,0.0
2529,351.195175
2530,17906.686028571432
2531,8778.226616666667
2532,3155.85565
2533,3201.39493
2534,15449.556333333334
2535,16058.949400000001
2536,0.0
2537,0.0
2538,22770.981166666665
2539,11118.60825
2540,0.0
2541,1003.4153899999999
2542,5755.4553
2543,93.1907
2544,19982.394833333336
2545,0.0
2546,2251.452366666667
2547,2336.0510000000004
2548,4936.13406
2549,0.0
2550,2123.65775
2551,3406.2397971428572
2552,68.16783916666667
2553,2267.94212125
2554,3344.96545
2555,43463.90225
2556,0.0
2557,11419.768805
2558,8195.66998
2559,9882.439787500001
2560,0.0
2561,0.0
2562,64882.23328571428
2563,0.0
2564,0.0
2565,27743.104714285717
2566,1752.0060999999998
2567,1233.0
2568,0.0
2569,47659.112024999995
2570,2345.4495
2571,796.64203
2572,5250.176616666667
2573,384.5394383333334
2574,19406.418087500002
2575,856.2857142857143
2576,0.0
2577,3019.06676
2578,41458.32275000001
2579,0.0
2580,0.0
2581,305.8446333333333
2582,0.0
2583,58120.479714285706
2584,0.0
2585,43499.9695
2586,0.0
2587,33746.62225
2588,0.0
2589,0.0
2590,0.0
2591,1065.3964657142856
2592,83.16756571428571
2593,52019.295
2594,0.0
2595,9415.039007999998
2596,16961.352
2597,0.0
2598,0.0
2599,0.0
2600,0.0
2601,0.0
2602,9081.538
2603,3534.4622285714286
2604,0.0
2605,3980.3599624999997
2606,931.61511
2607,0.0
2608,45732.117
2609,0.0
2610,7375.0435
2611,0.0
2612,0.0
2613,0.0
2614,10478.511
2615,0.0
2616,0.0
2617,55.457959714285714
2618,9811.994125000001
2619,0.0
2620,0.0
2621,1933.95965
2622,0.0
2623,0.0
2624,12062.5147125
2625,0.0
2626,1010.6315375
2627,0.0
2628,0.0
2629,0.0
2630,6030.333333333333
2631,4237.7292875
2632,160.734606
2633,0.0
2634,32547.887799999997
2635,0.0
2636,0.0
2637,0.0
2638,0.0
2639,0.0
2640,16429.169499999996
2641,0.0
2642,353.54170866666664
2643,0.0
2644,0.0
2645,23877.184014285715
2646,0.0
2647,21.361116799999998
2648,0.0
2649,37151.494125
2650,0.0
2651,0.0
2652,7813.714285714285
2653,0.0
2654,2798.6628
2655,0.0
2656,0.0
2657,0.0
2658,2120.60335
2659,0.0
2660,4057.777614285714
2661,3668.4812857142856
2662,4775.04724325
2663,0.0
2664,0.0
2665,0.0
2666,0.0
2667,3270.070416666667
2668,0.0
2669,0.0
2670,1536.68351
2671,1977.75625
2672,12024.26842857143
2673,0.0
2674,0.0
2675,11495.5357
2676,0.0
2677,0.0
2678,0.0
2679,2270.460166666667
2680,2254.9624400000002
2681,0.0
2682,864.2792840000002
2683,0.0
2684,3718.8571428571427
2685,0.0
2686,143208.34625
2687,363.96158375
2688,0.0
2689,761.3803250000001
2690,0.0
2691,0.0
2692,0.0
2693,4390.393
2694,0.0
2695,71.13758142857144
2696,4548.814914285714
2697,0.0
2698,11665.453518571429
2699,0.0
2700,1985.2776
2701,2691.193425
2702,0.0
2703,7165.409719375
2704,6190.8027125
2705,0.0
2706,246402.4875
2707,0.0
2708,0.0
2709,427.57791428571426
2710,6527.835800625
2711,0.0
2712,4473.4370714285715
2713,14623.547187499998
2714,0.0
2715,4080.2795
2716,1227.2546125000001
2717,87.85722312499999
2718,4635.0482875
2719,186.66899999999998
2720,5501.03063
2721,7663.31465
2722,563.44403375
2723,34212.18516666667
2724,5125.0371
2725,359.35411
2726,20177.9006625
2727,0.0
2728,19205.6955375
2729,748.9902142857144
2730,1191.3113333333333
2731,20578.215666666667
2732,0.0
2733,0.0
2734,12059.0586625
2735,14346.970500000001
2736,42320.1445
2737,0.0
2738,0.0
2739,34599.92662499999
2740,11557.1285125
2741,11.544059500000001
2742,4270.7728
2743,448.56176500000004
2744,10369.680587500001
2745,27543.514662499998
2746,648160.2433333333
2747,528.8155139999999
2748,21887.223794499998
2749,0.0
2750,0.0
2751,0.0
2752,0.0
2753,0.0
2754,0.0
2755,0.0
2756,2187.104718714286
2757,0.0
2758,0.0
2759,335.3665375
2760,0.0
2761,2302.2019142857143
2762,0.0
2763,8160.198775
2764,14174.777875
2765,981.3208000000001
2766,2650.0206
2767,361.60324714285713
2768,16329.554
2769,0.0
2770,0.0
2771,109576.58499999999
2772,0.0
2773,0.0
2774,0.0
2775,0.0
2776,0.0
2777,851.96005
2778,0.0
2779,3481.3823775
2780,9274.875566666666
2781,0.0
2782,6104.99945
2783,469.55900375
2784,0.0
2785,2175.0
2786,12901.094449999999
2787,0.0
2788,720.5023914285714
2789,3400.8396540000003
2790,0.0
2791,10923.817214285713
2792,1397.25
2793,0.0
2794,0.0
2795,0.0
2796,0.0
2797,0.0
2798,0.0
2799,4102.641771428572
2800,0.0
2801,773.419425
2802,76.24900000000001
2803,40809.3144
2804,0.0
2805,0.0
2806,3948.7725666666665
2807,23833.991199999997
2808,37598.15598375
2809,1125.7758191666667
2810,3766.4236571428564
2811,3968.3839687499994
2812,11392.829717500003
2813,2690.466645
2814,6616.5320950000005
2815,98.56585600000001
2816,0.0
2817,0.0
2818,10060.7672875
2819,4072.25
2820,816.6165000000001
2821,0.0
2822,6964.752300000001
2823,5758.677347142858
2824,0.0
2825,7574.0884
2826,0.0
2827,8134.3138875
2828,0.0
2829,0.0
2830,0.0
2831,5717.093000000001
2832,75.78230500000001
2833,0.0
2834,0.0
2835,0.0
2836,6541.464942857143
2837,495.5225
2838,0.0
2839,1133.1121747000002
2840,0.0
2841,489.3483475
2842,0.0
2843,4357.472900000001
2844,0.0
2845,3048.2424499999997
2846,0.0
2847,0.0
2848,6362.537417500001
2849,1347.1355514285715
2850,1375.79594
2851,3820.7993914285717
2852,0.0
2853,9148.083875
2854,0.0
2855,0.0
2856,3102.0089725
2857,13053.648500000001
2858,0.0
2859,27070.890450000003
2860,0.0
2861,0.0
2862,7972.666666666667
2863,984.32209
2864,8422.6173625
2865,4241.035429875
2866,0.0
2867,0.0
2868,101.05527333333333
2869,3441.048428571429
2870,6319.8941125
2871,13599.037688
2872,6129.607500000001
2873,0.0
2874,0.0
2875,0.0
2876,0.0
2877,3900.7439875
2878,1944.3184375
2879,923.7369383333333
2880,3547.3389285714284
2881,0.0
2882,34012.9986875
2883,84.8324425
2884,0.0
2885,2467.81794625
2886,0.0
2887,0.0
2888,9613.163320000001
2889,0.0
2890,0.0
2891,0.0
2892,18703.3987
2893,0.0
2894,260.38706666666667
2895,0.0
2896,356.8338714285714
2897,2839.61766
2898,0.0
2899,2262.1077575
2900,0.0
2901,7585.406499999999
2902,5669.781733333334
2903,0.0
2904,0.0
2905,0.0
2906,3040.514932
2907,0.0
2908,50382.6812625
2909,46103.53125
2910,0.0
2911,0.0
2912,11253.9328025
2913,0.0
2914,0.0
2915,14708.20775
2916,0.0
2917,0.0
2918,511.84755
2919,4910.304266666667
2920,3091.2629333333334
2921,3054.468966666667
2922,11029.333333333334
2923,0.0
2924,0.0
2925,0.0
2926,0.0
2927,0.0
2928,874.2751471428572
2929,7220.2423666666655
2930,3790.5005375
2931,0.0
2932,761.9450471428572
2933,1921.29875
2934,5357.9240075
2935,0.0
2936,0.0
2937,0.0
2938,5157.899628571429
2939,0.0
2940,3905.8712875
2941,0.0
2942,6508.385700000001
2943,622.1021566666666
2944,24391.286242857142
2945,3596.8405214285713
2946,1155.623475
2947,107.50681999999999
2948,525.14155
2949,105.88965333333334
2950,96.00361666666667
2951,0.0
2952,9678.881625
2953,1941.0794
2954,1362.06595
2955,0.0
2956,0.0
2957,0.0
2958,461.0596
2959,3210.9351833333335
2960,0.0
2961,3290.7800125000003
2962,15423.492833333336
2963,0.0
2964,14258.28
2965,5828.269839999999
2966,0.0
2967,372.03182000000004
2968,0.0
2969,0.0
2970,3101.6580728571425
2971,747.5139542857144
2972,1821.4961999999998
2973,0.0
2974,0.0
2975,2947.6188857142856
2976,0.0
2977,562.0223428571428
2978,9011.608843333333
2979,0.0
2980,367.12626
2981,0.0
2982,0.0
2983,0.0
2984,0.0
2985,0.0
2986,85.18505
2987,6190.5238375
2988,0.0
2989,3941.0
2990,6314.259662500001
2991,15583.1292
2992,0.0
2993,845.4743024999999
2994,7606.194983333334
2995,0.0
2996,0.0
2997,4121.9353949999995
2998,670.7702116666667
2999,9989.3289
3000,0.0
3001,4208.9781125
3002,0.0
3003,5244.2852
3004,3486.409042857143
3005,6856.7174875
3006,0.0
3007,2.34699855
3008,0.0
3009,80117.28866666667
3010,855.59511125
3011,5405.332766666666
3012,3528.736325714286
3013,9363.712957142858
3014,0.0
3015,0.0
3016,5415.9186
3017,0.0
3018,12081.878571428571
3019,7989.568824999999
3020,676.6607280000001
3021,0.0
3022,0.0
3023,0.0
3024,0.0
3025,0.0
3026,18898.3844
3027,0.0
3028,2168.0796124999997
3029,0.0
3030,4150.571428571428
3031,0.0
3032,1805.4269814285713
3033,7666.1345825
3034,0.0
3035,965.3095436666667
3036,0.0
3037,950.9143228571429
3038,0.0
3039,0.0
3040,1644.0
3041,0.0
3042,0.0
3043,836.6990617714285
3044,0.0
3045,0.0
3046,0.0
3047,0.0
3048,0.0
3049,0.0
3050,0.0
3051,0.0
3052,0.0
3053,3888.6666666666665
3054,0.0
3055,21674.45
3056,367.75103057142854
3057,2090.0893725
3058,0.0
3059,41.918620000000004
3060,37083.470499999996
3061,0.0
3062,7368.957311428572
3063,0.0
3064,1449.2655857142856
3065,0.0
3066,3249.8965000000003
3067,5432.123566666666
3068,2802.40481375
3069,0.0
3070,3094.0560120000005
3071,848.3743650000001
3072,0.0
3073,6335.62775
3074,11301.752714285714
3075,834.1700000000001
3076,5597.326666666667
3077,229.70442333333335
3078,1627.2204857142858
3079,1432.844006666667
3080,2006.6008185714288
3081,5571.427874999999
3082,1833.8137199999999
3083,0.0
3084,0.0
3085,4319.484416666667
3086,2193.0
3087,6620.8928000000005
3088,0.0
3089,4708.367655
3090,5677.0
3091,4021.080683333333
3092,0.0
3093,24971.24735
3094,95.69465000000001
3095,0.0
3096,0.0
3097,0.0
3098,2800.2359500000002
3099,1014.9864725
3100,0.0
3101,335.05216874999996
3102,0.0
3103,2243.06024125
3104,3817.9054
3105,398.44879833333334
3106,2460.328861428571
3107,422.4470475
3108,252.70551833333334
3109,0.0
3110,0.0
3111,854.544507142857
3112,8866.47054
3113,824.0948709428573
3114,0.0
3115,232.98566
3116,10868.365808333334
3117,19118.7425
3118,284.45911571428576
3119,0.0
3120,0.0
3121,0.0
3122,0.0
3123,3287.3333333333335
3124,0.0
3125,7234.835875
3126,0.0
3127,0.0
3128,1363.8722116666665
3129,438.38390000000004
3130,99.9128625
3131,952.834125
3132,6351.776825
3133,0.0
3134,0.0
3135,74.85995966666667
3136,809.25
3137,957.93352875
3138,0.0
3139,3988.3333333333335
3140,4675.160162499999
3141,10546.4771875
3142,0.0
3143,4988.488316250001
3144,5195.82549
3145,0.0
3146,0.0
3147,15091.6938375
3148,25414.05525
3149,0.0
3150,0.0
3151,0.0
3152,52.687091249999995
3153,0.0
3154,0.0
3155,2906.13443875
3156,13654.032500000001
3157,0.0
3158,1550.7632666666666
3159,0.0
3160,1736.9056624999998
3161,0.0
3162,0.0
3163,0.0
3164,974.0140250000001
3165,0.0
3166,169.98832857142858
3167,0.0
3168,0.0
3169,5261.919428571428
3170,0.0
3171,742.2857142857143
3172,538.4701412499999
3173,566.19732
3174,0.0
3175,12323.451738333335
3176,57.551615
3177,0.0
3178,0.0
3179,2352.49454625
3180,0.0
3181,1145.0166000000002
3182,6589.509685
3183,0.0
3184,0.0
3185,1694.4982864285714
3186,957.7907862500001
3187,0.0
3188,40028.242333333335
3189,6579.0
3190,0.0
3191,2714.3333333333335
3192,33358.6781875
3193,5926.910919999999
3194,7196.032657142858
3195,2387.8550999999998
3196,5187.441725000001
3197,14224.3275
3198,0.0
3199,8623.4656125
3200,0.0
3201,84.7495125
3202,0.0
3203,0.0
3204,6698.99336
3205,6143.03636
3206,167.34704285714287
3207,72843.2492857143
3208,3314.8066125
3209,12620.870575
3210,0.0
3211,0.0
3212,3769.562292
3213,4922.00224
3214,1497.005975
3215,14402.781485714286
3216,483.3437125
3217,2918.4970166666667
3218,0.0
3219,0.0
3220,0.0
3221,14770.997383333333
3222,0.0
3223,15276.227999999997
3224,13309.964625000002
3225,30224.709875
3226,2291.1480125
3227,3892.646875
3228,0.0
3229,5659.919528571429
3230,0.0
3231,5650.7873875000005
3232,836.71054875
3233,0.0
3234,18858.754249999998
3235,2364.7685600000004
3236,49.069835250000004
3237,0.0
3238,5715.124899999999
3239,0.0
3240,3286.6666666666665
3241,7207.547500000001
3242,3145.218675
3243,283.2005325
3244,0.0
3245,750.5712857142856
3246,0.0
3247,0.0
3248,0.0
3249,1560.269525
3250,3125.8857000000003
3251,0.0
3252,15.772027142857143
3253,62820.26857142857
3254,21202.51325
3255,0.0
3256,0.0
3257,834.8663
3258,0.0
3259,6582.1818
3260,536.827795
3261,0.0
3262,2666.42119
3263,0.0
3264,1482.9976625000002
3265,0.0
3266,0.0
3267,280.559050875
3268,0.0
3269,219.54977499999998
3270,0.0
3271,0.0
3272,47206.295333333335
3273,3736.5730999999996
3274,34.03028866666667
3275,0.0
3276,113433.496
3277,246.44638875
3278,11848.992800000002
3279,554.203642
3280,0.0
3281,1649.40125
3282,658.2794342857143
3283,0.0
3284,878.25041
3285,172359.33437499998
3286,1059.0780995000002
3287,0.0
3288,0.0
3289,15544.61225
3290,5224.54815
3291,0.0
3292,0.0
3293,22529.772166666666
3294,0.0
3295,990.7486625
3296,0.0
3297,0.0
3298,0.0
3299,4560.8756
3300,11090.398449999999
3301,726.6826299999999
3302,0.0
3303,1772.6803300000001
3304,2775.43806
3305,2593.667785
3306,0.0
3307,9687.867337499998
3308,2692.7000666666668
3309,796.53323
3310,0.0
3311,0.0
3312,0.0
3313,0.0
3314,3223.7293650000006
3315,18511.8775
3316,475.6326000000001
3317,0.0
3318,1346.0
3319,462.5833175
3320,1622.0
3321,0.0
3322,6276.432500000001
3323,0.0
3324,36431.144374999996
3325,790.95673875
3326,0.0
3327,6535.804978571429
3328,0.0
3329,813.1367925000001
3330,10234.438414285714
3331,2337.3353857142856
3332,730.4457299999999
3333,2134.846
3334,2068.75
3335,2895.7175428571427
3336,4678.074433333333
3337,477.39699
3338,0.0
3339,0.0
3340,0.0
3341,0.0
3342,219.51523333333333
3343,0.0
3344,0.0
3345,0.0
3346,0.0
3347,217650.875
3348,0.0
3349,27769.820924999996
3350,11840.820050000002
3351,2644.3070325
3352,1440.7523150000002
3353,0.0
3354,1571.1985525000002
3355,35738.931125
3356,845.8439000000001
3357,55.9264
3358,0.0
3359,1370.6360857142859
3360,1417.6701028571429
3361,8577.15425
3362,463.50357333333335
3363,16607.80255
3364,0.0
3365,0.0
3366,0.0
3367,8981.810666666666
3368,0.4
3369,810.5016999999999
3370,191017.304375
3371,127.27801333333336
3372,0.0
3373,37708.49716666666
3374,21213.797
3375,21389.0115
3376,0.0
3377,0.0
3378,693.0323966666666
3379,1600.105459
3380,0.0
3381,0.0
3382,0.0
3383,0.0
3384,5366.4719000000005
3385,3739.3835
3386,815.48442875
3387,0.0
3388,2674.7726
3389,145082.80375
3390,0.0
3391,6234.0
3392,0.0
3393,875.775728
3394,10962.226564999999
3395,8833.794300000001
3396,0.0
3397,0.0
3398,2214.9736325
3399,8703.552
3400,3581.2889250000003
3401,17324.666500000003
3402,6817.382299999999
3403,700.3636166666666
3404,18832.023042857145
3405,2193.0
3406,2512.57796
3407,0.0
3408,11315.029691428572
3409,8528.97385
3410,0.0
3411,2843.4842249999997
3412,0.0
3413,0.0
3414,0.0
3415,10306.941981249998
3416,0.0
3417,12418.23747142857
3418,91.61579666666667
3419,4333.30910375
3420,7108.463749999999
3421,13997.214500000002
3422,6571.054510000001
3423,2054.0038
3424,0.0
3425,0.0
3426,27788.98566666667
3427,0.0
3428,0.0
3429,0.0
3430,0.0
3431,2726.418394
3432,2234.360777142857
3433,0.0
3434,19906.0705
3435,0.0
3436,1612.5402116666667
3437,9449.474375
3438,1245.907422
3439,0.0
3440,3724.52495
3441,0.0
3442,0.0
3443,0.0
3444,0.0
3445,10505.958149999999
3446,0.0
3447,3971.78398
3448,4101.421988571428
3449,53952.951
3450,40121.282
3451,0.0
3452,2566.430725
3453,342.89386
3454,1590.07115
3455,0.0
3456,517.6499057142856
3457,1525.37214
3458,24379.815749999998
3459,1151.9171425
3460,27019.862500000003
3461,0.0
3462,0.0
3463,219.45921657142858
3464,0.0
3465,0.0
3466,2221.4087000000004
3467,0.0
3468,6271.45435
3469,0.0
3470,2146.53329
3471,879.8729483333333
3472,236.36278249999998
3473,166.29433999999998
3474,0.0
3475,9712.9413
3476,0.0
3477,157.68434283333335
3478,0.0
3479,0.0
3480,13.045695
3481,0.0
3482,3965.1297825
3483,0.0
3484,0.0
3485,5982.336485714287
3486,8040.1166142857155
3487,0.0
3488,316.8008233333333
3489,0.0
3490,239970.19624999998
3491,22683.492874999996
3492,6189.4475625
3493,11294.835374999999
3494,5275.99922875
3495,0.0
3496,2697.1379037500005
3497,7867.284716666666
3498,5596.725455
3499,24957.12825
3500,4225.25
3501,10220.333333333334
3502,545.2756899999999
3503,0.0
3504,18788.822714285714
3505,5628.492323333333
3506,8548.15
3507,8450.5814375
3508,732.05002
3509,9786.036500000002
3510,0.0
3511,6281.395314285714
3512,142792.39479999998
3513,0.0
3514,5754.369825000001
3515,0.0
3516,553.8769371428572
3517,62841.33925
3518,273137.17125
3519,0.0
3520,0.0
3521,3458.0549525
3522,17931.404394999998
3523,0.0
3524,0.0
3525,3410.5016600000004
3526,0.0
3527,2688.1259999999997
3528,0.0
3529,3136.504583333333
3530,63.92770166666666
3531,10500.22286
3532,458.556115
3533,0.0
3534,9623.752415
3535,6860.7285875
3536,7030.52785
3537,0.0
3538,761.3762714285714
3539,6999.4799025
3540,19687.6866875
3541,0.0
3542,3286.045016666667
3543,0.0
3544,0.0
3545,7793.12825
3546,2128.6774575
3547,2787.7414933333334
3548,3304.8983499999995
3549,0.0
3550,478.40861
3551,0.0
3552,6367.9901125
3553,1696.861825
3554,743.71186
3555,1273.079675
3556,1780.95773
3557,0.0
3558,50751.17925
3559,14211.982942857141
3560,13863.3734
3561,0.0
3562,2742.7075
3563,62816.617
3564,5210.851275714286
3565,1966.2475285714286
3566,0.0
3567,0.0
3568,0.0
3569,926.6151
3570,517.8408116666666
3571,14657.517142857145
3572,3528.2983
3573,394.6749766666667
3574,0.0
3575,3205.4285714285716
3576,881.2664285714285
3577,293168.84375
3578,7034.032528571429
3579,2467.3812166666667
3580,0.0
3581,994.31602
3582,0.0
3583,0.0
3584,0.0
3585,8551.37726
3586,0.0
3587,0.0
3588,0.0
3589,0.0
3590,0.0
3591,0.0
3592,0.0
3593,971.8387500000001
3594,0.0
3595,2510.6806500000002
3596,11748.625
3597,0.0
3598,0.0
3599,20.88320416666667
3600,5604.593962499999
3601,8262.602666666668
3602,7445.054937499999
3603,10778.34375
3604,230.42237999999998
3605,969.3493333333332
3606,1048.6249716666666
3607,560.72006
3608,3426.6206714285718
3609,1386.2795999999998
3610,0.0
3611,0.0
3612,6729.768875
3613,27011.323375
3614,0.0
3615,2833.3493375
3616,6315.86900375
3617,13.935913
3618,8796.318533333333
3619,0.0
3620,3694.5107875000003
3621,1389.4336137500002
3622,0.0
3623,5609.5
3624,48384.03966666667
3625,11447.525000000001
3626,0.0
3627,0.0
3628,2069.9735433333335
3629,0.0
3630,3204.481466666666
3631,0.0
3632,0.0
3633,81970.86666666665
3634,0.0
3635,0.0
3636,18641.2815
3637,4132.0683575
3638,0.0
3639,0.0
3640,0.0
3641,0.0
3642,15827.529999999999
3643,0.0
3644,0.0
3645,752.6851449999999
3646,0.0
3647,237.67215750000003
3648,5278.88117875
3649,4512.769928571429
3650,346.7988833333333
3651,0.0
3652,6356.8017500000005
3653,4692.936374999999
3654,8019.910187500001
3655,822.5680602285714
3656,9.1041794
3657,0.0
3658,0.0
3659,0.0
3660,84278.989
3661,205.76541999999998
3662,1038.89046
3663,2843.8407666666667
3664,0.0
3665,0.0
3666,0.0
3667,1441.525993857143
3668,8820.688774999999
3669,0.0
3670,0.0
3671,337991.12625000003
3672,7674.728557142857
3673,54546.08125
3674,17207.4197
3675,1677.1605499999998
3676,5162.0304875
3677,4775.951664285714
3678,1594.3342499999999
3679,0.0
3680,0.0
3681,35832.505321250006
3682,8125.52745
3683,0.0
3684,1464.1530542857145
3685,1795.3716275
3686,53728.275
3687,0.0
3688,5207.8360625
3689,1863.0
3690,670.8557833333334
3691,0.0
3692,0.0
3693,0.0
3694,3474.446357142857
3695,0.0
3696,3308.9583812499995
3697,816.5051816666668
3698,0.0
3699,21606.24775
3700,0.0
3701,0.0
3702,0.0
3703,0.0
3704,0.0
3705,0.0
3706,53.437394857142856
3707,1272.737174
3708,11452.35905
3709,15222.561125
3710,0.0
3711,0.0
3712,0.0
3713,0.0
3714,0.0
3715,1491.45133375
3716,0.0
3717,26348.391000000003
3718,175.30852736666668
3719,142789.878
3720,17476.1835
3721,129949.88666666666
3722,0.0
3723,0.0
3724,242.64113072857143
3725,0.0
3726,30812.600749999998
3727,36552.14000000001
3728,0.0
3729,0.0
3730,34.26188166666667
3731,0.0
3732,12196.304562500001
3733,33757.04204285714
3734,224.2868357142857
3735,3404.256983333334
3736,3863.804806666667
3737,0.0
3738,0.0
3739,0.0
3740,0.0
3741,0.0
3742,2812.6643500000005
3743,9219.28689
3744,17708.335366666666
3745,810.6719666666667
3746,0.0
3747,182.89193333333333
3748,440.44784
3749,159.59803666666667
3750,3910.4296833333333
3751,4123.40409125
3752,31494.343549999998
3753,2493.6
3754,3748.0
3755,633.751388
3756,53151.986625
3757,4965.81200625
3758,1935.0895249999999
3759,1119.0010525
3760,0.0
3761,0.0
3762,17430.5696
3763,0.0
3764,553.52278
3765,261.70095
3766,402.92714
3767,8683.5339375
3768,546.1260237500001
3769,0.0
3770,726.9631237499999
3771,0.0
3772,0.0
3773,0.0
3774,0.0
3775,1449.4276428571427
3776,264.4062666666667
3777,0.0
3778,0.0
3779,1738.203967142857
3780,448.55340000000007
3781,0.0
3782,3340.3704949999997
3783,0.0
3784,0.0
3785,651.539115
3786,4024.2994575
3787,0.0
3788,0.0
3789,0.0
3790,16539.314333333336
3791,1537.8699757142856
3792,914.1994559999999
3793,797.5440400000001
3794,15153.32255
3795,0.0
3796,5106.9355
3797,817.23164625
3798,12157.9957
3799,737.6644
3800,0.0
3801,2778.1788650000003
3802,0.0
3803,475.28962875
3804,542.6161357142856
3805,24047.772000000004
3806,14425.358212500001
3807,12171.239925
3808,7230.9711800000005
3809,4121.5323499999995
3810,0.0
3811,2019.7156249999998
3812,0.0
3813,3379.94144125
3814,787.36165
3815,0.0
3816,5573.416499999999
3817,0.0
3818,862.52305
3819,1365.9236250000001
3820,0.0
3821,1516.55412625
3822,2056.6304625
3823,623.3803575000001
3824,61.10956516666668
3825,13686.915599999998
3826,10396.677285714284
3827,0.0
3828,3809.0854
3829,230.92530374999998
3830,13002.247000000001
3831,5746.025575
3832,149.1936725
3833,1583.118
3834,2011.1104
3835,0.0
3836,0.0
3837,0.0
3838,3551.5649750000002
3839,4450.9700125
3840,7047.202674999999
3841,0.0
3842,0.0
3843,0.0
3844,11937.739
3845,11822.1430625
3846,4450.231257142857
3847,0.0
3848,66.17863166666666
3849,1913.801625
3850,0.0
3851,16021.2352875
3852,0.0
3853,15991.219700000003
3854,0.0
3855,2942.3857749999997
3856,1202.116325
3857,17.097916666666666
3858,0.0
3859,3120.3653428571424
3860,0.0
3861,0.0
3862,4281.2537875
3863,556.1143883333333
3864,2257.744708375
3865,1269.86126875
3866,0.0
3867,31669.38233333333
3868,1441.7274333333335
3869,0.0
3870,4028.5898375
3871,14918.098750000001
3872,305.292418
3873,1552.535225
3874,0.0
3875,1037.619175
3876,9604.802800000001
3877,1053.5587085714285
3878,0.0
3879,0.0
3880,13821.584600000002
3881,0.0
3882,103.27651666666668
3883,123.00752000000001
3884,58752.997
3885,14864.364000000001
3886,158.223625
3887,1556.866532
3888,0.2857142857142857
3889,912.6878483333334
3890,0.0
3891,0.0
3892,0.0
3893,0.0
3894,0.0
3895,19089.538657142857
3896,0.0
3897,0.0
3898,1080.8442028571428
3899,684.6249883333334
3900,1204.574
3901,4201.184483333333
3902,125.75586000000001
3903,7659.590028571429
3904,0.0
3905,1611.5891371428572
3906,0.0
3907,0.0
3908,5729.6105875
3909,8456.31357142857
3910,0.0
3911,0.0
3912,10131.13945
3913,0.0
3914,0.0
3915,8266.493812499999
3916,7719.4486375
3917,1122.6488242857145
3918,733.6604000000001
3919,66586.050625
3920,1181.882848
3921,3080.0
3922,481.5057357142858
3923,61963.848
3924,7429.14103375
3925,0.0
3926,38.085505714285716
3927,0.0
3928,0.0
3929,0.0
3930,8673.78799875
3931,0.0
3932,6377.263362499999
3933,879.0385428571428
3934,12875.0624
3935,0.0
3936,0.0
3937,17306.6105
3938,1015.2641793749999
3939,5585.19945
3940,0.0
3941,0.0
3942,0.0
3943,13259.2537375
3944,1703.64597625
3945,20359.1035
3946,585.2237752857143
3947,3807.04096
3948,52009.81016666667
3949,0.0
3950,0.0
3951,169384.28000000003
3952,0.0
3953,1943.6660000000002
3954,2496.0504
3955,128.09888999999998
3956,43779.297
3957,0.0
3958,0.0
3959,0.0
3960,0.0
3961,2612.6555475
3962,15.116644142857142
3963,9149.061833333335
3964,0.0
3965,0.0
3966,382.499515
3967,37120.87066666666
3968,7294.589333333334
3969,6453.7451125
3970,0.0
3971,12669.876806250002
3972,4972.144341249999
3973,7930.58325
3974,49989.15971428571
3975,3624.3727375
3976,70733.97742857142
3977,1055.6763999999998
3978,4939.03865
3979,717.4041266666667
3980,117.76518000000002
3981,1213.9219628571427
3982,0.0
3983,8520.697839999999
3984,18818.32075
3985,4640.687685
3986,0.0
3987,0.0
3988,17812.809625
3989,19966.229325
3990,0.0
3991,9605.919783333333
3992,2678.990025
3993,17983.699833333332
3994,20291.958925
3995,58897.829
3996,0.0
3997,0.0
3998,0.0
3999,439.91537666666665
4000,142.5588
4001,1216.4633975
4002,9603.140025
4003,3903.7707375
4004,0.0
4005,1334.4483333333335
4006,710.4898666666667
4007,9016.891000000001
4008,0.0
4009,0.0
4010,0.0
4011,0.0
4012,0.0
4013,19572.104
4014,0.0
4015,0.0
4016,0.0
4017,0.0
4018,0.0
4019,1573.739475
4020,0.0
4021,1427.6010428571428
4022,3674.1726000000003
4023,0.0
4024,0.0
4025,1362.927
4026,2210.8105
4027,5436.0185624999995
4028,5011.428571428572
4029,2118.59489
4030,0.0
4031,0.0
4032,0.0
4033,33406.0604625
4034,0.0
4035,0.0
4036,0.0
4037,1486.4141199999997
4038,125.92818857142856
4039,0.0
4040,12651.286144999998
4041,1422.5591259999999
4042,0.0
4043,3725.9002499999997
4044,4151.698600000001
4045,0.0
4046,505.752636
4047,0.0
4048,6442.549201999999
4049,10054.9945
4050,6497.908675
4051,0.0
4052,2317.1797183333333
4053,169.982831875
4054,522911.73571428575
4055,0.0
4056,0.0
4057,0.0
4058,0.0
4059,0.0
4060,8843.6191375
4061,0.0
4062,3484.6760062500007
4063,3981.3118
4064,0.0
4065,430.2261
4066,0.0
4067,2922.64129
4068,12287.096333333333
4069,0.0
4070,2767.8708625
4071,0.0
4072,0.0
4073,0.0
4074,12142.061657142858
4075,651.815
4076,4801.822657142858
4077,2857.200532857143
4078,8827.054225
4079,0.0
4080,0.0
4081,0.0
4082,1671.0219500000003
4083,10.512559285714287
4084,0.0
4085,2091.76735125
4086,0.0
4087,1002.7769866666666
4088,0.0
4089,11079.737375
4090,12748.862374999999
4091,502.88858
4092,796.2364616666667
4093,3337.9304599999996
4094,2889.5098325
4095,0.0
4096,32148.599837499998
4097,7558.225000000001
4098,1439.1539074285715
4099,2172.211232
4100,0.0
4101,958.3437683333333
4102,6374.94585
4103,18212.940166666667
4104,0.0
4105,3174.63802875
4106,0.0
4107,23807.3965875
4108,121.50414799999999
4109,0.0
4110,30.28892
4111,0.0
4112,282.32483499999995
4113,5803.653249999999
4114,0.0
4115,4835.042125
4116,5179.73215375
4117,3281.69874
4118,15000.089333333332
4119,0.0
4120,9426.513664375
4121,1588.8640714285716
4122,3810.63374375
4123,10709.18332
4124,902.1779471428571
4125,867.9480520000001
4126,0.0
4127,0.0
4128,421.04848
4129,0.0
4130,0.0
4131,3386.793725
4132,2704.786925
4133,8503.494
4134,10929.246083333332
4135,0.0
4136,0.0
4137,6856.686999999999
4138,0.0
4139,18714.6646
4140,13658.617525
4141,0.0
4142,18150.697757142858
4143,0.0
4144,0.0
4145,51.10629333333333
4146,0.0
4147,18713.2055
4148,0.0
4149,0.0
4150,153.30763666666667
4151,0.0
4152,28399.821799999998
4153,12164.4
4154,4031.8003
4155,6592.29721625
4156,1157.41574
4157,8.2809925
4158,1069.5611414285715
4159,0.0
4160,0.0
4161,13951.71957475
4162,336.65960333333334
4163,0.0
4164,0.0
4165,0.0
4166,4233.565099999999
4167,0.0
4168,583.9662485714287
4169,0.0
4170,0.0
4171,9853.485340000001
4172,23383.286275000002
4173,2689.4098
4174,0.0
4175,0.0
4176,0.0
4177,0.0
4178,0.0
4179,0.0
4180,4048.057228571429
4181,0.0
4182,9198.36505
4183,0.0
4184,9012.536025
4185,0.0
4186,0.0
4187,1352.701638625
4188,112.5257925
4189,10427.52345
4190,10410.1895
4191,0.0
4192,6966.6255
4193,0.0
4194,0.0
4195,2038.9309600000001
4196,0.0
4197,2648.5365333333334
4198,0.0
4199,109.44680500000001
4200,0.0
4201,0.0
4202,5780.529333333333
4203,4956.267204
4204,0.0
4205,10202.150047499998
4206,152.69295000000002
4207,0.0
4208,0.0
4209,3713.70074
4210,0.0
4211,4691.7622
4212,5036.813491666667
4213,3075.324575
4214,2789.9837833333336
4215,481.6841833333333
4216,0.0
4217,0.0
4218,10445.1603
4219,14949.73025
4220,574.2145
4221,0.0
4222,11965.432649999999
4223,4152.822114285715
4224,24669.235
4225,16313.380333333334
4226,0.0
4227,222.04671499999998
4228,0.0
4229,2307.64795
4230,759.6187333333334
4231,0.0
4232,0.0
4233,0.0
4234,16409.491162500002
4235,3951.7157225
4236,0.0
4237,0.0
4238,1093.2425166666667
4239,6641.925778571429
4240,736.05052
4241,15928.347575
4242,0.0
4243,1488.971195
4244,7876.0
4245,2169.2903871428566
4246,0.0
4247,3086.14941375
4248,87041.65928571428
4249,902.7339375714284
4250,10094.88616875
4251,0.0
4252,1761.6379375
4253,6193.297350000001
4254,619.3772
4255,4407.97155
4256,0.0
4257,794.1497333333333
4258,6606.6597125
4259,180.50211799999997
4260,992.4622633333332
4261,23711.806125
4262,220.3057142857143
4263,7421.965399999999
4264,8145.357299999999
4265,0.0
4266,0.0
4267,0.0
4268,11397.046
4269,3501.714285714286
4270,0.0
4271,0.0
4272,2136.7789587499997
4273,0.0
4274,3920.6243833333333
4275,0.0
4276,97.86712
4277,12451.931833333334
4278,954.9388142857143
4279,234.32580000000002
4280,9805.443500000001
4281,2331.6096199999997
4282,1616.622675
4283,0.0
4284,9796.045857142857
4285,0.0
4286,8765.813774999999
4287,85721.604
4288,0.0
4289,0.0
4290,621.0715714285715
4291,6236.80175
4292,8494.6110125
4293,3358.6104025
4294,992.590912
4295,1549.85271625
4296,0.0
4297,101.25259375
4298,1959.11765
4299,21216.847250000006
4300,3326.213030333334
4301,0.0
4302,0.0
4303,0.0
4304,856.04687
4305,9328.62585
4306,0.0
4307,0.0
4308,14058.919
4309,0.0
4310,0.0
4311,0.0
4312,1810.1830457142858
4313,0.0
4314,0.0
4315,17379.756242857144
4316,6723.93991875
4317,1034.6182714285715
4318,10265.709558749999
4319,107.514305
4320,0.0
4321,0.0
4322,0.0
4323,3694.0376142857144
4324,0.0
4325,54.875815714285714
4326,0.0
4327,0.0
4328,79.68059833333334
4329,3390.71696625
4330,1089.569175
4331,1230.9279833333333
4332,22346.0665
4333,0.0
4334,0.0
4335,0.0
4336,0.0
4337,1877.4693214285712
4338,29285.093457142855
4339,2337.7342142857146
4340,1640.405657142857
4341,0.0
4342,0.0
4343,19890.558399999998
4344,0.0
4345,0.0
4346,974.9618174999998
4347,9231.470508571429
4348,0.0
4349,3742.1167428571425
4350,19300.2472625
4351,35767.684625
4352,99002.99587500001
4353,45292.9095
4354,0.0
4355,0.0
4356,0.0
4357,15907.90975
4358,0.0
4359,572.44436
4360,0.0
4361,0.0
4362,23397.7236875
4363,0.0
4364,0.0
4365,2457.5080405
4366,30236.34575
4367,4385.294828571428
4368,0.0
4369,1796.2407571428573
4370,0.0
4371,0.0
4372,0.0
4373,14266.530428571426
4374,0.0
4375,0.0
4376,28242.734875000002
4377,0.0
4378,0.0
4379,1243.2228516666667
4380,0.0
4381,3117.0
4382,0.0
4383,0.0
4384,26813.747950000004
4385,34669.876125
4386,5446.431610000001
4387,5557.3911333333335
4388,0.0
4389,10061.817242857142
4390,0.0
4391,1677.504645
4392,0.0
4393,8160.353539999999
4394,0.0
4395,0.0
4396,2493.349785714286
4397,15.017691666666666
4398,3194.9731087500004
4399,5226.059385714286
4400,11759.837999999998
4401,14206.436049999998
4402,0.0
4403,42056.405000000006
4404,0.0
4405,146.93195666666668
4406,7042.658
4407,0.0
4408,484.93253
4409,47158.13
4410,0.0
4411,3502.1714628571426
4412,0.0
4413,0.0
4414,165.26883125
4415,3916.3333333333335
4416,395.0464075
4417,4475.624725
4418,759.51304
4419,4946.833666666666
4420,853.9456342857142
4421,68098.64883333334
4422,0.0
4423,6579.0
4424,2706.909376666667
4425,0.0
4426,2748.986571428571
4427,1360.7943666666667
4428,0.0
4429,5902.814785714286
4430,3970.7448875
4431,0.0
4432,0.0
4433,317.44593571428567
4434,0.0
4435,11220.17942857143
4436,9764.863487499999
4437,1963.9897233333334
4438,1439.9521
4439,32904.2797125
4440,303.8069175
4441,1103.24772375
4442,12810.880166666668
4443,0.0
4444,8249.423214285714
4445,273.80177000000003
4446,975.5154783333334
4447,19372.345875
4448,170.11417
4449,291.35472285714286
4450,1017.8649075000001
4451,0.0
4452,310.33169
4453,7366.84565
4454,29861.0005
4455,1510.6822149999998
4456,0.0
4457,4076.653333333333
4458,0.0
4459,3090.80301875
4460,10308.382166666668
4461,7719.156975
4462,0.0
4463,0.0
4464,5808.7569875
4465,21027.23
4466,4245.714285714285
4467,2494.3748428571425
4468,0.0
4469,0.0
4470,0.0
4471,10032.442000000001
4472,4454.608679999999
4473,0.0
4474,92147.68099999998
4475,0.0
4476,6101.390333333334
4477,6910.6351
4478,6316.374666666667
4479,36.587162
4480,9562.439633333333
4481,21242.73786
4482,42445.189249999996
4483,0.0
4484,0.0
4485,0.0
4486,0.0
4487,12352.5255
4488,0.0
4489,10478.0058
4490,151.61640785714286
4491,2935.7586
4492,0.0
4493,0.0
4494,0.0
4495,0.0
4496,32.864987
4497,20.1053175
4498,0.0
4499,1272.2452799999999
4500,0.0
4501,0.0
4502,54345.71683333333
4503,0.0
4504,505.0930342857143
4505,3728.3608999999997
4506,3874.14139375
4507,0.0
4508,1840.9251449999997
4509,17915.326
4510,4409.559725
4511,0.0
4512,0.0
4513,1105.5952285714286
4514,0.0
4515,6374.42765
4516,8211.845059999998
4517,214.44880714285713
4518,0.0
4519,17567.957175
4520,0.0
4521,189.1152372
4522,1429.2006099999999
4523,1506.4066
4524,60.28775566666667
4525,745.7048200000002
4526,100255.259325
4527,1228.81255
4528,0.0
4529,0.0
4530,359.9563671428572
4531,0.0
4532,5537.053100000001
4533,5105.9019124999995
4534,0.0
4535,2541.6999625
4536,10961.316742857143
4537,3192.0
4538,34018.744999999995
4539,518.7696133333333
4540,2899.638186666667
4541,0.0
4542,110.09277666666667
4543,0.0
4544,13245.145499999999
4545,3339.5713
4546,35.585714
4547,0.0
4548,12604.586616666666
4549,245.8814285714286
4550,27574.069714285717
4551,10646.487625
4552,1644.0
4553,0.0
4554,15.436367142857142
4555,0.0
4556,3985.3626333333336
4557,0.0
4558,0.0
4559,3480.7358
4560,0.0
4561,0.0
4562,691.6356999999999
4563,11593.312285714284
4564,0.0
4565,12382.100687499998
4566,13789.10368
4567,1884.4532642857143
4568,0.0
4569,1351.876514
4570,0.0
4571,4621.229221428572
4572,0.0
4573,8807.6315375
4574,5130.497938571428
4575,0.0
4576,0.0
4577,4368.210625
4578,1892.498405
4579,0.0
4580,4535.0
4581,14529.784857142859
4582,2617.040483333333
4583,0.0
4584,5363.44588
4585,1057.9927548333333
4586,11855.832025
4587,0.0
4588,0.0
4589,19265.8246
4590,176.763872
4591,3117.0
4592,1110.59858
4593,3276.2973750000006
4594,740.6158049999999
4595,0.0
4596,20208.871166666668
4597,0.0
4598,0.0
4599,2335.5071428571428
4600,7388.379199999999
4601,3689.3414857142857
4602,217.0117442857143
4603,0.0
4604,0.0
4605,14366.2033125
4606,0.0
4607,0.0
4608,0.0
4609,0.0
4610,12540.245149999999
4611,2774.2369412499997
4612,0.0
4613,4716.806691666666
4614,0.0
4615,1388.7810000000002
4616,0.0
4617,0.0
4618,34475.169375000005
4619,0.0
4620,0.0
4621,0.0
4622,6327.543118571429
4623,0.0
4624,0.0
4625,13113.2052625
4626,0.0
4627,541.0718075
4628,1876.2487142857142
4629,0.0
4630,0.0
4631,13119.557
4632,987.4285714285714
4633,0.0
4634,10131.353333333333
4635,0.0
4636,21170.4943625
4637,0.0
4638,0.0
4639,206.72965833333333
4640,0.0
4641,3526.4220799999994
4642,0.0
4643,3920.3306199999993
4644,9800.1955
4645,22090.911699999997
4646,119.6551575
4647,4266.612616666666
4648,318.62742
4649,0.0
4650,30.397403333333333
4651,0.0
4652,0.0
4653,38.32322
4654,0.0
4655,6245.42225
4656,1650.9375375
4657,0.0
4658,0.0
4659,0.0
4660,8616.439137500001
4661,0.0
4662,17378.795125
4663,0.0
4664,7024.6749625
4665,0.0
4666,13228.896
4667,0.0
4668,4033.682525
4669,0.0
4670,0.0
4671,10820.353625000002
4672,19181.795000000002
4673,0.0
4674,0.0
4675,0.0
4676,0.0
4677,6225.770775000001
4678,4164.73775
4679,603.585175
4680,607.9838571428572
4681,344.2041151428571
4682,0.0
4683,6913.71735
4684,434.5158714285714
4685,4958.150485714285
4686,1931.9249428571432
4687,2514.4959125
4688,0.0
4689,0.0
4690,0.0
4691,0.0
4692,0.0
4693,5024.845797
4694,0.0
4695,0.0
4696,856.6554857142858
4697,0.0
4698,0.0
4699,0.0
4700,3557.6219875000006
4701,3466.872414285714
4702,8838.37426
4703,0.0
4704,71.54207833333334
4705,0.0
4706,1140.8233942857144
4707,0.0
4708,148.19878400000002
4709,8241.42865
4710,2230.35375
4711,0.0
4712,4262.1882125
4713,10048.82287142857
4714,12133.81525
4715,2856.5772666666667
4716,9554.079575
4717,95773.02824999997
4718,0.0
4719,1334.8292575
4720,0.0
4721,2132.9589499999997
4722,1224.26813375
4723,0.0
4724,147.588765
4725,18694.60308333333
4726,10829.359333333332
4727,8851.5
4728,0.0
4729,647.2143
4730,4574.4577500000005
4731,0.0
4732,29074.179942857143
4733,11874.424333333334
4734,2490.1205075000003
4735,230.96067666666667
4736,0.0
4737,0.0
4738,48454.56331249999
4739,691.2446333333334
4740,10054.43225
4741,0.0
4742,4064.8347
4743,0.0
4744,0.0
4745,2832.77194
4746,2386.3481213333334
4747,356.15461000000005
4748,13922.756333333336
4749,0.0
4750,224.93366999999998
4751,0.0
4752,0.0
4753,0.0
4754,0.0
4755,42601.091
4756,0.0
4757,4464.75
4758,473.4583828571429
4759,151.5589425
4760,57011.50025
4761,3042.3241749999993
4762,22.014143
4763,4547.2473575
4764,4595.1664
4765,7502.695844999998
4766,2945.6245249999997
4767,963.2996005666668
4768,0.0
4769,4138.0
4770,3037.563728571429
4771,0.0
4772,0.0
4773,0.0
4774,24082.277000000002
4775,27746.341999999997
4776,133.141846
4777,0.0
4778,0.0
4779,0.0
4780,0.0
4781,0.0
4782,0.0
4783,0.0
4784,6699.747187500001
4785,0.0
4786,0.0
4787,0.0
4788,0.0
4789,10495.793675
4790,5406.311924999999
4791,0.0
4792,0.0
4793,2743.25
4794,32627.57645
4795,0.0
4796,6232.656000000001
4797,0.0
4798,6349.189937499999
4799,0.0
4800,354.07048833333334
4801,29828.407999999996
4802,509.0860057142857
4803,11467.172883333333
4804,0.0
4805,2303.37325875
4806,9669.2071875
4807,5903.714285714285
4808,438.48182499999996
4809,4156.0
4810,3961.94576375
4811,0.0
4812,0.0
4813,0.0
4814,2.0
4815,285.0962333333334
4816,9116.82775
4817,12052.085625
4818,74722.5415
4819,28.554351999999994
4820,4547.384666666667
4821,0.0
4822,3630.4664999999995
4823,0.0
4824,3145.4661324999997
4825,4612.83716225
4826,12253.135787500001
4827,4213.858542857143
4828,31720.560166666666
4829,8484.2745
4830,9053.516657142858
4831,609.21565
4832,3715.0
4833,2796.9013900000004
4834,0.0
4835,444.26136499999996
4836,23795.5335
4837,0.0
4838,0.0
4839,8315.851381875002
4840,0.0
4841,7577.02705
4842,0.0
4843,0.0
4844,0.0
4845,27477.867875
4846,1540.0
4847,0.0
4848,18795.437657142855
4849,1908.957425714286
4850,3546.2558
4851,9928.611799999999
4852,0.0
4853,0.0
4854,0.0
4855,755.2111000000001
4856,21.858300800000002
4857,0.0
4858,2879.141382857143
4859,0.0
4860,17699.474125
4861,4975.2028375
4862,0.0
4863,0.0
4864,0.0
4865,58.72311750000001
4866,6563.737133333333
4867,116309.20585714285
4868,1498.5
4869,1967.4863
4870,1979.35193125
4871,13649.577885
4872,0.0
4873,6060.101166666667
4874,5194.676221666667
4875,9029.351785714287
4876,189.613065
4877,0.0
4878,0.0
4879,292.9837416666667
4880,2215.4947833333335
4881,1884.3875428571428
4882,0.0
4883,0.0
4884,0.0
4885,5944.0
4886,0.0
4887,4677.957067142856
4888,65.46295714285715
4889,292.02071000000007
4890,0.0
4891,0.0
4892,2247.8263925
4893,10339.113
4894,118930.99733333332
4895,419.418
4896,3981.1355716666662
4897,0.0
4898,0.0
4899,1959.5684216666666
4900,18551.728945000003
4901,0.0
4902,0.0
4903,986.4
4904,7588.779
4905,0.0
4906,14248.4119925
4907,2928.7877249999997
4908,0.0
4909,0.0
4910,0.0
4911,0.0
4912,3331.459651428571
4913,1087.7505642857143
4914,15089.865842857142
4915,12311.269879999998
4916,0.0
4917,0.0
4918,12179.59374
4919,23065.719924999998
4920,0.0
4921,0.0
4922,0.0
4923,6076.374762857143
4924,1284.8069
4925,377.92373749999996
4926,0.0
4927,428.83399125
4928,4120.4820500000005
4929,0.0
4930,0.0
4931,5025.7412625
4932,0.0
4933,0.0
4934,0.0
4935,8366.7288625
4936,0.0
4937,7.915877666666667
4938,0.0
4939,0.0
4940,804.4404
4941,14192.056374999998
4942,0.0
4943,0.0
4944,0.0
4945,828.958435
4946,57895.938
4947,13213.176185714286
4948,19282.251999999997
4949,7285.7437
4950,5032.470775000001
4951,0.0
4952,7775.329624160001
4953,16950.606428571427
4954,2527.19756
4955,1406.348633333333
4956,940.2319271428571
4957,0.0
4958,5861.87597875
4959,0.0
4960,825.4437687500001
4961,0.0
4962,595.908535
4963,0.0
4964,3635.937785
4965,17479.56366666667
4966,0.0
4967,236.51808125
4968,5678.7155125
4969,478.99975
4970,1797.2887333333335
4971,970.57227375
4972,1892.778964285714
4973,0.0
4974,14732.1971375
4975,1420.8368714285714
4976,2235.3743175
4977,0.0
4978,1.0
4979,0.0
4980,0.0
4981,0.0
4982,2512.5321400000003
4983,0.0
4984,0.0
4985,2326.35685
4986,1759.000427375
4987,0.0
4988,5840.984774999999
4989,0.0
4990,0.0
4991,0.0
4992,0.0
4993,434.0724666666667
4994,1287.9061714285715
4995,10029.825499999999
4996,241.776336
4997,1061.0386733333332
4998,0.0
4999,2614.14046
5000,0.0
5001,215779.57499999998
5002,23903.795500000004
5003,357.56123333333335
5004,7937.3185
5005,0.0
5006,0.0
5007,2669.281771428571
5008,0.0
5009,0.0
5010,0.0
5011,224.49507562499997
5012,0.0
5013,5425.3184
5014,3027.4521
5015,8933.6417875
5016,1329.1422799999998
5017,1921.52896875
5018,16323.1685
5019,180196.5575
5020,24132.268200000002
5021,0.0
5022,0.0
5023,0.0
5024,15418.985
5025,0.0
5026,35136.901999999995
5027,15663.684599999999
5028,443.1949114285714
5029,801.054512
5030,0.0
5031,14891.911214285714
5032,0.0
5033,4469.86908
5034,4183.628083333334
5035,0.0
5036,0.0
5037,7180.944825
5038,2631.6
5039,0.0
5040,3383.1989475
5041,1101.0897714285713
5042,0.0
5043,0.0
5044,2186.1270499999996
5045,0.0
5046,18051.62945285714
5047,0.0
5048,7697.992900000001
5049,0.0
5050,6152.666666666667
5051,0.0
5052,1079.0
5053,42449.992
5054,0.0
5055,5676.696162499999
5056,2115.7115375
5057,270.55463499999996
5058,0.0
5059,2985.768133333333
5060,4343.044965714286
5061,166.47164714285714
5062,3289.5
5063,1344.40023925
5064,8610.8106
5065,0.0
5066,1987.66691275
5067,0.0
5068,47774.487125
5069,1741.7983333333334
5070,13365.580125
5071,6225.135125
5072,22526.5412
5073,358.08116
5074,0.0
5075,30675.597925
5076,3701.4989624999994
5077,3611.04214
5078,27751.453
5079,35168.99333333333
5080,2924.5496000000003
5081,444.27022999999997
5082,2584.5760112499997
5083,13290.150174999999
5084,2011.91905
5085,411.9395766666667
5086,201.37030666666666
5087,4665.22
5088,1123.9023771428572
5089,5723.300174
5090,8357.07026875
5091,13510.25705
5092,0.0
