,D8N
0,0.0
1,0.0
2,1.4
3,0.0
4,0.0
5,0.0
6,0.0
7,0.0
8,1.0
9,3.125
10,1.0
11,2.0
12,0.0
13,5.8
14,3.5714285714285716
15,1.0
16,7.125
17,3.0
18,1.5
19,1.0
20,5.0
21,9.666666666666666
22,3.3333333333333335
23,3.5
24,3.0
25,7.0
26,0.0
27,1.0
28,3.142857142857143
29,1.0
30,2.0
31,2.0
32,2.142857142857143
33,4.5
34,1.0
35,2.2857142857142856
36,14.625
37,1.0
38,1.0
39,2.5
40,6.0
41,3.0
42,0.0
43,4.2
44,12.25
45,1.0
46,13.0
47,1.0
48,10.0
49,1.0
50,0.0
51,0.0
52,4.0
53,0.0
54,3.25
55,1.0
56,1.2857142857142858
57,6.0
58,0.0
59,0.0
60,0.0
61,0.0
62,2.4285714285714284
63,1.0
64,1.0
65,2.0
66,1.0
67,1.5
68,5.857142857142857
69,8.0
70,9.333333333333334
71,2.3333333333333335
72,18.666666666666668
73,7.714285714285714
74,4.625
75,1.25
76,15.75
77,5.875
78,1.75
79,4.857142857142857
80,4.125
81,1.0
82,2.25
83,1.0
84,1.0
85,2.5714285714285716
86,1.0
87,0.0
88,1.0
89,2.1666666666666665
90,2.0
91,0.0
92,1.5
93,16.0
94,2.0
95,0.0
96,1.0
97,71.4
98,4.285714285714286
99,6.0
100,1.0
101,1.0
102,1.25
103,2.0
104,15.25
105,3.0
106,1.0
107,0.0
108,1.0
109,2.2
110,1.5
111,10.166666666666666
112,1.5
113,8.0
114,39.0
115,0.0
116,1.0
117,14.5
118,1.0
119,3.6666666666666665
120,0.0
121,1.0
122,8.2
123,3.625
124,5.0
125,6.714285714285714
126,10.333333333333334
127,3.4285714285714284
128,4.0
129,0.0
130,0.0
131,1.0
132,5.0
133,3.4
134,5.6
135,8.0
136,10.8
137,2.4
138,3.142857142857143
139,1.0
140,0.0
141,8.75
142,2.0
143,1.6666666666666667
144,2.5
145,1.0
146,2.0
147,1.0
148,2.5714285714285716
149,1.0
150,3.0
151,1.5
152,2.0
153,1.875
154,0.0
155,5.5
156,0.0
157,3.3333333333333335
158,1.625
159,1.3333333333333333
160,0.0
161,5.5
162,25.8
163,1.7142857142857142
164,4.25
165,3.25
166,1.4285714285714286
167,1.0
168,3.0
169,11.0
170,1.8571428571428572
171,1.0
172,1.0
173,1.0
174,37.0
175,1.0
176,0.0
177,2.0
178,3.0
179,8.375
180,6.25
181,10.625
182,6.5
183,0.0
184,1.0
185,0.0
186,0.0
187,1.6
188,1.5
189,1.0
190,1.0
191,0.0
192,0.0
193,0.0
194,5.0
195,0.0
196,0.0
197,0.0
198,1.625
199,0.0
200,31.0
201,12.75
202,23.125
203,64.375
204,1.5
205,2.25
206,1.8
207,6.0
208,2.75
209,3.0
210,0.0
211,0.0
212,2.6666666666666665
213,1.0
214,9.666666666666666
215,1.0
216,2.0
217,7.0
218,1.0
219,0.0
220,1.3333333333333333
221,0.0
222,2.875
223,3.142857142857143
224,1.0
225,5.6
226,1.0
227,0.0
228,1.0
229,0.0
230,27.166666666666668
231,0.0
232,3.1666666666666665
233,4.857142857142857
234,0.0
235,8.25
236,5.625
237,5.666666666666667
238,1.0
239,1.3333333333333333
240,3.7142857142857144
241,0.0
242,0.0
243,1.0
244,12.0
245,1.0
246,0.0
247,2.625
248,1.0
249,1.0
250,1.8571428571428572
251,0.0
252,14.0
253,2.0
254,14.5
255,2.5
256,2.5
257,11.0
258,3.125
259,0.0
260,10.2
261,11.6
262,0.0
263,1.0
264,0.0
265,3.5
266,2.875
267,1.0
268,4.857142857142857
269,1.0
270,2.0
271,3.75
272,1.0
273,1.0
274,8.285714285714286
275,9.0
276,0.0
277,38.5
278,6.25
279,8.875
280,26.0
281,1.0
282,11.0
283,0.0
284,5.833333333333333
285,1.0
286,5.333333333333333
287,1.0
288,0.0
289,0.0
290,0.0
291,4.75
292,0.0
293,2.0
294,1.0
295,5.5
296,1.0
297,2.142857142857143
298,10.0
299,50.0
300,3.125
301,1.2857142857142858
302,8.0
303,2.4285714285714284
304,2.6666666666666665
305,5.5
306,0.0
307,8.5
308,5.625
309,4.0
310,2.3333333333333335
311,0.0
312,2.25
313,1.5
314,16.0
315,10.5
316,1.75
317,2.142857142857143
318,1.0
319,0.0
320,1.0
321,15.625
322,9.0
323,4.333333333333333
324,2.5714285714285716
325,0.0
326,1.4
327,30.4
328,122.85714285714286
329,1.0
330,0.0
331,1.0
332,0.0
333,1.5
334,1.4
335,0.0
336,3.0
337,2.5
338,5.875
339,1.6666666666666667
340,1.5
341,1.0
342,12.25
343,2.5714285714285716
344,1.0
345,1.0
346,2.0
347,1.5
348,1.0
349,5.4
350,1.7142857142857142
351,0.0
352,1.625
353,2.0
354,2.857142857142857
355,1.0
356,2.0
357,8.75
358,1.0
359,6.0
360,33.5
361,1.6
362,20.75
363,1.5
364,44.375
365,1.5
366,3.8
367,1.6666666666666667
368,1.0
369,5.5
370,2.4
371,1.5
372,1.0
373,3.625
374,0.0
375,0.0
376,0.0
377,1.0
378,1.375
379,17.75
380,1.0
381,1.0
382,1.0
383,8.666666666666666
384,0.0
385,2.75
386,3.142857142857143
387,1.0
388,1.7142857142857142
389,2.375
390,1.3333333333333333
391,1.0
392,2.7142857142857144
393,1.0
394,5.142857142857143
395,2.0
396,2.0
397,1.0
398,1.0
399,2.75
400,1.5
401,0.0
402,1.0
403,1.0
404,1.0
405,12.375
406,1.0
407,31.0
408,0.0
409,2.0
410,2.5
411,14.571428571428571
412,3.5
413,18.625
414,6.75
415,1.0
416,1.0
417,4.25
418,7.25
419,1.0
420,0.0
421,1.0
422,2.7142857142857144
423,1.0
424,1.0
425,4.0
426,0.0
427,10.875
428,0.0
429,10.5
430,1.0
431,17.75
432,5.857142857142857
433,1.0
434,1.0
435,3.6666666666666665
436,8.125
437,0.0
438,2.75
439,0.0
440,9.0
441,2.25
442,1.6
443,0.0
444,2.0
445,5.0
446,8.857142857142858
447,9.75
448,1.0
449,3.3333333333333335
450,1.0
451,1.8
452,5.0
453,0.0
454,1.0
455,1.0
456,2.0
457,1.0
458,1.25
459,1.0
460,6.428571428571429
461,1.0
462,4.125
463,8.571428571428571
464,6.625
465,3.125
466,1.0
467,35.0
468,0.0
469,0.0
470,1.2857142857142858
471,4.333333333333333
472,11.333333333333334
473,3.4285714285714284
474,30.875
475,7.5
476,2.7142857142857144
477,0.0
478,5.0
479,22.75
480,1.0
481,2.0
482,0.0
483,0.0
484,17.0
485,1.0
486,10.0
487,0.0
488,1.0
489,6.5
490,1.0
491,2.0
492,2.125
493,1.875
494,1.0
495,1.3333333333333333
496,2.5
497,6.0
498,6.0
499,4.25
500,2.0
501,1.0
502,1.0
503,30.333333333333332
504,3.6
505,4.5
506,16.875
507,1.0
508,0.0
509,0.0
510,1.0
511,3.5
512,9.0
513,1.0
514,0.0
515,1.0
516,2.5
517,1.0
518,11.5
519,0.0
520,1.2857142857142858
521,0.0
522,3.125
523,1.0
524,1.6666666666666667
525,3.0
526,3.0
527,1.875
528,1.5
529,1.0
530,10.0
531,1.0
532,3.75
533,1.0
534,7.0
535,4.375
536,24.0
537,7.333333333333333
538,1.0
539,1.75
540,2.875
541,0.0
542,0.0
543,3.25
544,5.428571428571429
545,1.6
546,0.0
547,1.0
548,2.0
549,2.375
550,1.0
551,3.0
552,2.5
553,1.0
554,45.0
555,1.0
556,1.0
557,5.0
558,1.75
559,1.8
560,3.5714285714285716
561,1.3333333333333333
562,1.8571428571428572
563,1.0
564,5.666666666666667
565,4.625
566,1.0
567,2.2857142857142856
568,11.333333333333334
569,6.6
570,5.75
571,2.75
572,5.666666666666667
573,11.333333333333334
574,2.6666666666666665
575,2.125
576,28.666666666666668
577,1.0
578,4.833333333333333
579,11.5
580,1.875
581,3.375
582,2.125
583,1.0
584,2.75
585,5.4
586,1.5
587,2.625
588,1.0
589,2.0
590,0.0
591,3.25
592,9.75
593,5.6
594,0.0
595,19.75
596,6.125
597,6.8
598,4.25
599,1.0
600,2.6
601,7.375
602,24.0
603,9.142857142857142
604,1.0
605,28.125
606,4.0
607,0.0
608,0.0
609,1.0
610,1.0
611,2.0
612,1.0
613,1.0
614,22.125
615,23.666666666666668
616,15.25
617,8.5
618,1.0
619,0.0
620,0.0
621,1.4
622,1.7142857142857142
623,14.875
624,23.25
625,2.5
626,1.0
627,1.0
628,1.3333333333333333
629,30.25
630,2.2
631,1.0
632,6.666666666666667
633,2.3333333333333335
634,4.8
635,2.6
636,17.666666666666668
637,1.4285714285714286
638,1.0
639,21.428571428571427
640,14.0
641,0.0
642,1.0
643,1.5
644,2.5
645,12.166666666666666
646,0.0
647,0.0
648,1.0
649,2.875
650,3.7142857142857144
651,2.0
652,1.0
653,6.5
654,0.0
655,9.285714285714286
656,3.125
657,0.0
658,1.0
659,3.2
660,4.5
661,1.0
662,2.0
663,0.0
664,1.0
665,17.75
666,2.375
667,3.142857142857143
668,1.0
669,1.0
670,1.6666666666666667
671,1.0
672,2.0
673,0.0
674,1.0
675,8.0
676,4.75
677,1.25
678,10.0
679,16.125
680,1.8333333333333333
681,1.0
682,0.0
683,2.125
684,2.4
685,5.625
686,2.0
687,7.0
688,2.0
689,5.5
690,1.5714285714285714
691,1.0
692,12.285714285714286
693,17.6
694,1.0
695,1.0
696,0.0
697,1.5
698,0.0
699,0.0
700,25.0
701,2.857142857142857
702,1.0
703,1.4285714285714286
704,8.0
705,0.0
706,21.4
707,1.4
708,12.285714285714286
709,1.0
710,0.0
711,6.571428571428571
712,3.25
713,14.666666666666666
714,14.5
715,1.0
716,8.0
717,5.25
718,9.666666666666666
719,3.3333333333333335
720,1.4
721,4.333333333333333
722,12.666666666666666
723,7.0
724,20.0
725,5.428571428571429
726,0.0
727,1.0
728,7.333333333333333
729,0.0
730,9.2
731,4.428571428571429
732,1.4285714285714286
733,6.0
734,6.142857142857143
735,2.0
736,1.6666666666666667
737,0.0
738,0.0
739,1.0
740,1.0
741,6.875
742,1.0
743,1.0
744,3.6
745,1.0
746,1.0
747,0.0
748,12.0
749,2.875
750,11.0
751,1.625
752,4.5
753,5.0
754,8.0
755,2.1666666666666665
756,6.0
757,1.75
758,1.6666666666666667
759,1.8333333333333333
760,3.0
761,1.0
762,1.0
763,4.285714285714286
764,0.0
765,1.8
766,3.4285714285714284
767,16.0
768,3.7142857142857144
769,4.0
770,0.0
771,22.0
772,39.666666666666664
773,0.0
774,0.0
775,4.75
776,4.375
777,1.0
778,1.0
779,6.875
780,1.0
781,0.0
782,2.4285714285714284
783,12.75
784,4.875
785,0.0
786,4.666666666666667
787,1.0
788,8.333333333333334
789,1.5714285714285714
790,2.3333333333333335
791,1.0
792,1.1666666666666667
793,1.0
794,19.333333333333332
795,1.1666666666666667
796,1.0
797,1.0
798,0.0
799,0.0
800,1.0
801,0.0
802,5.333333333333333
803,1.0
804,6.0
805,1.75
806,0.0
807,1.0
808,1.6666666666666667
809,3.3333333333333335
810,0.0
811,1.0
812,5.6
813,1.0
814,1.0
815,1.0
816,2.0
817,3.375
818,4.5
819,1.0
820,3.2857142857142856
821,5.8
822,3.0
823,2.75
824,0.0
825,0.0
826,36.375
827,8.375
828,2.0
829,1.8333333333333333
830,1.1428571428571428
831,0.0
832,0.0
833,1.2857142857142858
834,0.0
835,0.0
836,3.3333333333333335
837,2.2857142857142856
838,1.0
839,0.0
840,1.0
841,4.375
842,2.6
843,0.0
844,1.4
845,22.666666666666668
846,1.0
847,8.0
848,2.0
849,1.0
850,1.0
851,1.0
852,3.375
853,0.0
854,3.6666666666666665
855,1.6
856,2.4
857,0.0
858,9.333333333333334
859,3.0
860,0.0
861,3.5
862,0.0
863,1.6666666666666667
864,7.625
865,1.0
866,2.625
867,2.8333333333333335
868,2.6
869,0.0
870,4.333333333333333
871,4.375
872,5.0
873,5.2
874,1.5
875,1.5714285714285714
876,1.0
877,11.6
878,2.6666666666666665
879,28.0
880,0.0
881,15.5
882,1.25
883,6.625
884,1.3333333333333333
885,1.0
886,1.0
887,2.0
888,1.5
889,5.0
890,1.0
891,3.1666666666666665
892,0.0
893,1.4
894,6.375
895,1.0
896,1.3333333333333333
897,1.6666666666666667
898,7.714285714285714
899,1.8333333333333333
900,1.6666666666666667
901,3.5
902,12.375
903,2.2
904,4.5
905,5.714285714285714
906,2.25
907,1.0
908,1.0
909,1.1666666666666667
910,1.75
911,5.375
912,1.3333333333333333
913,1.7142857142857142
914,1.5
915,13.375
916,5.875
917,1.0
918,4.25
919,11.5
920,0.0
921,5.0
922,1.0
923,2.0
924,0.0
925,1.0
926,2.0
927,1.2857142857142858
928,2.0
929,14.625
930,2.6666666666666665
931,1.5
932,2.1666666666666665
933,20.666666666666668
934,0.0
935,1.7142857142857142
936,8.2
937,0.0
938,0.0
939,6.0
940,1.2
941,3.0
942,1.8
943,12.375
944,1.6666666666666667
945,1.0
946,3.125
947,2.625
948,1.0
949,2.0
950,2.0
951,1.0
952,11.333333333333334
953,5.375
954,15.0
955,21.125
956,2.0
957,9.75
958,1.0
959,1.0
960,7.5
961,8.428571428571429
962,1.8571428571428572
963,1.625
964,7.125
965,6.714285714285714
966,1.0
967,10.571428571428571
968,10.666666666666666
969,1.0
970,0.0
971,1.0
972,9.0
973,4.875
974,1.0
975,2.142857142857143
976,1.0
977,1.0
978,8.0
979,12.0
980,2.0
981,10.75
982,13.0
983,6.125
984,1.0
985,1.5
986,6.25
987,0.0
988,1.75
989,5.0
990,4.166666666666667
991,7.75
992,1.0
993,4.875
994,5.285714285714286
995,3.6666666666666665
996,0.0
997,13.875
998,1.0
999,1.0
1000,1.0
1001,1.4285714285714286
1002,1.0
1003,1.8571428571428572
1004,1.3333333333333333
1005,1.0
1006,17.5
1007,9.142857142857142
1008,0.0
1009,0.0
1010,0.0
1011,1.0
1012,4.428571428571429
1013,4.166666666666667
1014,1.6666666666666667
1015,6.25
1016,1.8571428571428572
1017,1.0
1018,1.25
1019,5.0
1020,3.0
1021,1.0
1022,1.0
1023,3.0
1024,5.857142857142857
1025,3.75
1026,15.0
1027,1.0
1028,8.375
1029,1.8
1030,3.142857142857143
1031,0.0
1032,1.0
1033,1.7142857142857142
1034,2.0
1035,1.0
1036,1.0
1037,1.1666666666666667
1038,1.0
1039,6.75
1040,2.0
1041,7.4
1042,0.0
1043,7.333333333333333
1044,2.3333333333333335
1045,12.857142857142858
1046,2.0
1047,1.0
1048,1.0
1049,3.5
1050,2.0
1051,8.333333333333334
1052,7.4
1053,1.5714285714285714
1054,17.25
1055,1.5714285714285714
1056,1.8
1057,1.5
1058,1.3333333333333333
1059,2.6666666666666665
1060,1.0
1061,23.5
1062,1.625
1063,2.0
1064,1.5
1065,0.0
1066,3.0
1067,1.0
1068,5.666666666666667
1069,1.0
1070,1.0
1071,19.0
1072,1.3333333333333333
1073,0.0
1074,23.0
1075,1.4285714285714286
1076,0.0
1077,7.0
1078,7.571428571428571
1079,2.5
1080,1.5
1081,0.0
1082,0.0
1083,0.0
1084,4.0
1085,1.0
1086,1.6666666666666667
1087,1.0
1088,2.0
1089,2.0
1090,1.0
1091,1.8333333333333333
1092,2.25
1093,4.0
1094,10.571428571428571
1095,1.5
1096,3.2857142857142856
1097,0.0
1098,1.0
1099,1.375
1100,3.1666666666666665
1101,2.5
1102,14.0
1103,1.0
1104,1.5
1105,0.0
1106,7.0
1107,1.0
1108,0.0
1109,3.142857142857143
1110,1.0
1111,1.0
1112,1.0
1113,0.0
1114,7.5
1115,1.5714285714285714
1116,1.0
1117,6.0
1118,6.0
1119,6.125
1120,0.0
1121,16.125
1122,1.625
1123,51.0
1124,2.8333333333333335
1125,3.2857142857142856
1126,3.625
1127,18.714285714285715
1128,7.0
1129,0.0
1130,7.333333333333333
1131,1.3333333333333333
1132,1.0
1133,1.0
1134,8.0
1135,1.5
1136,1.0
1137,1.5714285714285714
1138,1.6
1139,3.4285714285714284
1140,2.0
1141,1.5
1142,1.0
1143,21.0
1144,1.8571428571428572
1145,11.875
1146,3.0
1147,1.0
1148,6.625
1149,1.625
1150,2.5
1151,2.75
1152,5.0
1153,1.0
1154,8.666666666666666
1155,2.0
1156,1.0
1157,6.666666666666667
1158,1.0
1159,1.0
1160,5.142857142857143
1161,1.125
1162,5.5
1163,1.0
1164,1.0
1165,1.0
1166,6.857142857142857
1167,1.25
1168,1.0
1169,1.0
1170,25.375
1171,6.666666666666667
1172,0.0
1173,1.4
1174,3.1666666666666665
1175,0.0
1176,3.7142857142857144
1177,7.714285714285714
1178,1.5
1179,3.5714285714285716
1180,2.75
1181,1.5
1182,2.0
1183,1.1428571428571428
1184,1.0
1185,1.6666666666666667
1186,2.3333333333333335
1187,6.857142857142857
1188,7.0
1189,2.0
1190,9.571428571428571
1191,1.75
1192,12.6
1193,0.0
1194,2.0
1195,9.875
1196,1.0
1197,1.0
1198,4.625
1199,3.75
1200,0.0
1201,4.125
1202,4.625
1203,3.857142857142857
1204,0.0
1205,12.666666666666666
1206,0.0
1207,2.142857142857143
1208,7.0
1209,0.0
1210,1.0
1211,10.0
1212,2.5
1213,0.0
1214,2.0
1215,2.125
1216,9.0
1217,3.3333333333333335
1218,1.0
1219,8.428571428571429
1220,0.0
1221,0.0
1222,0.0
1223,0.0
1224,2.4285714285714284
1225,1.0
1226,1.0
1227,1.4
1228,1.0
1229,11.625
1230,1.5
1231,1.0
1232,1.3333333333333333
1233,2.0
1234,0.0
1235,0.0
1236,1.0
1237,4.5
1238,0.0
1239,1.0
1240,0.0
1241,1.0
1242,1.0
1243,1.0
1244,0.0
1245,4.0
1246,2.0
1247,1.3333333333333333
1248,4.25
1249,0.0
1250,1.0
1251,0.0
1252,0.0
1253,0.0
1254,4.714285714285714
1255,12.285714285714286
1256,1.25
1257,11.0
1258,2.0
1259,2.3333333333333335
1260,1.0
1261,0.0
1262,1.8
1263,0.0
1264,1.0
1265,4.375
1266,0.0
1267,4.333333333333333
1268,6.0
1269,11.0
1270,1.0
1271,7.428571428571429
1272,5.0
1273,4.666666666666667
1274,7.666666666666667
1275,1.0
1276,1.0
1277,2.0
1278,1.0
1279,4.142857142857143
1280,2.0
1281,0.0
1282,3.125
1283,1.0
1284,0.0
1285,9.125
1286,1.8
1287,5.0
1288,2.3333333333333335
1289,5.125
1290,1.0
1291,1.0
1292,1.0
1293,0.0
1294,4.428571428571429
1295,3.875
1296,16.857142857142858
1297,2.2857142857142856
1298,1.0
1299,3.0
1300,4.0
1301,0.0
1302,0.0
1303,0.0
1304,0.0
1305,1.0
1306,0.0
1307,0.0
1308,0.0
1309,2.0
1310,0.0
1311,0.0
1312,3.25
1313,15.5
1314,3.0
1315,2.0
1316,4.75
1317,8.0
1318,1.0
1319,0.0
1320,12.0
1321,4.375
1322,1.0
1323,1.3333333333333333
1324,2.0
1325,1.8
1326,3.1666666666666665
1327,0.0
1328,2.25
1329,3.3333333333333335
1330,7.25
1331,57.0
1332,3.0
1333,13.333333333333334
1334,4.333333333333333
1335,1.5
1336,1.4285714285714286
1337,12.571428571428571
1338,0.0
1339,6.5
1340,10.5
1341,3.75
1342,1.0
1343,4.0
1344,1.0
1345,2.875
1346,5.625
1347,3.5714285714285716
1348,14.0
1349,1.0
1350,2.75
1351,8.0
1352,1.3333333333333333
1353,0.0
1354,1.0
1355,6.0
1356,1.0
1357,5.666666666666667
1358,0.0
1359,1.5714285714285714
1360,1.0
1361,1.0
1362,4.125
1363,1.5714285714285714
1364,1.0
1365,2.0
1366,3.0
1367,1.625
1368,0.0
1369,3.125
1370,1.3333333333333333
1371,1.0
1372,6.166666666666667
1373,0.0
1374,0.0
1375,6.0
1376,2.0
1377,4.875
1378,1.0
1379,2.625
1380,3.5
1381,2.0
1382,31.5
1383,32.666666666666664
1384,1.6666666666666667
1385,1.5
1386,3.0
1387,0.0
1388,1.0
1389,1.0
1390,1.5
1391,2.0
1392,0.0
1393,2.857142857142857
1394,5.375
1395,0.0
1396,6.666666666666667
1397,1.0
1398,1.0
1399,2.4
1400,4.666666666666667
1401,1.0
1402,4.0
1403,2.125
1404,5.375
1405,1.0
1406,5.75
1407,0.0
1408,22.0
1409,4.125
1410,21.5
1411,2.4285714285714284
1412,18.0
1413,3.125
1414,1.2857142857142858
1415,0.0
1416,38.5
1417,1.7142857142857142
1418,3.0
1419,0.0
1420,4.5
1421,2.25
1422,1.0
1423,22.0
1424,18.666666666666668
1425,4.0
1426,1.0
1427,9.0
1428,2.5
1429,3.75
1430,41.5
1431,5.5
1432,0.0
1433,0.0
1434,1.0
1435,2.125
1436,1.6666666666666667
1437,1.0
1438,2.3333333333333335
1439,0.0
1440,19.833333333333332
1441,1.8
1442,16.0
1443,4.25
1444,1.0
1445,1.4285714285714286
1446,1.0
1447,1.5714285714285714
1448,2.0
1449,7.857142857142857
1450,0.0
1451,6.75
1452,4.0
1453,1.0
1454,0.0
1455,0.0
1456,14.625
1457,3.875
1458,0.0
1459,6.375
1460,38.0
1461,1.2857142857142858
1462,7.25
1463,1.0
1464,1.0
1465,1.0
1466,23.571428571428573
1467,20.375
1468,14.75
1469,3.0
1470,0.0
1471,1.0
1472,0.0
1473,10.333333333333334
1474,10.0
1475,1.0
1476,1.0
1477,1.0
1478,0.0
1479,1.0
1480,1.0
1481,1.0
1482,0.0
1483,1.0
1484,3.3333333333333335
1485,0.0
1486,1.75
1487,1.8
1488,3.6
1489,0.0
1490,13.625
1491,5.5
1492,1.0
1493,0.0
1494,1.4285714285714286
1495,1.3333333333333333
1496,2.625
1497,0.0
1498,1.0
1499,12.2
1500,2.0
1501,20.75
1502,0.0
1503,2.5714285714285716
1504,2.5
1505,4.0
1506,3.3333333333333335
1507,4.125
1508,3.0
1509,4.25
1510,1.1666666666666667
1511,1.0
1512,3.5
1513,1.0
1514,1.0
1515,2.5
1516,0.0
1517,1.0
1518,1.4
1519,46.0
1520,13.0
1521,57.0
1522,3.75
1523,3.3333333333333335
1524,0.0
1525,1.0
1526,5.5
1527,1.6666666666666667
1528,2.875
1529,3.875
1530,1.0
1531,1.0
1532,1.0
1533,1.0
1534,1.4
1535,1.0
1536,1.0
1537,0.0
1538,0.0
1539,0.0
1540,0.0
1541,0.0
1542,1.0
1543,0.0
1544,0.0
1545,0.0
1546,3.5
1547,8.571428571428571
1548,4.0
1549,8.666666666666666
1550,1.0
1551,0.0
1552,5.125
1553,3.5
1554,3.0
1555,0.0
1556,1.0
1557,3.125
1558,1.8
1559,7.0
1560,3.0
1561,0.0
1562,1.0
1563,1.8333333333333333
1564,13.0
1565,2.0
1566,41.0
1567,1.4
1568,4.333333333333333
1569,50.125
1570,1.0
1571,8.0
1572,6.333333333333333
1573,1.0
1574,1.0
1575,6.285714285714286
1576,4.0
1577,9.142857142857142
1578,1.0
1579,1.5714285714285714
1580,7.125
1581,1.6666666666666667
1582,1.4
1583,0.0
1584,1.0
1585,2.5
1586,1.8
1587,0.0
1588,6.0
1589,6.0
1590,12.6
1591,32.0
1592,1.1666666666666667
1593,1.5
1594,1.0
1595,1.0
1596,8.125
1597,11.5
1598,1.7142857142857142
1599,2.0
1600,8.0
1601,0.0
1602,1.0
1603,0.0
1604,0.0
1605,1.0
1606,1.5
1607,1.0
1608,3.0
1609,1.0
1610,1.0
1611,21.6
1612,0.0
1613,2.0
1614,4.5
1615,0.0
1616,1.0
1617,4.875
1618,3.0
1619,1.6
1620,1.0
1621,0.0
1622,2.0
1623,1.0
1624,5.75
1625,1.0
1626,0.0
1627,0.0
1628,1.0
1629,1.0
1630,5.0
1631,1.2857142857142858
1632,11.375
1633,1.0
1634,0.0
1635,14.666666666666666
1636,12.375
1637,1.0
1638,12.75
1639,1.0
1640,2.5
1641,2.5
1642,2.0
1643,1.375
1644,5.5
1645,1.0
1646,6.75
1647,8.666666666666666
1648,5.0
1649,1.0
1650,1.0
1651,0.0
1652,5.25
1653,0.0
1654,1.0
1655,29.0
1656,2.0
1657,0.0
1658,1.0
1659,1.0
1660,3.25
1661,1.0
1662,0.0
1663,1.75
1664,4.571428571428571
1665,1.0
1666,2.1666666666666665
1667,1.2
1668,3.75
1669,2.0
1670,6.5
1671,1.2
1672,12.142857142857142
1673,1.0
1674,2.0
1675,3.75
1676,1.0
1677,6.0
1678,1.375
1679,7.666666666666667
1680,8.875
1681,1.0
1682,10.875
1683,5.5
1684,2.5
1685,1.0
1686,13.666666666666666
1687,18.666666666666668
1688,1.2
1689,1.0
1690,8.833333333333334
1691,7.0
1692,1.0
1693,1.2
1694,15.0
1695,2.0
1696,6.2
1697,4.625
1698,1.0
1699,1.0
1700,33.625
1701,3.0
1702,5.5
1703,7.714285714285714
1704,1.5714285714285714
1705,1.0
1706,4.285714285714286
1707,4.625
1708,25.285714285714285
1709,1.0
1710,1.0
1711,1.0
1712,1.0
1713,1.0
1714,1.0
1715,5.0
1716,1.0
1717,1.0
1718,0.0
1719,1.375
1720,2.0
1721,5.25
1722,7.6
1723,1.0
1724,1.0
1725,0.0
1726,2.125
1727,7.857142857142857
1728,8.0
1729,1.3333333333333333
1730,6.0
1731,1.0
1732,2.125
1733,0.0
1734,1.0
1735,1.375
1736,4.125
1737,2.6666666666666665
1738,11.5
1739,19.4
1740,3.0
1741,1.5
1742,1.0
1743,5.25
1744,2.6666666666666665
1745,4.5
1746,25.25
1747,1.0
1748,1.0
1749,1.7142857142857142
1750,0.0
1751,1.0
1752,1.0
1753,23.875
1754,3.125
1755,3.625
1756,11.833333333333334
1757,8.142857142857142
1758,10.0
1759,13.0
1760,10.25
1761,4.0
1762,1.4285714285714286
1763,1.5
1764,19.4
1765,7.285714285714286
1766,2.2
1767,1.5
1768,13.5
1769,5.0
1770,1.0
1771,0.0
1772,3.0
1773,1.0
1774,2.0
1775,1.6666666666666667
1776,1.8
1777,4.142857142857143
1778,1.0
1779,4.4
1780,0.0
1781,1.8571428571428572
1782,11.2
1783,1.6666666666666667
1784,3.625
1785,9.5
1786,1.0
1787,2.3333333333333335
1788,14.666666666666666
1789,3.0
1790,1.4285714285714286
1791,5.857142857142857
1792,1.0
1793,0.0
1794,8.0
1795,14.0
1796,1.6666666666666667
1797,1.0
1798,1.375
1799,2.375
1800,1.375
1801,2.0
1802,2.0
1803,2.5
1804,5.25
1805,1.0
1806,3.0
1807,1.5714285714285714
1808,11.125
1809,2.0
1810,2.142857142857143
1811,5.0
1812,1.0
1813,4.625
1814,4.375
1815,13.875
1816,2.5
1817,2.25
1818,2.2857142857142856
1819,2.375
1820,5.5
1821,1.0
1822,2.1666666666666665
1823,2.8333333333333335
1824,1.0
1825,1.0
1826,2.0
1827,1.0
1828,1.0
1829,1.8
1830,2.2
1831,0.0
1832,1.0
1833,1.0
1834,3.0
1835,0.0
1836,32.5
1837,1.0
1838,1.0
1839,0.0
1840,1.0
1841,3.75
1842,3.25
1843,1.75
1844,1.0
1845,14.166666666666666
1846,1.0
1847,3.142857142857143
1848,1.0
1849,1.875
1850,1.625
1851,5.125
1852,2.0
1853,6.5
1854,1.5
1855,0.0
1856,2.0
1857,1.0
1858,0.0
1859,3.0
1860,2.0
1861,1.7142857142857142
1862,1.0
1863,2.0
1864,2.857142857142857
1865,2.5714285714285716
1866,2.0
1867,15.5
1868,3.625
1869,1.0
1870,1.4
1871,3.0
1872,2.0
1873,2.5
1874,3.0
1875,2.5
1876,8.0
1877,2.857142857142857
1878,0.0
1879,0.0
1880,3.7142857142857144
1881,0.0
1882,5.875
1883,46.5
1884,16.0
1885,17.4
1886,7.333333333333333
1887,12.666666666666666
1888,13.857142857142858
1889,2.0
1890,1.875
1891,1.5
1892,1.0
1893,1.5
1894,27.666666666666668
1895,20.375
1896,1.6
1897,1.0
1898,1.6
1899,4.8
1900,1.0
1901,1.5
1902,13.0
1903,1.0
1904,1.0
1905,2.875
1906,1.4
1907,21.714285714285715
1908,12.875
1909,0.0
1910,1.0
1911,3.0
1912,1.0
1913,1.0
1914,1.0
1915,2.6666666666666665
1916,4.25
1917,2.0
1918,1.0
1919,0.0
1920,2.5
1921,5.875
1922,2.0
1923,22.0
1924,0.0
1925,1.7142857142857142
1926,5.0
1927,2.142857142857143
1928,0.0
1929,0.0
1930,1.0
1931,7.333333333333333
1932,0.0
1933,0.0
1934,1.0
1935,1.0
1936,1.0
1937,2.2857142857142856
1938,1.0
1939,0.0
1940,9.0
1941,8.375
1942,0.0
1943,7.333333333333333
1944,2.0
1945,2.7142857142857144
1946,0.0
1947,0.0
1948,0.0
1949,21.0
1950,4.25
1951,1.4
1952,2.142857142857143
1953,2.3333333333333335
1954,1.0
1955,1.2
1956,1.0
1957,0.0
1958,10.285714285714286
1959,4.0
1960,2.0
1961,0.0
1962,1.0
1963,4.2
1964,4.428571428571429
1965,0.0
1966,1.0
1967,1.6
1968,3.75
1969,1.0
1970,5.0
1971,1.6666666666666667
1972,3.875
1973,1.6666666666666667
1974,4.0
1975,2.0
1976,1.5
1977,1.0
1978,13.333333333333334
1979,3.125
1980,1.0
1981,1.6666666666666667
1982,1.5
1983,5.333333333333333
1984,1.0
1985,1.8571428571428572
1986,2.4
1987,1.0
1988,2.2
1989,0.0
1990,1.0
1991,2.0
1992,2.0
1993,2.0
1994,2.0
1995,1.25
1996,1.0
1997,2.25
1998,2.4285714285714284
1999,0.0
2000,39.375
2001,1.0
2002,8.6
2003,2.1666666666666665
2004,3.0
2005,1.8333333333333333
2006,1.2857142857142858
2007,1.0
2008,2.875
2009,1.0
2010,2.5
2011,0.0
2012,10.0
2013,2.0
2014,2.0
2015,0.0
2016,1.0
2017,1.875
2018,4.875
2019,5.0
2020,8.5
2021,5.4
2022,1.3333333333333333
2023,1.0
2024,1.0
2025,14.0
2026,2.25
2027,1.6666666666666667
2028,6.0
2029,0.0
2030,1.0
2031,10.285714285714286
2032,3.25
2033,14.0
2034,1.8
2035,0.0
2036,1.0
2037,1.0
2038,10.333333333333334
2039,3.2857142857142856
2040,17.125
2041,1.5
2042,3.0
2043,1.0
2044,7.0
2045,6.75
2046,2.0
2047,3.857142857142857
2048,1.2857142857142858
2049,15.875
2050,1.5
2051,1.0
2052,1.0
2053,3.75
2054,0.0
2055,3.3333333333333335
2056,1.0
2057,8.0
2058,1.0
2059,0.0
2060,5.0
2061,4.0
2062,0.0
2063,1.0
2064,0.0
2065,1.0
2066,2.75
2067,0.0
2068,0.0
2069,0.0
2070,25.625
2071,6.5
2072,15.333333333333334
2073,1.0
2074,4.714285714285714
2075,11.5
2076,1.4285714285714286
2077,1.5
2078,2.625
2079,3.0
2080,1.0
2081,1.0
2082,0.0
2083,4.0
2084,2.625
2085,3.125
2086,1.8
2087,1.6666666666666667
2088,1.875
2089,3.0
2090,0.0
2091,4.0
2092,1.875
2093,1.0
2094,1.0
2095,4.142857142857143
2096,1.8333333333333333
2097,0.0
2098,0.0
2099,14.0
2100,3.5
2101,1.0
2102,0.0
2103,0.0
2104,19.625
2105,1.75
2106,3.25
2107,2.3333333333333335
2108,0.0
2109,1.0
2110,26.375
2111,0.0
2112,1.0
2113,0.0
2114,1.0
2115,0.0
2116,1.8571428571428572
2117,7.125
2118,4.8
2119,0.0
2120,1.0
2121,1.0
2122,2.5
2123,3.125
2124,3.0
2125,2.857142857142857
2126,1.8333333333333333
2127,40.0
2128,0.0
2129,4.5
2130,15.0
2131,2.25
2132,5.333333333333333
2133,1.4285714285714286
2134,1.5
2135,13.0
2136,11.5
2137,0.0
2138,42.0
2139,1.0
2140,2.0
2141,7.5
2142,2.25
2143,2.875
2144,1.0
2145,1.0
2146,1.0
2147,0.0
2148,2.0
2149,12.285714285714286
2150,3.25
2151,1.5
2152,2.875
2153,1.0
2154,0.0
2155,1.0
2156,1.4
2157,0.0
2158,0.0
2159,0.0
2160,22.333333333333332
2161,0.0
2162,0.0
2163,0.0
2164,8.875
2165,1.0
2166,5.125
2167,5.25
2168,0.0
2169,1.0
2170,6.0
2171,1.3333333333333333
2172,25.666666666666668
2173,1.0
2174,1.6666666666666667
2175,8.666666666666666
2176,0.0
2177,0.0
2178,1.0
2179,0.0
2180,2.4
2181,1.0
2182,2.4285714285714284
2183,2.625
2184,4.333333333333333
2185,1.1666666666666667
2186,2.0
2187,2.125
2188,0.0
2189,4.333333333333333
2190,24.142857142857142
2191,1.5714285714285714
2192,7.428571428571429
2193,2.0
2194,8.333333333333334
2195,0.0
2196,6.666666666666667
2197,17.0
2198,4.25
2199,0.0
2200,1.0
2201,3.7142857142857144
2202,0.0
2203,2.0
2204,1.6
2205,19.833333333333332
2206,1.0
2207,7.25
2208,3.142857142857143
2209,1.75
2210,1.0
2211,18.571428571428573
2212,1.5
2213,1.0
2214,4.8
2215,2.25
2216,1.4
2217,2.0
2218,95.125
2219,3.7142857142857144
2220,1.0
2221,1.0
2222,5.25
2223,9.125
2224,3.2857142857142856
2225,5.4
2226,4.5
2227,2.0
2228,1.0
2229,0.0
2230,2.0
2231,3.625
2232,1.1428571428571428
2233,1.0
2234,11.285714285714286
2235,1.875
2236,17.8
2237,1.0
2238,4.0
2239,0.0
2240,11.6
2241,10.166666666666666
2242,0.0
2243,2.0
2244,1.6666666666666667
2245,1.0
2246,1.0
2247,5.0
2248,4.333333333333333
2249,1.0
2250,6.6
2251,1.0
2252,2.875
2253,1.0
2254,11.375
2255,1.2857142857142858
2256,1.5
2257,8.0
2258,1.0
2259,2.375
2260,16.285714285714285
2261,15.75
2262,1.3333333333333333
2263,2.4285714285714284
2264,5.333333333333333
2265,14.0
2266,2.857142857142857
2267,5.571428571428571
2268,3.0
2269,0.0
2270,2.4285714285714284
2271,7.625
2272,10.5
2273,1.1428571428571428
2274,1.3333333333333333
2275,6.0
2276,2.5
2277,3.0
2278,7.125
2279,4.0
2280,5.625
2281,1.0
2282,2.0
2283,2.875
2284,3.0
2285,1.5714285714285714
2286,2.0
2287,3.3333333333333335
2288,25.333333333333332
2289,1.2
2290,4.0
2291,16.0
2292,1.0
2293,0.0
2294,3.0
2295,2.0
2296,1.7142857142857142
2297,2.0
2298,2.0
2299,1.625
2300,0.0
2301,0.0
2302,0.0
2303,0.0
2304,0.0
2305,5.25
2306,1.0
2307,1.0
2308,8.125
2309,2.1666666666666665
2310,1.5714285714285714
2311,4.875
2312,4.0
2313,1.0
2314,3.75
2315,1.0
2316,1.0
2317,1.0
2318,1.0
2319,14.875
2320,1.5714285714285714
2321,0.0
2322,0.0
2323,0.0
2324,13.142857142857142
2325,2.5
2326,1.8571428571428572
2327,0.0
2328,1.875
2329,4.571428571428571
2330,0.0
2331,1.0
2332,1.0
2333,2.0
2334,1.6666666666666667
2335,0.0
2336,8.0
2337,5.0
2338,51.42857142857143
2339,1.0
2340,7.0
2341,1.0
2342,1.0
2343,0.0
2344,1.0
2345,1.0
2346,2.6
2347,10.25
2348,2.0
2349,2.0
2350,1.625
2351,3.2
2352,1.5
2353,1.0
2354,3.3333333333333335
2355,1.0
2356,1.6666666666666667
2357,0.0
2358,0.0
2359,1.0
2360,2.1666666666666665
2361,42.5
2362,1.0
2363,3.0
2364,0.0
2365,1.0
2366,7.125
2367,5.4
2368,7.0
2369,2.875
2370,1.0
2371,2.5
2372,9.0
2373,3.8
2374,1.0
2375,2.0
2376,5.666666666666667
2377,0.0
2378,0.0
2379,5.0
2380,1.0
2381,1.0
2382,1.0
2383,0.0
2384,2.2857142857142856
2385,2.125
2386,18.0
2387,14.0
2388,0.0
2389,1.7142857142857142
2390,1.0
2391,1.0
2392,1.0
2393,4.333333333333333
2394,6.333333333333333
2395,12.666666666666666
2396,1.5
2397,5.428571428571429
2398,1.0
2399,2.625
2400,4.75
2401,2.625
2402,3.3333333333333335
2403,5.75
2404,1.4
2405,3.3333333333333335
2406,1.0
2407,2.8
2408,1.0
2409,2.125
2410,0.0
2411,1.0
2412,3.4285714285714284
2413,6.428571428571429
2414,2.0
2415,1.3333333333333333
2416,15.333333333333334
2417,5.25
2418,1.0
2419,1.0
2420,1.0
2421,1.0
2422,1.0
2423,1.0
2424,2.4285714285714284
2425,1.875
2426,12.0
2427,5.857142857142857
2428,22.5
2429,1.0
2430,3.3333333333333335
2431,10.5
2432,2.0
2433,4.125
2434,2.375
2435,1.7142857142857142
2436,1.0
2437,1.5714285714285714
2438,7.375
2439,0.0
2440,1.0
2441,6.375
2442,2.0
2443,2.0
2444,1.0
2445,0.0
2446,0.0
2447,0.0
2448,0.0
2449,0.0
2450,4.0
2451,5.125
2452,9.4
2453,1.625
2454,2.7142857142857144
2455,6.5
2456,4.0
2457,15.375
2458,1.8333333333333333
2459,1.0
2460,1.0
2461,1.0
2462,2.0
2463,0.0
2464,4.0
2465,2.25
2466,1.0
2467,2.8
2468,3.625
2469,1.2
2470,1.0
2471,6.666666666666667
2472,0.0
2473,1.0
2474,1.0
2475,0.0
2476,1.5714285714285714
2477,1.0
2478,1.0
2479,0.0
2480,0.0
2481,7.0
2482,1.1666666666666667
2483,0.0
2484,0.0
2485,3.3333333333333335
2486,8.0
2487,7.0
2488,5.25
2489,1.5714285714285714
2490,23.0
2491,0.0
2492,4.666666666666667
2493,4.5
2494,2.75
2495,7.166666666666667
2496,1.75
2497,1.0
2498,3.25
2499,43.0
2500,1.0
2501,1.7142857142857142
2502,1.6666666666666667
2503,0.0
2504,3.142857142857143
2505,5.375
2506,1.875
2507,1.0
2508,12.0
2509,12.0
2510,1.3333333333333333
2511,3.375
2512,4.25
2513,6.0
2514,0.0
2515,1.0
2516,1.5
2517,1.0
2518,8.25
2519,0.0
2520,2.0
2521,12.0
2522,4.857142857142857
2523,3.75
2524,0.0
2525,1.2857142857142858
2526,4.875
2527,10.571428571428571
2528,1.0
2529,1.5
2530,8.142857142857142
2531,2.1666666666666665
2532,3.0
2533,1.375
2534,2.3333333333333335
2535,14.0
2536,1.0
2537,0.0
2538,22.0
2539,3.375
2540,1.0
2541,1.5714285714285714
2542,9.0
2543,1.2
2544,12.666666666666666
2545,0.0
2546,1.6666666666666667
2547,4.5
2548,6.6
2549,0.0
2550,1.5
2551,2.4285714285714284
2552,1.8333333333333333
2553,2.125
2554,2.125
2555,21.0
2556,0.0
2557,7.125
2558,3.8
2559,4.875
2560,1.0
2561,1.0
2562,23.428571428571427
2563,1.0
2564,1.0
2565,14.142857142857142
2566,2.75
2567,1.25
2568,1.0
2569,12.25
2570,1.5
2571,3.25
2572,12.666666666666666
2573,2.0
2574,13.5
2575,1.1428571428571428
2576,0.0
2577,4.8
2578,11.125
2579,0.0
2580,1.0
2581,3.3333333333333335
2582,1.0
2583,21.0
2584,0.0
2585,14.875
2586,1.0
2587,20.0
2588,1.0
2589,1.0
2590,1.0
2591,1.5714285714285714
2592,2.142857142857143
2593,20.0
2594,1.0
2595,3.8
2596,9.0
2597,1.0
2598,0.0
2599,0.0
2600,1.0
2601,1.0
2602,4.0
2603,1.8571428571428572
2604,0.0
2605,5.375
2606,2.2
2607,1.0
2608,12.5
2609,0.0
2610,3.0
2611,0.0
2612,1.0
2613,0.0
2614,8.0
2615,1.0
2616,0.0
2617,1.5714285714285714
2618,2.125
2619,1.0
2620,1.0
2621,4.0
2622,0.0
2623,1.0
2624,7.0
2625,1.0
2626,2.0
2627,1.0
2628,1.0
2629,1.0
2630,3.3333333333333335
2631,4.25
2632,1.4
2633,1.0
2634,15.2
2635,1.0
2636,1.0
2637,1.0
2638,0.0
2639,1.0
2640,6.875
2641,1.0
2642,5.0
2643,1.0
2644,0.0
2645,4.857142857142857
2646,0.0
2647,1.8
2648,1.0
2649,14.625
2650,0.0
2651,1.0
2652,2.4285714285714284
2653,1.0
2654,2.0
2655,1.0
2656,0.0
2657,1.0
2658,4.666666666666667
2659,1.0
2660,3.2857142857142856
2661,2.4285714285714284
2662,2.5
2663,0.0
2664,0.0
2665,0.0
2666,1.0
2667,7.333333333333333
2668,1.0
2669,0.0
2670,3.75
2671,1.875
2672,12.0
2673,0.0
2674,0.0
2675,8.333333333333334
2676,1.0
2677,1.0
2678,1.0
2679,1.3333333333333333
2680,5.4
2681,0.0
2682,3.2
2683,1.0
2684,1.4285714285714286
2685,1.0
2686,34.25
2687,1.5
2688,0.0
2689,1.5
2690,0.0
2691,0.0
2692,0.0
2693,2.0
2694,1.0
2695,1.1428571428571428
2696,3.2857142857142856
2697,1.0
2698,9.428571428571429
2699,1.0
2700,1.25
2701,3.0
2702,1.0
2703,6.75
2704,2.625
2705,0.0
2706,53.5
2707,0.0
2708,0.0
2709,1.1428571428571428
2710,6.25
2711,0.0
2712,5.571428571428571
2713,8.125
2714,1.0
2715,1.8333333333333333
2716,2.25
2717,2.625
2718,3.625
2719,1.1666666666666667
2720,4.5
2721,2.0
2722,2.0
2723,13.333333333333334
2724,8.5
2725,6.666666666666667
2726,12.625
2727,1.0
2728,11.25
2729,1.4285714285714286
2730,3.0
2731,8.666666666666666
2732,0.0
2733,0.0
2734,4.0
2735,12.5
2736,18.0
2737,1.0
2738,1.0
2739,10.125
2740,4.5
2741,1.3333333333333333
2742,2.0
2743,1.75
2744,3.5
2745,7.375
2746,111.5
2747,2.2
2748,11.5
2749,0.0
2750,1.0
2751,0.0
2752,1.0
2753,0.0
2754,0.0
2755,1.3333333333333333
2756,3.4285714285714284
2757,1.0
2758,1.0
2759,2.0
2760,1.0
2761,1.2857142857142858
2762,0.0
2763,6.375
2764,8.375
2765,2.0
2766,2.2
2767,1.2857142857142858
2768,10.0
2769,1.0
2770,0.0
2771,37.0
2772,1.0
2773,0.0
2774,1.0
2775,1.0
2776,0.0
2777,1.3333333333333333
2778,1.0
2779,2.625
2780,5.666666666666667
2781,1.0
2782,3.5
2783,2.0
2784,1.0
2785,1.375
2786,7.75
2787,0.0
2788,2.142857142857143
2789,2.2
2790,1.0
2791,7.285714285714286
2792,1.25
2793,1.6
2794,1.0
2795,1.0
2796,0.0
2797,1.0
2798,1.0
2799,2.857142857142857
2800,1.0
2801,1.25
2802,1.6666666666666667
2803,12.0
2804,1.0
2805,1.0
2806,3.0
2807,5.6
2808,11.875
2809,6.0
2810,2.2857142857142856
2811,3.25
2812,9.875
2813,5.0
2814,8.0
2815,1.4
2816,0.0
2817,1.0
2818,11.625
2819,2.375
2820,1.3333333333333333
2821,3.3333333333333335
2822,8.875
2823,4.142857142857143
2824,0.0
2825,3.3333333333333335
2826,0.0
2827,3.125
2828,1.0
2829,1.0
2830,0.0
2831,9.0
2832,1.5
2833,0.0
2834,1.0
2835,1.0
2836,8.714285714285714
2837,2.0
2838,1.0
2839,2.8
2840,1.0
2841,2.125
2842,1.0
2843,1.875
2844,1.0
2845,3.5
2846,1.0
2847,1.0
2848,4.0
2849,4.285714285714286
2850,1.6666666666666667
2851,10.714285714285714
2852,0.0
2853,5.75
2854,1.0
2855,1.0
2856,2.0
2857,11.0
2858,0.0
2859,16.0
2860,0.0
2861,1.0
2862,1.6666666666666667
2863,1.8333333333333333
2864,6.75
2865,2.875
2866,1.0
2867,0.0
2868,2.0
2869,2.5714285714285716
2870,4.625
2871,9.0
2872,4.666666666666667
2873,1.0
2874,0.0
2875,1.0
2876,1.0
2877,2.875
2878,2.0
2879,2.0
2880,2.142857142857143
2881,0.0
2882,20.75
2883,2.0
2884,2.0
2885,3.875
2886,0.0
2887,0.0
2888,10.8
2889,1.0
2890,0.0
2891,1.0
2892,9.0
2893,0.0
2894,3.0
2895,1.0
2896,1.8571428571428572
2897,2.8
2898,0.0
2899,2.75
2900,0.0
2901,3.4285714285714284
2902,3.0
2903,2.0
2904,1.0
2905,0.0
2906,5.6
2907,1.0
2908,23.125
2909,13.5
2910,1.0
2911,1.0
2912,5.125
2913,1.0
2914,1.0
2915,9.75
2916,1.0
2917,1.0
2918,2.0
2919,4.666666666666667
2920,10.333333333333334
2921,6.333333333333333
2922,2.0
2923,1.0
2924,0.0
2925,1.0
2926,1.0
2927,0.0
2928,1.7142857142857142
2929,10.333333333333334
2930,2.375
2931,1.0
2932,2.0
2933,1.5
2934,7.625
2935,1.0
2936,1.0
2937,0.0
2938,5.571428571428571
2939,1.0
2940,1.875
2941,1.0
2942,6.0
2943,5.333333333333333
2944,16.571428571428573
2945,2.857142857142857
2946,1.625
2947,1.4285714285714286
2948,1.25
2949,1.3333333333333333
2950,1.3333333333333333
2951,1.0
2952,4.0
2953,3.0
2954,1.6666666666666667
2955,0.0
2956,1.0
2957,1.0
2958,1.3333333333333333
2959,2.3333333333333335
2960,1.0
2961,2.0
2962,6.0
2963,1.0
2964,3.0
2965,5.6
2966,1.0
2967,1.2857142857142858
2968,1.0
2969,1.0
2970,6.714285714285714
2971,2.142857142857143
2972,4.0
2973,1.0
2974,1.0
2975,2.142857142857143
2976,0.0
2977,1.5714285714285714
2978,5.0
2979,1.0
2980,2.0
2981,1.0
2982,0.0
2983,0.0
2984,0.0
2985,1.0
2986,1.3333333333333333
2987,2.0
2988,1.0
2989,1.6666666666666667
2990,7.5
2991,12.4
2992,1.0
2993,2.0
2994,2.3333333333333335
2995,1.0
2996,0.0
2997,6.125
2998,1.6666666666666667
2999,4.166666666666667
3000,0.0
3001,2.5
3002,0.0
3003,6.0
3004,3.0
3005,3.625
3006,1.0
3007,1.6666666666666667
3008,4.333333333333333
3009,27.666666666666668
3010,2.5
3011,4.833333333333333
3012,5.142857142857143
3013,3.7142857142857144
3014,1.0
3015,1.0
3016,4.0
3017,1.0
3018,10.428571428571429
3019,4.75
3020,3.0
3021,1.0
3022,1.0
3023,1.0
3024,1.0
3025,0.0
3026,9.8
3027,0.0
3028,2.375
3029,1.0
3030,1.7142857142857142
3031,1.0
3032,3.5714285714285716
3033,5.625
3034,1.0
3035,4.0
3036,1.0
3037,2.4285714285714284
3038,1.0
3039,1.0
3040,1.3333333333333333
3041,1.0
3042,0.0
3043,2.7142857142857144
3044,1.0
3045,1.0
3046,0.0
3047,1.25
3048,1.0
3049,1.0
3050,0.0
3051,2.0
3052,1.0
3053,1.3333333333333333
3054,1.0
3055,39.5
3056,4.142857142857143
3057,3.75
3058,1.0
3059,1.3333333333333333
3060,12.0
3061,1.0
3062,4.857142857142857
3063,1.0
3064,1.8571428571428572
3065,1.0
3066,4.0
3067,1.6666666666666667
3068,3.125
3069,0.0
3070,3.2
3071,3.0
3072,1.0
3073,5.5
3074,2.4285714285714284
3075,1.875
3076,2.3333333333333335
3077,1.3333333333333333
3078,2.5714285714285716
3079,4.333333333333333
3080,2.4285714285714284
3081,4.125
3082,9.333333333333334
3083,0.0
3084,1.0
3085,11.666666666666666
3086,1.3333333333333333
3087,6.125
3088,1.0
3089,2.0
3090,2.0
3091,4.0
3092,0.0
3093,8.25
3094,1.8571428571428572
3095,0.0
3096,0.0
3097,0.0
3098,2.0
3099,8.5
3100,1.0
3101,1.5
3102,1.0
3103,2.125
3104,1.75
3105,3.3333333333333335
3106,9.571428571428571
3107,1.25
3108,1.5
3109,0.0
3110,1.0
3111,1.8571428571428572
3112,3.6666666666666665
3113,1.7142857142857142
3114,1.0
3115,1.2
3116,4.0
3117,8.0
3118,1.8571428571428572
3119,1.0
3120,0.0
3121,1.0
3122,1.0
3123,1.6666666666666667
3124,0.0
3125,2.375
3126,0.0
3127,0.0
3128,5.0
3129,1.5
3130,4.0
3131,1.5
3132,6.0
3133,0.0
3134,0.0
3135,3.0
3136,1.625
3137,1.5
3138,1.0
3139,2.0
3140,7.75
3141,4.0
3142,1.0
3143,8.625
3144,5.0
3145,1.0
3146,1.0
3147,7.125
3148,14.125
3149,1.0
3150,0.0
3151,1.0
3152,1.75
3153,1.6666666666666667
3154,1.0
3155,5.25
3156,3.75
3157,1.0
3158,1.6666666666666667
3159,0.0
3160,2.625
3161,1.0
3162,1.0
3163,0.0
3164,2.125
3165,1.0
3166,1.1428571428571428
3167,0.0
3168,1.0
3169,3.142857142857143
3170,1.0
3171,1.1428571428571428
3172,4.375
3173,3.0
3174,1.0
3175,8.0
3176,1.5
3177,1.0
3178,1.0
3179,2.0
3180,0.0
3181,1.2
3182,4.875
3183,1.0
3184,1.0
3185,5.714285714285714
3186,2.5
3187,0.0
3188,29.333333333333332
3189,2.0
3190,0.0
3191,1.5
3192,11.25
3193,4.6
3194,3.2857142857142856
3195,2.125
3196,3.5
3197,6.0
3198,1.0
3199,5.625
3200,1.0
3201,1.125
3202,0.0
3203,1.0
3204,4.8
3205,2.6
3206,1.2857142857142858
3207,26.142857142857142
3208,4.375
3209,3.375
3210,1.0
3211,1.0
3212,7.4
3213,5.8
3214,1.375
3215,5.857142857142857
3216,4.0
3217,2.0
3218,0.0
3219,0.0
3220,1.0
3221,8.333333333333334
3222,1.0
3223,14.0
3224,11.125
3225,15.375
3226,1.375
3227,3.0
3228,0.0
3229,2.4285714285714284
3230,1.0
3231,3.0
3232,1.625
3233,1.0
3234,10.875
3235,2.375
3236,5.0
3237,0.0
3238,5.0
3239,1.0
3240,1.3333333333333333
3241,5.0
3242,2.875
3243,1.375
3244,1.0
3245,1.4285714285714286
3246,0.0
3247,1.0
3248,0.0
3249,1.75
3250,4.125
3251,1.0
3252,1.5714285714285714
3253,25.857142857142858
3254,8.625
3255,0.0
3256,1.0
3257,1.3333333333333333
3258,1.0
3259,2.0
3260,2.5
3261,0.0
3262,2.8
3263,0.0
3264,2.875
3265,1.0
3266,0.0
3267,2.875
3268,1.0
3269,2.0
3270,1.0
3271,0.0
3272,22.666666666666668
3273,6.625
3274,1.3333333333333333
3275,0.0
3276,33.666666666666664
3277,1.625
3278,6.0
3279,2.0
3280,1.0
3281,5.333333333333333
3282,1.5714285714285714
3283,0.0
3284,1.8
3285,42.875
3286,5.0
3287,1.0
3288,0.0
3289,16.5
3290,13.5
3291,1.0
3292,1.0
3293,7.333333333333333
3294,0.0
3295,1.375
3296,1.0
3297,1.0
3298,1.0
3299,5.8
3300,3.625
3301,3.0
3302,0.0
3303,2.75
3304,1.4
3305,4.25
3306,1.0
3307,5.0
3308,2.3333333333333335
3309,2.0
3310,1.0
3311,1.0
3312,0.0
3313,1.0
3314,2.6666666666666665
3315,9.666666666666666
3316,1.3333333333333333
3317,1.0
3318,1.25
3319,2.0
3320,1.2857142857142858
3321,0.0
3322,11.0
3323,1.0
3324,13.25
3325,3.125
3326,1.0
3327,4.142857142857143
3328,1.0
3329,2.25
3330,4.571428571428571
3331,2.0
3332,2.0
3333,3.375
3334,1.375
3335,3.0
3336,2.0
3337,3.0
3338,0.0
3339,1.0
3340,1.0
3341,0.0
3342,1.3333333333333333
3343,1.0
3344,0.0
3345,1.0
3346,0.0
3347,50.0
3348,1.0
3349,11.25
3350,6.125
3351,4.0
3352,2.625
3353,0.0
3354,2.25
3355,15.875
3356,1.75
3357,1.6666666666666667
3358,1.0
3359,1.8571428571428572
3360,5.0
3361,12.125
3362,4.333333333333333
3363,13.625
3364,1.0
3365,1.0
3366,1.0
3367,5.0
3368,1.2
3369,2.0
3370,38.5
3371,1.5
3372,1.0
3373,21.333333333333332
3374,9.166666666666666
3375,17.0
3376,1.0
3377,0.0
3378,2.0
3379,10.625
3380,1.0
3381,1.0
3382,1.0
3383,0.0
3384,8.0
3385,2.625
3386,2.375
3387,1.0
3388,2.4
3389,41.125
3390,1.0
3391,2.0
3392,0.0
3393,2.4
3394,8.25
3395,4.142857142857143
3396,1.0
3397,1.0
3398,1.625
3399,4.5
3400,3.0
3401,6.5
3402,3.125
3403,1.3333333333333333
3404,5.0
3405,1.3333333333333333
3406,1.6
3407,0.0
3408,5.285714285714286
3409,3.5
3410,1.0
3411,1.75
3412,1.0
3413,0.0
3414,1.0
3415,9.625
3416,1.0
3417,9.714285714285714
3418,1.3333333333333333
3419,2.0
3420,5.5
3421,7.0
3422,7.125
3423,2.0
3424,0.0
3425,1.0
3426,19.666666666666668
3427,0.0
3428,1.0
3429,0.0
3430,0.0
3431,2.8
3432,2.857142857142857
3433,1.0
3434,10.5
3435,0.0
3436,4.5
3437,2.625
3438,2.0
3439,1.0
3440,4.5
3441,1.0
3442,0.0
3443,1.0
3444,0.0
3445,5.75
3446,0.0
3447,4.0
3448,3.857142857142857
3449,29.0
3450,13.625
3451,1.0
3452,2.5
3453,2.0
3454,2.0
3455,1.0
3456,1.7142857142857142
3457,2.8
3458,9.0
3459,3.75
3460,8.625
3461,1.0
3462,0.0
3463,2.142857142857143
3464,1.0
3465,0.0
3466,2.4285714285714284
3467,1.0
3468,4.75
3469,1.0
3470,5.375
3471,2.6666666666666665
3472,1.75
3473,2.0
3474,1.0
3475,5.714285714285714
3476,1.0
3477,5.333333333333333
3478,1.0
3479,0.0
3480,1.1666666666666667
3481,1.0
3482,2.0
3483,0.0
3484,1.0
3485,3.857142857142857
3486,8.428571428571429
3487,1.0
3488,3.0
3489,1.0
3490,45.375
3491,12.375
3492,3.875
3493,3.375
3494,4.75
3495,1.0
3496,3.75
3497,4.166666666666667
3498,6.666666666666667
3499,9.0
3500,1.75
3501,3.3333333333333335
3502,1.875
3503,1.0
3504,15.714285714285714
3505,5.666666666666667
3506,2.0
3507,3.0
3508,1.6666666666666667
3509,8.625
3510,1.0
3511,3.857142857142857
3512,37.0
3513,1.0
3514,6.0
3515,2.0
3516,1.8571428571428572
3517,15.375
3518,49.375
3519,0.0
3520,1.0
3521,2.875
3522,4.25
3523,0.0
3524,1.0
3525,1.4
3526,1.0
3527,1.7142857142857142
3528,1.0
3529,2.6666666666666665
3530,1.6666666666666667
3531,6.2
3532,3.0
3533,0.0
3534,9.875
3535,3.0
3536,4.0
3537,1.0
3538,1.5714285714285714
3539,6.25
3540,9.25
3541,1.0
3542,2.1666666666666665
3543,1.0
3544,1.0
3545,2.5
3546,2.625
3547,2.6666666666666665
3548,1.5
3549,0.0
3550,2.0
3551,1.0
3552,4.375
3553,3.625
3554,1.4
3555,1.5
3556,3.75
3557,1.0
3558,9.375
3559,6.0
3560,4.8
3561,0.0
3562,7.285714285714286
3563,17.0
3564,10.285714285714286
3565,2.2857142857142856
3566,0.0
3567,0.0
3568,0.0
3569,1.5
3570,2.6666666666666665
3571,9.285714285714286
3572,6.0
3573,1.6666666666666667
3574,1.0
3575,1.5714285714285714
3576,2.857142857142857
3577,58.125
3578,6.142857142857143
3579,5.0
3580,1.0
3581,1.6
3582,0.0
3583,1.0
3584,1.0
3585,5.5
3586,0.0
3587,1.6666666666666667
3588,0.0
3589,0.0
3590,0.0
3591,1.0
3592,0.0
3593,2.0
3594,0.0
3595,3.0
3596,9.0
3597,1.0
3598,0.0
3599,2.6666666666666665
3600,6.125
3601,1.6666666666666667
3602,9.0
3603,5.25
3604,2.0
3605,1.3333333333333333
3606,2.1666666666666665
3607,3.142857142857143
3608,1.7142857142857142
3609,2.0
3610,1.0
3611,1.0
3612,2.5
3613,15.625
3614,1.0
3615,4.375
3616,4.875
3617,1.6666666666666667
3618,5.0
3619,1.0
3620,4.5
3621,2.125
3622,0.0
3623,2.0
3624,11.666666666666666
3625,13.0
3626,1.0
3627,0.0
3628,1.8333333333333333
3629,1.0
3630,3.0
3631,1.0
3632,1.0
3633,25.666666666666668
3634,0.0
3635,1.0
3636,3.75
3637,3.5
3638,0.0
3639,0.0
3640,0.0
3641,0.0
3642,11.0
3643,0.0
3644,0.0
3645,2.0
3646,1.0
3647,1.375
3648,2.625
3649,2.0
3650,3.3333333333333335
3651,1.0
3652,2.0
3653,3.75
3654,4.125
3655,3.857142857142857
3656,2.0
3657,1.0
3658,0.0
3659,1.0
3660,34.6
3661,2.5
3662,1.8333333333333333
3663,3.6666666666666665
3664,1.0
3665,1.0
3666,0.0
3667,3.5714285714285716
3668,5.875
3669,1.0
3670,0.0
3671,62.25
3672,4.571428571428571
3673,44.0
3674,6.125
3675,1.625
3676,4.0
3677,4.571428571428571
3678,3.0
3679,1.0
3680,0.0
3681,17.125
3682,10.875
3683,1.0
3684,2.2857142857142856
3685,2.75
3686,16.125
3687,1.0
3688,6.5
3689,1.3333333333333333
3690,1.3333333333333333
3691,0.0
3692,1.0
3693,1.0
3694,2.2857142857142856
3695,1.0
3696,4.0
3697,5.166666666666667
3698,1.0
3699,8.75
3700,0.0
3701,1.0
3702,1.0
3703,0.0
3704,1.0
3705,0.0
3706,2.142857142857143
3707,2.0
3708,11.666666666666666
3709,5.125
3710,1.0
3711,1.0
3712,1.0
3713,1.0
3714,1.0
3715,2.875
3716,1.0
3717,7.142857142857143
3718,2.3333333333333335
3719,38.0
3720,13.0
3721,42.333333333333336
3722,0.0
3723,1.0
3724,4.857142857142857
3725,1.0
3726,13.0
3727,15.125
3728,1.0
3729,1.0
3730,1.6666666666666667
3731,1.0
3732,7.625
3733,20.142857142857142
3734,2.5714285714285716
3735,6.666666666666667
3736,3.3333333333333335
3737,1.0
3738,0.0
3739,1.0
3740,0.0
3741,1.5714285714285714
3742,5.0
3743,2.4285714285714284
3744,8.0
3745,1.5
3746,0.0
3747,1.6666666666666667
3748,1.4
3749,1.6666666666666667
3750,7.0
3751,2.25
3752,11.75
3753,1.4
3754,1.625
3755,1.6
3756,16.125
3757,3.25
3758,2.125
3759,2.375
3760,1.0
3761,1.0
3762,7.875
3763,1.0
3764,2.8
3765,1.25
3766,1.5
3767,6.625
3768,3.125
3769,1.0
3770,3.625
3771,0.0
3772,0.0
3773,1.0
3774,1.0
3775,2.0
3776,1.3333333333333333
3777,1.0
3778,1.0
3779,2.4285714285714284
3780,1.2
3781,0.0
3782,1.625
3783,1.3333333333333333
3784,1.0
3785,3.375
3786,5.125
3787,1.0
3788,1.0
3789,1.0
3790,7.666666666666667
3791,2.857142857142857
3792,3.4
3793,2.0
3794,8.75
3795,1.0
3796,3.0
3797,1.375
3798,11.0
3799,2.0
3800,1.0
3801,2.0
3802,0.0
3803,1.625
3804,1.7142857142857142
3805,19.25
3806,12.125
3807,18.0
3808,6.2
3809,2.25
3810,1.0
3811,1.5
3812,1.0
3813,6.5
3814,3.625
3815,1.0
3816,5.0
3817,2.375
3818,1.375
3819,10.0
3820,0.0
3821,5.125
3822,3.0
3823,2.125
3824,1.6666666666666667
3825,6.75
3826,8.714285714285714
3827,1.0
3828,1.6
3829,2.0
3830,14.857142857142858
3831,3.0
3832,1.5
3833,2.0
3834,4.0
3835,1.0
3836,1.0
3837,0.0
3838,2.5
3839,4.875
3840,3.5
3841,0.0
3842,1.0
3843,1.0
3844,5.166666666666667
3845,8.25
3846,1.7142857142857142
3847,1.0
3848,1.6666666666666667
3849,4.0
3850,1.0
3851,7.875
3852,1.0
3853,8.75
3854,1.5
3855,3.875
3856,4.0
3857,1.1666666666666667
3858,1.0
3859,3.4285714285714284
3860,1.0
3861,0.0
3862,4.25
3863,1.6666666666666667
3864,2.875
3865,7.25
3866,1.0
3867,19.0
3868,2.3333333333333335
3869,1.0
3870,1.875
3871,8.0
3872,2.0
3873,2.5
3874,0.0
3875,2.0
3876,2.8
3877,2.0
3878,1.0
3879,0.0
3880,8.8
3881,0.0
3882,1.3333333333333333
3883,2.0
3884,23.5
3885,14.5
3886,2.0
3887,2.8
3888,3.7142857142857144
3889,3.0
3890,1.0
3891,0.0
3892,1.0
3893,1.0
3894,1.0
3895,11.428571428571429
3896,0.0
3897,0.0
3898,3.4285714285714284
3899,11.0
3900,1.5714285714285714
3901,5.0
3902,2.0
3903,9.142857142857142
3904,0.0
3905,1.7142857142857142
3906,0.0
3907,0.0
3908,2.75
3909,3.4285714285714284
3910,0.0
3911,0.0
3912,8.666666666666666
3913,0.0
3914,0.0
3915,7.0
3916,5.25
3917,2.7142857142857144
3918,1.3333333333333333
3919,19.875
3920,2.2
3921,1.5
3922,1.7142857142857142
3923,21.0
3924,4.0
3925,0.0
3926,1.1428571428571428
3927,0.0
3928,0.0
3929,1.0
3930,2.5
3931,1.0
3932,6.125
3933,1.4285714285714286
3934,6.166666666666667
3935,1.0
3936,1.0
3937,9.0
3938,2.75
3939,5.25
3940,0.0
3941,1.0
3942,0.0
3943,8.75
3944,2.375
3945,10.0
3946,2.142857142857143
3947,3.6
3948,39.0
3949,2.0
3950,1.0
3951,36.0
3952,0.0
3953,1.3333333333333333
3954,2.4285714285714284
3955,1.4
3956,17.0
3957,1.0
3958,1.0
3959,0.0
3960,2.6666666666666665
3961,5.375
3962,1.2857142857142858
3963,5.333333333333333
3964,0.0
3965,0.0
3966,2.1666666666666665
3967,12.833333333333334
3968,7.0
3969,6.25
3970,1.0
3971,8.625
3972,4.75
3973,4.333333333333333
3974,12.285714285714286
3975,4.875
3976,16.857142857142858
3977,2.6
3978,2.0
3979,2.5
3980,2.6
3981,2.857142857142857
3982,1.0
3983,4.8
3984,7.5
3985,3.0
3986,0.0
3987,1.0
3988,8.0
3989,12.375
3990,1.0
3991,25.0
3992,3.0
3993,8.0
3994,6.5
3995,19.125
3996,0.0
3997,1.0
3998,1.0
3999,4.0
4000,1.3333333333333333
4001,3.625
4002,6.0
4003,3.5
4004,1.0
4005,4.666666666666667
4006,1.6666666666666667
4007,17.0
4008,1.0
4009,1.0
4010,0.0
4011,1.0
4012,1.0
4013,11.0
4014,0.0
4015,0.0
4016,1.0
4017,1.0
4018,1.0
4019,1.75
4020,1.0
4021,1.4285714285714286
4022,6.8
4023,1.0
4024,2.3333333333333335
4025,3.125
4026,2.6666666666666665
4027,3.625
4028,1.8571428571428572
4029,1.6666666666666667
4030,1.0
4031,1.0
4032,0.0
4033,14.125
4034,1.0
4035,1.0
4036,1.0
4037,4.166666666666667
4038,1.5714285714285714
4039,0.0
4040,2.6666666666666665
4041,6.833333333333333
4042,0.0
4043,15.0
4044,3.2
4045,1.0
4046,1.6
4047,1.0
4048,8.0
4049,8.25
4050,4.0
4051,0.0
4052,2.1666666666666665
4053,1.875
4054,85.57142857142857
4055,0.0
4056,1.0
4057,1.0
4058,1.0
4059,0.0
4060,2.5
4061,1.0
4062,2.625
4063,4.666666666666667
4064,1.0
4065,1.5
4066,0.0
4067,4.142857142857143
4068,17.333333333333332
4069,0.0
4070,2.375
4071,1.0
4072,1.0
4073,1.0
4074,5.285714285714286
4075,1.3333333333333333
4076,4.714285714285714
4077,2.4285714285714284
4078,5.25
4079,1.0
4080,1.0
4081,1.0
4082,4.333333333333333
4083,1.2857142857142858
4084,1.0
4085,3.625
4086,1.0
4087,2.0
4088,0.0
4089,6.75
4090,6.625
4091,1.4
4092,9.666666666666666
4093,2.4
4094,2.875
4095,1.0
4096,12.75
4097,2.3333333333333335
4098,2.857142857142857
4099,2.6
4100,0.0
4101,1.8333333333333333
4102,7.0
4103,19.666666666666668
4104,1.0
4105,1.75
4106,1.5
4107,13.875
4108,3.0
4109,1.0
4110,1.3333333333333333
4111,1.0
4112,1.75
4113,4.875
4114,0.0
4115,2.875
4116,5.875
4117,5.8
4118,6.333333333333333
4119,1.0
4120,4.375
4121,1.5714285714285714
4122,1.875
4123,6.4
4124,1.7142857142857142
4125,2.4
4126,1.0
4127,1.0
4128,2.0
4129,0.0
4130,1.0
4131,3.25
4132,1.5
4133,4.0
4134,1.6666666666666667
4135,0.0
4136,0.0
4137,2.5
4138,1.0
4139,8.666666666666666
4140,9.0
4141,1.0
4142,12.428571428571429
4143,1.0
4144,1.0
4145,1.6666666666666667
4146,1.0
4147,10.166666666666666
4148,1.0
4149,1.0
4150,1.5
4151,1.5
4152,15.2
4153,7.333333333333333
4154,3.0
4155,5.0
4156,5.0
4157,1.5
4158,1.7142857142857142
4159,0.0
4160,1.0
4161,14.0
4162,1.6666666666666667
4163,1.0
4164,1.0
4165,1.0
4166,3.0
4167,0.0
4168,1.5714285714285714
4169,0.0
4170,1.0
4171,3.4
4172,12.875
4173,1.8
4174,0.0
4175,1.0
4176,0.0
4177,1.0
4178,0.0
4179,0.0
4180,9.142857142857142
4181,1.0
4182,1.875
4183,1.0
4184,4.75
4185,1.0
4186,1.0
4187,6.125
4188,1.25
4189,4.666666666666667
4190,2.6666666666666665
4191,1.0
4192,6.0
4193,0.0
4194,0.0
4195,1.6
4196,1.0
4197,4.5
4198,1.0
4199,1.375
4200,1.0
4201,1.0
4202,3.0
4203,1.8
4204,1.0
4205,6.75
4206,2.4
4207,1.0
4208,0.0
4209,6.2
4210,0.0
4211,2.0
4212,2.5
4213,2.0
4214,2.5
4215,1.3333333333333333
4216,0.0
4217,1.0
4218,4.5
4219,6.25
4220,1.25
4221,1.0
4222,3.0
4223,2.0
4224,12.0
4225,12.0
4226,1.6666666666666667
4227,1.6666666666666667
4228,1.0
4229,5.0
4230,1.1666666666666667
4231,1.0
4232,1.0
4233,1.0
4234,6.625
4235,2.25
4236,1.875
4237,1.0
4238,1.6666666666666667
4239,2.7142857142857144
4240,1.4
4241,3.375
4242,0.0
4243,1.5
4244,1.75
4245,3.2857142857142856
4246,1.0
4247,5.25
4248,21.571428571428573
4249,3.857142857142857
4250,5.0
4251,0.0
4252,1.75
4253,4.0
4254,1.3333333333333333
4255,3.1666666666666665
4256,1.5714285714285714
4257,1.6666666666666667
4258,2.625
4259,2.2
4260,2.5
4261,6.75
4262,1.1428571428571428
4263,4.5
4264,13.333333333333334
4265,1.0
4266,0.0
4267,1.0
4268,3.0
4269,1.5714285714285714
4270,0.0
4271,1.0
4272,3.125
4273,1.0
4274,2.8333333333333335
4275,0.0
4276,2.0
4277,12.333333333333334
4278,1.5714285714285714
4279,1.5714285714285714
4280,6.25
4281,3.4285714285714284
4282,1.5
4283,0.0
4284,10.142857142857142
4285,0.0
4286,7.75
4287,28.8
4288,1.0
4289,0.0
4290,1.7142857142857142
4291,4.0
4292,8.0
4293,3.375
4294,2.4
4295,2.5
4296,1.0
4297,1.5
4298,4.0
4299,15.375
4300,5.0
4301,1.0
4302,1.0
4303,1.0
4304,9.5
4305,6.375
4306,1.0
4307,0.0
4308,8.0
4309,0.0
4310,1.0
4311,0.0
4312,3.5714285714285716
4313,1.0
4314,1.0
4315,11.285714285714286
4316,4.5
4317,1.4285714285714286
4318,11.25
4319,1.3333333333333333
4320,1.0
4321,0.0
4322,0.0
4323,3.5714285714285716
4324,1.0
4325,1.2857142857142858
4326,1.0
4327,0.0
4328,1.5
4329,2.25
4330,1.5
4331,1.3333333333333333
4332,8.625
4333,1.0
4334,0.0
4335,0.0
4336,1.0
4337,3.857142857142857
4338,13.0
4339,1.5714285714285714
4340,3.142857142857143
4341,1.0
4342,1.0
4343,9.2
4344,1.0
4345,0.0
4346,3.0
4347,5.571428571428571
4348,1.0
4349,4.285714285714286
4350,6.75
4351,14.625
4352,29.0
4353,22.5
4354,1.0
4355,1.0
4356,1.0
4357,18.5
4358,1.0
4359,5.0
4360,0.0
4361,1.0
4362,11.375
4363,1.0
4364,1.0
4365,5.5
4366,11.375
4367,2.4285714285714284
4368,0.0
4369,1.2857142857142858
4370,0.0
4371,0.0
4372,1.0
4373,7.0
4374,0.0
4375,0.0
4376,8.375
4377,1.0
4378,0.0
4379,2.0
4380,1.0
4381,1.5
4382,1.0
4383,1.0
4384,12.375
4385,17.0
4386,4.166666666666667
4387,2.8333333333333335
4388,0.0
4389,5.0
4390,0.0
4391,2.625
4392,0.0
4393,6.0
4394,0.0
4395,0.0
4396,1.7142857142857142
4397,1.6666666666666667
4398,2.625
4399,2.142857142857143
4400,7.333333333333333
4401,3.875
4402,2.5714285714285716
4403,14.428571428571429
4404,1.0
4405,3.0
4406,3.7142857142857144
4407,1.0
4408,2.3333333333333335
4409,12.666666666666666
4410,1.0
4411,1.8571428571428572
4412,1.0
4413,1.0
4414,1.625
4415,2.0
4416,4.5
4417,2.875
4418,1.4
4419,2.3333333333333335
4420,1.7142857142857142
4421,31.333333333333332
4422,2.0
4423,2.0
4424,2.3333333333333335
4425,0.0
4426,2.4285714285714284
4427,1.6666666666666667
4428,1.0
4429,5.571428571428571
4430,2.125
4431,1.0
4432,1.0
4433,1.2857142857142858
4434,0.0
4435,5.857142857142857
4436,4.25
4437,1.6666666666666667
4438,1.5
4439,16.625
4440,2.0
4441,1.75
4442,4.166666666666667
4443,1.0
4444,5.571428571428571
4445,2.0
4446,2.5
4447,7.875
4448,2.0
4449,1.8571428571428572
4450,1.875
4451,1.0
4452,2.0
4453,2.5
4454,15.666666666666666
4455,2.5
4456,0.0
4457,2.0
4458,1.0
4459,3.5
4460,2.3333333333333335
4461,6.25
4462,1.0
4463,1.0
4464,4.875
4465,4.25
4466,1.7142857142857142
4467,1.5714285714285714
4468,0.0
4469,1.0
4470,1.2857142857142858
4471,12.0
4472,7.2
4473,0.0
4474,28.666666666666668
4475,0.0
4476,1.6666666666666667
4477,3.0
4478,7.666666666666667
4479,1.2857142857142858
4480,5.166666666666667
4481,7.4
4482,10.5
4483,1.0
4484,0.0
4485,1.0
4486,2.4
4487,10.0
4488,1.0
4489,11.0
4490,1.7142857142857142
4491,3.5
4492,1.0
4493,0.0
4494,0.0
4495,1.0
4496,3.4
4497,3.3333333333333335
4498,0.0
4499,2.125
4500,1.0
4501,0.0
4502,20.0
4503,1.0
4504,1.5714285714285714
4505,3.4285714285714284
4506,4.0
4507,0.0
4508,3.0
4509,12.285714285714286
4510,5.75
4511,0.0
4512,1.0
4513,2.2857142857142856
4514,1.0
4515,4.0
4516,3.5
4517,1.5714285714285714
4518,0.0
4519,9.0
4520,1.0
4521,2.2
4522,2.6666666666666665
4523,4.0
4524,2.5
4525,2.4
4526,23.5
4527,2.0
4528,0.0
4529,0.0
4530,1.7142857142857142
4531,1.0
4532,2.25
4533,4.875
4534,1.0
4535,2.625
4536,3.857142857142857
4537,1.5
4538,5.875
4539,2.0
4540,4.333333333333333
4541,1.0
4542,2.0
4543,1.0
4544,11.333333333333334
4545,8.0
4546,1.2
4547,1.0
4548,7.333333333333333
4549,1.1428571428571428
4550,16.285714285714285
4551,4.75
4552,1.3333333333333333
4553,1.0
4554,2.7142857142857144
4555,1.0
4556,2.3333333333333335
4557,1.0
4558,0.0
4559,11.0
4560,1.0
4561,1.0
4562,2.0
4563,6.571428571428571
4564,0.0
4565,6.5
4566,6.8
4567,6.285714285714286
4568,1.0
4569,2.0
4570,1.0
4571,2.142857142857143
4572,1.0
4573,8.625
4574,2.4285714285714284
4575,1.0
4576,0.0
4577,7.875
4578,5.5
4579,0.0
4580,1.5
4581,10.285714285714286
4582,4.666666666666667
4583,0.0
4584,8.2
4585,7.0
4586,14.0
4587,1.0
4588,1.0
4589,9.4
4590,1.8
4591,1.5
4592,2.4
4593,4.75
4594,4.5
4595,1.0
4596,17.666666666666668
4597,1.0
4598,0.0
4599,2.2857142857142856
4600,7.0
4601,2.2857142857142856
4602,1.4285714285714286
4603,1.0
4604,1.0
4605,7.0
4606,1.0
4607,0.0
4608,0.0
4609,1.0
4610,8.25
4611,2.375
4612,0.0
4613,4.666666666666667
4614,1.0
4615,3.142857142857143
4616,0.0
4617,1.0
4618,12.0
4619,1.0
4620,1.0
4621,0.0
4622,6.0
4623,1.0
4624,1.0
4625,11.125
4626,1.0
4627,7.0
4628,2.7142857142857144
4629,0.0
4630,1.0
4631,2.625
4632,1.1428571428571428
4633,0.0
4634,5.333333333333333
4635,1.0
4636,9.125
4637,1.8333333333333333
4638,0.0
4639,1.3333333333333333
4640,1.0
4641,4.8
4642,1.0
4643,4.0
4644,5.0
4645,6.0
4646,1.375
4647,6.5
4648,1.6
4649,1.0
4650,1.6666666666666667
4651,1.0
4652,0.0
4653,1.6
4654,1.3333333333333333
4655,8.5
4656,1.75
4657,1.0
4658,1.0
4659,0.0
4660,2.125
4661,1.0
4662,9.875
4663,1.0
4664,4.0
4665,0.0
4666,6.0
4667,0.0
4668,2.5
4669,1.0
4670,0.0
4671,14.0
4672,8.0
4673,1.0
4674,1.0
4675,1.0
4676,1.0
4677,3.5
4678,4.25
4679,1.5
4680,2.142857142857143
4681,2.2857142857142856
4682,0.0
4683,7.5
4684,1.2857142857142858
4685,2.2857142857142856
4686,1.5714285714285714
4687,2.625
4688,1.0
4689,1.0
4690,0.0
4691,1.0
4692,1.0
4693,2.3333333333333335
4694,0.0
4695,0.0
4696,3.0
4697,1.0
4698,1.0
4699,0.0
4700,5.5
4701,2.857142857142857
4702,4.0
4703,0.0
4704,1.1666666666666667
4705,1.0
4706,1.4285714285714286
4707,1.0
4708,3.0
4709,6.25
4710,10.0
4711,0.0
4712,3.0
4713,7.857142857142857
4714,6.625
4715,1.6666666666666667
4716,3.625
4717,24.75
4718,1.0
4719,1.625
4720,1.0
4721,2.75
4722,2.625
4723,1.0
4724,1.6666666666666667
4725,11.5
4726,3.6666666666666665
4727,2.5
4728,1.0
4729,2.3333333333333335
4730,3.3333333333333335
4731,1.0
4732,12.285714285714286
4733,29.666666666666668
4734,5.5
4735,2.0
4736,2.0
4737,0.0
4738,12.875
4739,1.6666666666666667
4740,3.875
4741,0.0
4742,2.3333333333333335
4743,1.0
4744,1.0
4745,1.6
4746,2.0
4747,1.8
4748,11.0
4749,1.0
4750,1.375
4751,1.0
4752,1.0
4753,1.0
4754,0.0
4755,17.875
4756,1.0
4757,2.0
4758,2.2857142857142856
4759,1.5
4760,28.5
4761,2.875
4762,2.3333333333333335
4763,3.0
4764,3.875
4765,4.25
4766,3.8333333333333335
4767,5.0
4768,0.0
4769,1.6666666666666667
4770,3.5714285714285716
4771,1.0
4772,1.0
4773,0.0
4774,23.5
4775,7.0
4776,1.4
4777,1.0
4778,0.0
4779,1.0
4780,1.0
4781,3.142857142857143
4782,1.0
4783,1.0
4784,5.0
4785,1.0
4786,1.0
4787,0.0
4788,1.0
4789,5.625
4790,4.5
4791,1.0
4792,0.0
4793,1.5
4794,10.0
4795,1.0
4796,3.0
4797,0.0
4798,3.875
4799,1.0
4800,2.6666666666666665
4801,13.5
4802,2.5714285714285716
4803,9.666666666666666
4804,1.0
4805,2.625
4806,8.0
4807,2.0
4808,4.0
4809,1.6666666666666667
4810,2.125
4811,0.0
4812,0.0
4813,0.0
4814,2.0
4815,1.3333333333333333
4816,6.125
4817,5.375
4818,25.0
4819,1.4
4820,2.0
4821,0.0
4822,3.0
4823,0.0
4824,5.5
4825,3.125
4826,10.0
4827,3.857142857142857
4828,14.666666666666666
4829,3.0
4830,3.857142857142857
4831,1.5
4832,1.625
4833,3.0
4834,0.0
4835,2.5
4836,11.375
4837,1.0
4838,0.0
4839,5.125
4840,1.0
4841,3.6666666666666665
4842,1.0
4843,0.0
4844,1.0
4845,11.0
4846,1.25
4847,0.0
4848,12.428571428571429
4849,2.142857142857143
4850,6.5
4851,8.142857142857142
4852,1.0
4853,0.0
4854,1.0
4855,1.4285714285714286
4856,1.8
4857,0.0
4858,2.5714285714285716
4859,1.0
4860,6.625
4861,4.625
4862,0.0
4863,1.0
4864,0.0
4865,1.25
4866,8.666666666666666
4867,34.285714285714285
4868,1.25
4869,1.5
4870,1.875
4871,5.125
4872,1.0
4873,5.333333333333333
4874,2.6666666666666665
4875,9.0
4876,2.0
4877,1.0
4878,1.0
4879,4.333333333333333
4880,3.3333333333333335
4881,2.4285714285714284
4882,0.0
4883,0.0
4884,1.0
4885,2.0
4886,1.0
4887,7.0
4888,1.1428571428571428
4889,1.5714285714285714
4890,0.0
4891,1.0
4892,2.375
4893,4.0
4894,28.666666666666668
4895,1.25
4896,7.666666666666667
4897,1.0
4898,0.0
4899,2.0
4900,5.833333333333333
4901,1.0
4902,1.0
4903,1.2
4904,5.0
4905,1.0
4906,8.875
4907,3.75
4908,1.0
4909,0.0
4910,0.0
4911,0.0
4912,2.0
4913,5.571428571428571
4914,7.428571428571429
4915,8.0
4916,1.0
4917,0.0
4918,10.0
4919,12.25
4920,1.0
4921,0.0
4922,1.0
4923,7.857142857142857
4924,2.0
4925,4.0
4926,1.8
4927,2.0
4928,2.0
4929,0.0
4930,1.0
4931,9.625
4932,2.125
4933,0.0
4934,0.0
4935,2.5
4936,1.0
4937,1.5
4938,0.0
4939,1.0
4940,2.0
4941,12.5
4942,0.0
4943,1.0
4944,1.0
4945,2.3333333333333335
4946,43.0
4947,7.142857142857143
4948,6.333333333333333
4949,6.714285714285714
4950,2.0
4951,1.0
4952,5.2
4953,6.571428571428571
4954,4.0
4955,3.0
4956,2.142857142857143
4957,1.0
4958,3.5
4959,1.0
4960,2.875
4961,0.0
4962,3.0
4963,1.0
4964,6.0
4965,15.666666666666666
4966,1.0
4967,1.25
4968,4.375
4969,1.1666666666666667
4970,3.6666666666666665
4971,3.125
4972,2.142857142857143
4973,1.0
4974,8.0
4975,3.4285714285714284
4976,2.5
4977,1.3333333333333333
4978,1.5
4979,1.0
4980,0.0
4981,0.0
4982,1.6
4983,0.0
4984,1.0
4985,2.0
4986,5.375
4987,1.0
4988,6.375
4989,1.0
4990,0.0
4991,1.0
4992,1.0
4993,1.3333333333333333
4994,2.2857142857142856
4995,5.25
4996,2.6
4997,4.333333333333333
4998,1.4285714285714286
4999,1.8
5000,1.0
5001,48.0
5002,8.333333333333334
5003,2.3333333333333335
5004,6.125
5005,1.0
5006,0.0
5007,1.5714285714285714
5008,0.0
5009,1.0
5010,1.0
5011,3.625
5012,1.0
5013,7.0
5014,2.5714285714285716
5015,6.875
5016,4.5
5017,8.0
5018,14.5
5019,46.0
5020,7.5
5021,1.0
5022,1.0
5023,0.0
5024,11.0
5025,0.0
5026,14.625
5027,12.8
5028,2.2857142857142856
5029,1.875
5030,1.0
5031,4.714285714285714
5032,1.0
5033,2.375
5034,3.0
5035,1.0
5036,1.0
5037,4.0
5038,1.4
5039,0.0
5040,2.75
5041,1.2857142857142858
5042,0.0
5043,0.0
5044,5.0
5045,0.0
5046,6.714285714285714
5047,2.0
5048,4.333333333333333
5049,0.0
5050,1.6666666666666667
5051,0.0
5052,1.1666666666666667
5053,24.0
5054,0.0
5055,9.0
5056,1.5
5057,2.5
5058,0.0
5059,5.333333333333333
5060,6.714285714285714
5061,4.714285714285714
5062,1.5
5063,3.375
5064,5.0
5065,1.0
5066,5.0
5067,1.0
5068,11.0
5069,2.6666666666666665
5070,7.125
5071,2.25
5072,7.0
5073,1.4
5074,1.0
5075,15.125
5076,2.625
5077,2.75
5078,11.857142857142858
5079,17.333333333333332
5080,2.0
5081,2.0
5082,3.75
5083,8.5
5084,2.875
5085,2.3333333333333335
5086,3.6666666666666665
5087,5.0
5088,2.5714285714285716
5089,2.4
5090,8.875
5091,6.625
5092,0.0
