,L8N
0,0.0
1,0.0
2,0.4
3,0.0
4,0.0
5,0.0
6,0.0
7,0.0
8,0.0
9,1.2583333375
10,0.0
11,0.0
12,0.0
13,1.48571426
14,0.0
15,0.0
16,0.725496055
17,0.0
18,0.0
19,0.0
20,0.8059524125000002
21,1.6835017
22,0.4666666666666666
23,0.0
24,0.0
25,0.95
26,0.0
27,0.0
28,0.21428571428571427
29,0.0
30,0.0
31,0.75
32,0.09523809999999999
33,0.5
34,0.0
35,0.2857143
36,1.9473557874999998
37,0.0
38,0.0
39,0.0
40,0.72727275
41,0.3888889
42,0.0
43,0.8400000000000001
44,0.28288691
45,0.0
46,5.7059874624999996
47,0.0
48,0.5525932462500001
49,0.0
50,0.0
51,0.0
52,0.0
53,0.0
54,1.029166675
55,0.0
56,0.0
57,0.0
58,0.0
59,0.0
60,0.0
61,0.0
62,0.0
63,0.0
64,0.0
65,0.0
66,0.0
67,0.5
68,2.1666666714285716
69,1.6854166875
70,1.0404040333333333
71,0.8333333333333334
72,0.4555555599999999
73,0.05714285714285715
74,0.54047619625
75,0.0
76,0.27043560875000006
77,0.5386904825000001
78,0.0
79,0.0
80,1.4416666499999997
81,0.0
82,0.0
83,0.0
84,0.0
85,0.0
86,0.0
87,0.0
88,0.0
89,0.0
90,0.0
91,0.0
92,0.0
93,2.75
94,0.0
95,0.0
96,0.0
97,1.8397058999999998
98,0.921088442857143
99,0.20740740666666668
100,0.0
101,0.0
102,0.0
103,0.0
104,0.7895292262499999
105,0.70833335
106,0.0
107,0.0
108,0.0
109,0.0
110,0.0
111,1.2555555666666667
112,0.0
113,0.9474206387500002
114,1.4855116625
115,0.0
116,0.0
117,0.5476190649999999
118,0.0
119,0.0
120,0.0
121,0.0
122,1.5288889200000002
123,0.0
124,1.17083335
125,0.0
126,1.0999999999999999
127,0.19047619999999998
128,1.0
129,0.0
130,0.0
131,0.0
132,0.0
133,0.8
134,0.742857148
135,0.873015885
136,0.36195570000000005
137,0.2
138,0.0
139,0.0
140,0.0
141,0.3238636375
142,0.0
143,0.0
144,0.0
145,0.0
146,0.0
147,0.0
148,0.5238095285714286
149,0.0
150,1.3333334
151,0.0
152,0.0
153,0.416666675
154,0.0
155,0.0
156,0.0
157,0.31666666666666665
158,0.0
159,0.0
160,0.0
161,3.967857
162,0.54452346
163,0.0
164,0.1
165,0.0
166,0.14285714285714285
167,0.0
168,0.0
169,2.01666665
170,0.0
171,0.0
172,0.0
173,0.0
174,0.8108108
175,0.0
176,0.0
177,0.0
178,0.0
179,0.21346154250000002
180,0.0729166675
181,0.587188865
182,0.31944444499999997
183,0.0
184,0.0
185,0.0
186,0.0
187,0.0
188,0.0
189,0.0
190,0.0
191,0.0
192,0.0
193,0.0
194,0.0
195,0.0
196,0.0
197,0.0
198,0.0
199,0.0
200,0.6274509833333334
201,0.39972663374999995
202,0.16432044875
203,0.67131085625
204,0.0
205,0.0
206,0.0
207,0.6666667
208,0.3750000125
209,0.0
210,0.0
211,0.0
212,0.0
213,0.0
214,1.2979055333333334
215,0.0
216,0.0
217,0.0
218,0.0
219,0.0
220,0.0
221,0.0
222,0.0
223,0.30476191428571425
224,0.0
225,0.35
226,0.0
227,0.0
228,0.0
229,0.0
230,0.98748475
231,0.0
232,0.7055555666666665
233,0.0
234,0.0
235,0.7
236,2.7470237875
237,0.0
238,0.0
239,0.0
240,2.0
241,0.0
242,0.0
243,0.0
244,0.62926694375
245,0.0
246,0.0
247,0.0
248,0.0
249,0.0
250,0.0
251,0.0
252,3.275
253,0.0
254,2.897694475
255,0.0
256,0.45
257,0.0
258,0.0
259,0.0
260,2.8444444
261,0.9844156000000002
262,0.0
263,0.0
264,0.0
265,1.9166666666666667
266,0.0
267,0.0
268,0.7537415142857142
269,0.0
270,0.0
271,0.1041666675
272,0.0
273,0.0
274,0.7900845428571428
275,1.5083333333333335
276,0.0
277,2.3238095000000003
278,0.29255953
279,1.3087121000000002
280,0.23076923
281,0.0
282,2.4257250428571426
283,0.0
284,0.0
285,0.0
286,0.13333333333333333
287,0.0
288,0.0
289,0.0
290,0.0
291,2.4749999750000002
292,0.0
293,0.0
294,0.0
295,0.411904775
296,0.0
297,0.0
298,0.6
299,0.7227826975
300,0.0
301,0.0
302,0.27689394125
303,0.0
304,0.0
305,0.22559524250000001
306,0.0
307,0.7239704874999999
308,0.24880953
309,0.5
310,0.0
311,0.0
312,1.25
313,0.0
314,5.8980395
315,0.381818185
316,0.0
317,0.0
318,0.0
319,0.0
320,0.0
321,2.7999254875
322,2.469230833333333
323,0.0
324,1.5714285714285714
325,0.0
326,0.0
327,1.0685714400000002
328,0.7200588457142857
329,0.0
330,0.0
331,0.0
332,0.0
333,0.0
334,0.0
335,0.0
336,0.0
337,0.0
338,0.9708333499999999
339,0.6666666666666666
340,0.0
341,0.0
342,1.544507575
343,0.6666666857142857
344,0.0
345,0.0
346,0.0
347,0.0
348,0.0
349,1.40333336
350,0.0
351,0.0
352,0.0
353,0.0
354,1.333333342857143
355,0.0
356,0.0
357,3.0900793624999996
358,0.0
359,0.09375
360,0.46396396999999995
361,0.0
362,2.0474464375
363,0.0
364,0.6338435075
365,0.0
366,2.0
367,0.0
368,0.0
369,0.0
370,0.0
371,0.5
372,0.0
373,0.1125
374,0.0
375,0.0
376,0.0
377,0.0
378,0.25
379,0.6622975425
380,0.0
381,0.0
382,0.0
383,0.19999999999999998
384,0.0
385,0.0
386,1.5952381142857146
387,0.0
388,0.0
389,0.0
390,0.0
391,0.0
392,0.45238095714285714
393,0.0
394,0.8719851857142858
395,0.0
396,0.0
397,0.0
398,0.0
399,0.0857142875
400,0.0
401,0.0
402,0.0
403,0.0
404,0.0
405,1.36008675
406,0.0
407,4.83871
408,0.0
409,0.0
410,0.0
411,0.6206349285714285
412,0.0
413,3.8900797749999994
414,0.53541668
415,0.0
416,0.0
417,2.9125
418,0.4419643
419,0.0
420,0.0
421,0.0
422,0.08843537714285714
423,0.0
424,0.0
425,1.5
426,0.0
427,0.2545177075
428,0.0
429,1.2773809674999999
430,0.0
431,0.6520534037500001
432,1.2568027
433,0.0
434,0.0
435,0.0
436,2.4363095
437,0.0
438,0.0
439,0.0
440,3.5555556000000004
441,0.0
442,0.0
443,0.0
444,0.0
445,0.6666666666666666
446,1.2923521
447,1.4328114375000003
448,0.0
449,0.22222223333333332
450,0.0
451,0.0
452,1.2
453,0.0
454,0.0
455,0.0
456,0.0
457,0.0
458,0.0
459,0.0
460,0.4317460428571428
461,0.0
462,1.0125000124999999
463,0.5339105457142856
464,0.24642857499999998
465,0.0
466,0.0
467,0.51428574
468,0.0
469,0.0
470,0.0
471,1.5555555333333333
472,2.3833333333333333
473,0.0
474,0.179782998
475,0.21111111
476,0.4761904857142857
477,0.0
478,0.22857143333333332
479,0.2479343975
480,0.0
481,1.0
482,0.0
483,0.0
484,0.82352945
485,0.0
486,0.5573030242857143
487,0.0
488,0.0
489,0.14285715
490,0.0
491,0.0
492,0.0
493,0.0
494,0.0
495,0.0
496,0.0
497,0.05714285714285715
498,1.4722222
499,0.3375
500,0.0
501,0.0
502,0.0
503,4.114623000000001
504,0.0
505,0.0
506,0.53542733875
507,0.0
508,0.0
509,0.0
510,0.0
511,0.0
512,1.5555556000000001
513,0.0
514,0.0
515,0.0
516,0.0
517,0.0
518,0.07692308
519,0.0
520,0.0
521,0.0
522,0.0
523,0.0
524,0.0
525,0.6666667
526,0.0
527,0.0
528,0.0
529,0.0
530,2.2
531,0.0
532,0.1125
533,0.0
534,0.9041270000000001
535,2.0166666749999997
536,2.7147826000000004
537,5.178571333333333
538,0.0
539,0.5
540,0.0
541,0.0
542,0.0
543,0.0
544,1.4387755428571427
545,0.0
546,0.0
547,0.0
548,0.0
549,0.0
550,0.0
551,0.5000000124999999
552,0.0
553,0.0
554,4.507978766666667
555,0.0
556,0.0
557,0.2
558,0.166666675
559,0.0
560,0.3523809571428571
561,0.0
562,0.0
563,0.0
564,3.533333333333333
565,0.579166675
566,0.0
567,0.0
568,0.9091117399999998
569,0.11428572
570,0.942261925
571,0.750000025
572,0.0
573,0.6409812616666667
574,0.0
575,0.0
576,2.4581196666666667
577,0.0
578,0.6333333499999999
579,1.5418711166666668
580,0.0
581,0.21666667499999998
582,0.0
583,0.0
584,0.0
585,0.0
586,0.0
587,0.0
588,0.0
589,0.0
590,0.0
591,0.0
592,0.70682790625
593,1.9999999800000001
594,0.0
595,4.140052025
596,0.53273810875
597,2.96
598,2.82291665
599,0.0
600,0.0
601,0.22212301999999998
602,3.1982091999999995
603,2.969387714285714
604,0.0
605,0.39026862949999996
606,1.5
607,0.0
608,0.0
609,0.0
610,0.0
611,0.0
612,0.0
613,0.0
614,0.803967275
615,2.756038633333333
616,1.2223964125
617,4.47222235
618,0.0
619,0.0
620,0.0
621,0.4
622,0.0
623,1.4727747625000003
624,0.7413507699999999
625,0.0
626,0.0
627,0.0
628,0.0
629,0.6976278887499999
630,0.0
631,0.0
632,0.5925926
633,0.0
634,0.0
635,0.0
636,0.2701525066666666
637,0.0
638,0.0
639,0.7746990142857143
640,2.92820515
641,0.0
642,0.0
643,0.0
644,0.0
645,0.41984127666666665
646,0.0
647,0.0
648,0.0
649,0.0
650,0.0
651,0.0
652,0.0
653,1.0074074083333333
654,0.0
655,1.3733560142857144
656,1.0208333625000001
657,0.0
658,0.0
659,0.0
660,0.0
661,0.0
662,1.0
663,0.0
664,0.0
665,4.466502775
666,0.45833335
667,0.0
668,0.0
669,0.0
670,0.6666666666666666
671,0.0
672,0.0
673,0.0
674,0.0
675,3.0
676,1.88333335
677,0.0
678,0.0
679,0.35545373125
680,0.6666666666666666
681,0.0
682,0.0
683,0.0
684,0.46666668
685,0.7844246174999999
686,0.0
687,5.714286
688,0.0
689,0.077380955
690,0.0
691,0.0
692,1.3239796042857144
693,1.08476192
694,0.0
695,0.0
696,0.0
697,0.0
698,0.0
699,0.0
700,0.56
701,0.0
702,0.0
703,0.0
704,0.3
705,0.0
706,0.6212962799999999
707,0.0
708,1.4619047857142857
709,0.0
710,0.0
711,0.0
712,0.666666675
713,1.2222222333333332
714,0.0
715,0.0
716,2.0
717,1.1520833375000001
718,1.1919192466666666
719,2.0
720,0.0
721,3.3333333333333335
722,0.0
723,0.094742065
724,1.1624562875
725,0.0
726,0.0
727,0.0
728,0.3611111116666667
729,0.0
730,0.47727273800000003
731,0.5142857142857143
732,0.0
733,0.1
734,1.1253968357142858
735,0.0
736,0.0
737,0.0
738,0.0
739,0.0
740,0.0
741,0.51942641625
742,0.0
743,0.0
744,0.0
745,0.0
746,0.0
747,0.0
748,0.16666667
749,0.0
750,1.5207062000000002
751,0.0
752,0.0
753,1.2
754,0.8412698999999999
755,0.0
756,0.83333335
757,0.0
758,0.0
759,0.0
760,0.0
761,0.0
762,0.0
763,0.0
764,0.0
765,0.13333334
766,0.7809523857142857
767,1.375
768,0.6047619142857142
769,0.0
770,0.0
771,1.7272726999999999
772,3.2992006666666662
773,0.0
774,0.0
775,0.7541666674999999
776,0.9619047625000001
777,0.0
778,0.0
779,0.32709236
780,0.0
781,0.0
782,0.0
783,1.3610119175
784,0.0
785,0.0
786,0.7111111166666667
787,0.0
788,1.1333333333333333
789,0.0
790,0.0
791,0.0
792,0.0
793,0.0
794,0.434910485
795,0.0
796,0.0
797,0.0
798,0.0
799,0.0
800,0.0
801,0.0
802,0.9761905000000001
803,0.0
804,0.083333335
805,0.0
806,0.0
807,0.0
808,0.0
809,0.6111111333333333
810,0.0
811,0.0
812,1.13333336
813,0.0
814,0.0
815,0.0
816,0.0
817,0.641666675
818,0.0
819,0.0
820,0.0
821,1.92
822,0.2761904771428571
823,0.0
824,0.0
825,0.0
826,0.099038790625
827,1.2175214000000003
828,0.0
829,0.0
830,0.0
831,0.0
832,0.0
833,0.0
834,0.0
835,0.0
836,1.0
837,0.0
838,0.0
839,0.0
840,0.0
841,0.5041666675
842,0.48
843,0.0
844,0.0
845,5.739707733333334
846,0.0
847,0.75
848,0.0
849,0.0
850,0.0
851,0.0
852,0.0
853,0.0
854,0.13333333333333333
855,0.0
856,0.0
857,0.0
858,0.22857143333333332
859,0.0
860,0.0
861,0.2958333375
862,0.0
863,0.0
864,1.6289682875
865,0.0
866,0.7916666875
867,0.13333333333333333
868,0.0
869,0.0
870,2.000000033333333
871,0.333333335
872,1.2
873,0.391111124
874,0.0
875,0.0
876,0.0
877,0.925714292
878,0.0
879,0.7111111333333334
880,0.0
881,3.875
882,0.0
883,0.290178575
884,0.3333333333333333
885,0.0
886,0.0
887,0.0
888,0.5
889,0.24444444666666668
890,0.0
891,0.0
892,0.0
893,0.0
894,3.9165675
895,0.0
896,0.0
897,0.5
898,0.9000000142857143
899,0.0
900,0.0
901,0.0
902,0.5654449887499999
903,0.4
904,0.6375
905,0.5642857199999999
906,0.291666675
907,0.0
908,0.0
909,0.0
910,0.75
911,0.4583333375
912,0.0
913,0.0
914,0.0
915,0.413482355
916,0.31488095499999996
917,0.0
918,1.75
919,0.383838395
920,0.0
921,0.4
922,0.0
923,0.0
924,0.0
925,0.0
926,0.0
927,0.0
928,0.0
929,0.22518797499999998
930,0.0
931,0.0
932,0.7222222333333334
933,2.3688940566666665
934,0.0
935,0.0
936,0.128888888
937,0.0
938,0.0
939,0.33333334
940,0.0
941,0.0
942,0.4
943,1.3570901375
944,0.0
945,0.0
946,0.6000000125
947,0.4375000125
948,0.0
949,0.0
950,0.0
951,0.0
952,0.18838384333333333
953,1.3866071500000001
954,1.2666667
955,1.0073396875
956,0.0
957,4.5655843875
958,0.0
959,0.0
960,0.50833333125
961,0.7528757171428572
962,0.6666666714285715
963,0.0
964,0.175
965,0.46689343571428565
966,0.0
967,2.3312243
968,0.8333333333333334
969,0.0
970,0.0
971,0.0
972,1.5580952680000002
973,0.4255952475
974,0.0
975,0.0
976,0.0
977,0.0
978,0.25
979,1.0
980,0.0
981,0.81091271625
982,1.76436966875
983,0.26488095875
984,0.0
985,0.0
986,1.8055555875
987,0.0
988,0.0
989,1.4
990,0.3666666666666667
991,3.7646825999999995
992,0.0
993,0.0
994,1.2448979714285713
995,1.6111111333333332
996,0.0
997,0.64368978125
998,0.0
999,0.0
1000,0.0
1001,0.0
1002,0.0
1003,0.0
1004,0.3333333333333333
1005,0.0
1006,0.4690114475
1007,0.1725274742857143
1008,0.0
1009,0.0
1010,0.0
1011,0.0
1012,0.0
1013,1.3777777833333333
1014,0.0
1015,0.0729166675
1016,0.0
1017,0.0
1018,0.0
1019,0.14087302
1020,0.0
1021,0.0
1022,0.0
1023,0.0
1024,0.47344323428571433
1025,0.0
1026,5.442810366666666
1027,0.0
1028,0.8041937337499999
1029,0.0
1030,0.45238095714285714
1031,0.0
1032,0.0
1033,0.0
1034,0.0
1035,0.0
1036,0.0
1037,0.0
1038,0.0
1039,0.7678571675
1040,0.0
1041,2.68831174
1042,0.0
1043,1.8095238333333334
1044,0.0
1045,6.357142714285714
1046,0.22222223333333332
1047,0.0
1048,0.0
1049,0.5
1050,0.0
1051,2.4814814833333334
1052,1.14805196
1053,0.5714285714285714
1054,0.10711644375
1055,0.0
1056,0.0
1057,0.0
1058,0.0
1059,0.0
1060,0.0
1061,0.16081484
1062,0.0
1063,0.166666675
1064,0.0
1065,0.0
1066,0.0
1067,0.0
1068,2.0888888666666667
1069,0.0
1070,0.0
1071,1.5789474
1072,0.0
1073,0.0
1074,2.687739483333333
1075,0.0
1076,0.0
1077,1.5861201337500002
1078,0.7038961071428572
1079,0.83333335
1080,0.0
1081,0.0
1082,0.0
1083,0.0
1084,0.5
1085,0.0
1086,0.0
1087,0.0
1088,1.0
1089,0.0
1090,0.0
1091,0.0
1092,0.0
1093,0.26666666666666666
1094,1.7782661814285716
1095,0.0
1096,1.9761904857142858
1097,0.0
1098,0.0
1099,0.0
1100,1.3444444500000001
1101,0.8333333624999999
1102,1.1428572
1103,0.0
1104,0.0
1105,0.0
1106,0.3880952425
1107,0.0
1108,0.0
1109,0.0
1110,0.0
1111,0.0
1112,0.0
1113,0.0
1114,2.6818182
1115,0.0
1116,0.0
1117,0.16666667
1118,0.6666667
1119,0.0
1120,0.0
1121,0.08901871375
1122,0.0
1123,1.8431373
1124,0.11111111666666666
1125,0.6428571571428571
1126,1.354166675
1127,1.5583445057142857
1128,0.54166667
1129,0.0
1130,0.051282053333333334
1131,0.0
1132,0.0
1133,0.0
1134,2.2931217
1135,0.0
1136,0.0
1137,0.19047619999999998
1138,0.0
1139,0.3666666714285714
1140,1.0
1141,0.5
1142,0.0
1143,0.4793815771428571
1144,0.0
1145,2.0774184300000003
1146,0.0
1147,0.0
1148,0.0277777775
1149,0.0
1150,0.0
1151,0.0
1152,1.5999999999999999
1153,0.0
1154,4.289947000000001
1155,1.0
1156,0.0
1157,0.09523809999999999
1158,0.0
1159,0.0
1160,0.5952381000000001
1161,0.0
1162,0.7827381250000001
1163,0.0
1164,0.0
1165,0.0
1166,1.4138322385714286
1167,0.0
1168,0.0
1169,0.0
1170,3.3444127212500003
1171,2.580952333333333
1172,0.0
1173,0.0
1174,0.0
1175,0.0
1176,0.0
1177,0.0
1178,0.0
1179,0.0
1180,1.104166675
1181,0.0
1182,0.0
1183,0.0
1184,0.0
1185,0.0
1186,0.44444445
1187,0.6374768199999999
1188,1.8301587571428573
1189,0.6666666666666666
1190,3.1671201571428576
1191,0.0
1192,0.5350427480000001
1193,0.0
1194,0.0
1195,1.2700892875
1196,0.0
1197,0.0
1198,1.279166675
1199,0.841666675
1200,0.0
1201,0.0
1202,0.0
1203,0.0
1204,0.0
1205,3.5952379999999997
1206,0.0
1207,0.8571428857142857
1208,0.18194444499999998
1209,0.0
1210,0.0
1211,0.0
1212,0.0
1213,0.0
1214,0.0
1215,0.0
1216,1.10573874
1217,0.0
1218,0.0
1219,0.09956710285714286
1220,0.0
1221,0.0
1222,0.0
1223,0.0
1224,0.0
1225,0.0
1226,0.0
1227,0.0
1228,0.0
1229,0.1448879575
1230,0.0
1231,0.0
1232,0.0
1233,0.0
1234,0.0
1235,0.0
1236,0.0
1237,0.0
1238,0.0
1239,0.0
1240,0.0
1241,0.0
1242,0.0
1243,0.0
1244,0.0
1245,0.0
1246,1.0
1247,0.0
1248,0.0
1249,0.0
1250,0.0
1251,0.0
1252,0.0
1253,0.0
1254,0.0
1255,0.9753968285714285
1256,0.0
1257,0.54545456
1258,0.0
1259,0.0
1260,0.0
1261,0.0
1262,0.8
1263,0.0
1264,0.0
1265,0.0
1266,0.0
1267,0.3
1268,2.3333333
1269,0.41554487375
1270,0.0
1271,2.3952381285714286
1272,0.8
1273,1.2666666666666666
1274,0.4166666666666667
1275,0.0
1276,0.0
1277,0.0
1278,0.0
1279,0.5809524
1280,0.0
1281,0.0
1282,0.0
1283,0.0
1284,0.0
1285,0.5480089575
1286,0.8
1287,0.4
1288,0.44444446666666665
1289,0.28472222875
1290,0.0
1291,0.0
1292,0.0
1293,0.0
1294,0.0
1295,0.44166667499999995
1296,2.4165898857142856
1297,0.0
1298,0.0
1299,0.33333335
1300,0.0416666675
1301,0.0
1302,0.0
1303,0.0
1304,0.0
1305,0.0
1306,0.0
1307,0.0
1308,0.0
1309,1.0
1310,0.0
1311,0.0
1312,0.25
1313,5.737500000000001
1314,0.0
1315,0.0
1316,0.60000001
1317,2.25
1318,0.0
1319,0.0
1320,3.5
1321,0.33749999999999997
1322,0.0
1323,0.0
1324,0.0
1325,0.0
1326,0.7222222333333334
1327,0.0
1328,0.0
1329,0.0
1330,3.266666675
1331,1.2065080874999998
1332,0.6666667
1333,1.7083333333333333
1334,0.0
1335,0.0
1336,0.0
1337,2.888603471428571
1338,0.0
1339,0.31994048
1340,0.5150301225
1341,0.566666675
1342,0.0
1343,0.0
1344,0.0
1345,0.0
1346,0.4273809625
1347,0.5095238285714285
1348,0.45454547
1349,0.0
1350,0.0
1351,0.5758928624999999
1352,0.0
1353,0.0
1354,0.0
1355,0.0
1356,0.0
1357,0.5555555666666666
1358,0.0
1359,0.5714285714285714
1360,0.0
1361,0.0
1362,0.0
1363,0.5714285714285714
1364,0.0
1365,0.0
1366,0.14285714285714285
1367,0.0
1368,0.0
1369,0.1458333375
1370,0.0
1371,0.0
1372,2.9285714166666668
1373,0.0
1374,0.0
1375,0.0
1376,0.0
1377,0.1815476225
1378,0.0
1379,0.0
1380,0.0
1381,0.0
1382,0.027777778
1383,2.9085535
1384,0.0
1385,0.0
1386,0.0
1387,0.0
1388,0.0
1389,0.0
1390,0.3333333333333333
1391,0.0
1392,0.0
1393,0.38095239999999997
1394,0.44880953125
1395,0.0
1396,0.0
1397,0.0
1398,0.0
1399,0.7
1400,0.06666666666666667
1401,0.0
1402,0.5
1403,0.0
1404,0.30952381749999996
1405,0.0
1406,0.640476205
1407,0.0
1408,1.175
1409,0.258333335
1410,1.4205925566666666
1411,0.0
1412,0.6458983714285714
1413,0.0
1414,0.0
1415,0.0
1416,0.3465972116666667
1417,0.0
1418,0.0
1419,0.0
1420,0.0
1421,0.0
1422,0.0
1423,0.8906264842857142
1424,6.777777666666666
1425,0.5
1426,0.0
1427,1.2233044714285715
1428,0.0
1429,0.5583333375
1430,1.9560956199999997
1431,0.16666667
1432,0.0
1433,0.0
1434,0.0
1435,0.0
1436,0.0
1437,0.0
1438,0.0
1439,0.0
1440,2.192659933333333
1441,0.13333334
1442,1.6952381333333333
1443,0.0916666675
1444,0.0
1445,0.0
1446,0.0
1447,0.0
1448,0.0
1449,0.0
1450,0.0
1451,2.23958335
1452,0.0
1453,0.0
1454,0.0
1455,0.0
1456,0.66074810375
1457,0.5916666875000001
1458,0.0
1459,1.00625002125
1460,2.0194444
1461,0.0
1462,0.70770203
1463,0.0
1464,0.0
1465,0.0
1466,0.6956220942857144
1467,3.11930193125
1468,0.39813160999999997
1469,0.6666667
1470,0.0
1471,0.0
1472,0.0
1473,0.3019943
1474,0.36916099999999996
1475,0.0
1476,0.0
1477,0.0
1478,0.0
1479,0.0
1480,0.0
1481,0.0
1482,0.0
1483,0.0
1484,1.0
1485,0.0
1486,0.0
1487,0.0
1488,0.8
1489,0.0
1490,1.2746716674999998
1491,0.20089285875000001
1492,0.0
1493,0.0
1494,0.0
1495,0.0
1496,0.0
1497,0.0
1498,0.0
1499,0.5366013040000001
1500,0.0
1501,3.158361125
1502,0.0
1503,0.0
1504,0.0
1505,0.0
1506,0.0
1507,1.666666675
1508,0.0
1509,0.0
1510,0.0
1511,0.0
1512,0.0
1513,0.0
1514,0.0
1515,0.0
1516,0.0
1517,0.0
1518,0.0
1519,0.41304346999999997
1520,1.2307693000000002
1521,1.1578947
1522,0.0625
1523,0.4166666833333333
1524,0.0
1525,0.0
1526,0.0
1527,0.3333333333333333
1528,0.2500000125
1529,0.425
1530,0.0
1531,0.0
1532,0.0
1533,0.0
1534,0.0
1535,0.0
1536,0.0
1537,0.0
1538,0.0
1539,0.0
1540,0.0
1541,0.0
1542,0.0
1543,0.0
1544,0.0
1545,0.0
1546,1.3333333500000002
1547,1.2769738428571429
1548,0.26666666666666666
1549,2.805555533333333
1550,0.0
1551,0.0
1552,0.252678575
1553,0.58333335
1554,1.2222222333333332
1555,0.0
1556,0.0
1557,0.3958333375
1558,0.0
1559,0.42539684399999994
1560,0.3333333333333333
1561,0.0
1562,0.0
1563,0.0
1564,0.27964744625
1565,0.0
1566,0.617060228
1567,0.0
1568,0.36666666666666664
1569,2.2059325624999997
1570,0.0
1571,0.25
1572,1.2023809666666667
1573,0.0
1574,0.0
1575,0.22925170571428571
1576,1.6507935666666667
1577,0.9227717000000001
1578,0.0
1579,0.0
1580,0.2130952425
1581,0.0
1582,0.0
1583,0.0
1584,0.0
1585,0.0
1586,0.0
1587,0.0
1588,1.0
1589,2.81666668
1590,3.71636366
1591,0.5
1592,0.0
1593,0.0
1594,0.0
1595,0.0
1596,0.9509518487499999
1597,1.8500899925
1598,0.0
1599,0.0
1600,0.5
1601,0.0
1602,0.0
1603,0.0
1604,0.0
1605,0.0
1606,0.0
1607,0.0
1608,0.23809524285714284
1609,0.0
1610,0.0
1611,2.93809526
1612,0.0
1613,0.0
1614,1.95
1615,0.0
1616,0.0
1617,1.579166675
1618,0.0
1619,0.4
1620,0.0
1621,0.0
1622,0.0
1623,0.0
1624,0.26944445
1625,0.0
1626,0.0
1627,0.0
1628,0.0
1629,0.0
1630,0.0
1631,0.0
1632,0.47234433749999993
1633,0.0
1634,0.0
1635,0.6814814833333335
1636,0.73701299875
1637,0.0
1638,1.64747669625
1639,0.0
1640,0.0
1641,0.0
1642,0.0
1643,0.0
1644,0.0
1645,0.0
1646,0.3484848575
1647,0.713804725
1648,0.0
1649,0.0
1650,0.0
1651,0.0
1652,1.7666666625
1653,0.0
1654,0.0
1655,1.3103448
1656,0.0
1657,0.0
1658,0.0
1659,0.0
1660,0.187500005
1661,0.0
1662,0.0
1663,0.0
1664,0.0
1665,0.0
1666,0.0
1667,0.0
1668,0.05
1669,0.23809524285714284
1670,0.0
1671,0.0
1672,1.8610643857142857
1673,0.0
1674,0.0
1675,0.9708333499999999
1676,0.0
1677,2.16666665
1678,0.0
1679,1.1259259333333334
1680,0.212121215
1681,0.0
1682,0.377705635
1683,0.36666667
1684,0.19444445
1685,0.0
1686,5.398148133333334
1687,2.6816523166666664
1688,0.0
1689,0.0
1690,0.7891690333333333
1691,0.36
1692,0.0
1693,0.0
1694,1.5357142499999998
1695,0.0
1696,0.7476190620000001
1697,0.4583333375
1698,0.0
1699,0.0
1700,0.94771939125
1701,1.0000000249999998
1702,0.517857155
1703,0.44242424428571425
1704,0.0
1705,0.0
1706,1.5047619142857143
1707,0.20476191000000002
1708,1.1022046785714286
1709,0.0
1710,0.0
1711,0.0
1712,0.0
1713,0.0
1714,0.0
1715,0.18333333500000001
1716,0.0
1717,0.0
1718,0.0
1719,0.0
1720,0.33333335
1721,2.1541666625
1722,1.4857142799999998
1723,0.0
1724,0.0
1725,0.0
1726,0.0
1727,0.13445378571428573
1728,2.25
1729,0.0
1730,0.06349206285714286
1731,0.0
1732,0.0
1733,0.0
1734,0.0
1735,0.0
1736,0.43333333749999997
1737,1.2222222666666667
1738,1.9444443999999999
1739,0.730205082
1740,0.0
1741,0.2083333375
1742,0.0
1743,0.2
1744,0.0
1745,0.0
1746,0.4877652137499999
1747,0.0
1748,0.0
1749,0.0
1750,0.0
1751,0.0
1752,0.0
1753,1.1403913125
1754,0.4583333375
1755,2.1916666625
1756,0.098755415
1757,2.0595238
1758,1.8
1759,1.363636375
1760,0.8114136037499999
1761,0.5
1762,0.0
1763,0.0
1764,0.774117648
1765,0.37698412857142855
1766,0.0
1767,0.0
1768,0.27835950875
1769,0.0
1770,0.0
1771,0.0
1772,0.0
1773,0.0
1774,0.0
1775,0.0
1776,0.0
1777,1.9285714285714286
1778,0.0
1779,2.6800000000000006
1780,0.0
1781,0.0
1782,0.726153844
1783,0.0
1784,0.35
1785,0.21111111000000002
1786,0.0
1787,0.0
1788,0.12558546
1789,0.2952381
1790,0.0
1791,3.4149658571428567
1792,0.0
1793,0.0
1794,2.15416665
1795,0.5714285849999999
1796,0.0
1797,0.0
1798,0.0
1799,0.0
1800,0.0
1801,0.0
1802,0.0
1803,0.0
1804,0.0
1805,0.0
1806,0.23809524285714284
1807,0.0
1808,2.2763867875000003
1809,0.0
1810,0.09523809999999999
1811,0.5972222233333333
1812,0.0
1813,0.11904762499999999
1814,0.2708333425
1815,4.933858525
1816,0.0
1817,0.0
1818,0.0
1819,0.0
1820,0.9
1821,0.0
1822,0.0
1823,0.0
1824,0.0
1825,0.0
1826,0.0
1827,0.0
1828,0.0
1829,0.0
1830,0.0
1831,0.0
1832,0.0
1833,0.0
1834,0.25
1835,0.0
1836,0.42499510125
1837,0.0
1838,0.0
1839,0.0
1840,0.0
1841,0.5833333375
1842,0.3482143
1843,0.0
1844,0.0
1845,0.6401570099999999
1846,0.0
1847,0.5238095285714286
1848,0.0
1849,0.0
1850,0.0
1851,0.0
1852,0.0
1853,2.3095238499999997
1854,0.0
1855,0.0
1856,0.5555555666666666
1857,0.0
1858,0.0
1859,0.0
1860,0.0
1861,0.5714285714285714
1862,0.0
1863,0.0
1864,0.0
1865,0.15238095714285713
1866,0.0
1867,2.3166941375
1868,1.9583333375
1869,0.0
1870,0.0
1871,0.6666667
1872,0.0
1873,0.0
1874,0.6666667
1875,0.0
1876,2.4191919
1877,0.8095238142857143
1878,0.0
1879,0.0
1880,0.0
1881,0.0
1882,0.2068452425
1883,4.1077707
1884,4.37590335
1885,1.4024212080000003
1886,0.0
1887,6.2910423333333325
1888,1.4558338614285715
1889,0.0
1890,0.0
1891,0.0
1892,0.0
1893,0.0
1894,6.320967666666667
1895,4.627187675
1896,0.0
1897,0.0
1898,0.0
1899,1.1
1900,0.0
1901,0.0
1902,0.6328213600000001
1903,0.0
1904,0.0
1905,0.50714285875
1906,0.0
1907,1.4577685514285714
1908,1.06794738
1909,0.0
1910,0.0
1911,0.0
1912,0.0
1913,0.0
1914,0.0
1915,1.6666666666666667
1916,2.9375
1917,0.0
1918,0.0
1919,0.0
1920,0.2500000125
1921,1.9464285749999999
1922,1.0
1923,0.5794163900000001
1924,0.0
1925,0.0
1926,0.6809523857142857
1927,0.0
1928,0.0
1929,0.0
1930,0.0
1931,3.3492063
1932,0.0
1933,0.0
1934,0.0
1935,0.0
1936,0.0
1937,0.23809524285714284
1938,0.0
1939,0.0
1940,0.44999999999999996
1941,4.32332255
1942,0.0
1943,4.190475999999999
1944,0.0
1945,0.0
1946,0.0
1947,0.0
1948,0.0
1949,1.8140131766666663
1950,0.0
1951,0.0
1952,0.19047619999999998
1953,0.8888889333333333
1954,0.0
1955,0.0
1956,0.0
1957,0.0
1958,0.4811506171428572
1959,0.0
1960,0.0
1961,0.0
1962,0.0
1963,0.16
1964,0.6904762
1965,0.0
1966,0.0
1967,0.0
1968,0.0
1969,0.0
1970,0.5744047800000001
1971,0.0
1972,0.0
1973,0.0
1974,0.6
1975,0.0
1976,0.0
1977,0.0
1978,5.6269841666666665
1979,0.516666675
1980,0.0
1981,0.0
1982,0.5
1983,2.944444433333333
1984,0.0
1985,0.0
1986,0.0
1987,0.0
1988,0.0
1989,0.0
1990,0.0
1991,0.0
1992,0.0
1993,0.0
1994,0.0
1995,0.0
1996,0.0
1997,0.25
1998,0.0
1999,0.0
2000,0.478251903125
2001,0.0
2002,0.0
2003,0.7222222333333334
2004,0.0
2005,0.0
2006,0.0
2007,0.0
2008,0.0
2009,0.0
2010,0.0
2011,0.0
2012,3.8589744666666665
2013,0.16666666666666666
2014,0.0
2015,0.0
2016,0.0
2017,0.0
2018,1.5583333499999998
2019,0.17777778
2020,0.375
2021,1.21904766
2022,0.0
2023,0.0
2024,0.0
2025,6.626143866666666
2026,0.541666675
2027,0.0
2028,0.0
2029,0.0
2030,0.0
2031,2.6616954428571433
2032,0.0
2033,0.0
2034,0.0
2035,0.0
2036,0.0
2037,0.0
2038,0.40683761999999996
2039,0.7142857142857143
2040,0.1374356575
2041,0.0
2042,0.0
2043,0.0
2044,0.3224489814285714
2045,0.26123737625
2046,0.0
2047,0.2952381
2048,0.0
2049,2.2549242375
2050,0.0
2051,0.0
2052,0.0
2053,0.6958333375
2054,0.0
2055,0.0
2056,0.0
2057,0.25
2058,0.0
2059,0.0
2060,1.0
2061,1.0
2062,0.0
2063,0.0
2064,0.0
2065,0.0
2066,0.0
2067,0.0
2068,0.0
2069,0.0
2070,0.65586887625
2071,0.47599207499999996
2072,1.1058200866666665
2073,0.0
2074,0.29523809714285715
2075,0.572916675
2076,0.0
2077,0.375
2078,0.0
2079,0.3333333333333333
2080,0.0
2081,0.0
2082,0.0
2083,0.0
2084,0.0
2085,0.479166675
2086,0.0
2087,0.0
2088,0.0
2089,0.0
2090,0.0
2091,0.5
2092,0.0
2093,0.0
2094,0.0
2095,1.1714285714285713
2096,0.8333333333333334
2097,0.0
2098,0.0
2099,0.14285715
2100,0.0
2101,0.0
2102,0.0
2103,0.0
2104,1.4820785175
2105,0.0
2106,0.0
2107,0.0
2108,0.0
2109,0.0
2110,1.7843706250000002
2111,0.0
2112,0.0
2113,0.0
2114,0.0
2115,0.0
2116,0.0
2117,0.0
2118,0.8533333599999999
2119,0.0
2120,0.0
2121,0.0
2122,0.0
2123,0.6250000124999999
2124,0.5
2125,0.0
2126,0.0
2127,1.8458596799999998
2128,0.0
2129,0.0
2130,0.4
2131,0.0
2132,0.0
2133,0.42857142857142855
2134,0.0
2135,2.18125
2136,1.7647058999999998
2137,0.0
2138,1.18524260375
2139,0.0
2140,0.0
2141,0.24711400166666667
2142,0.0
2143,0.0
2144,0.0
2145,0.0
2146,0.0
2147,0.0
2148,0.0
2149,1.4271799714285716
2150,0.0
2151,0.0
2152,0.0
2153,0.0
2154,0.0
2155,0.0
2156,0.0
2157,0.0
2158,0.0
2159,0.0
2160,5.609567966666667
2161,0.0
2162,0.0
2163,0.0
2164,2.0372023875000003
2165,0.0
2166,0.08125
2167,0.8770833375
2168,0.0
2169,0.0
2170,0.14285715
2171,0.0
2172,7.455973333333333
2173,0.0
2174,0.6666666666666666
2175,5.981481533333333
2176,0.0
2177,0.0
2178,0.0
2179,0.0
2180,0.26666668
2181,0.0
2182,0.4285714428571428
2183,0.0
2184,0.13333333333333333
2185,0.0
2186,0.0
2187,0.0
2188,0.0
2189,2.3333333333333335
2190,0.7363160742857142
2191,0.0
2192,1.6394558142857143
2193,1.0
2194,1.8121693500000002
2195,0.0
2196,4.460317566666666
2197,3.2941177
2198,1.3499999999999999
2199,0.0
2200,0.0
2201,0.5238095257142857
2202,0.0
2203,0.0
2204,0.0
2205,2.578726833333333
2206,0.0
2207,0.17976191
2208,0.16666667142857142
2209,0.0
2210,0.0
2211,1.1593527528571428
2212,0.0
2213,0.0
2214,0.68571428
2215,0.0
2216,0.0
2217,0.0
2218,0.596657528125
2219,0.18571428571428572
2220,0.0
2221,0.0
2222,2.8095237875
2223,2.2713675125
2224,0.2952381
2225,0.13714286
2226,0.0
2227,0.3750000125
2228,0.0
2229,0.0
2230,0.0
2231,0.36250000499999996
2232,0.0
2233,0.0
2234,2.2286969
2235,0.0
2236,0.251809528
2237,0.0
2238,0.0
2239,0.0
2240,1.3142857200000002
2241,1.9794464500000002
2242,0.0
2243,0.0
2244,0.0
2245,0.0
2246,0.0
2247,2.6666666666666665
2248,0.26666666666666666
2249,0.0
2250,0.15714286
2251,0.0
2252,0.291666675
2253,0.0
2254,1.05535715625
2255,0.0
2256,0.33333335
2257,1.0
2258,0.0
2259,0.0
2260,1.4483526085714284
2261,2.3188474
2262,0.0
2263,0.0
2264,0.0
2265,1.0820513200000001
2266,0.1142857142857143
2267,1.5564625857142858
2268,0.0
2269,0.0
2270,0.0
2271,0.0
2272,0.0
2273,0.0
2274,0.0
2275,0.0
2276,0.125
2277,0.0
2278,1.316666675
2279,1.5605442285714286
2280,0.10515873249999999
2281,0.0
2282,0.0
2283,0.625
2284,0.0
2285,0.0
2286,0.0
2287,1.2222222666666667
2288,4.468855166666667
2289,0.0
2290,0.0
2291,4.0
2292,0.0
2293,0.0
2294,0.0
2295,0.33333334
2296,0.0
2297,0.0
2298,0.0
2299,0.0
2300,0.0
2301,0.0
2302,0.0
2303,0.0
2304,0.0
2305,0.8630952749999999
2306,0.0
2307,0.0
2308,2.015889675
2309,0.0
2310,0.0
2311,0.27499999999999997
2312,0.0
2313,0.0
2314,0.0
2315,0.0
2316,0.0
2317,0.0
2318,0.0
2319,2.2047213125000003
2320,0.5714285714285714
2321,0.0
2322,0.0
2323,0.0
2324,1.4478045857142856
2325,0.5
2326,0.0
2327,0.0
2328,0.0
2329,1.5
2330,0.0
2331,0.0
2332,0.0
2333,0.0
2334,0.0
2335,0.0
2336,0.5
2337,0.16
2338,3.2859778
2339,0.0
2340,1.5910431
2341,0.0
2342,0.0
2343,0.0
2344,0.0
2345,0.0
2346,0.0
2347,0.02272727375
2348,0.0
2349,1.0
2350,0.0
2351,0.0
2352,0.0
2353,0.0
2354,0.0
2355,0.0
2356,0.0
2357,0.0
2358,0.0
2359,0.0
2360,0.0
2361,1.5700792375000001
2362,0.0
2363,0.0
2364,0.0
2365,0.0
2366,0.3270833375
2367,0.5333333359999999
2368,0.125
2369,0.5833333624999999
2370,0.0
2371,0.0
2372,0.6666667
2373,1.9200000400000001
2374,0.0
2375,0.0
2376,0.5079365233333334
2377,0.0
2378,0.0
2379,0.7392857175
2380,0.0
2381,0.0
2382,0.0
2383,0.0
2384,0.0
2385,0.791666675
2386,0.6666667
2387,1.15161355
2388,0.0
2389,0.5238095285714286
2390,0.0
2391,0.0
2392,0.0
2393,0.4666666666666666
2394,1.2925926233333334
2395,0.6688750016666667
2396,0.0
2397,1.4735930857142858
2398,0.0
2399,0.0
2400,2.1416666625
2401,0.0
2402,0.13333333333333333
2403,1.0791666750000002
2404,0.0
2405,1.3888889000000002
2406,0.0
2407,0.0
2408,0.0
2409,0.0
2410,0.0
2411,0.0
2412,0.6857143
2413,0.19954648857142857
2414,0.0
2415,0.0
2416,0.4938271333333333
2417,0.0
2418,0.0
2419,0.0
2420,0.0
2421,0.0
2422,0.0
2423,0.0
2424,0.0
2425,0.0
2426,0.8452381
2427,0.3106576057142857
2428,0.8482370375
2429,0.0
2430,0.1777777833333333
2431,0.083333335
2432,0.0
2433,1.0250000125
2434,0.0
2435,0.0
2436,0.0
2437,0.0
2438,0.9551053125
2439,0.0
2440,0.0
2441,0.28125
2442,1.0
2443,0.0
2444,0.0
2445,0.0
2446,0.0
2447,0.0
2448,0.0
2449,0.0
2450,0.24375000000000002
2451,0.0
2452,1.6800000000000002
2453,0.0
2454,0.0
2455,0.8055555999999999
2456,0.7666666666666666
2457,0.23316010375
2458,0.0
2459,0.0
2460,0.0
2461,0.0
2462,0.0
2463,0.0
2464,1.0
2465,0.0
2466,0.0
2467,0.26666668
2468,0.05
2469,0.0
2470,0.0
2471,1.0
2472,0.0
2473,0.0
2474,0.0
2475,0.0
2476,0.0
2477,0.0
2478,0.0
2479,0.0
2480,0.0
2481,0.0
2482,0.0
2483,0.0
2484,0.0
2485,0.16666666666666666
2486,1.5333333599999999
2487,0.0
2488,0.5988095337500001
2489,0.5714285714285714
2490,0.5891419266666665
2491,0.0
2492,2.844444466666667
2493,0.29761905
2494,0.0
2495,0.0
2496,0.0
2497,0.0
2498,0.0
2499,1.8479192333333332
2500,0.0
2501,0.7142857142857143
2502,0.0
2503,0.0
2504,1.4571428571428573
2505,0.0416666675
2506,0.0
2507,0.0
2508,2.340740766666667
2509,0.0
2510,0.0
2511,0.0
2512,0.544642875
2513,0.7166666666666667
2514,0.0
2515,0.0
2516,0.0
2517,0.0
2518,0.45684525
2519,0.0
2520,0.0
2521,0.10256410666666667
2522,0.7404762
2523,1.1749999999999998
2524,0.0
2525,0.0
2526,0.0
2527,0.26681097
2528,0.0
2529,0.0
2530,0.7735518599999999
2531,0.0
2532,0.0
2533,0.0
2534,0.0
2535,0.5997252960000001
2536,0.0
2537,0.0
2538,2.6296296333333333
2539,0.0
2540,0.0
2541,0.0
2542,1.41298706
2543,0.0
2544,2.8338624666666665
2545,0.0
2546,0.0
2547,0.44999999999999996
2548,1.37523812
2549,0.0
2550,0.0
2551,0.0
2552,0.0
2553,0.0
2554,0.0833333375
2555,0.43055555500000003
2556,0.0
2557,0.31250000499999997
2558,0.45714288
2559,0.133928575
2560,0.0
2561,0.0
2562,0.6142420142857142
2563,0.0
2564,0.0
2565,1.098464532857143
2566,0.0
2567,0.0
2568,0.0
2569,0.268059375
2570,0.0
2571,0.991666675
2572,2.469197466666667
2573,0.16666666666666666
2574,0.058266490000000004
2575,0.0
2576,0.0
2577,0.133333336
2578,1.2995766475000001
2579,0.0
2580,0.0
2581,0.6666666666666666
2582,0.0
2583,1.0925734285714286
2584,0.0
2585,0.53123789
2586,0.0
2587,0.33834588
2588,0.0
2589,0.0
2590,0.0
2591,0.0
2592,0.5714285857142857
2593,1.45
2594,0.0
2595,0.64
2596,0.1825396875
2597,0.0
2598,0.0
2599,0.0
2600,0.0
2601,0.0
2602,0.5
2603,0.0
2604,0.0
2605,0.934523825
2606,0.0
2607,0.0
2608,0.7846683975000001
2609,0.0
2610,0.0
2611,0.0
2612,0.0
2613,0.0
2614,0.75
2615,0.0
2616,0.0
2617,0.0
2618,0.0
2619,0.0
2620,0.0
2621,0.0
2622,0.0
2623,0.0
2624,0.8815476250000001
2625,0.0
2626,0.0
2627,0.0
2628,0.0
2629,0.0
2630,1.0
2631,0.1541666675
2632,0.0
2633,0.0
2634,1.40833332
2635,0.0
2636,0.0
2637,0.0
2638,0.0
2639,0.0
2640,0.7831439499999999
2641,0.0
2642,2.0
2643,0.0
2644,0.0
2645,0.35238096
2646,0.0
2647,0.26666668
2648,0.0
2649,1.0549141775
2650,0.0
2651,0.0
2652,0.0
2653,0.0
2654,0.0
2655,0.0
2656,0.0
2657,0.0
2658,1.1722222333333334
2659,0.0
2660,0.35714285714285715
2661,0.34285714285714286
2662,0.0
2663,0.0
2664,0.0
2665,0.0
2666,0.0
2667,3.1666666666666665
2668,0.0
2669,0.0
2670,1.066666675
2671,0.4583333375
2672,2.3307050428571428
2673,0.0
2674,0.0
2675,1.4518518333333335
2676,0.0
2677,0.0
2678,0.0
2679,0.0
2680,0.8799999999999999
2681,0.0
2682,0.0
2683,0.0
2684,0.0
2685,0.0
2686,1.9079010375000003
2687,0.0
2688,0.0
2689,0.0
2690,0.0
2691,0.0
2692,0.0
2693,0.0
2694,0.0
2695,0.0
2696,0.43809524285714285
2697,0.0
2698,0.21428571714285716
2699,0.0
2700,0.0
2701,0.0
2702,0.0
2703,1.97142858
2704,0.2708333375
2705,0.0
2706,0.8367132625
2707,0.0
2708,0.0
2709,0.0
2710,1.9985119500000001
2711,0.0
2712,0.7544217771428572
2713,0.8085858687499999
2714,0.0
2715,0.0
2716,0.416666675
2717,1.0000000375
2718,1.1125
2719,0.0
2720,0.49940477125
2721,0.0
2722,0.0
2723,0.9886039666666667
2724,0.24285714999999997
2725,3.746031566666666
2726,1.3181004625
2727,0.0
2728,1.1669823187500001
2729,0.0
2730,0.0
2731,0.07407407333333334
2732,0.0
2733,0.0
2734,0.7333333375
2735,1.3587061083333332
2736,0.44444445
2737,0.0
2738,0.0
2739,0.0
2740,0.32976191749999995
2741,0.0
2742,0.0
2743,0.0
2744,0.416666675
2745,0.19087302
2746,0.06750276599999999
2747,0.53333334
2748,3.6486316375000003
2749,0.0
2750,0.0
2751,0.0
2752,0.0
2753,0.0
2754,0.0
2755,0.3333333333333333
2756,1.0952381285714285
2757,0.0
2758,0.0
2759,0.0
2760,0.0
2761,0.0
2762,0.0
2763,0.27976191
2764,0.83938492625
2765,0.33333335
2766,0.0
2767,0.0
2768,1.0
2769,0.0
2770,0.0
2771,0.21621622
2772,0.0
2773,0.0
2774,0.0
2775,0.0
2776,0.0
2777,0.0
2778,0.0
2779,0.0
2780,0.0
2781,0.0
2782,0.3958333375
2783,0.0
2784,0.0
2785,0.0
2786,0.4555555625
2787,0.0
2788,0.0
2789,0.0
2790,0.0
2791,0.25079366
2792,0.0
2793,0.6
2794,0.0
2795,0.0
2796,0.0
2797,0.0
2798,0.0
2799,0.0
2800,0.0
2801,0.0
2802,0.3333333333333333
2803,0.018181818
2804,0.0
2805,0.0
2806,0.0
2807,0.580952408
2808,1.9136752375
2809,2.7619046666666662
2810,0.0
2811,0.0
2812,2.27619465
2813,2.6190478500000003
2814,2.875
2815,0.0
2816,0.0
2817,0.0
2818,3.7269230374999998
2819,0.0
2820,0.0
2821,2.3333333333333335
2822,2.8638889000000005
2823,0.0
2824,0.0
2825,0.0
2826,0.0
2827,0.2083333375
2828,0.0
2829,0.0
2830,0.0
2831,0.0
2832,0.0
2833,0.0
2834,0.0
2835,0.0
2836,1.7837662285714286
2837,0.0
2838,0.0
2839,0.2
2840,0.0
2841,0.58333335
2842,0.0
2843,0.0
2844,0.0
2845,0.4166666666666667
2846,0.0
2847,0.0
2848,0.0
2849,0.8095238285714286
2850,0.11111111666666666
2851,5.409276285714285
2852,0.0
2853,0.264880955
2854,0.0
2855,0.0
2856,0.0
2857,1.8181819
2858,0.0
2859,1.3694381
2860,0.0
2861,0.0
2862,0.0
2863,0.0
2864,0.83214285875
2865,0.0
2866,0.0
2867,0.0
2868,0.0
2869,0.0
2870,0.47916666
2871,0.4
2872,0.0
2873,0.0
2874,0.0
2875,0.0
2876,0.0
2877,0.1875
2878,0.5000000124999999
2879,0.0
2880,0.0
2881,0.0
2882,1.04136882
2883,0.0
2884,1.0
2885,0.21666667499999998
2886,0.0
2887,0.0
2888,0.184615384
2889,0.0
2890,0.0
2891,0.0
2892,0.27678571625
2893,0.0
2894,1.5
2895,0.0
2896,0.42857142857142855
2897,0.0
2898,0.0
2899,0.0
2900,0.0
2901,0.0
2902,0.0
2903,1.0
2904,0.0
2905,0.0
2906,0.72000002
2907,0.0
2908,2.3204668474999997
2909,0.040064103749999996
2910,0.0
2911,0.0
2912,0.5761904999999999
2913,0.0
2914,0.0
2915,0.3761904825
2916,0.0
2917,0.0
2918,0.0
2919,1.8
2920,3.700854833333333
2921,1.3862434000000003
2922,0.0
2923,0.0
2924,0.0
2925,0.0
2926,0.0
2927,0.0
2928,0.0
2929,1.7820513333333334
2930,0.4583333375
2931,0.0
2932,0.0
2933,0.0
2934,0.7428571625
2935,0.0
2936,0.0
2937,0.0
2938,0.06349206285714286
2939,0.0
2940,0.0
2941,0.0
2942,0.16666666800000002
2943,1.7222222
2944,3.088950742857143
2945,0.14285714285714285
2946,0.0
2947,0.0
2948,0.0
2949,0.0
2950,0.0
2951,0.0
2952,1.5
2953,0.0
2954,0.0
2955,0.0
2956,0.0
2957,0.0
2958,0.0
2959,0.0
2960,0.0
2961,0.0
2962,0.2638888933333334
2963,0.0
2964,0.0
2965,1.14666668
2966,0.0
2967,0.0
2968,0.0
2969,0.0
2970,0.9229025142857142
2971,0.0
2972,0.11111111333333333
2973,0.0
2974,0.0
2975,0.19047619999999998
2976,0.0
2977,0.0
2978,0.8253968666666666
2979,0.0
2980,0.4
2981,0.0
2982,0.0
2983,0.0
2984,0.0
2985,0.0
2986,0.0
2987,0.0
2988,0.0
2989,0.0
2990,0.45194806000000004
2991,4.00239756
2992,0.0
2993,0.0
2994,0.0
2995,0.0
2996,0.0
2997,1.8263889
2998,0.0
2999,0.13333333333333333
3000,0.0
3001,0.0
3002,0.0
3003,1.2380952625000001
3004,0.14285714285714285
3005,0.0
3006,0.0
3007,0.0
3008,3.3333333333333335
3009,1.3175697766666667
3010,0.0
3011,0.4000000000000001
3012,1.8132652857142855
3013,0.24285714285714288
3014,0.0
3015,0.0
3016,0.25
3017,0.0
3018,0.2048507085714286
3019,1.0250000125
3020,1.06666672
3021,0.0
3022,0.0
3023,0.0
3024,0.0
3025,0.0
3026,0.13714286
3027,0.0
3028,0.0
3029,0.0
3030,0.0
3031,0.0
3032,0.5714285714285714
3033,0.0
3034,0.0
3035,1.6444444666666669
3036,0.0
3037,0.4761904857142857
3038,0.0
3039,0.0
3040,0.0
3041,0.0
3042,0.0
3043,0.928571457142857
3044,0.0
3045,0.0
3046,0.0
3047,0.25
3048,0.0
3049,0.0
3050,0.0
3051,1.0
3052,0.0
3053,0.0
3054,0.0
3055,8.9160255
3056,1.9714285714285715
3057,0.4291666675
3058,0.0
3059,0.0
3060,0.12237762750000003
3061,0.0
3062,0.0
3063,0.0
3064,0.0
3065,0.0
3066,0.0
3067,0.0
3068,0.13333333749999998
3069,0.0
3070,0.21333333999999998
3071,0.0
3072,0.0
3073,0.8345238337499999
3074,0.0
3075,0.0
3076,0.0
3077,0.0
3078,0.5238095428571429
3079,2.3000000000000003
3080,0.5238095428571429
3081,0.1833333375
3082,2.5500000000000003
3083,0.0
3084,0.0
3085,1.4334555000000002
3086,0.0
3087,0.1383928625
3088,0.0
3089,0.0
3090,0.0
3091,0.03703703666666667
3092,0.0
3093,0.41502525999999995
3094,0.7142857142857143
3095,0.0
3096,0.0
3097,0.0
3098,0.0
3099,1.3166666999999999
3100,0.0
3101,0.0
3102,0.0
3103,0.0
3104,0.0
3105,0.43333333333333335
3106,3.459307342857143
3107,0.0
3108,0.0
3109,0.0
3110,0.0
3111,0.0
3112,0.0
3113,0.0
3114,0.0
3115,0.0
3116,0.2833333333333334
3117,0.0
3118,0.0
3119,0.0
3120,0.0
3121,0.0
3122,0.0
3123,0.0
3124,0.0
3125,0.45833335
3126,0.0
3127,0.0
3128,2.2222222333333335
3129,0.0
3130,1.5
3131,0.0
3132,0.6550595337499999
3133,0.0
3134,0.0
3135,0.6666667
3136,0.5
3137,0.0
3138,0.0
3139,0.0
3140,2.47916665
3141,0.0
3142,0.0
3143,2.0166396124999997
3144,0.9744897857142857
3145,0.0
3146,0.0
3147,0.32787699
3148,1.8861499874999998
3149,0.0
3150,0.0
3151,0.0
3152,0.0
3153,0.6666666666666666
3154,0.0
3155,0.452380955
3156,0.0
3157,0.0
3158,0.0
3159,0.0
3160,0.5416666875
3161,0.0
3162,0.0
3163,0.0
3164,0.3333333375
3165,0.0
3166,0.0
3167,0.0
3168,0.0
3169,0.4761904857142857
3170,0.0
3171,0.0
3172,1.6791666625
3173,0.0
3174,0.0
3175,0.12121212666666666
3176,0.0
3177,0.0
3178,0.0
3179,0.0833333375
3180,0.0
3181,0.0
3182,0.0
3183,0.0
3184,0.0
3185,2.496598614285714
3186,0.0
3187,0.0
3188,4.153656066666667
3189,0.0
3190,0.0
3191,0.0
3192,1.8133594462499998
3193,0.7333333599999999
3194,0.1142857142857143
3195,0.354166675
3196,0.1833333375
3197,0.0
3198,0.0
3199,0.15267857499999998
3200,0.0
3201,0.0
3202,0.0
3203,0.0
3204,1.5066666400000002
3205,0.0
3206,0.14285714285714285
3207,1.1148859
3208,0.5500000175
3209,0.0
3210,0.0
3211,0.0
3212,2.6031746
3213,0.70857144
3214,0.0
3215,0.6064625957142857
3216,1.66666665
3217,0.0
3218,0.0
3219,0.0
3220,0.0
3221,0.12632275333333334
3222,0.0
3223,5.582680775
3224,0.5503427275
3225,2.1109910375
3226,0.0
3227,0.0
3228,0.0
3229,0.0
3230,0.0
3231,0.0
3232,0.0
3233,0.0
3234,3.3224566499999995
3235,0.0
3236,3.2
3237,0.0
3238,0.691428574
3239,0.0
3240,0.0
3241,0.0
3242,0.0
3243,0.0
3244,0.0
3245,0.0
3246,0.0
3247,0.0
3248,0.0
3249,0.0
3250,0.3125
3251,0.0
3252,0.0
3253,3.7779478714285717
3254,1.5792207999999999
3255,0.0
3256,0.0
3257,0.0
3258,0.0
3259,0.0
3260,0.0
3261,0.0
3262,0.36666667999999997
3263,0.0
3264,0.6375
3265,0.0
3266,0.0
3267,1.208333375
3268,0.0
3269,0.0
3270,0.0
3271,0.0
3272,3.036239333333333
3273,1.4409722375
3274,0.0
3275,0.0
3276,0.6177777666666667
3277,0.0
3278,0.33333334
3279,0.0
3280,0.0
3281,1.4603174666666667
3282,0.0
3283,0.0
3284,0.0
3285,0.51685535275
3286,2.8095238333333334
3287,0.0
3288,0.0
3289,0.36397060000000003
3290,3.1923077
3291,0.0
3292,0.0
3293,0.5515873166666666
3294,0.0
3295,0.0
3296,0.0
3297,0.0
3298,0.0
3299,0.6247619099999999
3300,0.26666667499999996
3301,0.22222223333333332
3302,0.0
3303,0.229166675
3304,0.0
3305,1.5208333250000001
3306,0.0
3307,0.0
3308,0.44444445
3309,0.0
3310,0.0
3311,0.0
3312,0.0
3313,0.0
3314,0.0
3315,0.9783550000000001
3316,0.0
3317,0.0
3318,0.0
3319,0.0
3320,0.0
3321,0.0
3322,2.0
3323,0.0
3324,0.0
3325,0.166666675
3326,0.0
3327,0.6619047714285714
3328,0.0
3329,0.0
3330,0.0
3331,0.0
3332,0.0
3333,0.4458333375
3334,0.0
3335,0.0
3336,0.0
3337,0.0
3338,0.0
3339,0.0
3340,0.0
3341,0.0
3342,0.0
3343,0.0
3344,0.0
3345,0.0
3346,0.0
3347,0.64
3348,0.0
3349,0.85625313
3350,0.0
3351,1.5
3352,0.0
3353,0.0
3354,0.5833333375
3355,1.16480465875
3356,0.5
3357,0.0
3358,0.0
3359,0.0
3360,2.476190485714286
3361,3.1261277625
3362,2.0
3363,4.925961450000001
3364,0.0
3365,0.0
3366,0.0
3367,0.8000000000000002
3368,0.0
3369,0.5555555666666666
3370,0.062066589250000005
3371,0.0
3372,0.0
3373,1.6023809333333334
3374,0.7554112683333334
3375,2.5882354
3376,0.0
3377,0.0
3378,0.0
3379,4.7976398499999995
3380,0.0
3381,0.0
3382,0.0
3383,0.0
3384,0.25
3385,0.0
3386,0.0
3387,0.0
3388,0.0
3389,0.464440915
3390,0.0
3391,0.0
3392,0.0
3393,0.0
3394,1.34858198
3395,0.0
3396,0.0
3397,0.0
3398,0.0
3399,0.077380955
3400,0.0
3401,0.39523810499999995
3402,0.0
3403,0.0
3404,0.07142857142857142
3405,0.0
3406,0.0
3407,0.0
3408,0.47074831
3409,0.0
3410,0.0
3411,0.0
3412,0.0
3413,0.0
3414,0.0
3415,2.3578869250000003
3416,0.0
3417,2.3886256571428572
3418,0.0
3419,0.0
3420,0.25
3421,0.0
3422,1.113492075
3423,0.0
3424,0.0
3425,0.0
3426,2.128843966666667
3427,0.0
3428,0.0
3429,0.0
3430,0.0
3431,0.6
3432,0.5238095428571429
3433,0.0
3434,0.20192308000000003
3435,0.0
3436,0.8833333333333333
3437,0.0
3438,0.0
3439,0.0
3440,0.33749999999999997
3441,0.0
3442,0.0
3443,0.0
3444,0.0
3445,0.0
3446,0.0
3447,1.6333333199999998
3448,0.0
3449,3.724138
3450,0.03954678375
3451,0.0
3452,0.39583335
3453,0.0
3454,0.0
3455,0.0
3456,0.0
3457,0.0
3458,2.65
3459,1.1708333375
3460,0.0
3461,0.0
3462,0.0
3463,0.0
3464,0.0
3465,0.0
3466,0.14285714285714285
3467,0.0
3468,0.400000005
3469,0.0
3470,1.9369047625
3471,0.0
3472,0.0
3473,0.0
3474,0.0
3475,0.0
3476,0.0
3477,2.2222221999999996
3478,0.0
3479,0.0
3480,0.0
3481,0.0
3482,0.0
3483,0.0
3484,0.0
3485,0.9523809571428572
3486,2.5650793142857142
3487,0.0
3488,0.8888889
3489,0.0
3490,0.50758853625
3491,0.0
3492,0.1
3493,0.0
3494,0.0
3495,0.0
3496,0.3708333375
3497,0.2539682616666667
3498,0.14814814666666667
3499,0.0
3500,0.0
3501,0.0
3502,0.0
3503,0.0
3504,2.754881742857143
3505,0.19047619999999998
3506,0.0
3507,0.0
3508,0.0
3509,0.7031746249999999
3510,0.0
3511,0.0
3512,0.06787771919999999
3513,0.0
3514,1.6666667
3515,1.0
3516,0.0
3517,0.0303308825
3518,0.110408722625
3519,0.0
3520,0.0
3521,0.0
3522,0.0
3523,0.0
3524,0.0
3525,0.0
3526,0.0
3527,0.0
3528,0.0
3529,0.22222223333333332
3530,0.0
3531,0.80238098
3532,0.0
3533,0.0
3534,1.8481241125
3535,0.0
3536,0.5
3537,0.0
3538,0.0
3539,2.1346230250000002
3540,0.46659452749999997
3541,0.0
3542,0.0
3543,0.0
3544,0.0
3545,0.0
3546,0.0
3547,0.0
3548,0.0
3549,0.0
3550,0.0
3551,0.0
3552,0.29583333749999996
3553,0.85416665
3554,0.0
3555,0.0
3556,0.4958333375
3557,0.0
3558,0.1901966125
3559,0.4843537442857143
3560,0.066666668
3561,0.0
3562,2.2681406
3563,1.4117647
3564,2.009641562857143
3565,0.0
3566,0.0
3567,0.0
3568,0.0
3569,0.0
3570,0.44444446666666665
3571,0.43271491714285715
3572,0.0
3573,0.0
3574,0.0
3575,0.0
3576,1.0238095285714286
3577,0.8892081624999999
3578,1.629591885714286
3579,0.0
3580,0.0
3581,0.0
3582,0.0
3583,0.0
3584,0.0
3585,0.13333333333333333
3586,0.0
3587,0.6666666666666666
3588,0.0
3589,0.0
3590,0.0
3591,0.0
3592,0.0
3593,0.2083333375
3594,0.0
3595,0.0
3596,0.22222222
3597,0.0
3598,0.0
3599,1.2222222666666667
3600,0.7660714499999999
3601,0.0
3602,2.1534542
3603,0.6011905
3604,0.0
3605,0.0
3606,0.3888889
3607,0.3904762
3608,0.0
3609,0.0
3610,0.0
3611,0.0
3612,0.0
3613,1.319457775
3614,0.0
3615,0.0
3616,0.3172619125
3617,0.0
3618,0.16666666666666666
3619,0.0
3620,0.0
3621,0.0
3622,0.0
3623,0.0
3624,0.5763888833333334
3625,0.46153846
3626,0.0
3627,0.0
3628,0.0
3629,0.0
3630,0.0
3631,0.0
3632,0.0
3633,0.8097628016666668
3634,0.0
3635,0.0
3636,0.0
3637,0.416666675
3638,0.0
3639,0.0
3640,0.0
3641,0.0
3642,0.18181819
3643,0.0
3644,0.0
3645,0.0
3646,0.0
3647,0.0
3648,0.0
3649,0.0
3650,0.3
3651,0.0
3652,0.0
3653,0.5375000125
3654,0.649404775
3655,0.7857143000000001
3656,0.8
3657,0.0
3658,0.0
3659,0.0
3660,1.40092644
3661,0.33333335
3662,0.0
3663,0.26666666666666666
3664,0.0
3665,0.0
3666,0.0
3667,1.333333357142857
3668,0.40853175625
3669,0.0
3670,0.0
3671,0.42763634375
3672,0.0
3673,7.75
3674,0.355654775
3675,0.0
3676,0.24791666750000002
3677,1.2380952485714285
3678,0.0
3679,0.0
3680,0.0
3681,0.48887046624999997
3682,3.15488395
3683,0.0
3684,0.0
3685,0.0
3686,0.19623016875
3687,0.0
3688,1.12797622125
3689,0.0
3690,0.0
3691,0.0
3692,0.0
3693,0.0
3694,0.5714285857142857
3695,0.0
3696,0.4083333375
3697,1.8777777666666664
3698,0.0
3699,0.118818685
3700,0.0
3701,0.0
3702,0.0
3703,0.0
3704,0.0
3705,0.0
3706,0.7619047714285714
3707,0.0
3708,2.4313187000000003
3709,0.2380952425
3710,0.0
3711,0.0
3712,0.0
3713,0.0
3714,0.0
3715,0.0
3716,0.0
3717,0.0
3718,0.0
3719,0.6791620137499998
3720,0.30769232
3721,3.471799566666666
3722,0.0
3723,0.0
3724,3.3238095142857143
3725,0.0
3726,0.75939852
3727,0.84279208375
3728,0.0
3729,0.0
3730,0.0
3731,0.0
3732,0.21140873250000003
3733,3.060102042857143
3734,0.8095238428571427
3735,1.5166666666666666
3736,1.0000000333333332
3737,0.0
3738,0.0
3739,0.0
3740,0.0
3741,0.5714285714285714
3742,0.0
3743,0.0
3744,0.0
3745,0.0
3746,0.0
3747,0.0
3748,0.0
3749,0.0
3750,4.033333333333333
3751,0.0
3752,0.92622534375
3753,0.0
3754,0.0
3755,0.0
3756,0.5062415825
3757,0.2583333375
3758,0.0
3759,0.0
3760,0.0
3761,0.0
3762,0.53085318625
3763,0.0
3764,0.89333336
3765,0.0
3766,0.0
3767,0.24924243125
3768,0.43333334999999995
3769,0.0
3770,1.2958333375
3771,0.0
3772,0.0
3773,0.0
3774,0.0
3775,0.0
3776,0.0
3777,0.0
3778,0.0
3779,0.0
3780,0.0
3781,0.0
3782,0.0
3783,0.3333333333333333
3784,0.0
3785,0.1125
3786,0.460416675
3787,0.0
3788,0.0
3789,0.0
3790,1.0238095333333332
3791,0.1142857142857143
3792,0.66666668
3793,0.0
3794,0.7228535437499999
3795,0.0
3796,0.0
3797,0.0
3798,1.0909091
3799,0.0
3800,0.0
3801,0.0
3802,0.0
3803,0.0
3804,0.0
3805,2.47462125
3806,0.6978708825
3807,3.976363625
3808,0.513333348
3809,0.166666675
3810,0.0
3811,0.0
3812,0.0
3813,2.2242063375
3814,0.6208333375
3815,0.0
3816,0.0
3817,1.375
3818,0.0
3819,1.8
3820,0.0
3821,2.4678571249999997
3822,0.0
3823,0.0
3824,0.0
3825,0.1225198425
3826,2.0948551285714285
3827,0.0
3828,0.0
3829,0.0
3830,2.472799114285714
3831,0.0
3832,0.0
3833,0.0
3834,0.0
3835,0.0
3836,0.0
3837,0.0
3838,0.25
3839,0.6446428712500001
3840,0.0
3841,0.0
3842,0.0
3843,0.0
3844,0.9666666666666668
3845,1.25960498375
3846,0.0
3847,0.0
3848,0.0
3849,1.5375
3850,0.0
3851,1.340178575
3852,0.0
3853,1.5812500125
3854,0.5
3855,0.1625
3856,0.5
3857,0.0
3858,0.0
3859,0.5714285714285714
3860,0.0
3861,0.0
3862,0.6083333375
3863,0.0
3864,0.0
3865,1.5067460425
3866,0.0
3867,5.6253967666666655
3868,0.0
3869,0.0
3870,0.0
3871,0.3848484875
3872,0.0
3873,0.25
3874,0.0
3875,0.0
3876,0.0
3877,0.0
3878,0.0
3879,0.0
3880,0.2
3881,0.0
3882,0.0
3883,0.0
3884,1.70363635
3885,3.93809515
3886,0.0
3887,0.2
3888,2.5714285714285716
3889,0.6666667
3890,0.0
3891,0.0
3892,0.0
3893,0.0
3894,0.0
3895,0.020408164285714285
3896,0.0
3897,0.0
3898,0.2857142857142857
3899,5.8675215
3900,0.0
3901,0.11111111333333333
3902,0.0
3903,1.481601714285714
3904,0.0
3905,0.0
3906,0.0
3907,0.0
3908,0.0
3909,0.0
3910,0.0
3911,0.0
3912,0.5757575833333334
3913,0.0
3914,0.0
3915,0.6727182625
3916,0.49107144625
3917,0.0
3918,0.0
3919,1.3032433424999998
3920,0.0
3921,0.0
3922,0.0
3923,0.1904762
3924,0.25000000499999997
3925,0.0
3926,0.0
3927,0.0
3928,0.0
3929,0.0
3930,0.0
3931,0.0
3932,1.11607143
3933,0.0
3934,0.5291005333333333
3935,0.0
3936,0.0
3937,0.63257576625
3938,0.0
3939,0.7595238175
3940,0.0
3941,0.0
3942,0.0
3943,0.26031746499999997
3944,0.0
3945,0.2
3946,0.5238095285714286
3947,0.3
3948,6.447344333333334
3949,1.0
3950,0.0
3951,0.5
3952,0.0
3953,0.0
3954,0.0
3955,0.0
3956,0.3529412
3957,0.0
3958,0.0
3959,0.0
3960,1.6666666666666667
3961,1.0565476375
3962,0.0
3963,1.0349206666666666
3964,0.0
3965,0.0
3966,0.33333335
3967,1.1253345866666666
3968,0.08333333333333333
3969,0.2468254025
3970,0.0
3971,0.03708791375
3972,0.05
3973,0.0
3974,0.050751880000000006
3975,0.3422619125
3976,1.3415847614285714
3977,0.0
3978,0.0
3979,0.4722222333333333
3980,1.2
3981,0.31904762857142854
3982,0.0
3983,0.70476194
3984,0.5357143
3985,0.0
3986,0.0
3987,0.0
3988,0.1
3989,2.3567460749999998
3990,0.0
3991,7.0927315
3992,0.0
3993,1.1333333333333335
3994,0.19196428875000002
3995,0.7799430762500001
3996,0.0
3997,0.0
3998,0.0
3999,1.6666666666666667
4000,0.0
4001,1.4583333375
4002,0.1383928625
4003,0.125
4004,0.0
4005,1.3333333333333333
4006,0.0
4007,3.6296296
4008,0.0
4009,0.0
4010,0.0
4011,0.0
4012,0.0
4013,1.2727273000000001
4014,0.0
4015,0.0
4016,0.0
4017,0.0
4018,0.0
4019,0.0
4020,0.0
4021,0.0
4022,2.4228571000000003
4023,0.0
4024,1.3333333333333333
4025,0.366666675
4026,0.0
4027,0.14285715
4028,0.0
4029,0.0
4030,0.0
4031,0.0
4032,0.0
4033,0.3655673475
4034,0.0
4035,0.0
4036,0.0
4037,1.8333333333333333
4038,0.0
4039,0.0
4040,0.0
4041,3.8083333333333336
4042,0.0
4043,2.1333333999999997
4044,0.1
4045,0.0
4046,0.0
4047,0.0
4048,3.1703704
4049,1.0833333600000001
4050,0.0
4051,0.0
4052,0.0
4053,0.0
4054,1.3092782271428571
4055,0.0
4056,0.0
4057,0.0
4058,0.0
4059,0.0
4060,0.0
4061,0.0
4062,0.0625
4063,0.4888888999999999
4064,0.0
4065,0.0
4066,0.0
4067,0.18367347142857143
4068,2.692147
4069,0.0
4070,0.0
4071,0.0
4072,0.0
4073,0.0
4074,1.499319742857143
4075,0.0
4076,0.5714286
4077,0.0
4078,0.0
4079,0.0
4080,0.0
4081,0.0
4082,1.6666666666666667
4083,0.0
4084,0.0
4085,0.166666675
4086,0.0
4087,0.0
4088,0.0
4089,0.5824404875
4090,0.3907738175
4091,0.0
4092,6.948148233333335
4093,0.0
4094,0.0
4095,0.0
4096,1.3571282875000001
4097,0.0
4098,0.38095239999999997
4099,0.0
4100,0.0
4101,0.0
4102,0.2857143
4103,1.4040292999999997
4104,0.0
4105,0.0
4106,0.5
4107,0.7396467225
4108,1.3333334
4109,0.0
4110,0.0
4111,0.0
4112,0.0
4113,0.0
4114,0.0
4115,0.0
4116,2.4375
4117,0.82666668
4118,0.28888889999999995
4119,0.0
4120,0.0
4121,0.0
4122,0.0
4123,1.022857148
4124,0.0
4125,0.0
4126,0.0
4127,0.0
4128,0.0
4129,0.0
4130,0.0
4131,0.0
4132,0.0
4133,0.0
4134,0.0
4135,0.0
4136,0.0
4137,0.0
4138,0.0
4139,1.5
4140,2.043643175
4141,0.0
4142,2.057392967142857
4143,0.0
4144,0.0
4145,0.5
4146,0.0
4147,1.2316017666666665
4148,0.0
4149,0.0
4150,0.0
4151,0.5
4152,0.30714286
4153,0.5962963
4154,0.6666667
4155,0.0405844175
4156,0.773333336
4157,0.0
4158,0.09523809999999999
4159,0.0
4160,0.0
4161,3.629414175
4162,0.0
4163,0.0
4164,0.0
4165,0.0
4166,0.0
4167,0.0
4168,0.0
4169,0.0
4170,0.0
4171,0.0
4172,1.4034799775
4173,0.0
4174,0.0
4175,0.0
4176,0.0
4177,0.0
4178,0.0
4179,0.0
4180,3.3642546999999996
4181,0.0
4182,0.0
4183,0.0
4184,0.7738095500000001
4185,0.0
4186,0.0
4187,2.7559523625
4188,0.0
4189,0.27777778000000003
4190,0.3888889
4191,0.0
4192,1.3333334
4193,0.0
4194,0.0
4195,0.0
4196,0.0
4197,0.4761904783333333
4198,0.0
4199,0.0
4200,0.0
4201,0.0
4202,0.0
4203,0.0
4204,0.0
4205,0.5750000125
4206,0.26666668
4207,0.0
4208,0.0
4209,1.30666668
4210,0.0
4211,0.0
4212,0.0
4213,0.0
4214,0.0
4215,0.0
4216,0.0
4217,0.0
4218,0.0
4219,0.15267857499999998
4220,0.0
4221,0.0
4222,0.0
4223,0.0
4224,1.4408667666666668
4225,2.701668766666667
4226,0.6666666666666666
4227,0.0
4228,0.0
4229,0.0
4230,0.0
4231,0.0
4232,0.0
4233,0.0
4234,0.0625
4235,0.0
4236,0.875
4237,0.0
4238,0.0
4239,0.0
4240,0.0
4241,0.416666675
4242,0.0
4243,0.0
4244,0.0
4245,0.09523809999999999
4246,0.0
4247,0.940773825
4248,1.2437197242857145
4249,0.6857142857142858
4250,0.0
4251,0.0
4252,0.0
4253,0.3
4254,0.0
4255,0.39999999999999997
4256,0.5714285714285714
4257,0.0
4258,0.0
4259,0.53333336
4260,0.0
4261,0.41418651125
4262,0.0
4263,0.0
4264,6.133333333333333
4265,0.0
4266,0.0
4267,0.0
4268,0.0
4269,0.0
4270,0.0
4271,0.0
4272,0.0
4273,0.0
4274,0.11111111666666666
4275,0.0
4276,0.0
4277,0.8626780833333333
4278,0.0
4279,0.0
4280,0.6357143
4281,0.0
4282,0.0
4283,0.0
4284,2.5700216571428567
4285,0.0
4286,0.0435606075
4287,0.440634924
4288,0.0
4289,0.0
4290,0.0
4291,1.0
4292,0.7058531812500001
4293,0.479166675
4294,0.0
4295,0.0
4296,0.0
4297,0.375
4298,1.4285714166666665
4299,1.2514153124999998
4300,1.4999999666666668
4301,0.0
4302,0.0
4303,0.0
4304,3.36666665
4305,0.2068452425
4306,0.0
4307,0.0
4308,0.25
4309,0.0
4310,0.0
4311,0.0
4312,0.0
4313,0.0
4314,0.0
4315,0.8938870914285715
4316,0.0
4317,0.0
4318,1.8501488124999999
4319,0.0
4320,0.0
4321,0.0
4322,0.0
4323,0.0
4324,0.0
4325,0.0
4326,0.0
4327,0.0
4328,0.0
4329,0.0
4330,0.0
4331,0.0
4332,0.07550505125
4333,0.0
4334,0.0
4335,0.0
4336,0.0
4337,0.5333333428571428
4338,0.28884945714285715
4339,0.0
4340,0.8095238285714286
4341,0.0
4342,0.0
4343,0.21777777999999998
4344,0.0
4345,0.0
4346,0.0
4347,0.07653061428571428
4348,0.0
4349,0.0
4350,0.0
4351,0.83609557125
4352,0.6957684624999999
4353,4.4300949125
4354,0.0
4355,0.0
4356,0.0
4357,2.64583335
4358,0.0
4359,2.4
4360,0.0
4361,0.0
4362,2.32796475
4363,0.0
4364,0.0
4365,1.666666675
4366,2.0784722125
4367,0.0
4368,0.0
4369,0.0
4370,0.0
4371,0.0
4372,0.0
4373,3.273242628571429
4374,0.0
4375,0.0
4376,0.75
4377,0.0
4378,0.0
4379,0.0
4380,0.0
4381,0.0
4382,0.0
4383,0.0
4384,0.935954005
4385,1.549574475
4386,0.0
4387,0.0
4388,0.0
4389,0.0
4390,0.0
4391,0.0
4392,0.0
4393,0.0
4394,0.0
4395,0.0
4396,0.0
4397,0.5
4398,0.0
4399,0.0
4400,0.23611111333333334
4401,0.0
4402,1.5714285714285714
4403,1.1175427828571427
4404,0.0
4405,0.44444446666666665
4406,0.0
4407,0.0
4408,0.16666666666666666
4409,0.0
4410,0.0
4411,0.0
4412,0.0
4413,0.0
4414,0.0
4415,0.22222223333333332
4416,1.35
4417,0.225
4418,0.0
4419,0.0
4420,0.0
4421,3.3036797666666664
4422,1.0
4423,0.0
4424,0.0
4425,0.0
4426,0.47619049999999996
4427,0.0
4428,0.0
4429,1.0122449285714288
4430,0.0
4431,0.0
4432,0.0
4433,0.0
4434,0.0
4435,0.4894557871428571
4436,0.0
4437,0.0
4438,0.0
4439,0.4920901075
4440,0.5
4441,0.0
4442,0.0
4443,0.0
4444,1.19761902
4445,0.0
4446,0.0
4447,0.068362195
4448,0.0
4449,0.0
4450,0.0833333375
4451,0.0
4452,0.0
4453,0.0
4454,0.7165775666666666
4455,0.0
4456,0.0
4457,0.0
4458,0.0
4459,1.566666675
4460,0.0
4461,1.060218275
4462,0.0
4463,0.0
4464,0.26190477125
4465,0.287500005
4466,0.0
4467,0.0
4468,0.0
4469,0.0
4470,0.2857142857142857
4471,3.052100666666666
4472,1.08333336
4473,0.0
4474,2.2851852333333333
4475,0.0
4476,0.0
4477,0.0
4478,2.6851852
4479,0.0
4480,0.0
4481,1.042857174
4482,0.0
4483,0.0
4484,0.0
4485,0.0
4486,1.4
4487,1.0
4488,0.0
4489,0.72727275
4490,0.0
4491,0.1458333375
4492,0.0
4493,0.0
4494,0.0
4495,0.0
4496,2.2
4497,1.0
4498,0.0
4499,0.0
4500,0.0
4501,0.0
4502,1.3558922333333332
4503,0.0
4504,0.0
4505,0.6428571428571429
4506,0.0625
4507,0.0
4508,0.2458333375
4509,0.8974137285714285
4510,0.4047619125
4511,0.0
4512,0.0
4513,0.9047619142857144
4514,0.0
4515,0.5
4516,0.0
4517,0.0
4518,0.0
4519,1.6830547624999999
4520,0.0
4521,0.0
4522,0.0
4523,0.5
4524,0.8055555666666666
4525,0.46666668
4526,1.7991161375
4527,0.0
4528,0.0
4529,0.0
4530,0.0
4531,0.0
4532,0.0
4533,0.08125
4534,0.0
4535,0.3083333375
4536,0.24285714285714288
4537,0.0
4538,0.0
4539,0.0
4540,0.0
4541,0.0
4542,0.0
4543,0.0
4544,4.4487179999999995
4545,2.75
4546,0.0
4547,0.0
4548,1.6888889000000002
4549,0.0
4550,0.13126990285714285
4551,0.35892858
4552,0.0
4553,0.0
4554,1.5714285714285714
4555,0.0
4556,0.0
4557,0.0
4558,0.0
4559,4.7272725
4560,0.0
4561,0.0
4562,0.3333333333333333
4563,0.3746031785714286
4564,0.0
4565,0.475
4566,0.53333334
4567,0.6746032
4568,0.0
4569,0.0
4570,0.0
4571,0.0
4572,0.0
4573,1.8131944500000001
4574,0.0
4575,0.0
4576,0.0
4577,3.7223574750000004
4578,1.8380952499999998
4579,0.0
4580,0.0
4581,2.051648385714286
4582,0.6444444466666667
4583,0.0
4584,1.14285718
4585,4.035714333333334
4586,3.05080205
4587,0.0
4588,0.0
4589,0.213333332
4590,0.0
4591,0.0
4592,0.2
4593,0.18392857499999998
4594,1.3
4595,0.0
4596,6.135338333333333
4597,0.0
4598,0.0
4599,0.4285714428571428
4600,0.85714287
4601,0.38095239999999997
4602,0.0
4603,0.0
4604,0.0
4605,0.46527779375
4606,0.0
4607,0.0
4608,0.0
4609,0.0
4610,1.9388888999999998
4611,0.0
4612,0.0
4613,0.0
4614,0.0
4615,1.3095238142857144
4616,0.0
4617,0.0
4618,0.0
4619,0.0
4620,0.0
4621,0.0
4622,1.5482993285714284
4623,0.0
4624,0.0
4625,1.86260825
4626,0.0
4627,2.0
4628,0.0
4629,0.0
4630,0.0
4631,0.0
4632,0.0
4633,0.0
4634,0.0
4635,0.0
4636,0.02083333375
4637,0.8333333333333334
4638,0.0
4639,0.0
4640,0.0
4641,0.42000000000000004
4642,0.0
4643,0.13714286
4644,0.0
4645,0.6730158949999999
4646,0.0
4647,0.7592592633333334
4648,0.4
4649,0.0
4650,0.0
4651,0.0
4652,0.0
4653,0.0
4654,0.3333333333333333
4655,1.75
4656,0.0
4657,0.0
4658,0.0
4659,0.0
4660,0.0
4661,0.0
4662,0.26733194000000005
4663,0.0
4664,0.29583333749999996
4665,0.0
4666,0.0
4667,0.0
4668,0.0
4669,0.0
4670,0.0
4671,4.671795
4672,0.25
4673,0.0
4674,0.0
4675,0.0
4676,0.0
4677,0.0
4678,0.05
4679,0.0
4680,0.5714285857142857
4681,0.14285714285714285
4682,0.0
4683,0.11111111
4684,0.0
4685,0.0
4686,0.0
4687,0.0
4688,0.0
4689,0.0
4690,0.0
4691,0.0
4692,0.0
4693,0.0
4694,0.0
4695,0.0
4696,0.9285714285714286
4697,0.0
4698,0.0
4699,0.0
4700,0.79910715
4701,0.6428571571428571
4702,0.0
4703,0.0
4704,0.0
4705,0.0
4706,0.0
4707,0.0
4708,1.2666666599999998
4709,1.182738105
4710,2.158008666666667
4711,0.0
4712,0.6250000250000001
4713,1.1555967885714284
4714,0.5703373137500001
4715,0.0
4716,0.0
4717,0.3190753437500001
4718,0.0
4719,0.0
4720,0.0
4721,0.0
4722,0.2500000125
4723,0.0
4724,0.0
4725,0.20202020833333334
4726,0.0
4727,0.0
4728,0.0
4729,0.0
4730,0.6666666666666666
4731,0.0
4732,1.2625283571428572
4733,6.418470333333333
4734,1.9011904625000002
4735,0.0
4736,1.0
4737,0.0
4738,1.405464
4739,0.0
4740,0.0
4741,0.0
4742,0.0
4743,0.0
4744,0.0
4745,0.0
4746,0.0
4747,0.0
4748,0.3692307733333333
4749,0.0
4750,0.0
4751,0.0
4752,0.0
4753,0.0
4754,0.0
4755,0.9366996925
4756,0.0
4757,0.0
4758,0.0
4759,0.0
4760,3.6658413249999997
4761,0.0
4762,0.8888889333333333
4763,0.071428575
4764,0.825
4765,0.11904762499999999
4766,0.5555555666666666
4767,3.1
4768,0.0
4769,0.0
4770,0.2571428571428572
4771,0.0
4772,0.0
4773,0.0
4774,5.4003625
4775,0.83333335
4776,0.0
4777,0.0
4778,0.0
4779,0.0
4780,0.0
4781,2.142857142857143
4782,0.0
4783,0.0
4784,0.5500000249999999
4785,0.0
4786,0.0
4787,0.0
4788,0.0
4789,0.0
4790,0.2
4791,0.0
4792,0.0
4793,0.0
4794,0.5836038987500001
4795,0.0
4796,0.75
4797,0.0
4798,0.0
4799,0.0
4800,0.7777778
4801,1.13168767875
4802,0.1285714285714286
4803,1.4954545333333336
4804,0.0
4805,0.0
4806,0.27335166
4807,0.0
4808,1.0
4809,0.0
4810,0.0
4811,0.0
4812,0.0
4813,0.0
4814,0.0
4815,0.0
4816,1.9193452500000001
4817,1.2819444500000001
4818,0.9175761499999999
4819,0.0
4820,0.0
4821,0.0
4822,0.0
4823,0.0
4824,0.9062500124999998
4825,0.0
4826,1.5145896212500003
4827,0.6857143
4828,0.5105820266666666
4829,0.0
4830,0.35714285714285715
4831,0.0
4832,0.0
4833,0.6666667
4834,0.0
4835,0.0
4836,0.259432245
4837,0.0
4838,0.0
4839,0.077380955
4840,0.0
4841,0.3
4842,0.0
4843,0.0
4844,0.0
4845,0.57213621625
4846,0.0
4847,0.0
4848,2.657081024285714
4849,0.0
4850,1.7749007875
4851,1.5670068242857143
4852,0.0
4853,0.0
4854,0.0
4855,0.0
4856,0.66666668
4857,0.0
4858,0.0
4859,0.0
4860,0.16418651125
4861,0.7000000000000001
4862,0.0
4863,0.0
4864,0.0
4865,0.0
4866,0.9
4867,0.9080833771428571
4868,0.0
4869,0.0
4870,0.0
4871,0.967857175
4872,0.0
4873,2.1571428333333333
4874,0.44444446666666665
4875,1.0199134571428572
4876,0.0
4877,0.0
4878,0.0
4879,1.4000000000000001
4880,0.16666666666666666
4881,0.0
4882,0.0
4883,0.0
4884,0.0
4885,0.0
4886,0.0
4887,1.1728509485714285
4888,0.0
4889,0.0
4890,0.0
4891,0.0
4892,0.0
4893,0.0
4894,1.0390107666666666
4895,0.0
4896,2.716666666666667
4897,0.0
4898,0.0
4899,0.0
4900,0.13333333333333333
4901,0.0
4902,0.0
4903,0.0
4904,0.0
4905,0.0
4906,1.3095086
4907,0.18333333500000001
4908,0.0
4909,0.0
4910,0.0
4911,0.0
4912,0.0
4913,2.6496598857142857
4914,0.42176871285714285
4915,0.7333333599999999
4916,0.0
4917,0.0
4918,0.21333334399999998
4919,0.53083979375
4920,0.0
4921,0.0
4922,0.0
4923,1.7142857285714286
4924,0.0
4925,1.0
4926,0.8
4927,0.0
4928,0.0
4929,0.0
4930,0.0
4931,1.8422702499999999
4932,1.125
4933,0.0
4934,0.0
4935,0.0625
4936,0.0
4937,0.3333333333333333
4938,0.0
4939,0.0
4940,0.0
4941,1.2628205000000001
4942,0.0
4943,0.0
4944,0.0
4945,0.0
4946,7.21409215
4947,0.2555555571428571
4948,0.46746033
4949,1.6269841142857142
4950,0.0
4951,0.0
4952,1.44444446
4953,0.49126984285714287
4954,0.40000001999999996
4955,0.6666666666666666
4956,0.0
4957,0.0
4958,0.0
4959,0.0
4960,0.8750000125000001
4961,0.0
4962,0.6666667
4963,0.0
4964,0.23263889000000001
4965,2.253411283333333
4966,0.0
4967,0.0
4968,0.0
4969,0.0
4970,0.0
4971,0.0
4972,0.4761904857142857
4973,0.0
4974,0.50378788375
4975,0.9714285714285714
4976,0.0
4977,0.3333333333333333
4978,0.0
4979,0.0
4980,0.0
4981,0.0
4982,0.0
4983,0.0
4984,0.0
4985,0.0
4986,1.6815476500000002
4987,0.0
4988,1.6559523875
4989,0.0
4990,0.0
4991,0.0
4992,0.0
4993,0.0
4994,0.0
4995,0.0
4996,0.2
4997,1.7
4998,0.42857142857142855
4999,0.0
5000,0.0
5001,0.5848861233333333
5002,0.18787879166666666
5003,0.6666666833333332
5004,0.438392865
5005,0.0
5006,0.0
5007,0.0
5008,0.0
5009,0.0
5010,0.0
5011,1.5625
5012,0.0
5013,0.85714287
5014,0.3523809571428571
5015,0.6512896925
5016,0.0
5017,4.0564102375
5018,2.85789485
5019,2.48666665
5020,0.526190485
5021,0.0
5022,0.0
5023,0.0
5024,0.526673346
5025,0.0
5026,0.5297115875
5027,1.25714288
5028,0.0
5029,0.0
5030,0.0
5031,0.0
5032,0.0
5033,0.0
5034,0.5
5035,0.0
5036,0.0
5037,0.5
5038,0.0
5039,0.0
5040,0.0
5041,0.0
5042,0.0
5043,0.0
5044,1.1111111666666666
5045,0.0
5046,0.5391156571428571
5047,1.0
5048,1.5555555666666667
5049,0.0
5050,0.0
5051,0.0
5052,0.0
5053,0.16666667
5054,0.0
5055,1.979843075
5056,0.0
5057,0.33333335
5058,0.0
5059,0.4166666666666667
5060,0.0
5061,2.761904785714286
5062,0.0
5063,0.5000000124999999
5064,0.0
5065,0.0
5066,1.3553571500000001
5067,0.0
5068,1.07876844875
5069,0.0
5070,0.133928575
5071,0.0
5072,0.447619056
5073,0.0
5074,0.0
5075,2.8952086875
5076,0.41666668749999997
5077,0.19583333749999998
5078,1.3379870142857142
5079,1.822222233333333
5080,0.0
5081,0.0
5082,0.15000000000000002
5083,1.8571428499999998
5084,0.0
5085,0.0
5086,2.1333333333333333
5087,0.0
5088,0.16666667142857142
5089,0.23333334
5090,1.5650793875
5091,0.28571429000000004
5092,0.0
