row,col
3,175
3,4763
9,296
10,1765
10,3255
10,3471
10,3822
10,4735
12,1747
12,3614
14,2579
14,4761
14,5092
15,622
15,968
15,2117
15,2625
15,3390
16,1529
17,1078
17,1809
17,2255
17,2466
17,3990
17,4482
17,4594
19,1648
19,4173
20,1431
21,204
21,507
21,640
21,1270
21,3807
24,448
24,2219
24,3156
24,3634
25,258
25,4282
26,204
26,735
26,1922
26,2588
26,3920
26,4141
26,4225
26,4733
29,329
29,2139
29,2255
29,2458
31,53
31,4823
32,3601
32,4718
33,3325
36,329
36,475
36,1431
37,201
37,769
37,1102
37,1146
37,1702
37,2054
37,2650
37,2883
37,2945
37,3107
37,3226
37,3419
37,3491
37,3565
37,3806
37,3866
37,4055
37,4401
37,4827
37,4876
38,2767
40,615
40,1739
40,1909
41,258
41,603
41,1206
41,1344
41,1704
41,1894
41,2451
41,3273
41,3886
41,4475
41,4672
41,4966
42,924
42,1950
42,2588
42,2594
44,329
44,2609
44,2781
44,3094
44,4594
44,4713
45,365
45,1116
45,1640
45,1701
45,1785
45,1938
45,2076
45,2377
45,2609
45,2910
45,3996
45,4551
45,4837
47,983
47,1046
47,1055
47,1431
47,1942
47,2749
47,2819
47,2852
47,2992
47,3224
47,3364
47,3683
47,3779
47,4083
47,4162
47,4525
47,5018
48,2724
49,1295
49,1769
49,2001
49,2255
49,2268
49,2362
49,3165
49,3306
49,3497
49,3634
49,3672
49,4002
49,4054
50,1413
53,3198
53,3375
53,4504
55,646
55,1014
55,1921
55,3655
55,4281
56,1330
57,2408
57,4569
58,288
58,1129
58,1409
58,1461
58,1757
58,3885
63,2219
63,2999
63,3753
64,5034
65,2747
66,1417
69,1409
69,1461
69,1678
69,3376
69,3416
69,3427
70,115
70,343
70,418
70,853
70,914
70,1189
70,2224
70,3141
71,204
71,827
71,2452
71,2588
71,3554
71,3825
71,4316
72,138
72,3216
72,3682
72,4765
73,479
73,810
73,958
73,1007
73,1025
73,1431
73,1453
73,1581
73,2061
73,2111
73,2171
73,2429
73,2767
73,3208
73,3210
73,3334
73,3498
73,3920
73,4068
73,4090
73,4410
73,4606
73,4669
73,4739
73,4868
74,183
74,795
74,1747
74,1830
74,2362
74,3578
74,3963
74,4287
75,630
75,1886
75,2139
75,3578
75,4084
76,777
76,2111
77,78
77,79
77,308
77,328
77,1137
77,1703
77,2309
77,2320
77,2400
77,2477
77,2561
77,2702
77,2966
77,3075
77,3308
77,3559
77,3846
77,3860
78,1075
78,1683
78,2662
78,3580
79,2747
80,245
80,380
80,473
80,535
80,2215
80,2681
81,1639
81,2111
81,2946
81,4761
81,5091
83,3286
83,3472
83,3672
84,2724
85,1656
86,3252
86,3672
86,5002
89,3519
90,773
90,3458
90,4339
91,4055
94,316
94,408
94,504
94,555
94,773
94,846
94,1027
94,1384
94,1884
94,2198
94,3061
94,3992
94,4358
94,4734
94,5045
95,365
95,944
97,1203
99,447
99,1384
99,2578
99,2625
99,4403
100,1701
100,1884
100,2226
100,3290
100,4278
100,4387
100,4568
101,3006
102,329
103,2503
105,163
105,729
105,884
105,1189
105,1196
105,1378
105,1413
105,1463
105,1570
105,1644
105,1744
105,1889
105,2118
105,2193
105,2264
105,2545
105,3621
105,3944
105,4350
105,4475
105,4739
106,3390
106,4739
109,5002
110,2075
110,4669
112,606
112,842
112,1272
112,2434
112,2641
112,3214
112,3361
112,4440
112,4538
112,4701
112,4950
112,5028
113,258
114,432
114,690
114,998
114,1570
114,2426
114,2744
114,2913
114,3852
115,149
115,175
115,203
115,507
115,526
115,561
115,731
115,742
115,1164
115,1256
115,1334
115,1411
115,1441
115,1740
115,1750
115,1786
115,1871
115,1885
115,1944
115,2261
115,2350
115,2367
115,2418
115,2584
115,2609
115,2687
115,3161
115,3189
115,3234
115,3236
115,3254
115,3362
115,3505
115,3687
115,3801
115,3828
115,3850
115,3996
115,4023
115,4120
115,4140
115,4326
115,4367
115,4387
115,4407
115,4534
115,4733
115,4795
115,4909
115,4959
115,5038
117,3019
119,2001
120,1637
122,3996
123,261
123,639
123,2457
123,2840
123,3985
123,4143
123,4319
124,1881
124,3896
124,4306
125,182
125,2671
125,2719
125,3996
125,4293
127,201
127,630
127,1008
127,2041
127,2594
127,3010
127,3374
127,4358
127,4503
127,4663
127,4819
127,4920
127,5020
128,1144
128,3808
128,5056
134,689
134,3535
134,4064
137,3356
137,4354
137,4462
138,3071
138,4868
138,4895
139,432
139,4114
139,4425
142,271
142,507
142,640
142,860
142,1740
142,4108
142,4868
144,586
144,2747
145,206
145,1256
146,2362
148,1332
149,998
149,1907
150,2071
151,2080
151,2953
151,4292
152,4117
153,308
153,1180
154,1029
154,2945
156,231
156,234
156,3142
156,4104
156,4440
156,5020
158,365
158,2531
158,2860
158,4455
159,590
159,3718
160,737
160,4516
162,895
162,1577
162,2262
162,2823
162,3235
162,4042
162,4578
163,275
163,280
163,365
163,472
163,725
163,743
163,828
163,1076
163,1110
163,1196
163,1317
163,1341
163,1453
163,1460
163,1570
163,1576
163,1761
163,2076
163,2081
163,2429
163,2466
163,2787
163,3395
163,3614
163,3733
163,3854
163,3920
163,4068
163,4095
163,4263
163,4354
163,4739
163,4795
164,2702
164,3403
165,3148
165,3286
165,4121
165,4790
166,2747
166,3406
166,4442
166,4718
167,412
167,2073
169,821
169,2289
170,358
170,571
170,1052
170,2165
170,4188
170,4354
170,4492
170,4733
170,4987
170,5067
171,2747
171,3672
172,3519
173,3451
174,785
175,423
175,512
175,523
175,570
175,906
175,982
175,1147
175,1230
175,1401
175,1431
175,1457
175,1570
175,1709
175,1731
175,1886
175,2041
175,2139
175,2237
175,2262
175,2312
175,2367
175,2570
175,2982
175,3255
175,3510
175,3578
175,3909
175,3973
175,4527
175,4763
175,4819
175,4825
175,4826
176,2540
179,3419
179,3519
179,4401
180,969
180,1171
180,1565
180,2279
180,2469
180,2625
180,3491
180,3662
180,3962
180,4198
180,4298
180,4333
181,707
181,1754
181,3208
181,3945
181,4440
181,4868
181,4920
182,329
182,475
182,1417
182,1567
182,1615
182,2004
182,2500
182,3614
182,3753
182,4566
183,3300
183,3491
183,3977
183,4539
183,4846
185,2237
199,446
199,5002
201,203
201,408
201,644
201,803
201,848
201,955
201,956
201,1286
201,1409
201,1461
201,1601
201,1697
201,1757
201,1805
201,1812
201,1887
201,1908
201,2076
201,2131
201,2198
201,2362
201,2810
201,2860
201,2979
201,3091
201,3376
201,3390
201,3435
201,3672
201,3927
201,4455
201,4684
201,4739
201,4926
202,630
202,709
202,903
202,916
202,932
202,1422
202,1565
202,1709
202,2139
202,3619
202,3720
202,4034
202,4293
202,4358
202,4920
202,4975
203,231
203,324
203,494
203,630
203,640
203,784
203,903
203,916
203,917
203,1122
203,1290
203,1326
203,1431
203,1681
203,1877
203,2086
203,2699
203,3010
203,3282
203,3374
203,3401
203,3578
203,3607
203,3674
203,3728
203,4108
203,4143
203,4293
203,4353
203,4358
203,4368
203,4551
203,4663
203,4825
203,4920
203,5020
204,231
204,363
204,380
204,386
204,513
204,561
204,606
204,625
204,630
204,640
204,726
204,734
204,784
204,824
204,860
204,903
204,906
204,916
204,961
204,1008
204,1016
204,1050
204,1193
204,1230
204,1290
204,1467
204,1469
204,1475
204,1570
204,1598
204,1665
204,1709
204,1731
204,1754
204,1789
204,1837
204,2139
204,2570
204,2746
204,2910
204,2963
204,3002
204,3010
204,3019
204,3092
204,3142
204,3316
204,3371
204,3374
204,3495
204,3554
204,3566
204,3572
204,3578
204,3619
204,3682
204,3710
204,3720
204,3728
204,3863
204,3925
204,3949
204,3973
204,4034
204,4108
204,4167
204,4206
204,4324
204,4339
204,4353
204,4358
204,4527
204,4551
204,4601
204,4825
204,4826
204,4840
204,5005
204,5020
205,4483
206,3332
207,216
207,5027
208,231
208,363
208,3682
208,4069
209,2910
209,3433
209,3672
209,4409
210,258
210,525
210,2237
210,4278
213,999
213,2362
214,4055
215,328
215,1639
215,2320
215,2659
215,3883
215,5091
216,4996
219,2071
221,2220
223,672
223,2687
224,884
224,1431
226,905
226,1047
226,1786
226,2050
226,2991
226,3274
226,3437
226,3707
226,4251
227,4225
231,294
231,306
231,322
231,553
231,645
231,829
231,1191
231,1441
231,1461
231,1468
231,1502
231,1762
231,1855
231,1868
231,1885
231,1887
231,1941
231,2130
231,2171
231,2261
231,2594
231,3254
231,3731
231,4510
231,4651
231,4684
233,500
233,1755
233,2429
234,2046
234,3886
234,4338
234,4352
234,4479
237,329
237,2223
237,2641
237,3080
237,3226
237,3579
237,4117
237,5062
238,455
238,1182
238,1979
238,2002
238,2080
238,2132
238,2165
239,1107
241,3107
241,3226
241,3806
241,4827
245,537
245,604
245,625
245,1409
245,1567
245,1639
245,2001
245,2131
245,2219
245,2579
245,3423
245,3450
245,4386
245,4893
245,5091
246,2499
248,1475
248,1770
248,3519
250,2747
251,2995
253,316
253,596
253,873
253,1155
253,1704
253,2673
253,3287
253,3751
253,3886
253,4104
253,4672
253,4701
253,4897
253,4947
253,4966
253,5002
254,1709
254,2041
255,414
255,463
255,920
255,934
255,944
255,1171
255,1795
255,2032
255,2206
255,3173
255,3814
255,3827
255,4366
255,4914
255,4954
258,316
258,518
258,1612
258,1680
258,2061
258,2125
258,2198
259,640
259,1457
259,1467
259,2041
261,262
261,1469
261,2284
261,2729
261,3465
261,3698
261,3972
261,4143
261,4319
261,4497
261,4555
262,579
262,734
262,878
262,1348
262,2705
262,2898
262,3545
262,4143
262,4319
262,4555
262,4819
266,777
266,2524
266,4616
267,2625
267,3076
268,4367
269,917
269,3763
269,4055
269,4173
269,4249
269,4825
270,2338
271,3330
272,329
272,1122
272,1567
272,2128
275,933
275,1317
275,1785
275,2261
275,2362
275,2368
275,3265
275,3491
275,3602
275,4976
276,536
276,982
276,1298
276,1756
276,2401
276,2790
276,3614
276,3683
276,3759
276,3854
276,4055
279,374
279,1004
279,1062
279,1120
279,2784
279,3457
279,4715
280,1567
280,2071
280,2128
280,2219
280,2500
280,3505
282,2219
283,475
283,1075
283,1897
283,2111
283,3124
283,3625
283,4761
283,4932
283,5056
285,365
285,1625
285,1730
285,2362
285,3831
285,4039
285,4852
286,625
287,365
287,2458
287,2713
287,2897
287,3254
287,3795
287,4321
292,992
292,2362
292,2813
292,3380
292,3734
294,4104
296,1099
296,1707
296,1842
296,2027
296,4466
296,4706
297,3371
298,952
298,1217
298,4868
300,640
300,734
300,1107
300,1230
300,1469
300,1573
300,1598
300,1709
300,1731
300,1789
300,1837
300,1973
300,2076
300,2212
300,2237
300,2348
300,2362
300,3395
300,3710
300,3720
300,3728
300,3973
300,4293
300,4339
300,4840
300,4861
300,4920
301,930
301,2118
301,4799
302,640
302,3371
303,316
303,1685
303,1765
303,2212
303,2429
303,2541
303,2910
303,3204
303,3390
303,3672
304,1698
304,4735
306,724
306,1389
306,1752
306,2076
306,2635
306,2886
306,3977
308,329
308,413
308,725
308,862
308,1900
308,2635
308,3304
308,3320
308,4440
308,4713
308,5027
308,5028
309,1209
309,2458
309,2558
309,3148
309,4121
310,3058
310,3578
310,3672
310,4055
311,1747
311,2348
313,2489
313,3390
316,940
316,1409
316,1457
316,3700
316,4734
316,4765
316,4942
317,827
317,3672
318,827
318,1209
318,3672
322,617
322,625
322,677
322,1191
322,1338
322,1468
322,1869
322,1885
322,2458
322,2650
322,2945
322,3565
322,3831
322,3866
322,4626
322,4876
322,5076
323,1135
323,1507
323,1656
323,2325
323,2724
323,2921
323,3459
323,4181
323,4472
323,4503
323,4560
323,4656
323,5020
324,1184
324,1270
324,1972
324,2696
325,1648
325,1903
325,4872
328,450
328,1144
328,1529
328,1959
328,2111
328,2310
328,2408
328,2468
328,2659
328,2662
328,2663
328,3076
328,3860
328,3939
328,4132
328,4241
328,4352
328,4856
328,5032
328,5090
328,5091
328,5092
329,365
329,465
329,497
329,560
329,668
329,725
329,752
329,842
329,875
329,878
329,892
329,900
329,905
329,974
329,1031
329,1090
329,1095
329,1116
329,1163
329,1211
329,1217
329,1299
329,1317
329,1341
329,1348
329,1453
329,1513
329,1569
329,1586
329,1661
329,1698
329,1773
329,1787
329,1817
329,1833
329,1900
329,1971
329,2004
329,2019
329,2048
329,2089
329,2101
329,2113
329,2223
329,2249
329,2255
329,2256
329,2260
329,2352
329,2401
329,2410
329,2417
329,2425
329,2469
329,2475
329,2530
329,2560
329,2609
329,2635
329,2641
329,2715
329,2746
329,2842
329,2893
329,2900
329,2909
329,3052
329,3053
329,3065
329,3079
329,3094
329,3133
329,3157
329,3200
329,3280
329,3283
329,3304
329,3328
329,3400
329,3469
329,3498
329,3523
329,3579
329,3638
329,3737
329,3793
329,3934
329,3985
329,4131
329,4148
329,4155
329,4178
329,4220
329,4402
329,4427
329,4436
329,4441
329,4482
329,4503
329,4531
329,4537
329,4681
329,4713
329,4756
329,4795
329,4831
329,4861
329,4872
329,4895
329,4915
329,4916
329,4927
329,4949
329,4957
329,5021
329,5028
329,5047
329,5069
329,5072
329,5073
330,2747
332,3613
334,380
335,1828
338,1007
338,1843
339,2105
339,2150
339,3375
339,4582
339,4761
339,4888
340,2865
340,3225
341,3061
343,418
343,912
343,1189
343,2029
343,2171
343,2224
343,2271
343,2819
343,3141
343,3476
343,3786
343,4282
343,4410
343,4725
343,4817
343,5002
344,1701
344,3578
344,4756
346,2227
347,916
348,827
349,2909
351,1467
351,4086
353,1701
353,3451
354,2724
354,5069
355,1146
355,1656
355,3107
355,3226
356,3226
357,1381
357,2219
358,414
358,596
358,1332
358,1701
358,1896
358,2150
358,3672
358,4354
359,5053
360,2117
360,3013
360,3487
360,3607
360,3687
360,4626
360,4718
360,4949
362,2804
362,3371
363,545
363,715
363,919
363,934
363,944
363,969
363,1007
363,1171
363,1443
363,1653
363,1688
363,2050
363,2131
363,2150
363,2427
363,2496
363,2575
363,2725
363,2732
363,3540
363,3576
363,3603
363,3827
363,4475
363,4626
363,4710
363,4989
364,4352
365,447
365,459
365,479
365,615
365,718
365,884
365,991
365,993
365,994
365,1025
365,1050
365,1280
365,1413
365,1754
365,1785
365,1922
365,1938
365,2076
365,2361
365,2439
365,2453
365,2547
365,2609
365,2635
365,2836
365,2873
365,3075
365,3117
365,3399
365,3418
365,3440
365,3493
365,3722
365,3789
365,3805
365,3836
365,3865
365,3920
365,3977
365,4148
365,4220
365,4242
365,4306
365,4318
365,4410
365,4464
365,4465
365,4484
365,4527
365,4578
365,4731
365,4767
365,4785
366,2338
366,3371
367,2434
367,3361
367,4950
369,4778
370,680
370,1769
370,2219
370,5018
373,5002
374,615
374,1965
374,3170
374,4594
378,3519
379,3672
380,818
380,1331
380,2001
380,3112
380,3153
380,3491
380,3492
380,3672
380,3763
380,3896
380,4185
380,4446
380,4825
380,4972
382,2724
383,2724
387,1758
387,3390
388,631
389,3010
389,3578
390,2724
390,3243
390,3720
393,1078
393,1809
393,4205
394,1118
396,2001
396,3156
397,3535
397,4503
398,857
399,3024
400,1567
400,2128
400,3749
400,4811
401,660
403,4597
405,3226
406,552
406,593
406,1460
406,1558
406,1578
406,1707
406,2991
406,2996
406,3155
406,3274
406,3437
406,3707
406,4261
406,4623
406,4764
406,5020
407,1228
408,504
408,555
408,603
408,641
408,720
408,1172
408,1384
408,1875
408,1884
408,2248
408,2362
408,2668
408,2920
408,3086
408,3273
408,3282
408,3709
408,3736
408,3961
408,4008
408,4069
408,4104
408,4254
408,4417
408,4440
408,4711
408,5049
410,4413
410,5020
411,3559
411,3909
412,712
412,828
412,1703
412,1878
412,1936
412,1957
412,2166
412,2386
412,2756
412,2931
412,4339
412,4544
413,3108
414,571
414,596
414,1052
414,1167
414,1171
414,1332
414,1618
414,1722
414,1896
414,2032
414,2165
414,3069
414,3186
414,3371
414,3725
414,3920
414,4097
414,4188
414,4354
414,4520
414,4733
414,4907
414,4987
414,5067
415,889
415,1138
415,1190
415,1953
415,2150
415,3044
415,3588
415,3810
415,4471
416,2396
418,1189
418,2224
418,3141
418,4817
419,1980
419,2212
419,2528
419,3034
419,4465
419,4527
419,4566
419,4819
420,1186
423,1729
423,1759
423,2338
423,4119
425,4958
426,882
426,1680
426,2266
426,2582
428,1007
428,1395
428,2029
428,2185
428,2262
428,2348
428,2395
428,2513
428,3226
428,3491
428,3492
428,3938
430,598
430,1101
430,1290
430,1331
430,1591
430,1598
430,1747
430,3141
430,4287
430,4473
430,4701
431,3672
432,624
432,892
432,974
432,1163
432,1467
432,1570
432,2380
432,2512
432,2545
432,2584
432,2588
432,2998
432,3716
432,3840
432,3852
432,4095
432,4191
432,4503
432,4656
432,5032
433,624
433,787
433,1431
433,1570
433,1924
433,2339
433,3519
433,4077
436,1171
436,2311
436,2812
436,3278
437,714
437,912
437,1795
437,1896
437,3487
437,3535
437,4363
437,4479
437,4807
439,4140
441,537
441,2809
441,2930
441,3450
441,4582
441,4761
442,794
442,2746
442,3744
443,2351
443,5056
445,4895
446,1409
446,2040
446,2502
446,3807
446,4862
447,1411
447,1530
447,2092
447,2625
447,2991
447,3662
447,4198
447,4403
447,4714
447,4961
448,498
448,537
448,604
448,772
448,1274
448,1639
448,2235
448,2579
448,2809
448,3144
448,3450
448,4386
448,4761
448,4888
448,5056
449,3081
450,1961
450,3198
452,2281
452,3245
453,2105
453,3846
453,3860
456,3672
457,1055
457,4535
458,3170
460,1376
461,2071
461,2219
461,3228
461,3286
461,4752
463,944
463,2032
463,2206
463,2824
463,4475
464,663
464,773
464,897
464,912
464,2263
464,2916
464,3577
464,4148
464,5061
465,1384
465,1728
465,2289
465,2394
465,2748
465,5002
465,5027
466,1821
466,2090
466,2165
466,2284
466,3231
471,3519
472,784
472,1570
472,2212
472,2736
472,3395
473,537
473,772
473,2072
473,2235
473,2809
473,3423
473,3450
473,4761
473,4888
473,4925
473,5091
474,550
474,1770
474,3275
474,5002
475,498
475,856
475,903
475,929
475,965
475,1341
475,1450
475,1864
475,2442
475,2463
475,2519
475,2881
475,2890
475,2970
475,3007
475,3074
475,3226
475,3672
475,3746
475,3760
475,3847
475,3945
475,3948
475,4123
475,4124
475,4235
475,4387
475,4506
475,4756
475,4886
475,4901
477,1325
477,4802
477,4831
479,1417
479,1884
479,2339
479,3286
479,3390
480,605
480,795
480,884
480,1053
480,1122
480,1146
480,1286
480,1347
480,1352
480,1785
480,2168
480,2749
480,2854
480,3004
480,3117
480,3441
480,3491
480,3728
480,3852
480,4280
480,4401
480,4799
480,4973
480,4992
480,4993
485,625
485,742
485,768
485,773
485,1384
485,1837
485,1848
485,1950
485,2339
485,2509
485,2916
485,3351
485,4339
485,4601
485,5003
492,2747
493,2749
493,4871
494,606
496,2687
497,5002
498,2241
498,2761
498,3356
499,603
499,1431
499,1895
499,3056
499,3992
499,4028
499,4440
499,4628
500,1626
500,1755
500,3752
500,4061
504,555
504,603
504,720
504,736
504,773
504,1044
504,1069
504,1172
504,1384
504,1426
504,1761
504,2248
504,2573
504,2668
504,3036
504,3086
504,3273
504,3282
504,3291
504,3478
504,3709
504,3736
504,4008
504,4154
504,4804
504,4880
504,4920
504,5045
504,5049
505,3214
505,4126
505,4440
505,4950
506,1565
506,2516
506,3451
506,3491
506,4705
507,709
507,1209
507,1230
507,1467
507,1469
507,1728
507,2139
507,2687
507,2939
507,3209
507,3572
507,3720
507,4157
507,4353
507,4819
507,4975
507,5005
508,3452
511,4548
512,1765
512,4571
513,784
513,1786
517,888
517,3371
517,4717
518,3672
523,4311
523,4377
524,1951
525,788
526,1287
526,4973
528,606
528,2219
529,3694
529,3695
530,1441
532,1475
533,1639
533,3450
533,4236
533,4582
535,1567
535,1701
535,2128
535,4220
535,4260
536,1756
536,1959
536,2401
536,3013
536,3854
536,4299
537,604
537,1075
537,1144
537,1297
537,1509
537,1975
537,2105
537,2202
537,2235
537,2242
537,2979
537,3144
537,3580
537,4264
537,4352
537,4761
537,4932
538,1027
538,1701
538,1888
538,1979
538,2176
538,4093
538,4265
540,2105
541,646
541,1238
541,2224
544,560
544,944
544,2406
544,2507
544,2747
545,1443
545,1688
545,2050
545,3540
545,3618
545,4807
546,2219
549,3420
549,4135
550,2071
550,3495
551,606
552,1578
552,2380
553,2673
553,4104
555,603
555,720
555,773
555,827
555,1044
555,1069
555,1103
555,1172
555,1384
555,1738
555,1884
555,1916
555,1994
555,2248
555,2265
555,2288
555,2509
555,2539
555,2573
555,2668
555,2885
555,3036
555,3086
555,3237
555,3273
555,3282
555,3291
555,3316
555,3478
555,3631
555,3709
555,3736
555,3878
555,3961
555,4008
555,4227
555,4438
555,4628
555,4804
555,4880
555,5045
555,5049
556,1133
557,2143
559,2261
559,3806
562,4041
563,1075
563,1329
566,2586
566,3133
566,4108
566,4206
567,1178
570,1977
570,4718
570,4790
571,596
571,2650
571,3920
571,4354
571,4475
574,668
574,847
574,1163
574,1491
574,1570
574,1742
574,2168
574,2563
574,2998
574,3601
574,3614
575,3067
575,3353
576,1103
576,2910
576,3578
578,4220
579,878
579,3435
579,4230
579,4316
580,1167
580,1373
580,1709
580,1922
580,3019
580,3540
580,3920
580,4141
580,4225
580,4353
580,4466
580,4710
580,4733
580,4989
581,1671
582,827
582,2095
582,3982
582,4723
583,584
583,3371
585,2215
585,2632
585,3906
585,4932
586,1987
586,2041
586,2360
587,1144
588,1999
588,2105
588,2362
589,4292
590,4041
592,708
592,966
592,2458
592,3523
593,656
593,1394
593,1497
593,1707
593,2991
593,3170
593,3286
593,3437
593,4493
593,4623
594,948
594,1491
594,1569
594,2330
594,2543
596,723
596,1167
596,1332
596,1452
596,1618
596,1722
596,1896
596,2150
596,2165
596,3186
596,3725
596,4055
596,4097
596,4188
596,4285
596,4354
596,4520
596,4733
596,4987
596,5067
597,707
597,930
597,934
597,2563
597,2586
597,3255
597,4196
597,4338
598,1598
599,2262
599,2823
599,3235
599,3634
599,4042
599,4578
600,1266
601,923
601,2141
601,2535
602,617
602,1415
602,2362
602,2584
602,2588
602,3505
602,3511
603,768
603,846
603,1384
603,1457
603,1704
603,1884
603,1895
603,1945
603,2050
603,2198
603,2417
603,2509
603,2539
603,2869
603,2910
603,3086
603,3273
603,3291
603,3949
603,4254
603,4628
603,4734
603,4947
604,1075
604,1216
604,2111
604,2235
604,2809
604,2930
604,3423
604,3450
606,660
606,842
606,1163
606,1229
606,1266
606,1270
606,1595
606,1709
606,1722
606,1891
606,2277
606,2278
606,2745
606,2835
606,3324
606,3412
606,3461
606,3572
606,3634
606,3807
606,4221
606,4288
606,4317
606,4553
606,4631
606,4895
606,4919
613,1062
615,930
615,968
615,1095
615,1120
615,1586
615,1965
615,2396
615,2429
615,2435
615,2459
615,2714
615,2765
615,2837
615,2879
615,3079
615,3457
615,3722
615,3728
615,4300
615,4583
615,4682
615,4802
615,4893
617,625
617,795
617,821
617,1148
617,1200
617,1502
617,1868
617,2261
617,2650
617,3565
617,3609
617,3638
617,3831
617,4226
617,4387
617,4390
617,4510
617,4534
617,4823
618,1895
618,2173
618,2339
618,3056
618,3949
618,3992
618,4069
618,4440
618,4947
619,1330
623,1062
623,2452
624,982
624,998
624,1100
624,1428
624,1570
624,2339
624,2545
624,2718
624,2998
624,3077
624,3338
624,3519
624,3614
624,3674
624,4198
624,4261
624,4422
625,906
625,948
625,1122
625,1140
625,1412
625,1502
625,1637
625,1709
625,1950
625,2601
625,2650
625,2865
625,2931
625,3177
625,3316
625,3728
625,3831
625,3918
625,4139
625,4206
625,4226
625,4804
625,4919
625,5029
626,1850
626,3119
626,3461
627,1701
630,715
630,779
630,955
630,969
630,1186
630,1564
630,1565
630,1581
630,1758
630,1797
630,1969
630,2362
630,2427
630,2496
630,2566
630,2575
630,2732
630,2829
630,2871
630,2916
630,3012
630,3390
630,3435
630,3656
630,3920
630,3984
630,4053
630,4593
630,4684
630,4868
632,1062
633,1103
633,1129
633,1950
633,2198
633,4358
633,4947
633,5003
635,2396
635,2527
635,3441
635,5017
638,2297
638,2417
640,1270
640,1286
640,1334
640,1340
640,1500
640,1709
640,1844
640,2325
640,2588
640,2872
640,2908
640,3554
640,3807
640,4503
640,4895
641,773
641,1314
641,1461
641,1875
641,2920
641,4069
641,4278
641,4417
641,4498
641,4711
641,4926
643,3364
644,4809
645,1140
645,3769
646,827
646,987
646,1014
646,1370
646,2001
646,3186
646,3672
646,4868
649,2563
650,1431
650,1650
650,1661
650,4351
651,950
651,1301
651,1501
651,2047
651,4029
653,1417
654,1040
654,1280
654,1491
654,1573
654,2249
654,4027
654,4300
654,4537
654,4744
654,5002
656,966
656,2380
656,3210
656,3845
656,4173
656,4249
656,4520
656,4818
656,4852
657,865
657,1698
657,3822
657,4735
659,4950
660,866
660,2427
662,2289
663,912
666,865
666,987
666,992
666,1338
666,1502
666,1688
666,1816
666,1950
666,2195
666,2362
666,2813
666,2945
666,3254
666,3362
666,3380
666,3563
666,3565
666,3734
666,3866
666,4358
666,4849
667,3427
667,3553
667,3757
668,986
668,3405
669,2820
671,2904
671,5003
673,758
673,3224
675,1062
677,1062
677,1468
677,1869
677,3254
677,5076
678,2844
678,3607
680,824
680,841
680,974
680,1469
680,1570
680,1805
680,2237
680,2560
680,2883
680,3326
680,3702
680,3972
680,4108
680,4718
680,4807
680,4829
680,4928
681,2672
681,2705
682,1034
684,1034
684,2306
684,4206
685,920
686,1181
686,1467
686,1708
686,2325
686,4503
686,4619
686,4895
686,4954
688,1027
688,1888
688,1944
688,1979
688,2176
688,4093
688,4265
689,1441
690,1581
690,2512
690,3492
690,4353
690,4846
691,698
691,3162
693,956
693,1673
693,1681
693,1739
693,1808
693,1908
693,2558
693,2704
693,2860
693,3057
693,4258
693,4351
693,4614
695,1062
696,930
702,920
702,3519
703,5032
704,2500
704,2724
707,1022
707,1031
707,2348
707,2787
707,3209
707,3236
707,3355
707,3446
707,3594
707,4418
707,4440
707,4790
709,1230
709,1754
709,2183
709,2219
709,2237
709,3451
709,3656
709,4385
709,4828
712,827
712,2483
712,2634
712,3090
712,3663
712,4994
712,4996
713,1723
713,3722
714,912
714,934
714,1046
714,1424
714,1632
714,2764
714,3038
714,3487
714,4285
714,4363
714,4503
714,5005
715,726
715,1384
715,1467
715,1469
715,1694
715,1709
715,1837
715,2883
715,3010
715,3019
715,3086
715,3290
715,4551
718,1567
718,2128
718,2219
718,2862
718,2909
718,3722
720,1884
721,1570
722,2921
722,3009
722,4181
722,4472
722,5020
723,1484
723,1946
723,2545
723,2624
723,2668
723,4077
723,4342
723,4581
723,4627
723,4632
723,4761
724,1469
724,1487
724,1618
724,1737
724,2429
724,2740
724,3469
724,3815
725,827
725,1217
725,1347
725,1407
725,1417
725,1570
725,1597
725,1886
725,2998
725,3390
725,3672
725,3962
725,4441
725,4681
725,4802
725,4927
726,878
726,2427
726,2496
726,2575
726,3225
728,5002
729,884
729,965
729,1095
729,1837
729,3094
729,3222
729,3394
729,4802
731,1424
731,1709
731,2396
731,3451
731,4225
732,2128
732,2388
732,3225
732,4467
732,4527
733,1062
734,1270
734,4288
734,4686
735,1171
735,1443
735,3920
735,4141
735,4733
735,4989
736,3316
740,2219
742,1952
742,2584
742,3734
742,4055
742,4339
742,4543
742,4775
746,3518
750,3500
750,3518
750,3634
752,2001
753,2811
753,3687
753,4896
754,882
754,1680
754,1687
754,2173
754,2289
756,4392
757,3497
757,4579
757,4767
758,1376
762,932
764,1424
764,1852
764,2574
764,3449
764,4681
764,4802
767,956
767,2860
767,3840
768,1206
768,1338
768,2198
768,2573
768,2815
768,2945
768,3273
768,3478
768,3674
768,3868
768,3887
768,4545
768,4626
769,2261
769,2883
769,3494
769,3806
770,772
770,1784
770,2227
770,3375
770,3519
770,4132
772,838
772,1218
772,1297
772,1975
772,2105
772,2202
772,2242
772,2979
772,3144
772,4099
772,4264
772,4761
772,4932
773,873
773,1206
773,1289
773,1314
773,1461
773,1574
773,1895
773,1950
773,1982
773,2161
773,2198
773,2573
773,2594
773,2703
773,2792
773,2815
773,3008
773,3056
773,3083
773,3099
773,3273
773,3290
773,3427
773,3674
773,3820
773,3868
773,3949
773,4008
773,4154
773,4278
773,4358
773,4545
773,4597
773,4628
773,4711
773,4947
776,947
776,2370
776,3654
776,4341
777,2208
777,2219
777,2524
777,4616
780,867
780,1270
780,1805
780,3137
780,3325
780,3435
780,3985
780,4829
784,878
784,955
784,1217
784,1370
784,2128
784,2212
784,2731
784,3395
784,4210
784,4895
785,1013
785,1298
785,1417
785,1959
785,2907
785,3063
787,1570
787,1830
787,2747
787,3989
789,1615
789,1780
789,1959
789,4132
789,4352
789,4445
790,1747
791,2431
791,3133
791,4597
793,3199
793,5051
795,944
795,1021
795,2046
795,2277
795,2824
795,3187
795,3210
795,3332
795,3733
795,4086
795,4317
795,4642
795,4739
795,4756
795,4802
795,4915
796,2500
801,1488
803,1678
803,2001
803,3027
803,3376
803,3826
805,1469
805,2501
805,3356
805,3469
805,4288
805,4895
809,3566
809,4353
810,2747
810,2909
810,3722
812,1203
813,962
813,1903
813,2001
813,2846
813,3020
813,3058
816,4190
817,2673
817,3631
818,3371
818,3491
820,3722
821,890
821,3067
822,1199
822,1567
822,2505
822,3004
822,3350
823,1431
823,1691
823,4593
827,906
827,1007
827,1025
827,1162
827,1172
827,1178
827,1346
827,1368
827,1565
827,1586
827,1594
827,1736
827,1747
827,1778
827,1902
827,1903
827,1913
827,1974
827,2073
827,2167
827,2430
827,2472
827,2487
827,2735
827,2860
827,3027
827,3179
827,3210
827,3216
827,3286
827,3620
827,3685
827,3710
827,3783
827,4381
827,4783
827,4794
827,4817
827,4849
827,5042
827,5084
828,1703
828,1878
828,2073
828,2386
828,2931
829,2584
829,4977
830,4078
830,4386
831,5092
834,2219
834,3483
837,3364
837,4181
837,4472
837,4546
838,2310
838,3450
842,3491
842,3634
842,4829
845,2219
846,1268
846,1895
846,2161
846,2173
846,2573
846,3056
846,3315
846,3363
846,3674
846,3868
846,3900
846,3949
846,3992
846,4278
846,4305
846,4545
846,4597
846,4711
846,4720
846,4734
846,4874
848,1265
848,1409
848,2001
848,2131
850,2740
851,1656
853,1332
853,2219
856,888
859,2193
859,4064
859,4965
860,2142
862,2075
862,2436
862,2560
862,3453
865,1816
865,3255
865,3471
865,3822
865,4735
865,4862
867,1411
867,3137
867,4829
868,1166
869,1431
869,3682
871,1431
871,1895
871,2417
871,3056
871,3949
871,4422
872,1322
872,1468
872,1813
872,1868
872,2013
873,1457
873,3287
873,4966
875,3677
876,1701
876,2348
878,2452
878,3326
878,4157
878,4316
879,1633
879,1657
882,956
882,1344
882,1425
882,1680
882,2026
882,2266
882,2289
882,2860
882,3056
882,3992
882,4947
882,4948
883,2001
884,1013
884,1430
884,1837
884,4551
887,2232
888,4259
890,987
890,1441
890,1457
890,1701
890,2362
890,3578
892,1890
895,1792
895,2262
895,3213
895,3235
895,3634
895,4042
895,4578
896,2186
898,4118
898,5073
899,1431
899,2019
899,3390
899,3733
900,4333
901,4224
903,953
903,1296
903,1681
903,2142
903,3687
903,3720
905,1341
905,1431
905,2236
905,5028
906,2364
906,4919
906,5005
907,1129
907,2266
907,2661
907,4455
909,2687
910,4038
910,4317
911,3161
911,3350
912,3577
912,4055
912,4206
913,1810
914,2435
914,4219
915,4795
916,953
916,995
916,2257
916,2368
916,3216
916,3687
916,4075
917,4319
917,4503
917,4942
917,4950
918,3519
919,934
919,1443
919,1688
919,2050
919,3603
919,3638
919,4475
919,4989
920,1079
920,1492
920,1809
920,1883
920,2549
920,3648
920,4800
924,1960
926,2724
928,1417
929,3390
930,994
930,1852
930,1891
930,2439
930,2453
930,2563
930,2586
930,3493
930,3660
930,3976
930,3977
930,4235
930,4338
931,1814
931,4222
933,1317
934,966
934,1007
934,1171
934,1322
934,1688
934,1889
934,2032
934,2050
934,2813
934,3540
934,3603
934,3618
934,3827
934,4077
934,4366
934,4475
934,4503
934,4579
934,4710
934,4771
934,4807
936,3617
936,4249
937,1424
937,3351
940,1045
940,2127
940,3700
940,4616
940,4897
941,3669
944,1052
944,1171
944,1332
944,2050
944,2150
944,2429
944,3491
944,4366
944,4852
944,4914
947,2118
947,3036
947,3654
948,1442
948,2330
949,4552
950,1633
950,4551
951,1656
951,2458
951,3400
953,1709
953,1754
953,3656
953,4162
954,2309
954,2966
954,3149
954,3193
954,3356
954,4100
954,4436
955,1384
955,1809
955,1837
955,3010
955,3374
955,3617
955,3990
955,4156
955,4819
955,4895
956,1079
956,1407
956,1409
956,1461
956,1673
956,1697
956,2001
956,2704
956,2730
956,2850
956,3057
956,3416
956,3427
956,3826
956,3840
956,3940
956,3975
956,4055
956,4489
956,4511
956,4543
956,4775
956,5079
958,1046
958,1431
958,1942
958,2509
958,2819
958,2852
958,3364
958,3683
958,4162
960,4377
961,1553
961,2588
961,2909
961,3328
961,3625
961,3657
961,3675
961,3722
961,3896
961,4003
962,1217
962,1491
962,2192
962,2429
962,2951
962,3020
962,3058
962,3968
962,4300
963,1286
963,2697
964,2988
964,4213
965,2076
965,2139
965,4367
965,4410
965,5017
966,3604
966,3668
966,4027
966,4249
968,1877
968,2673
968,2746
968,3010
968,3374
968,4348
968,4586
968,4819
968,4897
968,5061
969,1469
969,2427
969,2883
969,3019
969,3086
969,3290
969,4069
969,4551
970,2261
972,4847
974,1728
974,2140
974,4829
975,4837
976,2227
977,3755
982,1446
982,3074
982,3510
982,3614
982,3811
982,4055
982,4077
982,4534
983,1046
983,1171
983,1417
983,1633
983,2339
983,2687
983,2852
983,2992
983,3224
983,3364
983,3491
983,3492
983,3683
983,4579
983,4972
984,1653
984,2001
984,2208
984,3672
984,3933
984,3944
984,5027
987,1816
987,2362
987,2780
987,3380
987,3977
990,2309
990,3193
990,3356
991,1413
991,1570
991,1837
991,3208
992,1502
992,1816
992,1868
992,2362
992,3380
992,4055
992,4849
994,1008
994,3280
994,4481
994,4895
995,1723
995,1871
995,3286
995,4075
996,1144
996,1274
996,2631
996,2735
998,1146
998,1163
998,1431
998,1570
998,1766
998,1889
998,2018
998,2489
998,2998
998,3852
998,4071
998,4147
998,4340
998,4394
1000,2540
1001,2563
1002,1922
1002,2716
1004,2400
1007,1055
1007,1199
1007,1332
1007,1341
1007,1560
1007,1701
1007,1747
1007,1860
1007,2020
1007,2071
1007,3491
1007,3512
1007,3916
1007,3975
1007,4224
1007,4225
1008,1656
1008,2262
1008,3225
1008,3807
1013,2743
1013,2950
1013,4028
1013,4901
1014,1921
1014,3286
1014,3655
1014,4281
1016,1399
1016,2153
1016,2227
1016,2414
1016,3687
1017,3519
1017,4626
1018,2747
1019,2219
1020,1219
1020,2219
1020,3672
1020,4483
1020,4574
1020,5002
1021,1591
1021,3634
1025,3286
1025,4064
1025,4421
1026,1513
1026,2041
1026,2417
1026,3261
1026,3989
1027,1884
1027,1888
1027,1944
1027,1979
1027,2176
1027,2573
1027,3473
1027,3736
1027,4093
1027,4265
1027,4360
1027,4374
1027,5086
1029,1885
1029,2764
1029,2945
1029,3920
1029,4074
1029,4626
1029,5076
1030,2084
1030,4996
1031,3469
1031,4300
1033,2259
1035,1411
1035,4055
1036,2804
1037,2500
1038,2930
1040,1669
1040,2765
1040,3239
1040,3728
1040,3917
1040,4108
1040,4300
1040,4316
1042,2320
1042,2930
1042,4761
1044,1426
1044,1884
1044,4069
1044,4733
1044,5061
1045,5045
1046,1431
1046,1942
1046,2749
1046,2819
1046,2852
1046,3364
1046,3683
1046,4162
1046,4579
1046,5018
1047,3222
1047,3274
1052,1171
1052,1701
1052,1896
1052,4354
1052,4475
1052,4520
1053,1991
1053,2808
1053,3614
1053,3854
1053,4148
1053,4482
1054,4299
1054,4602
1055,1387
1055,1759
1055,1909
1055,2038
1055,2325
1055,2370
1055,2429
1055,2828
1055,3029
1055,3371
1055,3491
1055,3795
1055,3872
1055,4448
1055,4539
1055,4720
1055,4977
1056,1413
1056,4440
1058,3536
1059,3404
1061,3451
1062,1177
1062,1244
1062,1301
1062,1386
1062,1499
1062,1593
1062,1791
1062,1820
1062,1834
1062,1965
1062,2105
1062,2251
1062,2282
1062,2426
1062,2721
1062,2879
1062,3105
1062,3108
1062,4055
1062,4715
1063,2219
1063,3518
1064,1765
1064,1954
1064,4718
1065,3427
1069,1384
1069,1884
1069,2539
1069,4718
1070,1315
1070,2699
1071,4686
1075,1269
1075,2072
1075,2235
1075,2281
1075,2559
1075,2579
1075,2643
1075,2799
1075,2809
1075,2930
1075,2979
1075,3144
1075,3450
1075,4248
1075,4625
1075,4761
1075,4888
1075,4932
1076,3693
1078,1200
1078,1809
1078,2549
1078,3460
1078,3560
1078,3990
1078,4718
1078,4895
1079,1576
1079,1625
1079,1673
1079,1814
1079,3416
1079,3608
1086,4538
1087,3082
1087,4410
1088,3192
1090,1424
1091,3211
1092,4002
1092,4344
1093,3286
1093,4606
1095,1428
1095,2268
1095,2635
1095,2837
1095,3133
1095,3306
1095,3944
1095,4002
1095,4583
1095,4802
1095,4851
1097,1508
1097,1809
1097,3990
1097,4574
1101,1331
1102,2883
1102,3806
1103,1461
1103,1601
1103,1612
1103,2339
1103,2652
1103,3056
1103,4227
1103,4278
1103,4358
1103,4422
1104,1376
1105,2172
1107,1671
1107,2823
1107,3815
1107,4108
1108,1530
1110,1230
1110,3672
1111,4123
1112,2540
1113,2470
1115,1441
1115,1801
1115,1885
1115,2687
1115,3254
1115,4367
1115,4638
1118,1122
1118,1754
1118,2339
1118,2341
1118,2388
1120,3396
1120,3491
1120,4055
1120,4329
1120,4510
1120,4702
1122,1381
1122,1411
1122,1740
1122,2500
1122,2792
1122,2823
1122,3634
1122,3919
1122,3969
1122,4807
1122,4829
1122,5027
1122,5079
1123,3375
1123,4612
1125,1868
1125,2747
1126,1843
1126,2992
1126,5078
1127,1171
1127,1443
1127,4366
1127,4475
1127,4852
1129,1908
1129,2860
1129,4455
1134,3032
1135,1424
1135,1656
1135,1812
1135,1857
1135,1971
1135,2325
1135,2540
1135,2596
1135,3535
1135,4250
1135,4503
1135,4560
1135,5078
1136,1449
1138,2517
1139,4520
1140,2500
1140,3395
1141,2579
1141,3984
1142,1431
1142,3674
1144,1213
1144,1248
1144,1313
1144,1417
1144,1523
1144,1524
1144,1567
1144,1807
1144,1983
1144,2105
1144,2590
1144,2640
1144,3149
1144,3332
1144,3450
1144,3481
1144,3559
1144,3759
1144,3870
1144,3935
1144,4169
1144,4304
1144,4582
1145,2745
1145,4624
1146,1908
1146,1917
1146,2219
1146,2261
1146,2711
1146,2883
1146,3107
1146,3226
1146,3374
1146,3806
1146,4762
1146,5012
1147,1740
1147,2588
1147,4288
1149,2219
1149,2584
1149,3387
1149,3519
1149,3720
1149,4995
1150,3672
1152,2512
1152,2764
1155,3287
1155,3751
1155,3886
1155,4104
1155,4672
1155,4785
1155,4966
1155,5002
1161,2878
1161,3541
1161,3888
1163,1570
1165,3546
1167,1512
1167,4141
1167,4225
1167,4354
1167,4492
1167,4733
1168,3374
1169,1376
1171,1332
1171,1443
1171,1653
1171,1688
1171,2032
1171,2050
1171,2150
1171,2206
1171,2262
1171,2813
1171,3374
1171,3814
1171,3827
1171,4354
1171,4366
1171,4390
1171,4475
1171,4852
1171,4907
1171,4914
1172,1384
1172,1884
1172,2539
1172,4966
1174,1411
1174,4078
1175,1570
1175,3682
1175,4055
1177,1504
1177,3114
1177,3271
1178,1999
1178,2105
1178,2334
1178,3029
1178,4479
1178,4481
1178,4996
1180,1999
1180,2494
1180,3753
1180,3939
1181,1467
1181,3371
1181,4954
1182,3459
1185,2185
1187,2563
1187,3687
1187,3722
1188,1676
1188,1959
1188,2425
1188,3004
1188,3647
1188,3935
1188,4262
1189,2167
1189,2224
1189,3141
1189,4817
1190,3588
1191,1468
1191,1502
1191,1885
1191,2261
1191,2687
1191,3254
1191,3491
1191,5076
1192,1431
1192,3541
1193,1625
1193,3634
1193,3718
1193,3920
1193,4293
1193,4663
1193,4920
1195,1701
1195,3405
1196,1837
1196,2128
1196,2147
1196,2193
1196,2219
1196,2935
1196,3286
1196,3390
1196,3793
1196,4717
1196,4739
1196,4916
1197,4601
1199,2505
1199,3004
1199,3350
1200,1411
1200,1809
1200,3990
1202,2420
1202,3687
1202,4518
1202,4846
1203,1583
1203,2542
1203,3519
1203,4762
1204,2111
1204,2298
1204,2939
1204,3529
1204,3586
1204,3672
1206,1457
1206,2050
1206,2173
1206,2198
1206,2339
1206,3056
1206,3189
1206,3273
1206,3949
1206,4044
1206,4734
1206,4947
1208,1716
1208,3356
1208,4436
1209,2001
1209,2260
1209,2558
1209,3435
1213,2910
1213,4244
1216,5092
1217,2212
1217,2563
1217,2886
1217,3395
1217,4038
1218,2987
1218,4479
1218,4954
1220,1701
1220,3351
1220,3972
1220,4273
1220,4507
1220,4534
1220,5015
1225,1959
1225,2219
1226,1956
1227,1789
1230,1286
1230,1409
1230,1500
1230,1762
1230,2071
1230,2142
1230,2781
1230,3625
1230,3807
1230,4895
1231,4427
1233,4351
1234,4068
1238,1332
1238,2187
1238,2419
1238,2964
1240,1701
1242,1633
1243,3148
1247,3294
1247,3600
1249,1255
1249,1664
1249,1898
1249,2531
1251,2747
1255,2287
1255,2729
1255,2747
1255,2854
1255,5083
1256,1405
1256,1906
1256,2001
1256,2789
1256,3578
1256,4367
1256,4516
1256,4868
1257,2609
1260,1508
1260,2206
1260,4483
1261,4592
1266,2687
1266,3614
1266,3718
1268,1468
1268,3254
1268,3682
1269,3156
1270,2388
1270,2699
1270,2723
1270,3720
1270,4034
1270,4091
1270,4353
1270,4916
1272,1761
1272,2434
1272,3361
1272,4440
1272,4950
1274,2631
1274,2735
1274,4740
1276,1701
1277,2287
1279,2604
1280,1413
1280,1883
1280,1908
1280,2001
1283,1701
1283,1837
1283,2139
1283,4088
1286,1648
1286,1821
1286,2697
1286,3010
1286,3374
1286,3677
1286,3720
1286,4108
1287,4973
1288,3427
1288,4277
1289,1384
1289,3290
1290,3095
1290,4701
1295,3519
1295,3733
1295,4300
1296,2842
1296,3208
1296,4491
1296,4915
1297,1851
1297,2105
1297,2235
1297,2242
1297,2930
1297,3423
1297,3450
1297,4352
1297,4582
1297,4761
1297,4818
1297,4888
1298,4572
1300,2150
1300,4756
1300,4792
1301,3319
1310,3674
1310,4947
1313,1769
1313,3308
1314,1425
1314,1431
1314,1895
1314,2026
1314,2289
1314,2339
1314,3056
1314,3674
1314,3949
1314,3992
1314,4734
1314,5061
1315,2680
1315,2828
1316,2581
1316,4661
1317,1413
1317,3286
1318,1673
1318,3376
1318,3416
1318,3427
1318,3682
1318,4455
1322,3225
1322,3226
1322,3806
1325,1648
1327,1669
1327,3728
1329,1332
1329,1404
1330,4288
1330,4680
1331,1598
1332,1578
1332,1579
1332,1620
1332,1701
1332,1703
1332,1884
1332,1896
1332,2001
1332,2074
1332,2107
1332,2108
1332,2150
1332,2165
1332,2251
1332,2376
1332,2426
1332,2598
1332,2845
1332,2856
1332,2920
1332,3126
1332,3273
1332,3371
1332,3412
1332,3519
1332,3546
1332,3592
1332,3668
1332,3669
1332,3703
1332,3725
1332,3726
1332,3871
1332,3968
1332,4032
1332,4071
1332,4072
1332,4096
1332,4135
1332,4141
1332,4190
1332,4199
1332,4225
1332,4242
1332,4266
1332,4279
1332,4331
1332,4354
1332,4404
1332,4433
1332,4475
1332,4496
1332,4539
1332,4650
1332,4652
1332,4710
1332,4733
1332,4743
1332,4907
1334,1441
1334,2883
1336,4050
1337,2396
1337,2584
1338,1468
1338,1502
1338,1656
1338,1868
1338,1885
1338,2261
1338,3254
1338,3380
1338,3831
1338,4226
1340,1959
1340,2567
1340,4022
1340,4401
1340,4431
1340,4859
1340,4948
1341,1417
1341,2219
1341,2251
1341,2500
1341,2764
1341,3522
1341,4034
1341,5028
1342,2909
1342,3286
1342,3722
1342,4034
1344,3916
1346,2452
1346,3547
1347,1417
1347,1747
1347,2971
1347,4090
1348,2588
1348,5028
1351,1747
1351,1912
1351,3885
1351,4420
1352,1397
1352,1457
1352,1747
1352,2909
1352,3017
1352,3286
1352,3722
1352,4804
1352,4837
1353,4869
1355,3230
1363,2500
1363,4699
1364,4352
1367,1747
1368,4875
1370,3687
1371,3758
1373,1922
1373,2341
1373,2414
1373,4141
1373,4225
1373,4989
1376,2808
1376,3294
1376,3673
1376,4517
1376,4727
1378,2139
1378,3820
1378,3896
1379,5002
1380,2399
1380,3325
1380,3720
1381,1885
1381,3557
1382,2219
1384,1417
1384,1457
1384,1461
1384,1884
1384,1916
1384,1950
1384,2427
1384,2496
1384,2573
1384,2575
1384,2592
1384,2668
1384,3237
1384,3291
1384,3316
1384,3478
1384,3709
1384,4008
1384,4305
1384,4711
1384,4804
1384,4875
1384,4880
1384,5022
1385,1425
1385,5073
1387,3286
1391,4829
1394,3170
1394,3491
1395,1837
1395,2528
1395,2907
1395,2971
1395,3304
1395,3904
1397,1731
1397,3418
1397,3469
1397,3768
1397,3824
1397,4055
1400,2953
1400,4292
1400,4300
1401,2232
1401,4763
1401,4890
1404,3989
1405,1673
1405,2362
1405,2506
1405,2531
1405,3757
1405,4220
1406,4868
1407,1714
1407,2077
1407,3672
1407,5027
1409,1570
1409,1739
1409,1908
1409,2265
1409,2729
1409,2860
1409,3255
1409,3376
1409,4158
1409,4347
1409,4920
1409,4948
1410,1463
1410,2139
1410,3279
1410,4829
1410,4916
1410,5027
1411,1441
1411,1468
1411,1740
1411,2333
1411,2584
1411,2607
1411,2687
1411,2787
1411,2976
1411,3104
1411,3357
1411,3362
1411,3974
1411,3996
1411,4249
1411,4367
1411,4404
1411,4537
1411,4556
1412,1417
1412,1912
1413,1417
1413,2076
1413,2173
1413,2429
1413,3700
1413,4148
1413,4531
1413,4679
1413,4731
1413,4739
1413,4931
1414,2500
1414,3390
1414,3614
1414,4248
1417,1730
1417,1761
1417,2076
1417,2111
1417,2388
1417,2429
1417,2439
1417,2532
1417,2586
1417,2767
1417,3011
1417,3116
1417,3208
1417,3246
1417,3375
1417,3395
1417,3450
1417,3518
1417,3686
1417,3757
1417,3940
1417,3984
1417,3989
1417,3993
1417,4026
1417,4208
1417,4235
1417,4482
1417,4527
1417,4582
1417,4629
1417,4795
1417,5069
1418,2848
1419,3386
1419,3921
1421,1472
1421,1709
1421,2248
1421,2506
1421,2781
1422,2237
1422,3940
1424,1570
1424,1812
1424,1971
1424,2046
1424,2596
1424,3005
1424,3467
1424,3535
1424,3616
1424,3625
1424,3770
1424,3856
1424,4050
1424,4103
1424,4250
1424,4288
1424,4388
1424,4503
1424,4527
1424,4957
1424,5000
1425,1687
1425,2026
1425,2173
1425,2289
1425,2295
1425,2810
1425,3056
1425,3674
1425,3868
1425,3900
1425,3949
1425,3992
1425,4226
1425,4545
1425,4775
1425,4947
1426,2539
1426,4254
1427,5071
1428,1570
1428,1612
1428,1691
1428,2339
1428,2429
1428,2837
1428,3488
1428,4086
1428,4422
1428,4682
1429,1441
1429,3099
1429,3502
1430,3390
1430,3920
1430,4868
1431,1463
1431,1507
1431,1547
1431,1549
1431,1560
1431,1570
1431,1687
1431,1805
1431,1846
1431,1889
1431,1895
1431,1942
1431,2019
1431,2161
1431,2207
1431,2255
1431,2438
1431,2456
1431,2509
1431,2673
1431,2749
1431,2819
1431,2852
1431,2963
1431,2992
1431,3056
1431,3129
1431,3208
1431,3224
1431,3242
1431,3309
1431,3351
1431,3364
1431,3498
1431,3515
1431,3586
1431,3634
1431,3674
1431,3868
1431,3888
1431,3900
1431,3949
1431,4317
1431,4438
1431,4597
1431,4614
1431,4646
1431,4663
1431,4775
1431,4874
1431,4897
1431,4947
1431,5018
1441,1994
1441,2077
1441,2341
1441,2584
1441,2687
1441,2787
1441,2945
1441,2976
1441,3010
1441,3254
1441,3362
1441,3505
1441,3850
1441,4367
1441,4638
1441,4772
1441,4828
1441,4942
1441,5076
1442,2264
1443,1688
1443,1896
1443,2050
1443,2150
1443,2325
1443,3852
1443,3885
1443,3931
1443,4410
1443,4536
1443,4764
1443,4801
1443,4989
1443,5002
1444,1701
1444,2543
1444,3094
1444,3733
1444,4633
1446,4224
1448,2005
1448,2620
1449,4477
1450,4313
1450,4385
1452,1778
1452,1909
1452,2097
1452,3149
1452,3356
1452,3933
1452,4140
1452,5016
1457,1461
1457,1612
1457,1747
1457,1761
1457,1884
1457,1941
1457,1950
1457,2173
1457,2262
1457,2306
1457,2339
1457,2451
1457,3056
1457,3376
1457,3464
1457,4050
1457,4055
1457,4278
1457,4422
1457,4803
1458,1565
1458,2092
1458,2713
1458,3795
1460,1612
1460,2339
1460,2991
1460,4404
1460,4422
1460,4546
1460,4623
1460,4637
1461,1633
1461,1637
1461,1739
1461,1895
1461,1908
1461,1950
1461,2161
1461,2339
1461,2377
1461,2860
1461,2916
1461,3416
1461,3683
1461,3709
1461,3743
1461,4044
1461,4112
1461,4251
1461,4287
1461,4339
1461,4358
1461,4440
1461,4455
1461,4842
1461,4920
1461,4948
1461,5058
1462,2456
1462,4220
1463,1837
1463,2011
1463,2255
1463,4333
1463,4868
1464,4718
1467,1554
1467,1757
1467,2355
1467,2414
1467,2428
1467,2588
1467,2699
1467,3132
1467,3795
1467,4288
1467,4316
1467,4895
1467,4954
1467,5029
1468,1868
1468,1869
1468,1885
1468,2253
1468,2261
1468,2362
1468,2687
1468,2729
1468,2945
1468,3061
1468,3254
1468,3390
1468,3505
1468,3831
1468,4226
1468,4626
1468,4785
1468,4998
1468,5076
1469,1500
1469,2188
1469,2496
1469,2575
1469,2729
1469,2732
1469,3483
1469,4143
1469,4503
1469,4849
1469,4861
1469,4895
1470,1775
1470,2041
1470,3557
1475,1765
1475,2395
1475,2978
1475,3235
1475,3578
1475,3910
1475,4055
1475,4534
1476,1656
1480,1701
1481,3010
1482,3518
1485,2740
1485,3056
1485,3674
1485,3949
1487,3734
1488,1924
1489,1729
1489,4948
1491,1573
1491,1669
1491,1883
1491,1918
1491,2330
1491,2429
1491,2465
1491,2543
1491,2765
1491,2837
1491,3033
1491,3634
1491,3728
1491,3968
1491,4300
1491,4339
1491,5047
1492,1737
1492,2641
1492,2933
1492,4418
1493,4975
1495,2663
1495,3637
1496,2219
1496,4791
1497,3519
1497,4895
1497,5002
1500,1709
1500,2108
1500,2139
1500,2362
1500,3720
1500,5076
1501,4055
1501,4673
1502,1816
1502,1868
1502,1885
1502,2362
1502,2650
1502,2742
1502,2813
1502,2945
1502,3107
1502,3254
1502,3362
1502,3380
1502,3831
1502,3866
1502,4626
1502,4827
1502,4876
1502,4978
1502,4998
1502,5076
1504,1866
1504,3559
1505,2740
1505,3184
1506,1956
1506,3010
1506,3178
1506,3682
1507,3294
1507,3333
1508,1809
1508,2549
1508,4574
1509,3198
1510,1928
1510,2128
1510,4078
1510,4572
1510,4856
1511,2220
1513,1874
1513,4975
1518,4790
1519,3819
1523,3308
1523,3429
1523,3763
1524,5056
1526,3420
1528,2563
1528,4566
1529,1769
1529,3195
1529,4936
1530,4370
1530,4475
1530,4714
1531,3519
1532,4161
1535,3578
1535,4761
1536,4437
1537,4262
1547,3949
1547,4947
1548,1739
1548,1908
1548,1909
1548,2237
1548,2433
1548,2513
1548,2514
1548,3608
1548,3737
1548,3757
1548,3885
1549,3541
1549,4500
1553,2531
1553,3491
1553,3675
1553,4354
1553,4969
1554,1757
1558,3207
1558,4220
1558,4249
1559,2902
1560,1708
1560,4882
1564,3461
1564,4354
1565,1567
1565,1581
1565,1754
1565,2209
1565,2789
1565,3206
1565,3286
1565,3574
1565,4102
1565,4230
1565,4919
1567,1647
1567,1683
1567,1747
1567,1761
1567,1790
1567,2009
1567,2022
1567,2046
1567,2272
1567,2275
1567,2439
1567,2453
1567,2641
1567,2648
1567,2741
1567,3251
1567,3300
1567,3722
1567,3787
1567,3823
1567,3879
1567,3916
1567,4332
1567,4404
1567,4406
1567,4527
1567,4905
1567,4908
1567,4976
1567,4997
1567,5069
1568,1701
1568,4673
1569,2219
1569,2330
1569,3696
1570,1597
1570,1691
1570,1765
1570,1837
1570,1886
1570,1887
1570,1889
1570,1987
1570,2139
1570,2171
1570,2184
1570,2231
1570,2339
1570,2388
1570,2472
1570,2545
1570,2563
1570,2586
1570,2635
1570,2718
1570,2724
1570,2747
1570,2971
1570,2998
1570,3005
1570,3145
1570,3208
1570,3239
1570,3578
1570,3674
1570,3678
1570,3852
1570,3899
1570,4034
1570,4306
1570,4397
1570,4422
1570,4451
1570,4475
1570,4591
1570,4919
1570,4967
1570,4986
1573,2429
1573,2543
1573,3686
1573,4339
1573,4537
1573,4802
1576,4333
1576,4801
1576,5002
1577,1792
1577,2262
1577,2823
1577,3119
1577,3235
1577,4042
1577,4578
1578,2413
1578,2695
1578,3274
1578,3402
1578,3629
1578,3707
1578,4316
1578,4472
1580,2362
1581,2128
1581,3286
1581,4300
1582,3390
1582,4200
1583,4956
1585,2086
1587,3114
1587,4055
1590,1709
1590,2309
1590,2374
1590,3356
1591,1598
1591,2367
1597,2262
1597,2570
1597,2823
1597,2886
1597,3634
1597,5027
1598,2013
1598,2312
1598,4895
1599,1908
1599,3519
1601,1837
1601,2139
1601,3010
1601,3273
1601,3374
1607,4092
1607,4225
1608,3400
1609,3416
1609,3672
1609,4455
1609,4536
1609,5020
1610,2566
1611,2219
1612,1691
1612,1701
1612,1728
1612,1766
1612,1862
1612,1884
1612,1906
1612,2339
1612,2406
1612,2417
1612,2539
1612,2635
1612,2897
1612,3771
1612,3949
1612,3971
1612,4069
1612,4095
1612,4249
1612,4363
1612,4422
1612,4475
1612,4862
1614,3241
1614,4241
1615,1780
1615,4445
1615,4460
1617,4350
1618,1896
1618,4285
1620,2326
1623,2295
1625,1740
1625,2500
1625,3722
1625,4721
1631,1769
1631,2105
1631,2694
1631,3301
1631,4248
1631,4996
1632,2781
1633,1811
1633,3416
1633,3683
1633,3757
1633,3852
1633,4579
1634,2747
1637,2195
1637,2198
1637,2451
1637,2594
1637,2673
1637,2736
1637,2852
1637,3273
1637,3495
1637,3913
1637,3996
1637,4034
1637,4104
1637,4358
1637,4849
1637,4966
1638,4718
1639,1703
1639,2111
1639,2241
1639,2408
1639,2946
1639,4924
1639,5056
1639,5091
1641,2241
1641,4332
1641,4575
1644,2592
1645,2519
1645,2929
1645,3141
1645,4307
1645,4536
1647,1673
1647,1924
1647,2071
1647,2128
1647,2500
1647,3286
1648,1903
1648,1909
1648,2454
1648,2627
1648,3020
1648,4872
1653,3814
1656,1812
1656,2325
1656,2630
1656,2802
1656,4472
1656,4503
1656,4560
1656,4807
1656,5084
1657,2466
1657,3722
1661,2765
1661,3728
1661,4915
1662,4761
1664,1903
1666,3846
1667,3948
1668,1924
1669,1692
1669,2506
1671,3353
1671,3371
1671,3492
1671,4377
1671,5028
1672,2415
1673,1681
1673,1739
1673,1908
1673,1964
1673,2001
1673,2145
1673,2704
1673,2860
1673,3427
1673,3757
1673,3885
1673,5021
1674,2765
1675,2456
1675,2826
1676,2966
1676,4262
1676,4619
1678,2001
1678,3376
1678,3416
1678,4455
1679,3508
1680,2026
1680,2266
1680,2472
1680,3390
1680,4947
1680,4966
1681,1709
1681,1762
1681,2355
1681,2704
1681,2850
1681,3208
1681,4385
1681,4440
1681,4684
1682,2286
1683,1769
1683,2219
1683,2320
1683,3757
1683,3846
1683,3945
1683,4386
1683,4761
1683,4847
1683,4929
1685,2133
1687,1889
1687,2173
1687,2197
1687,3056
1687,3129
1687,3674
1687,3949
1687,3992
1687,4597
1687,4775
1687,4947
1688,1887
1688,2032
1688,2043
1688,2050
1688,3173
1688,3603
1688,3683
1688,3818
1688,3840
1688,4354
1688,4475
1689,5028
1689,5090
1691,1728
1691,1745
1691,2339
1691,3634
1692,2495
1692,2886
1692,4819
1692,5027
1693,2687
1697,2198
1697,2385
1697,3010
1697,3840
1698,2826
1698,3255
1698,3822
1701,1723
1701,1727
1701,1800
1701,1896
1701,1926
1701,2165
1701,2233
1701,2329
1701,2335
1701,2465
1701,2730
1701,3074
1701,3126
1701,3145
1701,3391
1701,3402
1701,3491
1701,3677
1701,4188
1701,4203
1701,4260
1701,4262
1701,4354
1701,4410
1701,4475
1701,4520
1701,4589
1701,4685
1701,4751
1701,4831
1701,5067
1702,2261
1702,3806
1703,2073
1703,2111
1703,2219
1704,1766
1704,2417
1704,2991
1704,3886
1704,3972
1704,4306
1704,4363
1704,4889
1705,4003
1706,4416
1707,3274
1707,4623
1708,2593
1709,1886
1709,1986
1709,2309
1709,2374
1709,2939
1709,2972
1709,2995
1709,3193
1709,3212
1709,3356
1709,3807
1709,4048
1709,4673
1709,4709
1709,5032
1710,1912
1711,4382
1716,3451
1716,4114
1716,4436
1716,5002
1716,5016
1717,4377
1720,2001
1722,1896
1722,3920
1722,4354
1723,3286
1723,4075
1723,4330
1725,2820
1727,4235
1728,1865
1728,1918
1728,2048
1728,2212
1728,2748
1728,3451
1728,4388
1728,4806
1729,1959
1729,2210
1731,2128
1731,4919
1732,4673
1733,2606
1733,2999
1733,4055
1735,3371
1736,3080
1737,1908
1737,2001
1737,3672
1737,3757
1738,1884
1738,3709
1739,1908
1739,2001
1739,2306
1739,2704
1739,3057
1739,3416
1739,3427
1739,3885
1739,3933
1739,4803
1740,2687
1740,2968
1740,3092
1740,3325
1740,3351
1740,3495
1740,3578
1740,3616
1740,3743
1740,3996
1740,4091
1740,4324
1740,4440
1740,5017
1741,1773
1741,2455
1741,3142
1742,4055
1743,2524
1744,1837
1744,3518
1744,4225
1744,4367
1745,3071
1745,4288
1747,2128
1747,2195
1747,2271
1747,2316
1747,2410
1747,2456
1747,3012
1747,3092
1747,3286
1747,4492
1747,4606
1747,4647
1747,4649
1747,4692
1747,4743
1747,5069
1748,4741
1754,2128
1754,2142
1754,2219
1754,2500
1754,2563
1754,2727
1754,2787
1754,2837
1754,2909
1754,3286
1754,3451
1754,3614
1754,3722
1754,3854
1754,4028
1754,4083
1754,4207
1754,4661
1755,2500
1755,4481
1756,2401
1756,3013
1756,3854
1757,2521
1757,4008
1757,4167
1757,4764
1757,4819
1757,5061
1758,2071
1758,2909
1758,3390
1758,3722
1758,3920
1759,3976
1761,2219
1761,2434
1761,3325
1761,3361
1761,3722
1761,3809
1761,4775
1761,4950
1762,1868
1763,3802
1765,1886
1765,2139
1765,2367
1765,2388
1765,3325
1765,3578
1765,4440
1765,4527
1765,4819
1765,5076
1766,1951
1766,2339
1766,2584
1766,3985
1766,4251
1766,4287
1766,4363
1766,4404
1768,4119
1768,4431
1769,2702
1769,2966
1769,3265
1769,3491
1769,3530
1769,3676
1769,4119
1769,4462
1769,4612
1770,2089
1770,3473
1770,4437
1770,5086
1771,3502
1773,4246
1774,2747
1777,2219
1778,1909
1778,3149
1778,3933
1780,4445
1780,4460
1782,2570
1783,2279
1783,2495
1783,2656
1783,2727
1783,3672
1783,3962
1783,4851
1784,2895
1785,1938
1785,3265
1786,2729
1786,2939
1786,4319
1786,4449
1789,2045
1789,3286
1789,3491
1789,3757
1789,3951
1789,4669
1789,4841
1790,3376
1790,4055
1790,4097
1792,2262
1792,2823
1792,3235
1792,4042
1792,4578
1795,2122
1795,2339
1795,3487
1795,3535
1795,3687
1795,4363
1795,4479
1795,4637
1797,4411
1798,4460
1799,3469
1800,2500
1800,3689
1800,3931
1801,4003
1802,3962
1804,1842
1804,4055
1804,4404
1805,2699
1805,2893
1805,3253
1805,4104
1806,2804
1807,2105
1807,2540
1808,2685
1809,2199
1809,2206
1809,2549
1809,3460
1809,3560
1809,3990
1809,4574
1809,4895
1810,4353
1811,2219
1812,2284
1812,2325
1812,4807
1812,5002
1814,3356
1814,3672
1814,4959
1815,3553
1815,4055
1815,4079
1815,4756
1816,1868
1816,2195
1816,2315
1816,2362
1816,2813
1816,3254
1816,3362
1816,3380
1816,3563
1816,3734
1816,4849
1817,2429
1817,2506
1817,4094
1818,3243
1818,3718
1819,2417
1819,3476
1820,3518
1821,2167
1823,2902
1823,3525
1824,2880
1824,4055
1824,4790
1825,3405
1826,3183
1827,2874
1829,2219
1837,1889
1837,1941
1837,2142
1837,2193
1837,2427
1837,2575
1837,2588
1837,2732
1837,2935
1837,3027
1837,3261
1837,3441
1837,3498
1837,3518
1837,3604
1837,3625
1837,3868
1837,3896
1837,3969
1837,4272
1837,4306
1837,4739
1837,4795
1837,4895
1837,4942
1837,4961
1841,4097
1842,2027
1842,4466
1843,2500
1843,2992
1844,2054
1846,3235
1846,3962
1846,4748
1848,4008
1848,4069
1850,3672
1850,4637
1851,2398
1851,2816
1852,1924
1852,3222
1852,3578
1852,3938
1852,4454
1853,2133
1853,3686
1857,3535
1860,2910
1860,3461
1860,3578
1862,4475
1864,2139
1865,2214
1865,2528
1865,4806
1866,2185
1866,2313
1866,3700
1867,3519
1867,3622
1868,1885
1868,2650
1868,2697
1868,2945
1868,2955
1868,2973
1868,3254
1868,3380
1868,3508
1868,3563
1868,3734
1868,4876
1869,3254
1872,3294
1872,4027
1873,4190
1874,3672
1875,3885
1877,2355
1877,2417
1877,2673
1877,3010
1877,3374
1877,4586
1878,2073
1881,4718
1883,2079
1883,3200
1883,4027
1883,4594
1883,5047
1884,1888
1884,1916
1884,2125
1884,2248
1884,2339
1884,2539
1884,2573
1884,2619
1884,2668
1884,2916
1884,3036
1884,3130
1884,3237
1884,3282
1884,3478
1884,3616
1884,3736
1884,3949
1884,4008
1884,4069
1884,4265
1884,4305
1884,4422
1884,4498
1884,4545
1884,4804
1884,4926
1884,5049
1885,2261
1885,2687
1885,2945
1885,3254
1885,3362
1885,3505
1885,3548
1885,4626
1885,4998
1885,5076
1886,2139
1886,2396
1886,2489
1886,2854
1886,2907
1886,3492
1886,4141
1886,4225
1887,3273
1887,3825
1887,4104
1887,5020
1888,1944
1888,1979
1888,2041
1888,2176
1888,2190
1888,4093
1888,4265
1888,4360
1888,4374
1889,2900
1889,3208
1889,3674
1889,3763
1889,4069
1889,4422
1889,4775
1890,1951
1891,5002
1892,3350
1893,2658
1894,3286
1895,2026
1895,2173
1895,2289
1895,2339
1895,2472
1895,2822
1895,3056
1895,3674
1895,3820
1895,3868
1895,3949
1895,3992
1895,4044
1895,4422
1895,4597
1895,4734
1895,4947
1895,4948
1895,4966
1895,5048
1896,2150
1896,2165
1896,2489
1896,3186
1896,3725
1896,3920
1896,4097
1896,4188
1896,4354
1896,4520
1896,4907
1896,4987
1896,5067
1899,4517
1899,4802
1900,2609
1900,4678
1900,4916
1901,2219
1902,2237
1903,2429
1903,2534
1903,3020
1903,3410
1903,3491
1903,3492
1903,4872
1903,4968
1903,4969
1903,4972
1904,2219
1905,2743
1906,2339
1906,3996
1906,4422
1906,5039
1907,4097
1908,1909
1908,2001
1908,2704
1908,2850
1908,2854
1908,3057
1908,3416
1908,3427
1908,3491
1908,3872
1908,3885
1908,4055
1908,4300
1908,4511
1908,4803
1908,4969
1908,4999
1909,3149
1909,3491
1909,3654
1909,3933
1909,4140
1909,4200
1909,4509
1909,4665
1909,5016
1909,5083
1911,3148
1912,3650
1915,3179
1917,2711
1917,3107
1917,3226
1917,3806
1919,3390
1921,3804
1922,2341
1922,4141
1922,4225
1922,4989
1924,2035
1924,2388
1924,2397
1924,2439
1924,2453
1924,3094
1924,3251
1924,3286
1924,3787
1924,4146
1924,4539
1924,4646
1924,4908
1924,4997
1924,5069
1926,3672
1927,1965
1927,2721
1927,2745
1927,3710
1927,4715
1927,4872
1928,3286
1928,3847
1931,3650
1938,4837
1939,3678
1941,2266
1941,3010
1941,3682
1942,2509
1942,2749
1942,2852
1942,2909
1942,2992
1942,3224
1942,3843
1942,4162
1942,5018
1944,1979
1944,4093
1944,4265
1945,3944
1946,3325
1946,4741
1950,2061
1950,2339
1950,2362
1950,2558
1950,2594
1950,2673
1950,3273
1950,3916
1950,4044
1950,4104
1950,4358
1950,4573
1950,4601
1950,4849
1950,4966
1951,1987
1951,2995
1952,3157
1953,3044
1953,4539
1955,2466
1959,1963
1959,3518
1959,3935
1959,4119
1959,4327
1959,4777
1960,3061
1960,3896
1961,5092
1965,3769
1965,4715
1969,2237
1970,2011
1971,2325
1971,3858
1971,4807
1972,4162
1973,2909
1973,4121
1973,4392
1973,4410
1975,2105
1975,2494
1975,3450
1978,4121
1979,2176
1979,2573
1979,3736
1979,4093
1979,4265
1979,4360
1979,4374
1980,2417
1980,3977
1980,4566
1982,3386
1983,2105
1984,2280
1984,2895
1984,3459
1984,3889
1984,4768
1984,4782
1986,4055
1987,2362
1992,2949
1992,4710
1996,2236
1996,4420
1997,2315
1998,2073
1998,2219
2001,2041
2001,2128
2001,2213
2001,2364
2001,2722
2001,2741
2001,2783
2001,2860
2001,2920
2001,3123
2001,3376
2001,3503
2001,3621
2001,3672
2001,3733
2001,3777
2001,3996
2001,4036
2001,4061
2001,4353
2001,4367
2001,4455
2001,4500
2001,4523
2001,4528
2001,4646
2001,4680
2001,4745
2001,4799
2005,3672
2005,4218
2006,3722
2006,4448
2007,3195
2008,2823
2009,2128
2009,2219
2009,3390
2011,3072
2011,5020
2013,2312
2014,2041
2014,2352
2018,3236
2019,2255
2019,2635
2019,4300
2020,3326
2020,4697
2022,2128
2022,2388
2022,3916
2022,5076
2023,4741
2026,2289
2026,3027
2026,3056
2026,3217
2026,3900
2026,3992
2026,4049
2026,4226
2026,4775
2026,4947
2027,3931
2029,2073
2029,2850
2029,3512
2029,3975
2029,4055
2029,4294
2032,2206
2032,3814
2032,3896
2032,4475
2032,4561
2032,4852
2032,4914
2035,3390
2040,4462
2040,4795
2040,4862
2041,2123
2041,2142
2041,2296
2041,2306
2041,2732
2041,3021
2041,3027
2041,3557
2041,3571
2041,4434
2041,4503
2041,5079
2042,3500
2042,4526
2045,2139
2045,2237
2045,2746
2045,3427
2045,3578
2045,3720
2045,4055
2045,4313
2045,4385
2045,4703
2046,2071
2046,2128
2046,2500
2046,3578
2046,4491
2047,4510
2048,4795
2048,4829
2049,2563
2050,2133
2050,2341
2050,2991
2050,3540
2050,3603
2050,3638
2050,3818
2050,3827
2050,4097
2050,4710
2050,4806
2050,4895
2050,4989
2054,2261
2054,2883
2054,3806
2056,3067
2056,4422
2061,2171
2061,5086
2064,5002
2067,2085
2067,3872
2067,4619
2071,2388
2071,2429
2071,2439
2071,2453
2071,2526
2071,3090
2071,3251
2071,3637
2071,3722
2071,3856
2071,3977
2071,4100
2071,4124
2071,4183
2071,4184
2071,4225
2071,4437
2071,4527
2071,5069
2072,2111
2072,2215
2072,2242
2072,2809
2072,3672
2072,3753
2072,4450
2073,2386
2073,3491
2073,3757
2073,4509
2073,4915
2075,3166
2075,3453
2075,3917
2075,4915
2076,2219
2076,2650
2076,3286
2076,3433
2076,4034
2076,4619
2076,4718
2076,4916
2078,3672
2079,3002
2080,2953
2084,2281
2084,2400
2084,3519
2085,4055
2085,4756
2086,2913
2086,3268
2087,4249
2088,2596
2089,3410
2090,4353
2092,4198
2092,4475
2093,2118
2097,3149
2101,2219
2101,2339
2101,3224
2102,5063
2105,2141
2105,2311
2105,2320
2105,3144
2105,3450
2105,3846
2105,3901
2105,4172
2105,4386
2105,4482
2105,4582
2105,4761
2105,4924
2105,4925
2106,3672
2106,3823
2107,2219
2107,3018
2107,5002
2108,5002
2111,2241
2111,2320
2111,2487
2111,2559
2111,2572
2111,2579
2111,2643
2111,2809
2111,2870
2111,2930
2111,3063
2111,3812
2111,3846
2111,4248
2111,4386
2111,4582
2111,4686
2111,4761
2111,5056
2118,3441
2118,3518
2118,3690
2118,4551
2123,2364
2124,2523
2124,2606
2124,2635
2124,4363
2124,4430
2126,2278
2126,2594
2126,3634
2127,4842
2128,2388
2128,2439
2128,2641
2128,2648
2128,2741
2128,2909
2128,3081
2128,3251
2128,3300
2128,3494
2128,3722
2128,3787
2128,3840
2128,3890
2128,3968
2128,4185
2128,4301
2128,4406
2128,4527
2128,4905
2128,4908
2128,4976
2128,4997
2128,5069
2130,2295
2130,2883
2130,4104
2130,4440
2131,2566
2131,3010
2131,3273
2131,3316
2131,3374
2131,4104
2131,4319
2131,4551
2131,4663
2131,5020
2132,2332
2132,4183
2133,2362
2133,3491
2133,4959
2133,5085
2134,2225
2139,2193
2139,2208
2139,2396
2139,2402
2139,2563
2139,2588
2139,2594
2139,2864
2139,3094
2139,3208
2139,3254
2139,3273
2139,3279
2139,3283
2139,3350
2139,3356
2139,3449
2139,3512
2139,3578
2139,3807
2139,3944
2139,3969
2139,4206
2139,4344
2139,4440
2139,4547
2139,4566
2139,4665
2139,4739
2139,4771
2139,4819
2139,4970
2139,4975
2139,5003
2139,5021
2142,2683
2142,3720
2143,2687
2144,2687
2144,3088
2144,5027
2149,4068
2149,5002
2150,2497
2150,2554
2150,3424
2150,4354
2150,4434
2150,4510
2150,4907
2152,2212
2153,2212
2153,2362
2154,4483
2157,4058
2161,2173
2161,2289
2161,2339
2161,2472
2161,2944
2161,3056
2161,3674
2161,3709
2161,3820
2161,3949
2161,3992
2161,4008
2161,4044
2161,4422
2161,4440
2161,4545
2161,4597
2161,4628
2161,4734
2161,4809
2161,4920
2165,4285
2165,4354
2165,4475
2165,5002
2167,2212
2167,2902
2167,4716
2168,2212
2168,3614
2168,3854
2168,4837
2171,4104
2171,4440
2173,2197
2173,2339
2173,2815
2173,2944
2173,3056
2173,3083
2173,3338
2173,3363
2173,3674
2173,3868
2173,3900
2173,3949
2173,4440
2173,4545
2173,4597
2173,4734
2173,4775
2173,4874
2173,4947
2175,4455
2176,2190
2176,4093
2176,4265
2179,3286
2181,2251
2182,2385
2183,3446
2184,2699
2184,2893
2184,3743
2185,3351
2185,3700
2185,4198
2185,4437
2186,3754
2187,2362
2188,2747
2188,5002
2190,4265
2190,4374
2193,2935
2193,3390
2193,3669
2193,4739
2194,2289
2194,3189
2195,2362
2195,2813
2195,3362
2195,3563
2195,3841
2195,4849
2197,3868
2197,3949
2197,3992
2197,4597
2197,4947
2198,2815
2198,3273
2198,3830
2198,3949
2198,4711
2198,4734
2199,2206
2199,3004
2199,3990
2199,4574
2201,3375
2202,2227
2202,2494
2202,3082
2202,3450
2205,3149
2206,2458
2206,3814
2206,3827
2206,4012
2206,4914
2208,3061
2208,3396
2208,3444
2208,3446
2208,4665
2208,4715
2209,3286
2209,3780
2210,4399
2210,4905
2212,2429
2212,2736
2212,3254
2212,3395
2212,3728
2212,3792
2212,4038
2212,4837
2212,4900
2216,2313
2216,2418
2216,3578
2217,2237
2217,4718
2219,2261
2219,2268
2219,2318
2219,2418
2219,2429
2219,2439
2219,2442
2219,2453
2219,2467
2219,2469
2219,2500
2219,2519
2219,2535
2219,2554
2219,2604
2219,2628
2219,2650
2219,2762
2219,2808
2219,2909
2219,2947
2219,2949
2219,2968
2219,3014
2219,3016
2219,3081
2219,3120
2219,3147
2219,3180
2219,3193
2219,3196
2219,3216
2219,3221
2219,3235
2219,3244
2219,3251
2219,3389
2219,3405
2219,3418
2219,3493
2219,3494
2219,3722
2219,3765
2219,3823
2219,3839
2219,3890
2219,3964
2219,3968
2219,3975
2219,3977
2219,4124
2219,4133
2219,4185
2219,4210
2219,4247
2219,4262
2219,4420
2219,4465
2219,4521
2219,4527
2219,4566
2219,4646
2219,4697
2219,4713
2219,4727
2219,4739
2219,4746
2219,4802
2219,4828
2219,4846
2219,4850
2219,4905
2219,4933
2219,5069
2220,3995
2220,4156
2222,4466
2223,2641
2223,3080
2223,3579
2223,4117
2223,5062
2224,2588
2224,2819
2224,3141
2224,4288
2224,4817
2226,3088
2227,2260
2229,4353
2231,4190
2232,3872
2232,4455
2232,4846
2235,3423
2235,3450
2235,4888
2235,4932
2237,2404
2237,2939
2237,3608
2237,3920
2237,3976
2237,3995
2237,4028
2237,4523
2241,2320
2241,2327
2241,2659
2241,3144
2241,3423
2241,3860
2241,4248
2241,4352
2241,5056
2242,2320
2242,2589
2242,2930
2242,3450
2242,4191
2244,2325
2244,4942
2245,2558
2245,3286
2246,3909
2248,2668
2249,3614
2249,3854
2250,4059
2251,2619
2252,3401
2253,2261
2253,3826
2253,4527
2254,3410
2255,2635
2255,2773
2255,3033
2255,3518
2255,3519
2255,3968
2255,4594
2260,2898
2261,2362
2261,2454
2261,2945
2261,3107
2261,3254
2261,3563
2261,3806
2261,4226
2261,4626
2261,5076
2262,2823
2262,3213
2262,3235
2262,3517
2262,4042
2262,4578
2262,4802
2262,5027
2263,4259
2264,4116
2265,2594
2265,2866
2265,5029
2266,2289
2266,2472
2266,2558
2266,2883
2266,3700
2266,3949
2266,4440
2266,4663
2268,3165
2268,3306
2268,4002
2272,3649
2272,4249
2272,4517
2272,4663
2272,4685
2272,4761
2274,3371
2275,3500
2277,3578
2277,3634
2278,2312
2278,4868
2279,2563
2279,2570
2279,2727
2279,2902
2279,3904
2279,3962
2279,3996
2279,4050
2279,4851
2280,2895
2280,3459
2280,3672
2280,3889
2280,4768
2280,4782
2281,2383
2281,2681
2281,3202
2281,3687
2281,4761
2284,2729
2284,3698
2284,4143
2284,4319
2286,3061
2288,2573
2288,4804
2289,2458
2289,2582
2289,2810
2289,3056
2289,3136
2289,3217
2289,3424
2289,3900
2289,3992
2289,3994
2289,4049
2289,4226
2289,4347
2289,4424
2289,4775
2289,4809
2289,4947
2290,3578
2293,4977
2295,2523
2295,3402
2298,3921
2300,3672
2300,4637
2306,3427
2306,4044
2307,4353
2309,2374
2309,2398
2309,3149
2309,3193
2309,4709
2309,5079
2310,5002
2312,3034
2312,3794
2313,3291
2314,3399
2315,3390
2315,4350
2315,4820
2317,3795
2320,2809
2320,3144
2320,3580
2320,3625
2320,3808
2320,4761
2320,4932
2320,5091
2325,3038
2325,3459
2325,3994
2325,4503
2325,4560
2325,5002
2327,3718
2327,4203
2329,4664
2330,2543
2330,3634
2330,3890
2334,2976
2338,2808
2339,2406
2339,2417
2339,2539
2339,2545
2339,2555
2339,2792
2339,2873
2339,2893
2339,2897
2339,2998
2339,3129
2339,3145
2339,3290
2339,3291
2339,3317
2339,3476
2339,3586
2339,3674
2339,3771
2339,3820
2339,3852
2339,3868
2339,3949
2339,3993
2339,4008
2339,4069
2339,4154
2339,4173
2339,4249
2339,4278
2339,4363
2339,4422
2339,4475
2339,4564
2339,4615
2339,4656
2339,4733
2339,4734
2339,4775
2339,4919
2339,4947
2339,5020
2339,5048
2340,3682
2341,4141
2341,4225
2341,4989
2348,2528
2348,2635
2348,2780
2348,3197
2348,3986
2348,4105
2348,4447
2349,4352
2349,4551
2350,2584
2351,3451
2352,4079
2356,3461
2357,3672
2357,4795
2362,2566
2362,2813
2362,3012
2362,3143
2362,3307
2362,3380
2362,3461
2362,3541
2362,3563
2362,3586
2362,3670
2362,3700
2362,3734
2362,3868
2362,3896
2362,4055
2362,4063
2362,4249
2362,4600
2362,4659
2362,4714
2362,4849
2367,2812
2368,2553
2368,4976
2370,4341
2371,3351
2372,3672
2372,4156
2374,3356
2376,3682
2377,3571
2377,3809
2377,3902
2377,4339
2377,4543
2380,3736
2380,4173
2380,4249
2381,3406
2382,2808
2385,4203
2385,4214
2388,2456
2388,3286
2388,3418
2388,3968
2388,4919
2393,2961
2394,3273
2394,3874
2394,4000
2394,4169
2395,3689
2395,4034
2395,4385
2396,4034
2396,4344
2396,4767
2396,5021
2397,4397
2398,2943
2398,3149
2398,3193
2398,4767
2398,5079
2401,3013
2401,3854
2401,4023
2404,3672
2404,5027
2405,2881
2405,4340
2406,3223
2406,4422
2407,5072
2410,2935
2413,3274
2413,3402
2413,3995
2414,3374
2414,3725
2414,3728
2414,3807
2414,4751
2414,5020
2416,3225
2417,2452
2417,2545
2417,2644
2417,2673
2417,2792
2417,3010
2417,3374
2417,3749
2417,3934
2417,4090
2417,4125
2417,4249
2417,4422
2417,4895
2417,4897
2418,3402
2418,3403
2418,3453
2418,4055
2424,3254
2425,2587
2427,2731
2427,3019
2427,3086
2427,3216
2427,3290
2427,4551
2428,2458
2428,3286
2428,3969
2428,4316
2428,4801
2428,4977
2429,2500
2429,2765
2429,3094
2429,3286
2429,3522
2429,3728
2429,3933
2429,4210
2429,4300
2429,4846
2429,5016
2429,5063
2433,4004
2434,3371
2434,4837
2434,4950
2435,2943
2435,3230
2436,4418
2438,3541
2439,2909
2439,3286
2439,3722
2442,2870
2442,2909
2442,3286
2442,3390
2442,3400
2442,3518
2442,3722
2445,4837
2451,3913
2452,3458
2452,4273
2453,2808
2453,2909
2453,3286
2453,3722
2455,3680
2456,3968
2457,3519
2457,3985
2457,4118
2457,4225
2458,2560
2458,2945
2458,3072
2458,3183
2458,3371
2458,3500
2458,3522
2458,3974
2458,4037
2458,4383
2458,4387
2458,4714
2458,4876
2459,3296
2463,3996
2465,2765
2465,3491
2468,3423
2468,4352
2469,2727
2469,4159
2472,3674
2472,3820
2474,2631
2487,2681
2487,3753
2487,4445
2487,4761
2489,3390
2489,3682
2490,2916
2490,3617
2493,2921
2493,4181
2493,4472
2493,4549
2493,4560
2493,5020
2494,2796
2495,4097
2495,4392
2496,3019
2496,3086
2496,3290
2496,4551
2497,3519
2499,3325
2499,3634
2499,4329
2500,2570
2500,2641
2500,2642
2500,2687
2500,2688
2500,2795
2500,2909
2500,3300
2500,3418
2500,3722
2500,3765
2500,3781
2500,3920
2500,3944
2500,3977
2500,4068
2500,4235
2500,4353
2500,4507
2500,4527
2500,4866
2500,4928
2500,4989
2500,5004
2500,5069
2502,4862
2503,3852
2505,2992
2505,3004
2505,3350
2506,4079
2506,4097
2507,4679
2507,5074
2509,2749
2509,3273
2509,3291
2509,3364
2509,3683
2509,3868
2509,4278
2509,4628
2511,3397
2513,3757
2514,2531
2514,4352
2514,4868
2517,3810
2519,2747
2519,3401
2519,4294
2519,4353
2519,5064
2521,4339
2523,2606
2523,3519
2523,4430
2524,4616
2527,3518
2527,3621
2527,4344
2528,2971
2528,3451
2528,3578
2528,3603
2528,3904
2528,3975
2529,3371
2531,2854
2531,3491
2531,3672
2531,4455
2531,4868
2531,5027
2532,2923
2532,4761
2534,4204
2535,4204
2537,4717
2539,2573
2539,2813
2539,2885
2539,3036
2539,3237
2539,3291
2539,3316
2539,3478
2539,3598
2539,3709
2539,3820
2539,4008
2539,4422
2539,4498
2539,4804
2542,5002
2543,3200
2543,3733
2543,4829
2544,4030
2545,2998
2545,3208
2545,4422
2545,4475
2545,4656
2545,4804
2545,4942
2547,5002
2553,3336
2555,2893
2558,2893
2558,4055
2559,3672
2559,3808
2559,4761
2563,2654
2563,2909
2563,2935
2563,2971
2563,3183
2563,3386
2563,3586
2563,3685
2563,3722
2563,4124
2563,4387
2563,4541
2563,4566
2563,4766
2563,4819
2566,3638
2566,3802
2566,3962
2566,3990
2566,4358
2566,4422
2566,4574
2566,4807
2566,4868
2566,4965
2566,5021
2567,3492
2567,4901
2568,4527
2570,2747
2570,2917
2570,3390
2570,3634
2571,2594
2572,4761
2573,3709
2573,4440
2573,4734
2574,3917
2575,3019
2575,3086
2575,3290
2575,3578
2575,3656
2575,3949
2575,4162
2575,4551
2578,2789
2578,3735
2578,3794
2578,4552
2578,4829
2579,3144
2579,3625
2579,3720
2579,3984
2579,4296
2579,4761
2582,4948
2583,4348
2584,2687
2584,3505
2584,3594
2584,3700
2584,3996
2584,4128
2584,4367
2584,4465
2584,4500
2584,4638
2584,4684
2584,4714
2584,4828
2586,3133
2586,3222
2586,3286
2586,3390
2586,3687
2586,3722
2586,3896
2586,3944
2586,4230
2586,4541
2586,4684
2588,2939
2588,3255
2588,3351
2588,3554
2588,3651
2588,3743
2588,4034
2588,4143
2588,4339
2588,4527
2588,4663
2588,5020
2594,2673
2594,2883
2594,3519
2594,3682
2594,4008
2594,4104
2594,4354
2594,4358
2594,4551
2594,4663
2596,2747
2604,4603
2606,2764
2606,4430
2609,3807
2609,4055
2609,4206
2609,4503
2609,4718
2609,5028
2618,2699
2619,4758
2625,3519
2625,4403
2625,4714
2627,4688
2631,2735
2632,3021
2632,3557
2632,3675
2632,4846
2635,2837
2635,3183
2635,3977
2635,4802
2635,5027
2636,3614
2638,3933
2641,3286
2641,3579
2641,4117
2641,5062
2643,3984
2643,4761
2646,3371
2646,3578
2646,4055
2646,4756
2650,3065
2650,3183
2650,3831
2650,3864
2650,4226
2650,4317
2650,4355
2653,2989
2653,3054
2659,3450
2659,3833
2659,5091
2661,3578
2661,4055
2661,4756
2663,4445
2667,2740
2668,3961
2671,2719
2671,3225
2671,4293
2671,4907
2672,2705
2673,3010
2673,4358
2673,4586
2673,4897
2678,4240
2681,3753
2681,4386
2683,3687
2685,3975
2686,4055
2687,2945
2687,3005
2687,3090
2687,3250
2687,3254
2687,3357
2687,3850
2687,3996
2687,4023
2687,4172
2687,4270
2687,4367
2687,4437
2687,4637
2687,4948
2687,5076
2688,3996
2694,3390
2695,4140
2696,4173
2699,2872
2699,3968
2699,4230
2699,4288
2701,2747
2702,4450
2704,2860
2704,3057
2704,3672
2704,3802
2704,4288
2705,3985
2710,3672
2711,2747
2711,3107
2711,3226
2711,3806
2711,4876
2713,3510
2713,3795
2713,4736
2714,3193
2714,3464
2714,3578
2714,3678
2714,3896
2714,4099
2716,4860
2717,3578
2717,4190
2718,3852
2719,2747
2719,3730
2719,4293
2721,2879
2721,3710
2721,3769
2721,3986
2721,4829
2722,2941
2723,4567
2724,3994
2724,4549
2724,4560
2724,4655
2724,4656
2724,4942
2724,5020
2724,5084
2725,2883
2725,3019
2725,3086
2725,3290
2725,4551
2725,4827
2727,3017
2727,3225
2727,3904
2727,3962
2727,4050
2727,4090
2727,4159
2727,4851
2728,3477
2729,4055
2729,4143
2729,4319
2729,4497
2731,3061
2732,3010
2732,3333
2732,3720
2732,4588
2732,4819
2735,3149
2736,3395
2736,3614
2736,4038
2736,4606
2736,4837
2738,3672
2740,3311
2740,3902
2740,3942
2740,3977
2740,4203
2740,4330
2740,5008
2740,5071
2741,3286
2741,3371
2743,4551
2744,2747
2745,4872
2746,3242
2746,4288
2747,2896
2747,2990
2747,3020
2747,3023
2747,3062
2747,3075
2747,3102
2747,3112
2747,3126
2747,3157
2747,3215
2747,3367
2747,3403
2747,3405
2747,3456
2747,3467
2747,3538
2747,3560
2747,3688
2747,3718
2747,3839
2747,3906
2747,3925
2747,4022
2747,4075
2747,4076
2747,4091
2747,4138
2747,4242
2747,4302
2747,4325
2747,4380
2747,4385
2747,4454
2747,4470
2747,4539
2747,4632
2747,4687
2747,4819
2747,4882
2747,4936
2747,5008
2747,5051
2747,5076
2749,2852
2749,2992
2749,3224
2749,3315
2749,3364
2749,3683
2749,3975
2749,4162
2749,5018
2757,3486
2757,3606
2757,3697
2757,4702
2764,3186
2764,4287
2764,4430
2764,4503
2765,3200
2765,3294
2765,3371
2765,3792
2765,4108
2765,4300
2765,4594
2765,5047
2768,4619
2770,3140
2776,4467
2778,3061
2780,3578
2781,3374
2781,3390
2781,3700
2781,4455
2783,3350
2783,3672
2783,4868
2784,4969
2786,2830
2786,3672
2787,3505
2787,3913
2787,4363
2790,3672
2792,3189
2792,3743
2793,3335
2798,3371
2800,3578
2800,4055
2808,5069
2809,2946
2809,3450
2809,3578
2809,3990
2809,4761
2809,4924
2809,4971
2810,3674
2810,3949
2810,4947
2812,3795
2812,5030
2813,3225
2813,3380
2813,3734
2813,4097
2814,2909
2814,3722
2815,3949
2815,4440
2815,4734
2818,4333
2819,2852
2819,3141
2819,3224
2819,3364
2819,4162
2819,4525
2819,4817
2820,3602
2821,3325
2822,3674
2822,3949
2822,4947
2823,3213
2823,3235
2823,4042
2823,4578
2826,3975
2828,3038
2828,4129
2828,4285
2833,2907
2833,2934
2837,3944
2837,4086
2837,4300
2837,4802
2839,3371
2840,4118
2841,4808
2842,3208
2843,4715
2844,3491
2846,3058
2846,3371
2846,3697
2852,3224
2852,3364
2852,3683
2852,5018
2854,3672
2854,3970
2854,3999
2860,3057
2860,3416
2860,3427
2860,3608
2860,3885
2860,4148
2860,4775
2860,4803
2860,4842
2863,3140
2863,4249
2865,3225
2865,3437
2865,3563
2865,3809
2865,4785
2866,3061
2866,3974
2866,4501
2870,3672
2871,3677
2872,3222
2873,4568
2873,4619
2878,3541
2878,3672
2878,4404
2880,4806
2881,4777
2881,4916
2883,2945
2883,3027
2883,3107
2883,3226
2883,3492
2883,3734
2883,4090
2883,4288
2883,4827
2883,4876
2883,4919
2883,5012
2884,4966
2886,3395
2893,3286
2893,3865
2895,4768
2897,4404
2897,4422
2898,3519
2902,3375
2904,5003
2907,5021
2909,2933
2909,3418
2909,3722
2909,3920
2909,3968
2909,3977
2909,4148
2909,4527
2909,4528
2909,4697
2909,4933
2910,3006
2910,3594
2910,3611
2910,3918
2910,4303
2911,3996
2912,5002
2913,3268
2913,4333
2913,4920
2913,4956
2916,3476
2916,3617
2916,3902
2916,4008
2920,4069
2920,4868
2921,2973
2921,3009
2921,4181
2921,4472
2921,4546
2921,4549
2921,4560
2921,5020
2921,5084
2921,5087
2923,3335
2929,3975
2930,2979
2930,3580
2930,4761
2930,4932
2930,5091
2933,3500
2935,3944
2935,4739
2935,4819
2939,3530
2939,4088
2939,4503
2941,3139
2943,2971
2943,5079
2944,3056
2944,3674
2944,4044
2944,4614
2945,3226
2945,3254
2945,3806
2945,4023
2945,4510
2945,5076
2946,3082
2947,5091
2948,4440
2951,4718
2953,4292
2955,3371
2957,4817
2960,3500
2960,3572
2960,3804
2963,3541
2967,4172
2971,3689
2971,4090
2971,4385
2972,4028
2972,4034
2973,3374
2973,3376
2975,5002
2976,3375
2978,3010
2979,3450
2988,3672
2990,3152
2991,3274
2991,4173
2991,4764
2992,3224
2992,3683
2992,4055
2992,4083
2992,4162
2992,5018
2998,4251
2998,4422
3004,3350
3005,4258
3005,4574
3006,3492
3006,4114
3008,4044
3009,4181
3010,3196
3010,3374
3010,3650
3010,3851
3010,3969
3010,4410
3010,4483
3010,4533
3010,4586
3010,4684
3010,4868
3010,4897
3010,5015
3011,3286
3012,3989
3012,4868
3012,4965
3013,3854
3013,4299
3014,4741
3015,3996
3017,3917
3019,4733
3019,5003
3020,3491
3021,3557
3027,3427
3027,3771
3027,4339
3027,4601
3030,3720
3031,4127
3033,3728
3034,4003
3034,4837
3037,3286
3038,4285
3039,3476
3040,4455
3044,3810
3046,4619
3048,3541
3052,5028
3055,3254
3056,3083
3056,3106
3056,3129
3056,3363
3056,3515
3056,3674
3056,3868
3056,3900
3056,3949
3056,3992
3056,4226
3056,4305
3056,4545
3056,4568
3056,4597
3056,4775
3056,4874
3056,4947
3058,3491
3059,3522
3061,3227
3061,3527
3061,4265
3061,4294
3061,4719
3061,4754
3061,4901
3061,4954
3061,4998
3061,5075
3063,4996
3066,3371
3067,4421
3069,4819
3071,4868
3074,3510
3074,3579
3074,3614
3074,4949
3077,3996
3078,4106
3079,4583
3080,4117
3082,4253
3082,4468
3083,3899
3083,3949
3083,3992
3083,4044
3083,4568
3083,4734
3083,4947
3085,4407
3086,3820
3086,4008
3087,4452
3088,3183
3088,3491
3088,3720
3088,4348
3088,4868
3091,4604
3092,4287
3094,3254
3094,3400
3094,4146
3094,4337
3094,4566
3094,4819
3095,4701
3102,4975
3104,3286
3104,3622
3106,3992
3106,4656
3106,4942
3107,3226
3107,3806
3107,4827
3107,5012
3109,4837
3109,4901
3117,3491
3117,3872
3117,4240
3122,3536
3129,3674
3129,4947
3133,3325
3136,3949
3138,3371
3141,4817
3142,3200
3142,3519
3144,3450
3144,3846
3144,4132
3145,3390
3145,4407
3146,4821
3148,3286
3148,3758
3148,4600
3148,5071
3149,3356
3149,3933
3149,3940
3149,5016
3149,5079
3153,3733
3156,3808
3156,4430
3156,4761
3157,3768
3161,3350
3163,3501
3167,3286
3167,4837
3169,3228
3170,4895
3171,3369
3172,3559
3173,4366
3173,4475
3175,3451
3180,3351
3183,3505
3186,4097
3186,4285
3186,4354
3186,4475
3189,3930
3189,4049
3189,4278
3192,3672
3193,3356
3193,3570
3193,3672
3193,3841
3193,5079
3195,4351
3196,4527
3197,3578
3197,3669
3197,3683
3197,4055
3198,3774
3198,4432
3200,4300
3206,3519
3208,3286
3208,3531
3208,3940
3208,4225
3208,4287
3208,4357
3208,4422
3208,5058
3209,3372
3209,4353
3210,4808
3213,3235
3213,3708
3213,4045
3214,4173
3214,4249
3215,3371
3216,3682
3216,4230
3216,4765
3217,3551
3217,3992
3217,4734
3222,3337
3222,3771
3222,4404
3224,3364
3224,3683
3224,4083
3224,4162
3224,5018
3225,3563
3225,3686
3225,3809
3225,4785
3226,3565
3226,3806
3226,3831
3226,5012
3228,3371
3228,3826
3230,3519
3232,3371
3232,3560
3232,3975
3233,3371
3235,3634
3235,4042
3235,4353
3235,4578
3237,3316
3239,4034
3242,3273
3242,4104
3242,4698
3243,4718
3244,4091
3248,4886
3250,3547
3251,3286
3253,4986
3254,3362
3254,3498
3254,3831
3254,4510
3254,4626
3254,4998
3255,3471
3255,3822
3255,4462
3255,4735
3261,3972
3265,4976
3268,4920
3269,5092
3270,4279
3270,4510
3273,3291
3273,3868
3273,3886
3273,4711
3273,4734
3274,3437
3274,4623
3274,4764
3278,5071
3279,4351
3279,4509
3279,4510
3285,3728
3286,3411
3286,3555
3286,3556
3286,3655
3286,3687
3286,3787
3286,3920
3286,3938
3286,3977
3286,4007
3286,4026
3286,4068
3286,4075
3286,4235
3286,4418
3286,4723
3286,4739
3286,4866
3286,5004
3286,5057
3286,5069
3287,4104
3287,4672
3287,4966
3290,3515
3290,4305
3290,4804
3290,4870
3290,4920
3291,3949
3291,4339
3291,4734
3294,3306
3294,3600
3294,3675
3296,3371
3301,4257
3301,4718
3306,4002
3308,3655
3308,3677
3315,3783
3316,3896
3316,4925
3321,4448
3325,3399
3325,3559
3325,4090
3325,4637
3326,3786
3328,3625
3328,3657
3328,3896
3329,4758
3330,4799
3334,3374
3334,3578
3334,4756
3336,3687
3338,4764
3349,3920
3350,3826
3350,4119
3350,4288
3353,3935
3355,4353
3356,4140
3356,4402
3356,4436
3356,4629
3356,4709
3359,3720
3360,3920
3361,4440
3361,4950
3362,3380
3362,3734
3362,3806
3362,4023
3362,4510
3362,4849
3363,3885
3363,4734
3364,3504
3364,3683
3364,4162
3364,4579
3364,5018
3371,3373
3371,3763
3371,3910
3371,4031
3371,4351
3371,4447
3371,4461
3371,4861
3372,4718
3374,3675
3374,4350
3374,4586
3374,4897
3375,3625
3375,4582
3375,4971
3376,3416
3376,3427
3376,3826
3376,3885
3376,4265
3376,4511
3380,3563
3380,3734
3381,4356
3383,3519
3386,3805
3386,4410
3387,4703
3390,3760
3390,3856
3390,3920
3390,3995
3390,4090
3390,4092
3390,4235
3390,4384
3390,4458
3390,4507
3390,4731
3390,4739
3390,4764
3390,4781
3390,4868
3390,5069
3390,5073
3394,4566
3394,4819
3395,4038
3396,3519
3396,5016
3398,4017
3400,4124
3402,3578
3402,4718
3402,4756
3403,3920
3405,3757
3410,4920
3416,3427
3416,3672
3418,3722
3418,3916
3418,4527
3420,3526
3423,3543
3423,3808
3423,4761
3427,3854
3427,3885
3427,4455
3427,4623
3427,4771
3427,4791
3427,4849
3427,4949
3427,4954
3433,3672
3435,4293
3435,4520
3438,3819
3438,3920
3438,4021
3442,3700
3446,3663
3446,3673
3446,4718
3446,4995
3446,5005
3449,4003
3449,4380
3450,4099
3450,4352
3450,4761
3450,5091
3451,3673
3451,3746
3451,3758
3451,4215
3451,4678
3451,4748
3451,4787
3451,4954
3459,3889
3459,4503
3459,4768
3459,4782
3459,5084
3460,3492
3460,3990
3461,3933
3461,4827
3461,4916
3462,4289
3467,4915
3468,3860
3469,3815
3471,3822
3471,4462
3471,4735
3472,4948
3476,4679
3482,4270
3485,5041
3486,3518
3486,3697
3486,4702
3487,3535
3487,4363
3487,4479
3487,4503
3487,4807
3487,5002
3491,3560
3491,3578
3491,3646
3491,3654
3491,3689
3491,3733
3491,3798
3491,3806
3491,3964
3491,3973
3491,4091
3491,4509
3491,4514
3491,4567
3491,4762
3491,4802
3491,4846
3491,5016
3491,5077
3491,5083
3492,4390
3492,4509
3493,4415
3494,3519
3495,3896
3496,4901
3497,3977
3497,4210
3497,4727
3498,4718
3500,3519
3500,3921
3500,3938
3500,3969
3500,4642
3501,3672
3502,3612
3502,4082
3505,5076
3508,4114
3510,3614
3510,3814
3510,4077
3512,4394
3515,3519
3515,3674
3515,3949
3517,3996
3518,3523
3518,3559
3518,3637
3518,4262
3518,4401
3519,3559
3519,3675
3519,3752
3519,3958
3519,4009
3519,4077
3519,4116
3519,4187
3519,4191
3519,4237
3519,4242
3519,4251
3519,4374
3519,4537
3519,4545
3519,4632
3519,4728
3519,4746
3519,5020
3519,5049
3521,5002
3522,5070
3523,4114
3523,5002
3528,3556
3528,4988
3531,4868
3535,4363
3535,4479
3536,4410
3536,4483
3539,3604
3539,4219
3540,3603
3540,3697
3540,3827
3541,3888
3541,4626
3541,4646
3541,4759
3541,4938
3543,5002
3544,3720
3547,4348
3551,3687
3553,3757
3553,4606
3553,4952
3554,4288
3554,4829
3557,3896
3558,3975
3559,4237
3560,4619
3560,4895
3565,3734
3565,3806
3565,3831
3565,3866
3565,4637
3565,4849
3566,4907
3571,4339
3572,3687
3572,3938
3574,3885
3575,4254
3576,3684
3578,3678
3578,3720
3578,3757
3578,3763
3578,3807
3578,4079
3578,4100
3578,4190
3578,4564
3578,4606
3578,4688
3578,4739
3578,4756
3578,4859
3578,4901
3579,3614
3579,4117
3579,4718
3579,5062
3580,3631
3584,4121
3586,4440
3586,4593
3586,4868
3601,3795
3601,4316
3601,4718
3603,3638
3603,3818
3603,3827
3603,4520
3603,4710
3604,3668
3604,3669
3604,3996
3607,4949
3608,3737
3609,5010
3610,5002
3610,5003
3613,5002
3614,3722
3614,3854
3614,4148
3614,4673
3614,4795
3616,3820
3616,4541
3616,4734
3616,4868
3617,3996
3617,4895
3619,4740
3621,3913
3621,4849
3621,5017
3624,4362
3625,4245
3625,4386
3625,4527
3625,4582
3625,5056
3627,3757
3634,4086
3634,4940
3646,4401
3648,4249
3649,4436
3649,4903
3654,4225
3662,4714
3668,3669
3669,3955
3672,3756
3672,3872
3672,3964
3672,4055
3672,4066
3672,4164
3672,4185
3672,4214
3672,4233
3672,4244
3672,4344
3672,4364
3672,4367
3672,4425
3672,4459
3672,4461
3672,4468
3672,4477
3672,4511
3672,4552
3672,4632
3672,4646
3672,4673
3672,4765
3672,4803
3672,5027
3672,5070
3672,5079
3673,3763
3673,4126
3673,4351
3674,3709
3674,3868
3674,3900
3674,3949
3674,3992
3674,4305
3674,4422
3674,4545
3674,4568
3674,4597
3674,4672
3674,4734
3674,4775
3674,4947
3675,4003
3676,4249
3682,3848
3682,4186
3682,4358
3682,4765
3683,4162
3683,4344
3683,4579
3685,4344
3686,3968
3687,3720
3687,4663
3689,3938
3689,4385
3695,4173
3695,4249
3695,4453
3697,5071
3698,4118
3698,4143
3698,4319
3698,5073
3700,3993
3700,3996
3700,4437
3710,3769
3710,4670
3711,3712
3716,4079
3716,4520
3718,4505
3720,3807
3720,3865
3720,4306
3720,4466
3720,4819
3720,4936
3720,5073
3722,3861
3722,3877
3722,3920
3722,4185
3722,4231
3722,4268
3722,4301
3722,4338
3722,4527
3722,4697
3722,4933
3725,4354
3728,4108
3728,4273
3731,4551
3732,4842
3733,5027
3734,4055
3734,4109
3734,4173
3734,4849
3734,4857
3735,4552
3735,4949
3736,4818
3737,3757
3738,4424
3740,4794
3744,4431
3744,4900
3751,3886
3751,4104
3751,4672
3751,4785
3751,4966
3751,5002
3753,3860
3753,4386
3753,4445
3753,4460
3753,4602
3755,3826
3757,3885
3757,4095
3757,4262
3757,4296
3763,4551
3763,4756
3763,4825
3768,3967
3768,4280
3768,4316
3768,4398
3768,4506
3768,4567
3768,4840
3769,4715
3771,4404
3771,4422
3775,4388
3776,3901
3776,4552
3776,4829
3777,4028
3781,5002
3786,4840
3792,5047
3793,4915
3795,4718
3795,5041
3806,3866
3806,4189
3806,4827
3806,5012
3807,4034
3807,4319
3807,4551
3807,4597
3807,4819
3807,5076
3808,4386
3808,5056
3814,4475
3814,4737
3815,4108
3820,4044
3822,4735
3823,5028
3824,3841
3824,4251
3826,3878
3826,4791
3827,3982
3827,4410
3827,4483
3829,4351
3831,3866
3831,4473
3831,4479
3831,4637
3831,4714
3831,4827
3831,4876
3833,3979
3840,4409
3841,4539
3845,4173
3845,4249
3845,5002
3849,4028
3850,4969
3853,4662
3854,4795
3855,4352
3856,4050
3856,4819
3864,5020
3866,4510
3868,3949
3868,3992
3868,4734
3868,4947
3871,4619
3872,4300
3872,4846
3872,4999
3872,5034
3885,3887
3885,4339
3885,4347
3885,4455
3885,4711
3885,4717
3885,4811
3886,3938
3886,4104
3886,4672
3886,4701
3886,4947
3886,4966
3886,5002
3889,4768
3889,4782
3894,4333
3896,3949
3899,4278
3899,4422
3900,3992
3900,4734
3900,4947
3902,4148
3902,5061
3904,4050
3904,4306
3904,4851
3916,3968
3916,4103
3917,4316
3917,4947
3917,5077
3920,3977
3920,4492
3920,4733
3923,4966
3923,5032
3925,3947
3925,3976
3925,3982
3931,4339
3934,4722
3935,4756
3938,4385
3939,4761
3940,4767
3940,5079
3944,4583
3947,3982
3949,4305
3949,4534
3949,4545
3949,4597
3949,4708
3949,4734
3949,4775
3949,4874
3949,4880
3949,4895
3949,4947
3950,4672
3950,5002
3955,4249
3962,4422
3964,4301
3967,4316
3968,3986
3968,4108
3968,4527
3968,4846
3969,3973
3969,4108
3969,5021
3970,4300
3970,4317
3972,4034
3972,4382
3972,4759
3973,4071
3973,4837
3973,4846
3973,4919
3974,4141
3974,4890
3975,4394
3975,4405
3976,4448
3977,4103
3977,4678
3978,5091
3979,5002
3980,4173
3980,4249
3982,4251
3984,4582
3984,4761
3985,5041
3986,4125
3986,4731
3989,4727
3989,5071
3989,5085
3990,4475
3990,4574
3990,4895
3992,4049
3992,4305
3992,4597
3992,4711
3992,4734
3992,4775
3992,4947
3994,4472
3994,4546
3994,4656
3994,4942
3994,5020
3995,4156
3995,4718
3995,4790
3996,4367
3996,4390
3996,4451
3996,4480
4004,4840
4005,4665
4008,4069
4008,4440
4008,4733
4008,4734
4008,4920
4023,4367
4023,5076
4025,4181
4025,4472
4025,5020
4029,4675
4034,4275
4034,4503
4042,4578
4044,4154
4044,4545
4044,4734
4049,4895
4049,4947
4050,4851
4050,4868
4053,4203
4054,4583
4054,4915
4055,4249
4055,4354
4055,4506
4055,4739
4055,4818
4055,4849
4055,4954
4063,4760
4063,4971
4064,4410
4064,5012
4069,4417
4069,4422
4069,4498
4069,4711
4069,4926
4075,4281
4076,4895
4078,4456
4083,5018
4086,4682
4087,4874
4090,4868
4090,5020
4091,4353
4091,4701
4091,4736
4093,4265
4093,4374
4097,4354
4097,4475
4097,4492
4099,4761
4103,4148
4103,4527
4103,4606
4104,4651
4104,4672
4104,4684
4104,4836
4104,4966
4106,4619
4107,4656
4107,5020
4108,4300
4109,4173
4109,4849
4111,4826
4117,5062
4118,5073
4119,4151
4119,4448
4122,4351
4126,4251
4129,4842
4132,4333
4138,4904
4141,4225
4141,4989
4141,5002
4143,4288
4143,4319
4143,4497
4143,4895
4148,4482
4148,4795
4154,4440
4154,4619
4154,4920
4154,5020
4155,4249
4155,5028
4156,4503
4156,4895
4159,4410
4162,5018
4165,4438
4167,4288
4173,4249
4173,4251
4173,4404
4173,4443
4173,4818
4173,4852
4181,4472
4181,4546
4181,4560
4181,5020
4181,5087
4182,4833
4185,4511
4188,4354
4188,4358
4188,4520
4189,4900
4197,5027
4198,4475
4198,4714
4207,4965
4213,4520
4216,4913
4219,4345
4220,4665
4225,4410
4226,4626
4226,4947
4234,4678
4235,4333
4236,4445
4236,4527
4239,4240
4248,4761
4248,4924
4249,4511
4249,4818
4249,4852
4251,5087
4253,4390
4254,4920
4255,4330
4258,4277
4259,5069
4261,4285
4262,4352
4265,4360
4265,4374
4274,4633
4278,4440
4278,4568
4278,4734
4285,4354
4285,4520
4287,4288
4287,4417
4287,5028
4288,4566
4288,4654
4288,4829
4291,4718
4297,5002
4298,4333
4299,4602
4300,4802
4300,5047
4305,4734
4305,4920
4306,5045
4316,4398
4316,4718
4316,5077
4319,4497
4319,4555
4320,4929
4333,4657
4339,4823
4339,4895
4341,4353
4344,4819
4344,5017
4351,4410
4351,4908
4352,4386
4352,4456
4352,4932
4353,4637
4353,5064
4354,4520
4354,4987
4358,4601
4358,4849
4363,4404
4363,4422
4363,4479
4366,4914
4366,5002
4367,4516
4367,5038
4368,4707
4377,4790
4377,4895
4385,4404
4385,5064
4386,4550
4386,4761
4386,4932
4386,5056
4386,5091
4386,5092
4399,4517
4400,4864
4401,4827
4402,4619
4402,5002
4404,4846
4404,4895
4409,4819
4410,4516
4410,4619
4412,4619
4412,5002
4414,4718
4422,4475
4422,4614
4422,4656
4425,5002
4427,5028
4430,4527
4436,4965
4439,5002
4439,5091
4440,4711
4440,4874
4440,4880
4440,4919
4440,4947
4440,5041
4442,5002
4443,4796
4443,4985
4445,4460
4448,4679
4448,4684
4448,5072
4454,4575
4455,4511
4455,4564
4455,4679
4455,5084
4462,4862
4466,5002
4472,4546
4472,4560
4472,5020
4472,5084
4472,5087
4473,4523
4475,4520
4475,4733
4475,4868
4475,4914
4475,4987
4475,5020
4475,5067
4482,4916
4483,4842
4483,4968
4483,4975
4483,5000
4483,5001
4483,5003
4483,5021
4486,4728
4503,4549
4503,4816
4503,5005
4503,5020
4503,5021
4503,5084
4505,5002
4506,4756
4507,4837
4507,4846
4510,4876
4510,5076
4514,5016
4517,4718
4518,4570
4523,4591
4527,4895
4533,4960
4534,4947
4536,5002
4545,4734
4546,5020
4549,4656
4549,4942
4549,5020
4551,4603
4552,4871
4552,4949
4560,4656
4560,5020
4562,4770
4567,4570
4568,4614
4568,4775
4582,4761
4583,4851
4586,4897
4596,5002
4597,4734
4597,4947
4597,5003
4600,5071
4606,4756
4614,5013
4619,4975
4626,5076
4628,5045
4629,5032
4637,5085
4643,5047
4647,5016
4655,4656
4656,4942
4656,5020
4656,5084
4669,4907
4672,4701
4672,4947
4672,4966
4672,5002
4678,4861
4688,4965
4702,5002
4703,4983
4710,4807
4711,4734
4714,4961
4725,4861
4728,5031
4733,4907
4733,5079
4734,4775
4734,4920
4734,4989
4741,5002
4756,4802
4756,5027
4764,4990
4766,5071
4768,4782
4775,4920
4775,4947
4775,4948
4775,4966
4791,4836
4795,4837
4802,4831
4802,4915
4806,4829
4809,4947
4818,4852
4819,4895
4836,5020
4838,4996
4873,5003
4888,4932
4888,5091
4895,5020
4895,5021
4897,4966
4902,5003
4913,5047
4920,4947
4920,5058
4928,5028
4942,4947
4942,5020
4947,4954
4950,5041
4959,5002
4959,5020
4966,5002
4971,4987
4996,5092
5002,5057
5006,5039
5020,5084
5020,5087
5021,5030
