,E4N
0,0.0
1,0.0
2,0.004851547
3,0.0
4,0.0
5,0.0
6,0.0
7,0.0
8,2.2575e-05
9,0.002552525
10,0.0008916447500000001
11,0.0027642615000000002
12,0.0
13,0.00249123725
14,0.002842113
15,4.97e-05
16,0.009274415000000001
17,0.002161945
18,0.000719
19,0.0050424927500000005
20,0.02543877875
21,0.017900058750000003
22,0.00997611425
23,0.009251941
24,0.0094311755
25,0.018982509
26,0.0
27,0.0002055
28,0.0147189135
29,0.00145375
30,0.0007475
31,0.00414332575
32,0.00387212475
33,0.00466850625
34,0.00017375
35,0.013709824999999998
36,0.018399984
37,0.0003025
38,0.0021282377500000003
39,0.005736739249999999
40,0.00902453075
41,0.0050869142499999995
42,0.0
43,0.0160439185
44,0.022684767249999998
45,0.001090799
46,0.01793944475
47,0.0006360000000000001
48,0.013408746749999999
49,0.0013208496666666668
50,0.0
51,0.0
52,0.00046625000000000003
53,0.0
54,0.0011451877500000002
55,0.0001615
56,3.575e-05
57,0.0067112825000000004
58,0.0
59,0.0
60,0.0
61,0.0
62,0.00539250275
63,0.00021725
64,0.0033818282500000002
65,0.0020759105
66,0.002083455
67,0.000229
68,0.02392448175
69,0.007402395249999999
70,0.013641603750000002
71,0.00278938075
72,0.03166709125
73,0.013456559750000001
74,0.022381637750000002
75,0.0007915000000000001
76,0.004508603
77,0.002184627
78,0.0035871755000000003
79,0.00709339875
80,0.00164460825
81,0.0
82,0.005740885
83,0.0006503333333333334
84,0.0007208993333333333
85,0.0029355525
86,0.002218855
87,0.0
88,0.001198668
89,0.005579887249999999
90,0.0054395929999999995
91,0.0
92,0.0018281412500000002
93,0.02906158375
94,0.00484604075
95,0.0
96,6.8075e-05
97,0.0953858215
98,0.0051101385
99,0.008128049
100,0.0002735
101,0.00719614425
102,8.132500000000001e-05
103,0.0022303316666666666
104,0.0269839905
105,0.00835941325
106,0.0005870000000000001
107,0.0
108,0.0007731745
109,0.00214580975
110,0.00775304875
111,0.0091894855
112,0.00045
113,0.012428268
114,0.059143624000000006
115,0.0
116,0.00138156825
117,0.03401462075
118,0.001904757
119,0.0023276725
120,0.0
121,0.0009678692499999999
122,0.004158848999999999
123,0.0059458077500000005
124,0.008079362999999999
125,0.002326461
126,0.034898016750000004
127,0.0016755354999999999
128,0.001770295
129,0.0
130,0.0
131,0.0006000000000000001
132,0.010095234
133,0.0016980220000000002
134,0.009274184
135,0.011748269750000002
136,0.0120913355
137,0.00674740825
138,0.002549063
139,0.0033818285
140,0.0
141,0.021698517
142,0.001147192
143,0.0026136665
144,0.0016998665000000001
145,0.002848167
146,0.002000737
147,0.0017124190000000002
148,0.005321588
149,0.0022149833333333334
150,0.0002815
151,0.0016597587500000001
152,0.00093125
153,0.00218524475
154,0.0
155,0.0088043855
156,0.0
157,0.00704922775
158,0.0003675
159,0.000117225
160,0.0
161,0.00297928025
162,0.040708354
163,0.00029325
164,0.00879513975
165,0.0048418572500000005
166,0.00045
167,0.001439743
168,0.0025188855
169,0.007055536249999999
170,0.00553790675
171,0.001198668
172,0.00042124999999999997
173,0.00017299999999999998
174,0.07611468666666667
175,2.8849999999999997e-05
176,0.0
177,0.0025098894999999997
178,0.0014850573333333335
179,0.011775497250000001
180,0.01520991375
181,0.0283729515
182,0.0083248745
183,0.0
184,0.0016989025
185,0.0
186,0.0
187,0.005878767249999999
188,0.005954224
189,0.000673
190,0.00023574999999999998
191,0.0
192,0.0
193,0.0
194,0.005636685
195,0.0
196,0.0
197,0.0
198,0.00460991325
199,0.0
200,0.05319242375
201,0.032734485
202,0.064215727
203,0.154030225
204,0.00025472
205,0.00015075
206,0.001172402
207,0.009197189250000001
208,0.003486111
209,0.00285067025
210,0.0
211,0.0
212,0.0030291017500000002
213,0.005428330333333333
214,0.0032678625
215,8.0225e-05
216,0.007671313000000001
217,0.021233319666666667
218,0.00214965025
219,0.0
220,0.0007012215
221,0.0
222,0.00223663475
223,0.00943504525
224,0.0023997684999999998
225,0.00907196225
226,0.00066275
227,0.0
228,0.0019223346666666667
229,0.0
230,0.0461412805
231,0.0
232,0.0030050705
233,0.0030655170000000002
234,0.0
235,0.012546953
236,0.00996844325
237,0.00156953225
238,0.0008795292500000001
239,0.00029975
240,0.002825081
241,0.0
242,0.0
243,0.0001075
244,0.022267604
245,0.0001345
246,0.0
247,0.005354846
248,0.001080846
249,0.0033818285
250,0.00024250000000000004
251,0.0
252,0.014723959250000002
253,0.00554858875
254,0.013734400249999999
255,0.010895527499999998
256,0.0105092605
257,0.006215676000000001
258,0.013711011249999999
259,0.0
260,0.007975517
261,0.010262684
262,0.0
263,0.000427
264,0.0
265,0.00044675
266,0.0023604760000000002
267,0.0009945400000000001
268,0.011162344749999997
269,9.502499999999999e-05
270,0.00104327375
271,0.026250837
272,0.00498340575
273,0.0
274,0.014001097
275,0.010375392
276,0.0
277,0.007580838249999999
278,0.0023760252500000002
279,0.038591718750000004
280,0.019299945
281,0.0051502332500000005
282,0.007162746250000001
283,0.0
284,0.009933614
285,0.001907238
286,0.00660645
287,0.00030525
288,0.0
289,0.0
290,0.0
291,0.00791358875
292,0.0
293,0.0033092942500000003
294,8.340000000000001e-05
295,0.00050225
296,0.00102481425
297,0.00544144275
298,0.016690897
299,0.1066335075
300,0.0013091755
301,0.003990388750000001
302,0.020919830749999997
303,0.00046025
304,0.00667335275
305,0.010713496999999999
306,0.0
307,0.019833196999999997
308,0.009018203999999998
309,0.0135766335
310,0.01000647625
311,0.0
312,0.00246623625
313,0.000219855
314,0.037931296249999996
315,0.012596524500000001
316,0.0034165245
317,0.00412778025
318,0.00014525
319,0.0
320,0.00435596725
321,0.0193997995
322,0.00916481225
323,0.004885686249999999
324,0.000793
325,0.0
326,6.12e-05
327,0.00776718875
328,0.1577580075
329,0.0035307935
330,0.0
331,3.64e-05
332,0.0
333,0.00252778
334,0.0
335,0.0
336,0.00526624475
337,0.0025355894999999997
338,0.007881530999999999
339,0.00075875
340,0.00032
341,0.0033818285
342,0.0061807665000000005
343,0.01548288275
344,0.0051502332500000005
345,7.565e-05
346,0.0024574015
347,0.00127124375
348,0.0029912987500000003
349,0.0028028627499999998
350,0.0028007115
351,0.0
352,0.002297299
353,0.002652714
354,0.00209330075
355,0.0006529999999999999
356,0.005330348
357,0.01094785375
358,4.4125e-07
359,0.0047008815
360,0.062692194
361,0.0013087939999999998
362,0.046859328750000005
363,0.0010054977500000002
364,0.06157875874999999
365,0.00143988125
366,0.0011021092499999999
367,0.00431207475
368,0.0
369,0.01434078825
370,0.00055625
371,0.00212341775
372,0.0007731745
373,0.005576134
374,0.0
375,0.0
376,0.0
377,0.001198668
378,0.0025008947499999996
379,0.034151588000000004
380,0.0006670000000000001
381,0.0006503333333333334
382,0.0006360000000000001
383,0.0048684185
384,0.0
385,0.01316643575
386,0.0043186785
387,0.0
388,0.00747914
389,0.0051567802499999996
390,0.0003789
391,0.0012631876666666668
392,0.00346952325
393,0.000623
394,0.016200729749999997
395,0.0020011952499999998
396,0.00260019275
397,0.00027025
398,0.0
399,0.009621679
400,0.0012653965
401,0.0
402,0.0025251335
403,0.0013558592500000001
404,0.0006529999999999999
405,0.007275980499999999
406,0.000147
407,0.041933659
408,0.0
409,0.0029865856666666663
410,0.00484288325
411,0.004720692
412,0.00983890075
413,0.0193913905
414,0.00281730025
415,0.0013784735
416,0.0
417,0.0017648795
418,0.01506189125
419,0.00015775
420,0.0
421,0.0
422,0.005535742
423,0.0
424,0.0
425,0.0028566545
426,0.0
427,0.01097858025
428,0.0
429,0.014498178
430,0.002156078
431,0.032024591500000005
432,0.0208185835
433,0.00010825
434,0.00011116666666666665
435,0.00481307825
436,0.007525558
437,0.0
438,0.00458582175
439,0.0
440,0.0032582156666666664
441,0.001749608
442,0.00021925
443,0.0
444,0.003979731333333333
445,0.008111779500000001
446,0.006380426
447,0.00615375675
448,0.0005233333333333333
449,0.00419835825
450,0.0006721775
451,0.00077231175
452,0.0008496666666666666
453,0.0
454,7.145e-05
455,0.002156078
456,0.000758
457,0.00021575
458,0.006190788
459,5.27e-05
460,0.02300990425
461,0.0011375155000000001
462,0.006049161000000001
463,0.013729571000000001
464,0.018390098
465,0.00117208625
466,0.00193202025
467,0.056909363666666664
468,0.0
469,0.0
470,0.00122772875
471,0.010294598
472,0.005978098499999999
473,0.00671130275
474,0.033534471499999996
475,0.01983523825
476,0.0020195535
477,0.0
478,0.0184071705
479,0.01808065275
480,0.0009784695
481,0.009437537999999999
482,0.0
483,0.0
484,0.03479550075
485,0.00041125
486,0.0111527165
487,0.0
488,0.001439743
489,0.012962043250000001
490,0.0006075
491,0.007737796000000001
492,0.0017414655000000002
493,0.00571700925
494,0.000534
495,0.00382395125
496,0.0082565125
497,0.0039076725
498,0.019041652250000003
499,0.0007335
500,0.00041949999999999995
501,0.00036966666666666664
502,0.0
503,0.035722409
504,0.00265340525
505,0.006636991
506,0.044990985500000004
507,0.0
508,0.0
509,0.0
510,0.0
511,0.0152844815
512,0.017140377249999998
513,1.30725e-05
514,0.0
515,1.85e-05
516,0.00119581975
517,0.0024384325
518,0.030033098999999997
519,0.0
520,0.0002805
521,0.0
522,0.0065464107499999995
523,6.1075e-05
524,0.00012880000000000001
525,0.0037623377499999998
526,0.0012336545
527,0.00796131175
528,8.285e-05
529,0.0011595419999999997
530,0.004545292
531,0.00164483125
532,0.00174424325
533,0.0007630000000000001
534,0.014131425
535,0.00211212075
536,0.006615080000000001
537,0.010401823999999999
538,0.0003415
539,0.0007019999999999999
540,0.0014771885000000001
541,0.0
542,0.0
543,0.004764306750000001
544,0.006204923750000001
545,0.00556379475
546,0.0
547,0.0
548,8.734999999999998e-05
549,0.00317091825
550,0.00281107825
551,0.0012390250000000002
552,0.00452424925
553,0.002083455
554,0.044587422749999994
555,0.0
556,9.6025e-05
557,0.000953163
558,0.00224259175
559,0.007413309999999999
560,0.01124387
561,0.00046775
562,0.000495
563,8.340000000000001e-05
564,0.010051776250000002
565,0.00721398925
566,0.0001345
567,0.012259956
568,0.022500549
569,0.012192152250000001
570,0.008149209
571,0.00385997625
572,0.0037727435
573,0.01672030725
574,0.005672591
575,0.0076346157500000005
576,0.0531288235
577,0.00054625
578,0.0056071457500000005
579,0.01471089225
580,0.00850354775
581,0.006080705
582,0.0017052299999999999
583,7.7675e-05
584,0.0014600835
585,0.005387825
586,0.004759833
587,0.00322083625
588,3.1299999999999997e-06
589,0.00017275
590,0.0
591,0.001285039
592,0.012845430250000001
593,0.004164253
594,0.0
595,0.01912025775
596,0.0095825385
597,0.00829513575
598,0.004594416
599,0.00029275
600,0.0003685
601,0.014836930500000001
602,0.046965734
603,0.005671259499999999
604,0.0008240000000000001
605,0.0618985475
606,0.012035012000000001
607,0.0
608,0.0
609,0.000251
610,0.00025
611,0.0006425000000000001
612,0.0004135
613,0.0027852890000000003
614,0.027509214249999997
615,0.0441308905
616,0.015497580249999999
617,0.029606038249999998
618,0.00018625
619,0.0
620,0.0
621,0.00113432425
622,0.00054475
623,0.035966637499999995
624,0.042061860500000006
625,0.0015604045000000002
626,0.0012396573333333333
627,0.00025299999999999997
628,0.00142720475
629,0.075968045
630,0.0
631,0.0004135
632,0.013442114500000001
633,0.01097592
634,0.0070311985
635,0.00086642425
636,0.028984529
637,0.0020954652499999998
638,0.00018925000000000002
639,0.0652419835
640,0.01933388025
641,0.0
642,0.000699
643,0.002712646
644,0.00241958775
645,0.01224055175
646,0.0
647,0.0
648,0.0019505769999999998
649,0.0058014245
650,0.00090782275
651,0.004531011000000001
652,0.0020651135
653,0.004234577
654,0.0
655,0.00478988475
656,0.0005787500000000001
657,0.0
658,0.00018974999999999998
659,0.00405650275
660,0.0041940935
661,0.0017995180000000002
662,0.001387781
663,0.0
664,0.002661523
665,0.02147510725
666,0.0022103095
667,0.00880008575
668,3.83175e-06
669,0.00435596725
670,0.00072375
671,0.00010175
672,0.00081925
673,0.0
674,0.0004135
675,0.004415768
676,0.00634210125
677,0.00023299999999999997
678,0.0029353687499999994
679,0.036514464
680,8.827500000000002e-05
681,6.55e-06
682,0.0
683,0.0031610045
684,0.00827388625
685,0.01164299225
686,0.000391
687,0.0038116722499999998
688,0.00126324775
689,0.00811243675
690,0.000494
691,0.000688
692,0.0133789695
693,0.022205252
694,0.0004135
695,0.0007577500000000001
696,0.0
697,0.0012728945
698,0.0
699,0.0
700,0.040293466
701,0.005169504
702,0.0002565
703,0.00412609525
704,0.00479875125
705,0.0
706,0.0176743515
707,0.000312
708,0.0259031185
709,0.00047525000000000003
710,0.0
711,0.0062524525
712,0.011532261
713,0.013590487000000002
714,0.04593056375
715,0.00011575000000000001
716,0.010954521666666666
717,0.02495043275
718,0.009345287
719,0.007960789749999999
720,0.006619126
721,0.0038717125
722,0.008628624
723,0.00594827025
724,0.047011911749999996
725,0.02032564
726,0.0
727,0.0007731745
728,0.01879823025
729,0.0
730,0.02025326525
731,0.01045828675
732,0.0006971804999999999
733,0.025377568500000003
734,0.00778616775
735,0.0027567705
736,0.0005155
737,0.0
738,0.0
739,0.0051502332500000005
740,0.000676
741,0.02080352925
742,0.00185632625
743,0.00013866666666666669
744,0.0038258225
745,0.0005592500000000001
746,0.000417
747,0.0
748,0.013947632
749,0.0033145170000000003
750,0.01455980925
751,0.00910090225
752,0.002277523
753,0.00831537975
754,0.013479014999999999
755,0.0065614405
756,0.002152195
757,8.994999999999999e-05
758,0.0005639999999999999
759,0.0021107285
760,0.006701265666666667
761,5.0825e-05
762,0.0017124187499999999
763,0.00890731775
764,0.0
765,0.0047851822500000005
766,0.0033934642499999996
767,0.0239197915
768,0.004502342249999999
769,0.0017843007500000002
770,0.0
771,0.004370372666666666
772,0.07843657125
773,0.0
774,0.0
775,0.0017885577500000001
776,0.0055791535
777,0.00037775000000000005
778,0.003455637
779,0.00607009225
780,0.0009705817500000001
781,0.0
782,0.011483954999999999
783,0.047118217000000004
784,0.00379248325
785,0.0
786,0.011794232000000002
787,5.8025e-06
788,0.00108687625
789,0.002486064
790,0.00362642375
791,0.005693418499999999
792,0.00010875
793,7.975e-05
794,0.02308940775
795,0.0035922607500000004
796,0.0009705817500000001
797,0.000162
798,0.0
799,0.0
800,7.82e-05
801,0.0
802,0.008068495249999998
803,0.000117
804,0.0213530455
805,0.00408297325
806,0.0
807,1.0573333333333334e-05
808,0.00288001925
809,0.011389865499999999
810,0.0
811,6.8075e-05
812,0.0035380027499999998
813,0.0020908922500000003
814,7.56e-05
815,0.000374
816,0.00116855
817,0.00487573525
818,0.006363997999999999
819,0.0038912685000000004
820,0.0014801624999999999
821,0.011163703
822,0.0092401395
823,0.0155490125
824,0.0
825,0.0
826,0.027769376000000002
827,0.00318920525
828,0.00335464975
829,0.000392
830,9.0025e-05
831,0.0
832,0.0
833,0.005261129
834,0.0
835,0.0
836,0.0016468942500000002
837,0.00086631875
838,0.00010397499999999999
839,0.0
840,0.00165667975
841,0.015250786249999999
842,0.00495932775
843,0.0
844,0.00547021725
845,0.0491418945
846,0.00076325
847,0.012638316000000002
848,0.000525
849,0.00022524999999999997
850,0.000427
851,0.0
852,0.0076314415
853,0.0
854,0.0056376735
855,0.0015402735000000002
856,0.0059326547499999995
857,0.0
858,0.026897606
859,0.011781274250000001
860,0.0
861,0.0018306057499999997
862,0.0
863,0.00038445000000000005
864,0.00263838375
865,0.0001845
866,0.00232635075
867,0.001463584
868,0.007995442
869,0.0
870,0.0202447675
871,0.0025462285
872,0.0077808815
873,0.012388353500000001
874,0.007410024750000001
875,0.00250193
876,0.001185261
877,0.014265359
878,0.002307836
879,0.04599634125
880,0.0
881,0.023582794
882,0.00235054475
883,0.01298331
884,0.0015693257500000001
885,0.001080846
886,0.00028175
887,0.00021875
888,0.000135875
889,0.01371428775
890,2.785e-06
891,0.015484191750000001
892,0.0
893,0.00446554525
894,0.005164571
895,4.3625000000000006e-07
896,0.0011736082500000001
897,0.00112521825
898,0.01702194925
899,0.007480592
900,0.00015325
901,0.007306872
902,0.03982506425
903,0.010934409749999999
904,0.016969379
905,0.01833828
906,0.0029726019999999995
907,0.0
908,0.001944083
909,0.0006075000000000001
910,0.0008525
911,0.0165923665
912,0.002065891
913,0.00042
914,0.00227665775
915,0.041064982750000006
916,0.020942643249999997
917,0.001198668
918,0.008772903
919,0.015164893499999998
920,0.0
921,0.0036844
922,1.67e-05
923,0.00066225
924,0.0
925,0.0006360000000000001
926,0.00399453275
927,0.002369635
928,0.00346229775
929,0.01661186525
930,0.0005979999999999999
931,0.0011339325
932,0.0035574647500000002
933,0.02189370475
934,0.0
935,0.00177965175
936,0.01448939875
937,0.0
938,0.0
939,0.0019065502499999998
940,0.00093150125
941,0.003227887
942,0.003677624
943,0.014724550749999999
944,0.0028163750000000003
945,7.283333333333334e-07
946,0.0008185
947,0.0022857092500000002
948,0.00014225000000000002
949,0.0027212060000000003
950,0.00136683275
951,0.00024650000000000003
952,0.02626028966666667
953,0.0038072685
954,0.034067208
955,0.029117502249999996
956,0.0014633485
957,0.017929920250000002
958,0.0011210883333333335
959,0.000865125
960,0.02586509075
961,0.01243139825
962,0.0018666239999999999
963,0.00014199999999999998
964,0.013361299
965,0.006376448000000001
966,0.00101469275
967,0.01556900475
968,0.02455461825
969,0.0017640779999999999
970,0.0
971,3.315e-05
972,0.01625762775
973,0.016522090250000003
974,0.00038274999999999995
975,0.01094805075
976,8.9375e-06
977,0.007196144
978,0.004475938666666668
979,0.012245748666666667
980,0.008480590999999999
981,0.046533676749999996
982,0.02049577625
983,0.01183522425
984,0.0008820000000000001
985,0.0012271589999999998
986,0.0107711985
987,0.0
988,0.00015375
989,0.00412698725
990,0.018915896249999998
991,0.0147092915
992,0.0028089595
993,0.010119214500000001
994,0.00690729275
995,0.0005517499999999999
996,0.0
997,0.02457993425
998,0.00013825
999,2.8849999999999997e-05
1000,0.0019505769999999998
1001,0.00030349999999999995
1002,0.00014925000000000002
1003,0.00012175
1004,0.0008620305
1005,0.005428330333333333
1006,0.02427004225
1007,0.0279190335
1008,0.0
1009,0.0
1010,0.0
1011,0.000134
1012,0.0035894985
1013,0.00439135275
1014,0.004906647
1015,0.01409795375
1016,0.0053827445
1017,0.0033818285
1018,0.00591529375
1019,0.019273169
1020,0.00403218225
1021,0.0008045000000000001
1022,7.4625e-05
1023,0.001017787
1024,0.024225131500000004
1025,0.00507999575
1026,0.0156855085
1027,0.00024399999999999997
1028,0.012363287
1029,0.0001175
1030,0.00910465825
1031,0.0
1032,0.0
1033,0.00014399999999999998
1034,0.006906345499999999
1035,0.00028399999999999996
1036,0.0034901967500000006
1037,0.00016425
1038,0.00475333
1039,0.005993075
1040,0.000513
1041,0.0025986775
1042,0.0
1043,0.010039712749999999
1044,0.0010643745
1045,0.015648040499999998
1046,0.00193811175
1047,0.000364
1048,0.0009705817500000001
1049,0.01246746675
1050,0.00174762
1051,0.0096777605
1052,0.007410030749999999
1053,6.152499999999999e-05
1054,0.011186728
1055,0.0034134852500000003
1056,0.0025047669999999998
1057,0.00038525
1058,0.0001005
1059,0.00477571
1060,0.00042124999999999997
1061,0.00907047325
1062,0.00570940475
1063,0.0040251307500000005
1064,0.0045898810000000005
1065,0.0
1066,0.001207407
1067,0.000301
1068,0.0112044985
1069,0.00103062075
1070,7.682500000000001e-05
1071,0.00934089125
1072,0.00025035
1073,0.0
1074,0.009095801
1075,0.0018602055
1076,0.0
1077,0.00928753025
1078,0.009875866
1079,0.00062075
1080,0.0055421645
1081,0.0
1082,0.0
1083,0.0
1084,0.012626353666666666
1085,1.905e-05
1086,0.000545
1087,9.8775e-05
1088,0.00034066666666666664
1089,0.0095279985
1090,0.0
1091,0.00075375
1092,0.004670161
1093,0.010869816
1094,0.017284214
1095,0.0024918565000000004
1096,0.0019063160000000001
1097,0.0
1098,2.29e-05
1099,0.00163939975
1100,0.0033636427499999996
1101,0.0026962185
1102,0.02408864325
1103,5.27e-05
1104,0.00037175
1105,0.0
1106,0.019394907250000003
1107,0.00014400000000000003
1108,0.0
1109,0.0066247835
1110,0.00016575
1111,2.8849999999999997e-05
1112,9.275e-06
1113,0.0
1114,0.0128936675
1115,0.0082296855
1116,0.0
1117,0.012860325749999998
1118,0.004981082666666667
1119,0.00970730425
1120,0.0
1121,0.0335482075
1122,0.00020524999999999997
1123,0.07346209333333335
1124,0.01245775075
1125,0.001696207
1126,0.00508926525
1127,0.076989385
1128,0.0053505257500000005
1129,0.0
1130,0.0144916635
1131,0.005911258500000001
1132,0.0
1133,0.0
1134,0.007663606250000001
1135,8.7775e-05
1136,0.0002055
1137,0.0001383
1138,0.00088155425
1139,0.00830442275
1140,0.001188153
1141,0.008587756
1142,0.0
1143,0.0088662315
1144,0.000148
1145,0.016452532000000002
1146,0.0115017595
1147,0.0007055
1148,0.014964082
1149,0.00651204425
1150,0.00314397525
1151,0.0033072905
1152,0.006990181
1153,0.005693418499999999
1154,0.0069846775
1155,0.001342464
1156,0.00013395
1157,0.008208386000000002
1158,0.001198668
1159,6.9575e-05
1160,0.002370729
1161,0.00464227525
1162,0.025479586499999998
1163,0.002692275
1164,0.00019275
1165,6.672500000000001e-05
1166,0.00773183175
1167,0.00383827325
1168,5.27e-05
1169,0.000645
1170,0.0246358105
1171,0.0134827555
1172,0.0
1173,0.0012239685
1174,0.01793710975
1175,0.0
1176,0.00043475
1177,0.00296446975
1178,0.0020269485
1179,0.00066825
1180,0.00477028725
1181,0.00019947499999999998
1182,0.0011708615
1183,0.0014200590000000002
1184,0.00010712500000000002
1185,0.00346281925
1186,0.006990043499999999
1187,0.00276665
1188,0.0036662477500000006
1189,0.0001352
1190,0.016581092
1191,0.005665496
1192,0.0351412775
1193,0.0
1194,0.001655869
1195,0.031476847499999995
1196,0.0007523333333333335
1197,0.001223692
1198,0.00565696025
1199,0.0040556655
1200,0.0
1201,0.007435253249999999
1202,0.00149307575
1203,0.0043632440000000005
1204,0.0
1205,0.040368235749999995
1206,0.0
1207,0.00128327925
1208,0.015596945500000002
1209,0.0
1210,0.007196144
1211,0.020207134
1212,0.001483813
1213,0.0
1214,0.001626439
1215,0.0006364999999999999
1216,0.0175360265
1217,0.00123245075
1218,0.0008804812499999999
1219,0.0109643815
1220,0.0
1221,0.0
1222,0.0
1223,0.0
1224,0.0058071222499999995
1225,0.00019461500000000003
1226,0.0018698015
1227,0.00320972625
1228,0.00281107825
1229,0.05384919475
1230,0.0014470000000000002
1231,0.0033818285
1232,0.0007075
1233,0.00599930575
1234,0.0
1235,0.0
1236,0.001223692
1237,0.001921289
1238,0.0
1239,0.0012396573333333333
1240,0.0
1241,0.00037775000000000005
1242,0.0002535
1243,0.0004135
1244,0.0
1245,0.00207809325
1246,0.00011455000000000002
1247,0.00048525
1248,0.001234211
1249,0.0
1250,0.0033818285
1251,0.0
1252,0.0
1253,0.0
1254,0.00873577925
1255,0.031850026
1256,0.00230345325
1257,0.0025333805
1258,0.005469689
1259,0.0017183447499999997
1260,1.47e-06
1261,0.0
1262,0.0016354045
1263,0.0
1264,0.00044985
1265,0.0064279285
1266,0.0
1267,0.007132773
1268,0.0014974066666666667
1269,0.0242049635
1270,0.00028077500000000003
1271,0.0122095055
1272,0.007974486
1273,0.00053025
1274,0.00761623725
1275,0.00120710725
1276,1.99e-05
1277,0.00029299999999999997
1278,0.00018517500000000002
1279,0.00816620575
1280,0.005498349499999999
1281,0.0
1282,0.011108266249999998
1283,0.0006826975
1284,0.0
1285,0.020614246500000002
1286,0.00021750000000000003
1287,0.0020676393333333336
1288,0.00902974675
1289,0.01813099275
1290,0.00028399999999999996
1291,0.0003065
1292,0.0
1293,0.0
1294,0.0031382117499999997
1295,0.005912221
1296,0.008203436750000001
1297,0.0006557500000000001
1298,0.007196144
1299,0.007634647500000001
1300,0.008494281749999999
1301,0.0
1302,0.0
1303,0.0
1304,0.0
1305,0.000534
1306,0.0
1307,0.0
1308,0.0
1309,0.008087912749999999
1310,0.0
1311,0.0
1312,0.0011138460000000002
1313,0.046415518
1314,0.00013475000000000002
1315,0.00076032825
1316,0.01538614875
1317,0.013084984333333332
1318,0.005693418499999999
1319,0.0
1320,0.007161832999999999
1321,0.0026576315000000003
1322,0.00435596725
1323,0.00117357875
1324,0.00030825
1325,0.00737636675
1326,0.003119523
1327,0.0
1328,0.00178372875
1329,0.00355761025
1330,0.0075280964999999995
1331,0.037536675500000005
1332,0.01032734
1333,0.0317185035
1334,0.00100853825
1335,0.0022169485
1336,0.00265548325
1337,0.01630646275
1338,0.0
1339,0.00638628225
1340,0.03268581025
1341,0.01760057475
1342,0.00043149999999999997
1343,0.0023933617499999997
1344,0.0001965
1345,0.0014135172499999999
1346,0.015021575249999999
1347,0.014205357249999998
1348,0.040562012
1349,0.0012023513333333333
1350,0.002745138
1351,0.01929292525
1352,6.1000000000000005e-05
1353,0.0
1354,5.86e-05
1355,0.00430192
1356,0.00012742500000000002
1357,0.006157795
1358,0.0
1359,0.000544
1360,0.002847284
1361,0.0033818285
1362,0.005007538
1363,0.000544
1364,5.645e-06
1365,0.005896650999999999
1366,0.00503807225
1367,0.00147758
1368,0.0
1369,0.00803903175
1370,0.0011955715
1371,0.00024733333333333335
1372,0.004052911249999999
1373,0.0
1374,0.0
1375,0.00115366575
1376,0.0008974815
1377,0.020441520249999998
1378,0.0007731745
1379,0.005560924
1380,0.00394098775
1381,0.005502321
1382,0.02372159275
1383,0.0499800625
1384,0.00268996525
1385,0.0047991295
1386,0.004812778333333333
1387,0.0
1388,0.00048799999999999994
1389,0.00021775
1390,0.00107663225
1391,0.00169562925
1392,0.0
1393,0.0025194214999999997
1394,0.0082280215
1395,0.0
1396,0.0133762015
1397,0.0051502332500000005
1398,0.00064075
1399,0.000897589
1400,0.01524404875
1401,0.0005495000000000001
1402,0.006852581
1403,0.0010673955000000002
1404,0.0069799530000000005
1405,0.00302655225
1406,0.011089743999999999
1407,0.0
1408,0.038224315749999994
1409,0.009339192999999999
1410,0.02662805925
1411,0.0040260705
1412,0.027944504749999998
1413,0.007494734249999999
1414,0.002064839
1415,0.0
1416,0.04528308825
1417,0.00216058125
1418,0.0007352869999999998
1419,0.0
1420,0.00359646325
1421,0.00368341575
1422,0.00121292525
1423,0.048990924
1424,0.04477191925
1425,0.00383559625
1426,9.075e-05
1427,0.033537493749999994
1428,0.0013119719999999998
1429,0.0082342135
1430,0.11016219349999999
1431,0.00310217625
1432,0.0
1433,0.0
1434,0.0033646225
1435,0.00298901525
1436,0.0006417693333333333
1437,0.00044699999999999997
1438,0.0026685382499999997
1439,0.0
1440,0.0260835755
1441,0.000195925
1442,0.013638150500000001
1443,0.004081348
1444,0.000303
1445,0.003484205
1446,0.00022674999999999998
1447,9.895e-05
1448,0.0001026
1449,0.013663065499999998
1450,0.0
1451,0.0032979680000000005
1452,0.0119101135
1453,0.0051502332500000005
1454,0.0
1455,0.0
1456,0.059635770750000004
1457,0.00222651175
1458,0.0
1459,0.0154361595
1460,0.06030563550000001
1461,0.0010650815
1462,0.023807351499999997
1463,0.0014008644999999999
1464,0.0
1465,0.000534
1466,0.055873571
1467,0.0273954875
1468,0.053998119
1469,0.002488275
1470,0.0
1471,0.0001615
1472,0.0
1473,0.02260078475
1474,0.036081883
1475,0.00042
1476,0.000427
1477,0.002214693
1478,0.0
1479,0.00120710725
1480,0.0019172537499999999
1481,0.0005592500000000001
1482,0.0
1483,0.00039225
1484,0.01276809775
1485,0.0
1486,0.0016599645
1487,0.00171200675
1488,0.0019399515000000003
1489,0.0
1490,0.01715896225
1491,0.0062820277499999995
1492,0.00515871075
1493,0.0
1494,0.0001605
1495,0.0055063295000000005
1496,0.00665674575
1497,0.0
1498,0.0004135
1499,0.043294203749999996
1500,0.0047929224999999995
1501,0.0287574415
1502,0.0
1503,0.00024275
1504,0.0013436737500000001
1505,0.0036628
1506,0.00475496925
1507,0.0060500714999999995
1508,0.00067275
1509,0.0043600105
1510,0.000129875
1511,0.00035224999999999997
1512,0.00884633075
1513,5.023333333333333e-05
1514,0.0011208750000000001
1515,0.005824276999999999
1516,0.0
1517,0.000159
1518,2.0685e-05
1519,0.089581554
1520,0.014272386
1521,0.09852542166666667
1522,0.00152577225
1523,0.002443395
1524,0.0
1525,9.08325e-06
1526,0.009712708249999999
1527,0.0063569165
1528,0.00109041875
1529,0.003158011
1530,0.0012069092499999998
1531,0.0
1532,0.0
1533,3.46e-05
1534,0.00612326275
1535,0.00022875
1536,0.000388
1537,0.0
1538,0.0
1539,0.0
1540,0.0
1541,0.0
1542,0.002083455
1543,0.0
1544,0.0
1545,0.0
1546,0.01488871225
1547,0.007132695499999999
1548,0.0062222352499999994
1549,0.00808661025
1550,0.000588
1551,0.0
1552,0.00669432925
1553,0.00487237475
1554,0.0083642245
1555,0.0
1556,0.0001057
1557,0.0066311465
1558,0.0008459915
1559,0.0162783985
1560,0.00701188675
1561,0.0
1562,1.49e-05
1563,0.0052741635
1564,0.023450472
1565,0.002372491
1566,0.058068719000000005
1567,0.0015761332500000003
1568,0.012743161
1569,0.14413638
1570,0.0011521402500000002
1571,0.020883620000000002
1572,0.01065463725
1573,0.0035637512500000003
1574,0.0006886666666666665
1575,0.008479677750000001
1576,0.0022825122500000003
1577,0.005629498
1578,0.0017124187499999999
1579,0.003586474
1580,0.02529229875
1581,0.00287073925
1582,0.00018825
1583,0.0
1584,0.00015624999999999998
1585,0.00971039975
1586,0.0040937145
1587,0.0
1588,0.002662523
1589,0.01079070475
1590,0.017128771499999997
1591,0.06862051200000001
1592,0.000633992
1593,0.002341379
1594,0.00281107825
1595,5.05e-05
1596,0.03043878825
1597,0.045078387500000004
1598,0.002518712
1599,4.78e-05
1600,0.019708043
1601,0.0
1602,0.0
1603,0.0
1604,0.0
1605,0.0006695
1606,0.0007270000000000001
1607,0.0005
1608,0.00694545475
1609,0.00130189075
1610,0.0051502332500000005
1611,0.03874076925
1612,0.0
1613,0.00019055
1614,0.0016332807499999998
1615,0.0
1616,0.00016133333333333332
1617,0.0035470930000000003
1618,0.004419052
1619,0.001973555
1620,0.002055661
1621,0.0
1622,0.004908800666666667
1623,5.563333333333333e-05
1624,0.0183210395
1625,3.3525e-05
1626,0.0
1627,0.0
1628,0.001329315
1629,0.0055618895
1630,0.0009529285
1631,0.00099920125
1632,0.00830780225
1633,0.0033818285
1634,0.0
1635,0.039977430333333334
1636,0.023954239500000002
1637,0.0014008644999999999
1638,0.00539329
1639,0.00103360475
1640,0.00032025
1641,0.0002774
1642,0.0006716666666666667
1643,0.00133490925
1644,0.002170455
1645,4.1525000000000006e-05
1646,0.02511533075
1647,0.002760741
1648,0.011408874
1649,0.00024566666666666666
1650,7.745000000000001e-05
1651,0.0
1652,0.00545921075
1653,0.0
1654,0.0033818285
1655,0.009522057333333334
1656,0.0041123737499999995
1657,0.0
1658,2.26e-05
1659,0.0035043707499999997
1660,0.01033157
1661,0.0005563333333333333
1662,0.0
1663,0.00036375000000000003
1664,0.015423200750000001
1665,0.00014375
1666,0.004124189
1667,0.0027492575
1668,0.0022561015
1669,0.0033615282499999998
1670,0.0076477364999999985
1671,0.00013525
1672,0.01644782875
1673,0.00157411675
1674,0.00074175
1675,0.0015598092499999998
1676,0.0019952035
1677,0.0099643055
1678,5.0675e-05
1679,0.011671206
1680,0.02333204925
1681,1.295e-05
1682,0.0158375345
1683,0.00663627275
1684,0.00384739825
1685,0.001329315
1686,0.04262695975
1687,0.01941907875
1688,0.00077725
1689,1.555e-05
1690,0.021427691500000002
1691,0.019392528750000002
1692,0.0019952035
1693,0.0054658865
1694,0.0234278885
1695,0.001339841
1696,0.0081920665
1697,0.008006286250000001
1698,0.00126044625
1699,0.000385
1700,0.026510347249999996
1701,0.004114451
1702,0.008400594
1703,0.0101684545
1704,0.00324489375
1705,3.5925e-05
1706,0.0027312235000000002
1707,0.003418071
1708,0.072633383
1709,1.8075e-05
1710,2.6824999999999998e-05
1711,0.0008820000000000001
1712,5.326666666666667e-05
1713,0.0005027499999999999
1714,0.001058257
1715,0.0019445607500000002
1716,0.000865125
1717,0.0009640124999999999
1718,0.0
1719,0.00245788
1720,0.004402341
1721,0.00836204825
1722,0.007488118
1723,0.00032266666666666663
1724,3.83175e-06
1725,0.0
1726,0.0053218035
1727,0.0122099715
1728,0.0019477553333333332
1729,0.0019172220000000001
1730,0.038083865499999994
1731,0.0004919999999999999
1732,0.006031744750000001
1733,0.0
1734,0.00102481425
1735,0.0013172114999999997
1736,0.006465241500000001
1737,0.00580871625
1738,0.017160012
1739,0.037259452
1740,0.0033356622499999995
1741,0.0071129955
1742,1.7625e-05
1743,0.013664898500000001
1744,0.00785712075
1745,0.00229671875
1746,0.03323462275
1747,6.7475e-05
1748,3.7175e-05
1749,0.00313787475
1750,0.0
1751,0.0004653333333333334
1752,0.005047556333333334
1753,0.0760535435
1754,0.004353935749999999
1755,0.0018224875
1756,0.020726086
1757,0.02256786525
1758,0.0033233693333333332
1759,0.0032688555
1760,0.0329832975
1761,0.006422508666666667
1762,0.0034615645
1763,0.0015741917500000002
1764,0.05539299575
1765,0.01380786625
1766,0.006838163249999999
1767,0.00028675
1768,0.004880515
1769,0.0019599315
1770,2.7325e-06
1771,0.0
1772,0.00802316975
1773,0.0033818285
1774,0.00030825000000000004
1775,0.009516519
1776,0.00853206175
1777,0.00221523375
1778,0.004764510666666667
1779,0.000618
1780,0.0
1781,0.00233819975
1782,0.011810836
1783,8.696666666666666e-05
1784,0.005527079
1785,0.015398555000000001
1786,0.007196144
1787,0.00732161425
1788,0.041175007
1789,0.0149278105
1790,0.000437
1791,0.00311829325
1792,0.0005825
1793,0.0
1794,0.00981352175
1795,0.0342114025
1796,0.00346281925
1797,3.0075e-05
1798,0.0012452825
1799,0.0049253167499999995
1800,0.0007347499999999999
1801,0.0025796265
1802,0.0019457549999999998
1803,0.007141041
1804,0.01316310075
1805,0.00028399999999999996
1806,0.0010753695000000002
1807,0.0005009249999999999
1808,0.0147707155
1809,0.002649845
1810,0.006250588500000001
1811,0.0072647185000000005
1812,0.00011575000000000001
1813,0.004154949
1814,0.00858534675
1815,0.015190608500000001
1816,0.006619812000000001
1817,0.0004665
1818,0.0019401865
1819,0.00435417525
1820,0.0028514689999999997
1821,0.00166821375
1822,0.00014375
1823,0.0073100924999999995
1824,0.0007224999999999999
1825,0.00028675
1826,0.00016333333333333334
1827,0.0
1828,0.0051502332500000005
1829,0.001150817
1830,0.0015170227499999999
1831,0.0
1832,0.0073295845
1833,0.0004135
1834,0.01006834475
1835,0.0
1836,0.10569387125
1837,2.895e-05
1838,0.0033818285
1839,0.0
1840,0.000685
1841,0.00198464275
1842,0.00535274025
1843,0.006543106
1844,0.0008820000000000001
1845,0.028749198750000003
1846,0.000891349
1847,0.0050754125
1848,9.947500000000002e-05
1849,0.00285098875
1850,0.000513
1851,0.01002129425
1852,0.00343137825
1853,0.0014733625000000001
1854,0.002318284
1855,0.0
1856,0.00080580375
1857,0.003657495
1858,0.0
1859,0.008363689
1860,0.0077096556666666665
1861,0.006117137
1862,0.0
1863,0.00657444625
1864,0.0014365245
1865,0.0009996442500000001
1866,0.0015406305
1867,0.01649059725
1868,0.004057086499999999
1869,7.745000000000001e-05
1870,0.0025308975
1871,0.0001395
1872,0.0014224970000000002
1873,0.0065413152500000005
1874,0.00382354075
1875,0.0018174385
1876,0.01857295875
1877,0.000928707
1878,0.0
1879,0.0
1880,0.00892535
1881,0.0
1882,0.0031836102499999998
1883,0.052957251749999996
1884,0.02294430375
1885,0.0525872525
1886,0.01891797125
1887,0.01509473325
1888,0.04316058075
1889,0.00327846575
1890,0.006605834
1891,0.00128432625
1892,0.0
1893,0.0037963847500000003
1894,0.07837978000000001
1895,0.01734253775
1896,0.00032675
1897,5.6399999999999995e-05
1898,0.00126922475
1899,0.011795441750000002
1900,0.0051502332500000005
1901,0.0029593494999999997
1902,0.00674469225
1903,0.0051502332500000005
1904,0.00011235000000000001
1905,0.01046418225
1906,0.0008795000000000001
1907,0.02901493425
1908,0.00721274125
1909,0.0
1910,0.0002535
1911,0.0003965
1912,0.0013278693333333336
1913,0.000154
1914,4.4775000000000004e-05
1915,0.0067041127499999995
1916,0.00260104775
1917,0.0014246166666666666
1918,0.00193202025
1919,0.0
1920,0.000267
1921,0.0066088605
1922,0.001651913
1923,0.03740762025
1924,0.0
1925,0.003363185
1926,0.00152426275
1927,0.0036710125
1928,0.0
1929,0.0
1930,8.373333333333333e-05
1931,0.01808428825
1932,0.0
1933,0.0
1934,0.0
1935,0.0002135
1936,0.0
1937,0.00442488475
1938,0.0008930445
1939,0.0
1940,0.026774279250000005
1941,0.01666733325
1942,0.0
1943,0.00682628475
1944,0.00327518975
1945,0.0010867425
1946,0.0
1947,0.0
1948,0.0
1949,0.04283182575
1950,0.00134288425
1951,0.0012576190000000002
1952,0.0005204999999999999
1953,0.00235490325
1954,0.0001175
1955,0.00016625
1956,0.0002135
1957,0.0
1958,0.006632958249999999
1959,0.009517807999999999
1960,0.000242
1961,0.0
1962,0.00030275
1963,0.0049298875
1964,0.00229968375
1965,0.0
1966,0.0
1967,0.0033889
1968,0.00982825025
1969,0.000184
1970,0.011741691
1971,0.0013985607500000001
1972,0.00861172225
1973,0.0015710045000000001
1974,0.00157204375
1975,0.0019344943333333335
1976,0.00408427025
1977,5.5e-05
1978,0.01206783125
1979,0.005714957749999999
1980,6.116666666666667e-05
1981,0.0036897625
1982,0.0006810000000000001
1983,0.0003375
1984,1.1052500000000001e-05
1985,0.0108536785
1986,0.008991705
1987,0.0007731745
1988,0.0016585165
1989,0.0
1990,0.000337
1991,0.00056775
1992,0.0003463333333333333
1993,0.00382485625
1994,0.002773241
1995,0.000200675
1996,0.00012266666666666668
1997,0.0040231237500000004
1998,0.00031175
1999,0.0
2000,0.041843027750000004
2001,7.029999999999999e-05
2002,0.00170255025
2003,0.00923199475
2004,0.00216511225
2005,0.004522318250000001
2006,6.16e-05
2007,0.00031525
2008,0.012782777750000002
2009,3.3875e-05
2010,0.0034499047499999998
2011,0.0
2012,0.0091597975
2013,0.0029039225
2014,0.00207850425
2015,0.0
2016,0.00017600000000000002
2017,0.00127997825
2018,0.016305821749999998
2019,0.0072380412500000005
2020,0.02111251725
2021,0.015478207749999997
2022,0.0006247500000000001
2023,0.0030435183333333334
2024,4.573333333333333e-05
2025,0.03195498025
2026,0.00023725
2027,0.00017075
2028,0.00841141575
2029,0.0
2030,3.106666666666667e-05
2031,0.01263225725
2032,0.001124195
2033,0.0182922485
2034,0.00364044475
2035,0.0
2036,0.00146593725
2037,0.0005095
2038,0.002568827666666667
2039,0.00178232875
2040,0.04973632325
2041,0.0023011352500000005
2042,0.006865592
2043,0.004705197666666667
2044,0.0275645665
2045,0.0283515255
2046,0.0039726744999999996
2047,0.010990334249999999
2048,0.0022730004999999996
2049,0.02110699875
2050,0.0013277565
2051,0.0
2052,7.02e-05
2053,0.004317445499999999
2054,0.0
2055,0.009031353249999999
2056,0.0051681875
2057,0.020190299
2058,0.000105
2059,0.0
2060,0.00500431775
2061,0.0025520566666666668
2062,0.0
2063,0.0007731745
2064,0.0
2065,0.001080846
2066,0.0031208015
2067,0.0
2068,0.0
2069,0.0
2070,0.04707580525
2071,0.0046904137500000005
2072,0.006994544666666667
2073,0.0017124187499999999
2074,0.00123401425
2075,0.038897048000000004
2076,0.00168888625
2077,0.0078494985
2078,0.000871021
2079,0.00579231375
2080,0.00185632625
2081,0.0
2082,0.0
2083,0.0018747305000000002
2084,0.00730845
2085,0.0034480764999999997
2086,0.00156022825
2087,0.00031
2088,0.007411041250000001
2089,0.00850312575
2090,0.0
2091,0.00264402675
2092,0.0036688595000000006
2093,0.0001198
2094,0.00027775
2095,0.009214478750000001
2096,0.00041275000000000003
2097,0.0
2098,0.0
2099,0.014506527333333333
2100,0.018519142750000002
2101,5.86e-05
2102,0.0
2103,0.0
2104,0.00788139925
2105,0.002615273
2106,0.00765200675
2107,0.0037171755
2108,0.0
2109,0.0005823333333333332
2110,0.011774542249999999
2111,0.0
2112,0.007196144
2113,0.0
2114,0.00081
2115,0.0
2116,0.00034350000000000006
2117,0.005764959
2118,0.0020423547499999997
2119,0.0
2120,0.0007070000000000001
2121,0.0004363333333333333
2122,0.00256466225
2123,0.00278767525
2124,0.00364150775
2125,0.009444376499999999
2126,0.002488123
2127,0.06672771875
2128,0.0
2129,0.00664564025
2130,0.024445494
2131,0.0001515
2132,0.00975415
2133,0.000781
2134,0.008899069499999999
2135,0.00401208325
2136,0.025721708500000003
2137,0.0
2138,0.1108380025
2139,0.0007509999999999999
2140,0.00038666666666666667
2141,0.0304674
2142,0.00211044025
2143,0.006348101
2144,0.00074825
2145,0.00363548
2146,0.001433555
2147,0.0
2148,0.00143079425
2149,0.01291068
2150,0.00023825
2151,0.00263452925
2152,0.007646646
2153,0.000325
2154,0.0
2155,0.0004795
2156,0.0002605
2157,0.0
2158,0.0
2159,0.0
2160,0.06496217275
2161,0.0
2162,0.0
2163,0.0
2164,0.010232881499999999
2165,0.0002135
2166,0.00345582
2167,0.0075235195
2168,0.0
2169,4.743333333333333e-05
2170,0.013661931
2171,0.0044602075000000005
2172,0.06564606675
2173,0.0002705
2174,0.0068221622499999995
2175,0.0095470625
2176,0.0
2177,0.0
2178,0.00339422825
2179,0.0
2180,0.004325476
2181,0.000187
2182,0.00201213
2183,0.00985477975
2184,0.0023544445
2185,4.0275e-06
2186,0.0029358757499999997
2187,0.00659455175
2188,0.0
2189,0.0030622390000000005
2190,0.04715744775
2191,0.00121831175
2192,0.01948649775
2193,0.00417529775
2194,0.01193354575
2195,0.0
2196,0.02165918525
2197,0.02751966475
2198,0.00300587875
2199,0.0
2200,0.00017766666666666668
2201,0.0016347377499999999
2202,0.0
2203,0.004347401666666666
2204,0.007458510749999999
2205,0.0250522035
2206,0.00498340575
2207,0.00824970425
2208,0.004571234
2209,0.0011235322499999999
2210,0.000165
2211,0.031167163
2212,0.00403731275
2213,6.5425e-05
2214,0.00152186825
2215,0.00656607625
2216,0.0040468495000000005
2217,0.00610862775
2218,0.11274226375000002
2219,0.0019736972500000003
2220,0.0015764820000000001
2221,0.000274
2222,0.009646399
2223,0.01519497475
2224,0.0155851355
2225,0.00442541825
2226,0.00166371025
2227,0.00067875
2228,0.00253304725
2229,0.0
2230,0.006929620249999999
2231,0.006177206
2232,0.0045889355
2233,0.0
2234,0.01337091
2235,0.00078125
2236,0.037513992
2237,0.0
2238,0.006494667500000001
2239,0.0
2240,0.0036102952499999998
2241,0.0045370689999999995
2242,0.0
2243,0.0015468459999999997
2244,0.0042756159999999994
2245,0.00030925
2246,3.15e-05
2247,0.008632584499999998
2248,0.009444124250000002
2249,0.0
2250,0.006653911
2251,0.00031524999999999994
2252,0.00741356325
2253,0.000125175
2254,0.024487602
2255,0.007211189
2256,0.00449432375
2257,0.006982945000000001
2258,0.0
2259,0.00807596075
2260,0.0367744935
2261,0.020909272
2262,0.0005549999999999999
2263,0.001448199
2264,0.00932673775
2265,0.022324489000000003
2266,0.0030844495
2267,0.01054626025
2268,0.000632
2269,0.0
2270,0.002767286
2271,0.009050795
2272,0.022409065
2273,0.00111588025
2274,0.0030686607499999996
2275,0.012270112750000001
2276,0.010996032999999999
2277,0.0062831025
2278,0.0166695735
2279,0.0023505087500000003
2280,0.0073855085000000004
2281,0.0004135
2282,0.0016023316666666666
2283,0.0041266194999999995
2284,0.011883085666666668
2285,0.0002845
2286,0.00043633333333333333
2287,0.0065521667499999995
2288,0.039615191499999994
2289,0.00559396175
2290,0.0041413842499999996
2291,0.019186419
2292,5.310000000000001e-05
2293,0.0
2294,0.0031473272500000004
2295,0.005215222
2296,0.0004955
2297,0.00033375
2298,0.0023716245
2299,0.0027798564999999996
2300,0.0
2301,0.0
2302,0.0
2303,0.0
2304,0.0
2305,0.01348868475
2306,0.00253304725
2307,0.0009
2308,0.0081737705
2309,0.001164985
2310,0.000578
2311,0.01195949925
2312,0.00739228775
2313,0.00014433333333333334
2314,0.00282165225
2315,0.0015155102500000002
2316,0.00048524999999999995
2317,0.0051502332500000005
2318,0.0010245695
2319,0.007774834249999999
2320,0.0010417805
2321,0.0
2322,0.0
2323,0.0
2324,0.015106663
2325,0.00580889075
2326,0.00058775
2327,0.0
2328,0.0012108064999999998
2329,0.00395523075
2330,0.0
2331,6.89e-06
2332,0.00121292525
2333,0.00026825
2334,0.008125886499999999
2335,0.0
2336,0.016903145666666664
2337,0.0020872490000000002
2338,0.11703069475
2339,0.0017304769999999998
2340,0.00929890125
2341,0.00150515375
2342,0.000186
2343,0.0
2344,0.0009136715
2345,0.001080846
2346,0.015465333250000001
2347,0.0285641675
2348,0.0024353553333333333
2349,0.0039567940000000005
2350,0.00043124999999999994
2351,0.00782417225
2352,0.000241
2353,0.0014447050000000001
2354,0.00783553975
2355,0.000717
2356,0.00340567875
2357,0.0
2358,0.0
2359,0.0002455
2360,0.0064613167499999995
2361,0.06261520949999999
2362,0.000709
2363,0.0066574785
2364,0.0
2365,1.0586666666666666e-05
2366,0.028567086750000005
2367,0.0042552877499999996
2368,0.0134859965
2369,0.0007315
2370,0.0005625000000000001
2371,0.00407384775
2372,0.020283975
2373,0.00519737475
2374,0.001103284
2375,0.003415184
2376,0.0068605405
2377,0.0
2378,0.0
2379,0.00437797975
2380,1.0085e-05
2381,0.00042075
2382,0.00033375
2383,0.0
2384,0.0044454695
2385,0.0005952500000000001
2386,0.031413122333333335
2387,0.051528432
2388,0.0
2389,0.001170113
2390,4.743333333333333e-05
2391,0.007196144
2392,0.0
2393,0.00349886175
2394,0.01132993725
2395,0.030226353499999997
2396,0.00230796175
2397,0.0038787127500000003
2398,0.0002535
2399,0.00029625
2400,0.007039529
2401,0.0086075445
2402,0.0010700045
2403,0.011555176
2404,0.00012197500000000001
2405,0.01033201275
2406,0.00035725
2407,0.00078325
2408,0.0008359999999999999
2409,0.0098692395
2410,0.0
2411,0.000192
2412,0.00184931725
2413,0.01886959875
2414,0.0029893687499999997
2415,0.0021333285
2416,0.0323212045
2417,0.01463790125
2418,8.7725e-05
2419,0.00033600000000000004
2420,0.0033811136666666666
2421,0.004054861
2422,0.00448074
2423,0.0016377215000000001
2424,0.007710963499999999
2425,0.00269145725
2426,0.02592740275
2427,0.0111358905
2428,0.03960097975
2429,0.0013278693333333336
2430,0.0069354840000000004
2431,0.0181355195
2432,0.0014353094999999998
2433,0.004113269
2434,0.0018417462499999999
2435,0.00030774999999999997
2436,6.59e-05
2437,0.005380328249999999
2438,0.0375357285
2439,0.0
2440,0.00012030000000000001
2441,0.0251576465
2442,0.002217795
2443,0.001478613
2444,0.00038274999999999995
2445,0.0
2446,0.0
2447,0.0
2448,0.0
2449,0.0
2450,0.007026315
2451,0.002911862
2452,0.038993247499999995
2453,0.0017931505
2454,0.008554517250000001
2455,0.011278781249999998
2456,0.0027032955
2457,0.012022213
2458,0.00130320825
2459,0.005428330333333333
2460,8.193333333333334e-05
2461,0.0
2462,0.002591599
2463,0.0
2464,0.003984929333333333
2465,0.00257072875
2466,0.0051502332500000005
2467,0.00073825
2468,0.014028288
2469,0.00020299999999999997
2470,0.0033818285
2471,0.021253
2472,0.0
2473,5.49e-06
2474,0.007196144
2475,0.0
2476,0.00456131375
2477,0.0012550525000000002
2478,0.0009705817500000001
2479,0.0
2480,0.0
2481,0.000836067
2482,0.00028625000000000005
2483,0.0
2484,0.0
2485,0.0017763929999999998
2486,0.00604136075
2487,0.0070819577499999994
2488,0.009184431750000001
2489,0.0015307609999999998
2490,0.0668597825
2491,0.0
2492,0.004477597999999999
2493,0.007393422499999999
2494,0.0024015714999999997
2495,0.020767325750000003
2496,0.00251306825
2497,0.00053975
2498,0.00295623125
2499,0.07643942849999999
2500,0.00097136925
2501,0.000454675
2502,0.0007894999999999999
2503,0.0
2504,0.002491813
2505,0.0038889332499999997
2506,0.00041649999999999993
2507,0.001149008
2508,0.025512321
2509,0.019716061
2510,0.00022525000000000003
2511,0.0036951117500000005
2512,0.0068696885
2513,0.0066772875
2514,0.0
2515,0.000303
2516,0.00039889375
2517,8.255e-05
2518,0.0142451535
2519,0.0
2520,0.0028115985
2521,0.02801275625
2522,0.003410313
2523,0.00038625
2524,0.0
2525,0.00244868
2526,0.003626181
2527,0.01748079575
2528,0.00102481425
2529,0.0077798425
2530,0.01075257325
2531,0.00263203625
2532,0.001207407
2533,0.000319
2534,0.00517842175
2535,0.03487936375
2536,0.00011774999999999999
2537,0.0
2538,0.032527289
2539,0.0006335000000000001
2540,0.0009505527500000001
2541,0.0008414775
2542,0.00695648675
2543,0.00015167500000000001
2544,0.038342654000000004
2545,0.0
2546,0.0035823137499999998
2547,0.007531786749999999
2548,0.01022026875
2549,0.0
2550,0.0015817675000000002
2551,0.0055057777499999995
2552,0.000462
2553,0.007046257
2554,0.0088857755
2555,0.02037748025
2556,0.0
2557,0.019386528
2558,0.004400484999999999
2559,0.0181927835
2560,0.0002055
2561,0.0
2562,0.0427755065
2563,7.429999999999999e-06
2564,3.8125000000000005e-05
2565,0.0286584055
2566,0.0014138262499999998
2567,0.004289352749999999
2568,0.0
2569,0.04015419175
2570,0.004969538250000001
2571,0.00179334325
2572,0.02464720825
2573,0.0009288337499999999
2574,0.045038006500000005
2575,0.00023275000000000002
2576,0.0
2577,0.001469777
2578,0.01829232225
2579,0.0
2580,3.4699999999999996e-05
2581,0.005290137249999999
2582,0.0003175
2583,0.026508821
2584,0.0
2585,0.053144611
2586,0.000352
2587,0.04189958625
2588,0.00020675
2589,0.00040375000000000003
2590,0.006307401
2591,0.00233235825
2592,0.0010311045
2593,0.034698530000000005
2594,0.00058575
2595,0.006787057500000001
2596,0.00822592075
2597,0.0017124187499999999
2598,0.0
2599,0.0
2600,0.001907238
2601,0.0008045000000000001
2602,0.006916619
2603,0.00527374
2604,0.0
2605,0.0014335615
2606,0.00408404475
2607,0.00023999999999999998
2608,0.048786212999999995
2609,0.0
2610,0.005494712
2611,0.0
2612,0.00011966666666666664
2613,0.0
2614,0.009369428
2615,1.08e-05
2616,0.0
2617,0.003101807
2618,0.0027152934999999994
2619,4.5225e-06
2620,0.0006971300000000001
2621,0.005381582
2622,0.0
2623,0.00039225
2624,0.00335210025
2625,0.00053825
2626,0.00136715725
2627,0.0051502332500000005
2628,0.0006799999999999999
2629,0.000427
2630,0.00012095
2631,0.0018522855
2632,0.0007732075
2633,0.0002855
2634,0.0297216525
2635,0.0012487499999999999
2636,0.000427
2637,0.00021325
2638,0.0
2639,0.00040375000000000003
2640,0.024035823749999997
2641,0.00600397175
2642,0.00257005825
2643,0.0014564220000000002
2644,0.0
2645,0.018232995
2646,0.0
2647,0.00688689925
2648,6.2e-05
2649,0.0175154565
2650,0.0
2651,0.0011054843333333333
2652,0.00022324999999999998
2653,0.0019505769999999998
2654,0.0030787315
2655,0.00053825
2656,0.0
2657,0.0
2658,0.0013148747500000002
2659,0.00027233333333333336
2660,0.0128638865
2661,0.0015108174999999998
2662,0.00079199375
2663,0.0
2664,0.0
2665,0.0
2666,0.00025125000000000006
2667,0.011219134250000002
2668,3.2075e-05
2669,0.0
2670,0.0027531129999999997
2671,0.001016496
2672,0.02345107175
2673,0.0
2674,0.0
2675,0.004382932250000001
2676,0.00033800000000000003
2677,2.8625e-05
2678,0.000218
2679,0.0009776035
2680,0.00250618725
2681,0.0
2682,0.0036322615
2683,0.002156078
2684,0.000674
2685,0.005693418499999999
2686,0.043853765999999995
2687,0.00445799375
2688,0.0
2689,0.001046338
2690,0.0
2691,0.0
2692,0.0
2693,0.0035057547500000003
2694,0.00068125
2695,0.00065975
2696,0.00987386325
2697,0.0006886666666666665
2698,0.02251842525
2699,0.005693418499999999
2700,0.00338437775
2701,0.00045874999999999996
2702,0.0035637512500000003
2703,0.01355639375
2704,0.0009163882499999999
2705,0.0
2706,0.105240935
2707,0.0
2708,0.0
2709,0.00216270225
2710,0.00625186875
2711,0.0
2712,0.006506362
2713,0.025883721
2714,0.007196144
2715,4.3175000000000006e-05
2716,0.011629404999999999
2717,0.008977407
2718,0.0049931935
2719,0.001840649
2720,0.0022835015
2721,0.00191323825
2722,0.00358963125
2723,0.014003195999999999
2724,0.013411345250000001
2725,0.011576593500000001
2726,0.0230070765
2727,0.0
2728,0.031156008
2729,0.002531866
2730,0.00425739
2731,0.02508056925
2732,0.0
2733,0.0
2734,0.00157722275
2735,0.02103687925
2736,0.05643669525
2737,0.002156078
2738,0.0007099999999999999
2739,0.0049621195
2740,0.02405453525
2741,0.0022980095
2742,0.00247020325
2743,0.0039476945
2744,0.0032473765000000003
2745,0.035426972249999994
2746,0.07413215599999999
2747,0.005056990250000001
2748,0.02170849725
2749,0.0
2750,2.2490000000000003e-05
2751,0.0
2752,0.0006000000000000001
2753,0.0
2754,0.0
2755,0.00032674999999999995
2756,0.00011674999999999999
2757,0.0
2758,0.0017304769999999998
2759,0.00575866075
2760,0.00017825
2761,0.0053188307500000006
2762,0.0
2763,0.00908021675
2764,0.0092873725
2765,0.0005555
2766,0.006650613999999999
2767,0.00037349999999999997
2768,0.0032188240000000003
2769,2.4525e-06
2770,0.0
2771,0.0460718615
2772,0.00111495275
2773,0.0
2774,0.00034349999999999995
2775,2.1875e-05
2776,0.0
2777,0.00029175
2778,0.0
2779,0.00736936025
2780,0.00834372975
2781,0.0033818285
2782,0.00725770975
2783,0.0002115
2784,0.0
2785,0.00216058125
2786,0.01972257525
2787,0.0
2788,0.0027933395000000003
2789,0.00359858375
2790,0.001205658
2791,0.017098569
2792,0.0005701799999999999
2793,0.00201621075
2794,0.0034901967500000006
2795,0.00033775
2796,0.0
2797,0.00102481425
2798,0.00041375
2799,0.0127942995
2800,7.485e-05
2801,0.0024034385
2802,0.00831731625
2803,0.006217950250000001
2804,0.00025299999999999997
2805,0.00053675
2806,0.0010182180000000002
2807,0.009209302249999999
2808,0.010890122
2809,0.021262407250000004
2810,0.00732435125
2811,0.004840486
2812,0.0132937905
2813,0.011198863
2814,0.0241777695
2815,3.6725e-05
2816,0.0
2817,0.00021349999999999999
2818,0.013109283250000001
2819,8.395000000000001e-05
2820,0.00115579725
2821,0.016197108249999998
2822,0.00692039225
2823,0.0051707755000000005
2824,0.0
2825,0.005012538249999999
2826,0.0
2827,0.000959695
2828,0.003455637
2829,9.8775e-05
2830,0.0
2831,0.013701281000000001
2832,0.00048049999999999997
2833,0.0
2834,0.00281107825
2835,0.0028089595
2836,0.01345462925
2837,0.007497006
2838,0.00102481425
2839,0.002286031
2840,8.2575e-06
2841,0.01079153625
2842,0.0001081
2843,0.00172814125
2844,0.0017124187499999999
2845,0.00137727275
2846,0.00444338425
2847,9.8775e-05
2848,0.007070390250000001
2849,0.0053213900000000005
2850,0.00130931825
2851,0.0168968215
2852,0.0
2853,0.007885304499999999
2854,0.00117369025
2855,0.0017124187499999999
2856,0.001394113
2857,0.0037741725
2858,0.0
2859,0.0288917855
2860,0.0
2861,0.0011404405
2862,0.0011878555000000002
2863,0.00565131225
2864,0.00895370575
2865,0.0008215000000000001
2866,0.003657495
2867,0.0
2868,0.00767403325
2869,0.00384212825
2870,0.015749423749999998
2871,0.019765759
2872,0.00965323375
2873,7.446666666666667e-06
2874,0.0
2875,0.000427
2876,1.82e-05
2877,0.00429233125
2878,0.00177079375
2879,0.0009913324999999999
2880,0.002262881
2881,0.0
2882,0.02894401025
2883,0.0033266295
2884,0.0035037742499999997
2885,0.0063804365
2886,0.0
2887,0.0
2888,0.024201287250000002
2889,0.0015302775
2890,0.0
2891,0.0011375155000000001
2892,0.03417046125
2893,0.0
2894,0.0001405
2895,0.0033818285
2896,0.009328495999999999
2897,0.0020359197500000002
2898,0.0
2899,0.01087049925
2900,0.0
2901,0.0011508002499999999
2902,0.00328070525
2903,0.00072375
2904,0.001028662
2905,0.0
2906,0.00712752125
2907,0.0031723009999999998
2908,0.06552435825
2909,0.02147088825
2910,0.0009678692499999999
2911,0.0007731745
2912,0.00899456725
2913,0.00120710725
2914,0.0033818285
2915,0.02061980975
2916,0.00183040475
2917,0.00010273333333333334
2918,0.0001805
2919,0.009774895250000002
2920,0.006304573000000001
2921,0.011015957250000001
2922,0.0001215
2923,0.002083455
2924,0.0
2925,4.7600000000000005e-05
2926,0.006555525500000001
2927,0.0
2928,0.0007505000000000001
2929,0.00346911925
2930,0.0023794285
2931,0.0028726500000000005
2932,0.0036935205000000002
2933,0.003403786
2934,0.025372679750000002
2935,0.00102481425
2936,0.0009705817500000001
2937,0.0
2938,0.013765364999999998
2939,7.686666666666667e-05
2940,0.0001858
2941,0.0010291513333333332
2942,0.00456316375
2943,0.01653541725
2944,0.0240534455
2945,0.00084275
2946,0.0053436987500000005
2947,0.0023813544999999998
2948,0.005176145
2949,0.000198
2950,0.0019676552500000003
2951,0.0001745
2952,0.00032075
2953,0.006139551666666666
2954,0.0017754350000000001
2955,0.0
2956,0.0001515
2957,0.0007505000000000001
2958,0.002601272
2959,0.0015812952499999998
2960,0.0
2961,0.0016054727500000002
2962,0.0181085255
2963,8.7725e-05
2964,0.0035920716666666664
2965,0.001610368
2966,0.000112
2967,0.00683873425
2968,0.000967
2969,0.0015302775
2970,0.013976878750000001
2971,0.0113541865
2972,0.004384538
2973,0.00031235
2974,0.0007731745
2975,0.0022702725
2976,0.0
2977,0.003639501
2978,0.004146636
2979,0.00214965025
2980,0.0038441662500000003
2981,0.0034586870000000002
2982,0.0
2983,0.0
2984,0.0
2985,3.3e-05
2986,0.00010379999999999999
2987,0.00216707225
2988,1.01475e-05
2989,0.0033889002499999997
2990,0.006257245
2991,0.01995298625
2992,0.0009705817500000001
2993,0.0002455
2994,0.0033630310000000003
2995,0.00033049999999999996
2996,0.0
2997,0.02296679825
2998,0.00052125
2999,0.006604632
3000,0.0
3001,0.009889281750000001
3002,0.0
3003,0.0026634502500000002
3004,0.01075810075
3005,0.00599176525
3006,0.0015302775
3007,0.00472167075
3008,0.0038717125
3009,0.04238054225
3010,0.008987911500000001
3011,0.0113548875
3012,0.0022210587499999998
3013,0.0132922595
3014,0.0009678692499999999
3015,0.0051502332500000005
3016,0.002401576
3017,0.0003495
3018,0.03037248475
3019,0.0062599629999999995
3020,0.0025124210000000004
3021,0.00041375
3022,0.0033818285
3023,0.0
3024,0.00032925
3025,0.0
3026,0.019686586000000002
3027,0.0
3028,0.0007022500000000001
3029,0.00444338425
3030,0.0011148145
3031,0.0
3032,0.003968915
3033,0.010444031
3034,0.00015549999999999999
3035,0.007562478
3036,0.0032615490000000003
3037,0.001707325
3038,0.000322
3039,0.0010825939999999999
3040,3.4e-05
3041,0.000526
3042,0.0
3043,0.00016675000000000001
3044,0.0029912987500000003
3045,0.000297
3046,0.0
3047,0.00079
3048,0.001080846
3049,0.0003215
3050,0.0
3051,0.00795425875
3052,0.007196144
3053,0.00010840749999999999
3054,0.0016377215000000001
3055,0.07876452249999999
3056,0.0060185255
3057,0.0036218467499999994
3058,0.00018225
3059,0.00012913333333333335
3060,0.0062329494999999995
3061,0.0033818285
3062,0.00127111175
3063,0.007196144
3064,0.007994569
3065,0.00102481425
3066,0.00081825
3067,0.0017390312500000001
3068,0.015760604249999997
3069,0.0
3070,0.00457450775
3071,0.00273173
3072,0.00013395
3073,0.008272624249999999
3074,0.006396134249999999
3075,0.00073475
3076,0.0051148645
3077,0.0009072500000000001
3078,0.008638906750000001
3079,0.00124317575
3080,0.01257152175
3081,0.0005729999999999999
3082,0.02773214425
3083,0.0
3084,0.000314
3085,0.02698263725
3086,3.2600000000000006e-05
3087,0.012137367
3088,0.0020222869999999998
3089,0.004401358750000001
3090,0.0024203645
3091,0.01514302325
3092,0.0
3093,0.02553074575
3094,0.00214352375
3095,0.0
3096,0.0
3097,0.0
3098,0.003655918333333333
3099,0.0020344630000000002
3100,1.533333333333333e-05
3101,0.0042392852500000005
3102,0.0
3103,0.004949116
3104,0.0014002462499999998
3105,0.011709761249999999
3106,0.00815286325
3107,0.00086211025
3108,0.00091217125
3109,0.0
3110,0.00010273333333333334
3111,0.00493905375
3112,0.001137601
3113,0.0002061
3114,1.1200000000000001e-05
3115,0.0040135414999999995
3116,0.005668738499999999
3117,0.014127166000000002
3118,0.000174
3119,0.0051502332500000005
3120,0.0
3121,3.8675000000000005e-05
3122,0.0019047572499999998
3123,0.0004275
3124,0.0
3125,0.0063013539999999995
3126,0.0
3127,0.0
3128,0.0231412965
3129,0.003299749
3130,0.0013809656666666668
3131,0.0033067725
3132,0.017259820999999998
3133,0.0
3134,0.0
3135,0.00872526775
3136,0.00038199999999999996
3137,0.0019953304999999998
3138,8.49e-06
3139,5.4025000000000005e-05
3140,0.003060058
3141,0.014996313
3142,0.0028481667499999997
3143,0.004247992
3144,0.0203325005
3145,6.960000000000001e-05
3146,0.0051502332500000005
3147,0.005555427
3148,0.00575317775
3149,0.0007377500000000001
3150,0.0
3151,0.00015475000000000002
3152,0.00215538275
3153,0.0010496013333333334
3154,0.00033049999999999996
3155,0.00212096775
3156,0.012022890000000001
3157,1.5525e-06
3158,0.0043602975
3159,0.0
3160,0.0034275345
3161,2.255e-05
3162,9.8775e-05
3163,0.0
3164,0.008381235
3165,5.625e-05
3166,0.00377701475
3167,0.0
3168,0.00027325
3169,0.004733455
3170,1.2975e-05
3171,0.00017749999999999998
3172,0.00614146425
3173,0.00047375
3174,0.00042124999999999997
3175,0.020794176000000004
3176,0.00265502075
3177,0.00016575
3178,0.000997911
3179,0.010068676749999998
3180,0.0
3181,0.002424075
3182,0.006295051249999999
3183,6.023333333333333e-05
3184,0.0055618895
3185,0.00724202375
3186,0.00354311325
3187,0.0
3188,0.0522956845
3189,0.0018266646666666667
3190,0.0
3191,0.00216058125
3192,0.02173179975
3193,0.01650441525
3194,0.000527
3195,0.011074859
3196,0.014777057
3197,0.0006328955
3198,4.9625e-06
3199,0.012122342500000001
3200,0.001185261
3201,0.001763671
3202,0.0
3203,0.0009505527500000001
3204,0.0010493627500000001
3205,0.00442093325
3206,0.00465863125
3207,0.060223457499999994
3208,0.011379322249999999
3209,0.00397761625
3210,0.0
3211,0.0032922317499999997
3212,0.0057765214999999995
3213,0.00667080675
3214,0.0044066055
3215,0.011396353500000001
3216,0.012681528000000001
3217,0.0030494665
3218,0.0
3219,0.0
3220,0.0051502332500000005
3221,0.012325595750000001
3222,0.00046924999999999994
3223,0.017957312
3224,0.007712587
3225,0.0143408535
3226,0.0036656095
3227,0.00228462475
3228,0.0
3229,0.00128533325
3230,5.3349999999999996e-05
3231,0.00221372575
3232,0.0013806165
3233,0.002692275
3234,0.01579062525
3235,0.00355511
3236,0.009315414250000001
3237,0.0
3238,0.02117111075
3239,0.00021633333333333332
3240,0.00046216374999999996
3241,0.010665145000000001
3242,0.0017059100000000002
3243,0.00555456725
3244,3.47275e-05
3245,0.0021048335
3246,0.0
3247,7.005e-05
3248,0.0
3249,0.002016787
3250,0.023356704000000002
3251,0.000134
3252,0.0008975
3253,0.03600261025
3254,0.010568325
3255,0.0
3256,0.0012374612500000001
3257,0.0005151382499999999
3258,0.0014564902499999998
3259,0.006229996
3260,0.00575554
3261,0.0
3262,0.0016257382499999997
3263,0.0
3264,0.00172550325
3265,0.00010696666666666666
3266,0.0
3267,0.00280365875
3268,5.0975000000000006e-05
3269,0.00062875
3270,1.9825e-05
3271,0.0
3272,0.0498256145
3273,0.002208569
3274,0.0008862305000000002
3275,0.0
3276,0.08414735999999999
3277,0.0003105
3278,0.013670739500000001
3279,0.00765709925
3280,0.00046033333333333326
3281,0.017822702000000003
3282,0.012240308750000001
3283,0.0
3284,0.0041498815
3285,0.07448752375
3286,0.00725138575
3287,0.0
3288,0.0
3289,0.02736531575
3290,0.029812125249999998
3291,0.00015050000000000003
3292,0.00013075
3293,0.0023964665
3294,0.0
3295,0.0010842582500000001
3296,1.2700000000000002e-05
3297,0.00018525000000000003
3298,0.0033818285
3299,0.01531284175
3300,0.00148012575
3301,0.00198273225
3302,0.0
3303,0.00929932825
3304,0.0060147772500000005
3305,0.00304205325
3306,0.0028481667499999997
3307,0.00089525
3308,0.006986945
3309,0.002057512
3310,0.00022524999999999997
3311,0.000221
3312,0.0
3313,0.00075275
3314,0.0033656815
3315,0.0250351815
3316,0.009310965499999999
3317,0.0023978915
3318,0.00038875
3319,0.001254499
3320,0.00066175
3321,0.0
3322,0.01625061325
3323,0.00281107825
3324,0.01377397875
3325,0.0027580010000000004
3326,0.0
3327,0.014760122
3328,5.645e-06
3329,0.00119199425
3330,0.0024274105000000002
3331,0.0014644895
3332,0.001352872
3333,0.01599060875
3334,3.1352499999999995e-05
3335,0.0058906455
3336,0.0051182549999999995
3337,0.004928027749999999
3338,0.0
3339,0.0012214839999999997
3340,0.00102481425
3341,0.0
3342,0.00080962125
3343,0.0
3344,0.0
3345,9.83e-06
3346,0.0
3347,0.08161593466666667
3348,0.0019040224999999997
3349,0.015303826
3350,0.012396392249999999
3351,0.005245347000000001
3352,0.0016157687499999999
3353,0.0
3354,0.005434012250000001
3355,0.01749475475
3356,0.005036875749999999
3357,0.0008795
3358,0.00444338425
3359,0.0034239525
3360,0.004860309
3361,0.01715253575
3362,0.012971614999999999
3363,0.015403103
3364,0.007405357000000001
3365,0.0011532496666666668
3366,0.0033818285
3367,0.013142975749999999
3368,0.00029
3369,0.001106734
3370,0.0225060315
3371,0.0019195582500000001
3372,0.00102481425
3373,0.040207316
3374,0.00421354175
3375,0.02204780275
3376,0.002261312
3377,0.0
3378,0.000501
3379,0.01201858375
3380,0.0
3381,0.004308640000000001
3382,0.001198668
3383,0.0
3384,0.009788904
3385,0.00276411875
3386,0.006420576
3387,0.000188
3388,0.0078866325
3389,0.04241981925
3390,0.00120710725
3391,0.0021254266666666665
3392,0.0
3393,0.005834075750000001
3394,0.016268539999999998
3395,0.00659690775
3396,1.027e-05
3397,0.0
3398,0.0034407117500000004
3399,0.010947743
3400,0.00699194325
3401,0.0107936315
3402,0.0059669285
3403,0.00060808375
3404,0.01583464575
3405,0.00022124999999999998
3406,0.00127884875
3407,0.0
3408,0.016670821250000002
3409,0.002770083
3410,0.0033978026666666664
3411,0.00452349625
3412,0.00075825
3413,0.0
3414,0.0002705
3415,0.021419384
3416,0.0006522499999999999
3417,0.039031640000000006
3418,0.0008885
3419,0.0001967575
3420,0.00666648625
3421,0.0062635676666666674
3422,0.0040541485
3423,0.00239945
3424,0.0
3425,0.005427016
3426,0.03046866175
3427,0.0
3428,6.9575e-05
3429,0.0
3430,0.0
3431,0.00473397125
3432,0.004520953
3433,0.0011433217500000001
3434,0.018453893
3435,0.0
3436,0.002615833
3437,0.0019120424999999998
3438,0.0024063889999999997
3439,0.0028089595
3440,0.009986627750000001
3441,0.000571
3442,0.0
3443,0.0003755
3444,0.0
3445,0.0037095202500000003
3446,0.0
3447,0.007834399499999999
3448,0.00718780475
3449,0.009447336
3450,0.00924503475
3451,0.0
3452,0.0008352500000000001
3453,0.011259736666666667
3454,0.00035166666666666663
3455,0.0033818285
3456,0.0013621645
3457,0.00329497575
3458,0.00379120325
3459,0.00495937275
3460,0.015738952
3461,0.0
3462,0.0
3463,0.0043671529999999995
3464,0.0003903333333333333
3465,0.0
3466,0.0064102945
3467,4.4275000000000006e-05
3468,0.00966130425
3469,0.0002953333333333334
3470,0.001016145
3471,0.0036225947500000003
3472,0.0017527539999999998
3473,0.000754
3474,0.0079987535
3475,0.00707669225
3476,0.0
3477,0.010890499
3478,0.001058257
3479,0.0
3480,0.0004805
3481,9.0975e-05
3482,0.002465288
3483,0.0
3484,0.000146
3485,0.0006475000000000001
3486,0.00635788425
3487,0.0015359436666666666
3488,0.0055063715
3489,0.00016999999999999999
3490,0.037673360749999996
3491,0.012650116999999999
3492,0.01850989925
3493,0.01057130975
3494,0.01572341325
3495,0.0005295
3496,0.0138200065
3497,0.02390273875
3498,0.013484442999999999
3499,0.00909590775
3500,0.00216058125
3501,6.0024999999999995e-05
3502,0.005018609
3503,0.000699
3504,0.02382401825
3505,0.00546520475
3506,0.002874703
3507,0.0008334999999999999
3508,0.00247290525
3509,0.018211488
3510,0.00067475
3511,0.0070531465
3512,0.02127291075
3513,0.00043125000000000005
3514,0.01957717825
3515,7.04e-05
3516,0.0019191065
3517,0.01227259375
3518,0.02631628625
3519,0.0
3520,0.0007731745
3521,0.00399439875
3522,0.00954759875
3523,0.0
3524,6.5525e-06
3525,0.00417004
3526,0.00028375
3527,0.0010848825
3528,0.00019850000000000003
3529,0.00122707025
3530,0.00524090925
3531,0.0075628055
3532,0.00063575
3533,0.0
3534,0.0061567735
3535,0.00085025
3536,0.0011690533333333331
3537,0.0033818285
3538,0.00041325
3539,0.008327484
3540,0.01504246425
3541,0.0
3542,0.00103249425
3543,0.00444338425
3544,0.00046849999999999995
3545,0.0042162085
3546,0.00047349999999999996
3547,0.00123421325
3548,0.008394813
3549,0.0
3550,0.00218417175
3551,0.00098635125
3552,0.0023306475
3553,0.017327606
3554,0.005057505249999999
3555,0.0024956192500000004
3556,0.0037748664999999997
3557,0.00065175
3558,0.00389176
3559,0.010910425999999999
3560,0.010648033000000001
3561,0.0
3562,0.008895985
3563,0.00757195
3564,0.013542467749999999
3565,0.0076202100000000005
3566,0.0
3567,0.0
3568,0.0
3569,0.00192102275
3570,0.005216993499999999
3571,0.02526953825
3572,0.011720713999999998
3573,0.002088442
3574,0.00027925
3575,0.0021326475000000003
3576,0.0071409085
3577,0.122038395
3578,0.012184289999999999
3579,0.0017711132500000002
3580,0.00092603
3581,0.0012116155
3582,0.0
3583,5.5e-05
3584,0.0012097115
3585,0.02064127675
3586,0.0
3587,0.0001352
3588,0.0
3589,0.0
3590,0.0
3591,0.0017124187499999999
3592,0.0
3593,0.00341449625
3594,0.0
3595,0.0027736902500000004
3596,0.011142386
3597,0.0014770382500000003
3598,0.0
3599,0.0001205
3600,0.011219420249999999
3601,0.00182984875
3602,0.008457408999999999
3603,0.008551396000000001
3604,0.000539
3605,9.64625e-05
3606,0.0034238505
3607,0.0037622287499999994
3608,0.001003716
3609,0.0014639742500000001
3610,0.0009784695
3611,2.7325e-06
3612,0.000797043
3613,0.027377188249999997
3614,0.0009750847499999999
3615,0.01327196675
3616,0.013087648249999998
3617,0.0012772835
3618,0.01943965475
3619,0.00126044625
3620,0.0052550905
3621,0.007492176
3622,0.0
3623,0.0007075
3624,0.02222406825
3625,0.028268079333333335
3626,0.00071975
3627,0.0
3628,0.0008175000000000001
3629,0.00011200000000000001
3630,0.002370542
3631,0.0051502332500000005
3632,0.000892983
3633,0.048241677250000004
3634,0.0
3635,0.00042925
3636,0.0027272067500000003
3637,0.010896755000000001
3638,0.0
3639,0.0
3640,0.0
3641,0.0
3642,0.016680947666666664
3643,0.0
3644,0.0
3645,0.0020113082499999997
3646,0.0001255
3647,0.001876157
3648,0.00081175
3649,0.00193814525
3650,0.0071401935
3651,0.0003345
3652,0.00358839175
3653,0.00272904075
3654,0.00682150075
3655,0.00824284925
3656,0.00185406475
3657,6.52e-05
3658,0.0
3659,0.0007577500000000001
3660,0.045617078
3661,0.001080948
3662,0.00045450000000000004
3663,0.007068693499999999
3664,0.0001225
3665,0.0018603905
3666,0.0
3667,0.0025931605
3668,0.0043954039999999995
3669,0.0028481667499999997
3670,0.0
3671,0.047291956749999996
3672,0.00157244425
3673,0.09734002675
3674,0.00587801825
3675,0.00140819225
3676,0.00469560575
3677,0.019593534999999995
3678,0.004447103666666666
3679,0.0003841999999999999
3680,0.0
3681,0.03815692875
3682,0.01824620925
3683,9.687500000000001e-05
3684,0.0038707969999999996
3685,0.0038883285
3686,0.02522056875
3687,0.0033818285
3688,0.0083434065
3689,0.00026275
3690,0.00186227275
3691,0.0
3692,8.497499999999999e-05
3693,3.7625e-06
3694,0.00182063975
3695,0.0005819999999999999
3696,0.0005677499999999999
3697,0.005261819
3698,5.86e-05
3699,0.01254767025
3700,0.0
3701,0.00165667975
3702,0.0017124187499999999
3703,0.0
3704,0.000526
3705,0.0
3706,0.00099911175
3707,0.00436937575
3708,0.030293604000000002
3709,0.0154430495
3710,0.0
3711,0.0
3712,0.00014933333333333332
3713,0.00183040475
3714,9.860000000000001e-05
3715,0.0047926175000000005
3716,0.0015302775
3717,0.00788145875
3718,0.0013821415
3719,0.09762180150000001
3720,0.026110126499999997
3721,0.08520579750000001
3722,0.0
3723,0.0008820000000000001
3724,0.00605378475
3725,0.0017124187499999999
3726,0.0216026845
3727,0.03482733275
3728,0.001564447
3729,0.00022775
3730,0.003771592
3731,0.00020425
3732,0.013119897000000002
3733,0.030663239
3734,0.000997943
3735,0.009826561250000001
3736,0.00840990725
3737,0.00134151375
3738,0.0
3739,5.7375000000000005e-05
3740,0.0
3741,0.0010417805
3742,0.015980134
3743,0.0029136649999999997
3744,0.009560290999999999
3745,0.00195151825
3746,0.0
3747,0.002883908
3748,0.0018962707499999999
3749,0.005870998499999999
3750,0.00561606675
3751,0.00576292725
3752,0.00479185125
3753,8.8025e-05
3754,0.000196
3755,0.0024515895000000003
3756,0.015815292749999998
3757,0.00258180325
3758,0.001433184
3759,0.0058880337500000005
3760,0.0020510376666666667
3761,0.00031466666666666665
3762,0.01571776975
3763,0.0033818285
3764,0.0117165245
3765,0.0005594999999999999
3766,0.00023275
3767,0.010664986250000001
3768,0.001126145
3769,0.002233425
3770,0.01294946575
3771,0.0
3772,0.0
3773,2.8874999999999997e-05
3774,0.000142
3775,0.00097821625
3776,0.00231660675
3777,0.000227
3778,0.00081425
3779,0.0007767499999999999
3780,0.0042635532500000005
3781,0.0
3782,0.0032421875000000003
3783,0.00025824999999999996
3784,0.002736842
3785,0.00267277675
3786,0.02023269875
3787,7.686666666666667e-05
3788,0.0028089595
3789,0.00042800000000000005
3790,0.00277333
3791,0.00551475125
3792,0.011711985999999999
3793,0.0022650947499999997
3794,0.010652393
3795,0.0012396573333333333
3796,0.000223
3797,0.001752641
3798,0.021843695
3799,0.002810393
3800,0.002692275
3801,0.00176670425
3802,0.0
3803,0.00031647025000000004
3804,0.0029460707500000003
3805,0.011926491
3806,0.04779884975
3807,0.006188586999999999
3808,0.0078975295
3809,0.0001546
3810,0.002112498
3811,0.004026894749999999
3812,0.00035325
3813,0.0074411535000000004
3814,0.00314093925
3815,7.686666666666667e-05
3816,0.01648515
3817,0.00222576975
3818,8.82e-05
3819,0.021739677
3820,0.0
3821,0.0011925
3822,0.010048280750000001
3823,0.0010134765
3824,0.001660933
3825,0.0043061695
3826,0.011319003749999999
3827,0.002692275
3828,0.00042275
3829,0.00694405025
3830,0.015967067249999998
3831,0.0045334085
3832,8.507500000000001e-05
3833,0.00298356625
3834,0.00941936
3835,0.0028089595
3836,0.001426161
3837,0.0
3838,0.015540857250000002
3839,0.0073835085
3840,0.00205781225
3841,0.0
3842,0.0007866666666666667
3843,0.0007596666666666666
3844,0.002874659
3845,0.00314265525
3846,0.001697758
3847,0.0017304769999999998
3848,0.0007212499999999999
3849,0.007061293
3850,0.0019172537499999999
3851,0.01727415825
3852,0.0
3853,0.0172814055
3854,0.000544
3855,0.01064742925
3856,0.008437217666666668
3857,0.0005939999999999999
3858,0.0033818285
3859,0.000971967
3860,0.0038912685000000004
3861,0.0
3862,0.021145387
3863,0.0035935069999999997
3864,0.012187215250000001
3865,0.0082434375
3866,0.0
3867,0.07205868
3868,0.0028365935
3869,0.00040375000000000003
3870,0.0053913145
3871,0.00634458475
3872,0.001663687
3873,0.00098752925
3874,0.0
3875,0.0022490319999999998
3876,0.0040544505
3877,0.002271946
3878,0.00265283
3879,0.0
3880,0.013152259999999999
3881,0.0
3882,0.0001645
3883,0.004166347666666666
3884,0.022873191749999997
3885,0.01382292
3886,0.0021255997499999998
3887,0.006181506999999999
3888,0.00032500000000000004
3889,0.0127109485
3890,0.0006630000000000001
3891,0.0
3892,0.00016466666666666667
3893,0.00021349999999999999
3894,0.00083009275
3895,0.0232205485
3896,0.0
3897,0.0
3898,0.012146449250000002
3899,0.03630163725
3900,0.00045675
3901,0.0031954130000000002
3902,0.000218
3903,0.01613013775
3904,0.0
3905,0.0036588085
3906,0.0
3907,0.0
3908,0.0067934104999999995
3909,0.0042460365000000005
3910,0.0
3911,0.0
3912,0.011231296000000002
3913,0.0
3914,0.0
3915,0.01875299125
3916,0.004816266
3917,0.00406746275
3918,0.0049082480000000005
3919,0.041744464999999994
3920,0.00296488625
3921,0.0009724779999999999
3922,0.00103386375
3923,0.012873645
3924,0.013195084000000003
3925,0.0
3926,0.0028133859999999993
3927,0.0
3928,0.0
3929,0.002375778
3930,0.0027345042500000003
3931,0.00074
3932,0.00468637075
3933,0.008572814
3934,0.0085264455
3935,4.4425e-05
3936,0.00048574999999999996
3937,0.017135974249999998
3938,0.001218364
3939,0.00764029225
3940,0.0
3941,0.00022524999999999997
3942,0.0
3943,0.02513289025
3944,0.002944591
3945,0.010062534666666666
3946,0.00466734525
3947,0.01000737175
3948,0.10028287025
3949,0.001488316
3950,0.0018698015
3951,0.075006195
3952,0.0
3953,0.0002586
3954,0.00870679975
3955,0.000799
3956,0.031118447
3957,0.001198668
3958,0.0014174715
3959,0.0
3960,0.0044426125
3961,0.01074129725
3962,0.0007685
3963,0.01337329475
3964,0.0
3965,0.0
3966,0.0025813822500000004
3967,0.03321684525
3968,0.023336315250000003
3969,0.006233342
3970,0.00175734425
3971,0.01580658675
3972,0.02278327125
3973,0.00249046825
3974,0.014284875249999999
3975,0.00504078675
3976,0.055592296000000006
3977,0.00045299999999999995
3978,0.00077699075
3979,0.00203574475
3980,0.002539403
3981,0.00187004225
3982,1.9175e-05
3983,0.007756003250000001
3984,0.008720556249999999
3985,0.00327872775
3986,0.0
3987,0.0033818285
3988,0.0153747345
3989,0.01388795275
3990,0.0033818285
3991,0.060052799000000004
3992,0.00794753825
3993,0.01556268375
3994,0.011509229999999999
3995,0.02125786675
3996,0.0
3997,9.377500000000002e-05
3998,0.0003595
3999,0.0071754685000000006
4000,0.00022425
4001,0.002054103
4002,0.0032623735
4003,0.010032676499999999
4004,0.00029549999999999997
4005,0.0010282103333333333
4006,0.0026177965
4007,0.038874968249999996
4008,0.001198668
4009,0.0013034595
4010,0.0
4011,0.00113067075
4012,0.000359
4013,0.022144416
4014,0.0
4015,0.0
4016,0.0
4017,1.7775e-05
4018,0.00011066666666666668
4019,0.007737796000000001
4020,8.735000000000001e-05
4021,0.0036726667499999994
4022,0.01111015575
4023,0.0007775
4024,0.00341036125
4025,0.0157236425
4026,0.0005505
4027,0.00905786025
4028,4.155e-05
4029,0.00038475
4030,0.00102481425
4031,0.0017124187499999999
4032,0.0
4033,0.054831908
4034,0.0011918586666666666
4035,0.00201832025
4036,0.000547
4037,0.0047134347499999995
4038,0.0010733317499999999
4039,0.0
4040,0.003411019
4041,0.006979439
4042,0.0
4043,0.025489426750000002
4044,0.01236257825
4045,0.0004533333333333333
4046,0.0003625
4047,0.0032922317499999997
4048,0.027544457
4049,0.0121125865
4050,0.00058525
4051,0.0
4052,0.0042651695
4053,0.0015949509999999998
4054,0.12512697250000002
4055,0.0
4056,0.00039900000000000005
4057,0.0021598555
4058,0.0
4059,0.0
4060,0.0029088175
4061,0.0024370035
4062,0.00453722425
4063,0.003160577
4064,7.340000000000001e-05
4065,0.0022427510000000003
4066,0.0
4067,0.01440535225
4068,0.02983533125
4069,0.0
4070,0.00386896775
4071,0.0017124187499999999
4072,0.00014075
4073,0.00056425
4074,0.009798568
4075,0.006091701
4076,0.0063928877499999995
4077,0.00029725
4078,0.006719415250000001
4079,0.0
4080,0.0002515
4081,2.7325e-06
4082,0.0066439062500000005
4083,0.00407683875
4084,0.001065697
4085,0.005666592
4086,0.0008784045
4087,0.0011297960000000002
4088,0.0
4089,0.015620364749999997
4090,0.011713842000000002
4091,0.00195438075
4092,0.0103258395
4093,0.0053575637500000006
4094,0.005828044500000001
4095,0.0017124187499999999
4096,0.015089977749999999
4097,0.0020010157499999997
4098,0.0022986125000000004
4099,0.007885105
4100,0.0
4101,0.0030613917499999997
4102,0.0127011735
4103,0.026748152249999997
4104,0.0012948225
4105,0.000339
4106,0.0035177277500000005
4107,0.03206372975
4108,0.0028619270000000002
4109,0.00039266666666666665
4110,0.00085769325
4111,0.00273599175
4112,0.008795172
4113,0.0015031810000000001
4114,0.0
4115,0.0046214507500000005
4116,0.0028368432500000002
4117,0.005666064750000001
4118,0.0027723395
4119,0.002692275
4120,0.00120775325
4121,0.00356467
4122,0.0036287147500000004
4123,0.0196740995
4124,0.0016703457500000002
4125,0.00045700000000000005
4126,5.0825e-05
4127,0.001205658
4128,0.000248
4129,0.0
4130,0.007196144
4131,0.00149860575
4132,0.00554250175
4133,0.0022840689999999997
4134,0.0017164217500000001
4135,0.0
4136,0.0
4137,0.00775400475
4138,0.001907238
4139,0.01062163825
4140,0.00936313775
4141,0.0006799999999999999
4142,0.0316981405
4143,0.0
4144,5.5825e-05
4145,0.0045824165
4146,0.00111802775
4147,0.02208761025
4148,0.0005614999999999999
4149,0.0017124187499999999
4150,0.0002735
4151,0.000367
4152,0.023966703
4153,0.02004957575
4154,0.00913968425
4155,0.0186269795
4156,0.00651259475
4157,0.00279089925
4158,0.002207093
4159,0.0
4160,0.0
4161,0.025868131
4162,9.263333333333333e-05
4163,0.002156078
4164,0.000279775
4165,0.00719614375
4166,0.013841852
4167,0.0
4168,0.0005629999999999999
4169,0.0
4170,2.176666666666667e-06
4171,0.00245804325
4172,0.013071602499999998
4173,0.0035457317500000004
4174,0.0
4175,0.0006507500000000001
4176,0.0
4177,0.00719614375
4178,0.0
4179,0.0
4180,0.005418276499999999
4181,0.00019950000000000002
4182,0.0021565395
4183,0.00214965025
4184,0.016370816250000003
4185,0.0017304769999999998
4186,0.001198668
4187,0.007726357499999999
4188,0.0006140000000000001
4189,0.00820144025
4190,0.0028322839999999996
4191,0.0
4192,0.018853949000000002
4193,0.0
4194,0.0
4195,0.00068325
4196,0.0010583502499999999
4197,0.00479662725
4198,0.0017124187499999999
4199,0.00045975000000000003
4200,0.00039966666666666666
4201,0.001106611
4202,0.00150661375
4203,0.00025125
4204,0.00015842500000000002
4205,0.03083318325
4206,0.004608903750000001
4207,0.0020651135
4208,0.0
4209,0.014410271749999998
4210,0.0
4211,0.005313849
4212,0.0009533040000000001
4213,0.0023591635
4214,0.005790205
4215,0.00110336025
4216,0.0
4217,9.885e-05
4218,0.0005109015
4219,0.011965882
4220,0.00619290575
4221,2.73e-05
4222,0.0012246734999999999
4223,0.0012720225000000002
4224,0.01453410575
4225,0.027425071250000002
4226,0.0031209962500000003
4227,0.0004925
4228,0.0001345
4229,0.005280251499999999
4230,0.0038941189999999997
4231,0.000110875
4232,0.002156078
4233,0.00020575
4234,0.016051828
4235,0.004408684
4236,0.0013760967499999999
4237,0.0028089595
4238,0.001544139
4239,0.00062775
4240,0.0002557
4241,0.009101875749999998
4242,0.0
4243,0.0022237425
4244,0.0010209975
4245,0.0026361105
4246,0.0051502332500000005
4247,0.0024702929999999997
4248,0.026142080249999998
4249,0.005252619
4250,0.00688517875
4251,0.0
4252,0.00024150000000000002
4253,0.00617213975
4254,0.0009984335000000001
4255,0.0021952935
4256,7.04e-05
4257,0.00110231325
4258,0.00205180375
4259,0.0022193925
4260,0.002321066
4261,0.0084958395
4262,0.0033866045
4263,0.0012225727500000002
4264,0.014165073
4265,0.0017124187499999999
4266,0.0
4267,0.0038912685000000004
4268,0.00071225
4269,0.00199935375
4270,0.0
4271,0.004805624750000001
4272,0.0024648455
4273,7.27125e-05
4274,0.013299403750000001
4275,0.0
4276,0.00014133333333333334
4277,0.0275403715
4278,0.00174109975
4279,0.0013103709999999998
4280,0.0014445965
4281,0.007580344749999999
4282,0.0018397775000000003
4283,0.0
4284,0.007728087
4285,0.0
4286,0.01688306725
4287,0.071544567
4288,0.0
4289,0.0
4290,0.0015406315
4291,6.8575e-05
4292,0.024455330000000004
4293,0.0038502249999999997
4294,0.0005375
4295,0.0017924142499999999
4296,0.0007731745
4297,0.000747
4298,0.0010838850000000001
4299,0.014534657749999999
4300,0.0178444855
4301,0.0033818285
4302,0.0009784695
4303,0.00040375000000000003
4304,0.028519122999999997
4305,0.02093221325
4306,9.8625e-05
4307,0.0
4308,0.015690155
4309,0.0
4310,0.00029807499999999997
4311,0.0
4312,0.00828314825
4313,9.703333333333334e-05
4314,0.0024257357499999996
4315,0.00850001125
4316,0.0099583475
4317,0.0037696380000000005
4318,0.021395600499999997
4319,0.0009834657499999998
4320,0.00030075
4321,0.0
4322,0.0
4323,0.020931708750000003
4324,0.0033818285
4325,0.00318555775
4326,0.00030275
4327,0.0
4328,0.0005769999999999999
4329,0.0006125
4330,0.0027126859999999997
4331,0.00266746475
4332,0.004684551
4333,0.00101527325
4334,0.0
4335,0.0
4336,0.001163662
4337,0.0066512922499999995
4338,0.041212327
4339,0.00112352925
4340,0.003073915
4341,0.00038333333333333334
4342,0.00014033333333333332
4343,0.01447958425
4344,2.3445000000000003e-05
4345,0.0
4346,0.00457393725
4347,0.006969816
4348,0.000223
4349,0.0036336015
4350,0.00401133075
4351,0.004418155500000001
4352,0.055615105250000005
4353,0.024175674749999997
4354,0.0007985000000000001
4355,0.0
4356,0.002793503
4357,0.0367545435
4358,0.0019952035
4359,0.00403479975
4360,0.0
4361,3.21e-05
4362,0.022439218499999997
4363,0.002156078
4364,0.000727
4365,0.00579811225
4366,0.0218347405
4367,0.003524831
4368,0.0
4369,0.0005898417500000001
4370,0.0
4371,0.0
4372,0.00013395
4373,0.0140975725
4374,0.0
4375,0.0
4376,0.018991441750000004
4377,5.220000000000001e-05
4378,0.0
4379,0.0037093115000000005
4380,0.00126044625
4381,0.000589
4382,0.000547
4383,0.00193202025
4384,0.026563882749999997
4385,0.00830725475
4386,0.00779472625
4387,0.00311093325
4388,0.0
4389,0.004730860999999999
4390,0.0
4391,0.002889027
4392,0.0
4393,0.005063343
4394,0.0
4395,0.0
4396,0.00666099075
4397,0.0008730424999999999
4398,0.00026125
4399,0.0016919157499999998
4400,0.005435217500000001
4401,0.0091778975
4402,0.00104299675
4403,0.029535133499999998
4404,0.00065175
4405,0.0085106145
4406,0.0068888595
4407,0.00014375
4408,0.004606767750000001
4409,0.0114042365
4410,0.00015775
4411,0.0012268432500000001
4412,0.00013366666666666667
4413,0.0014008644999999999
4414,0.0018159730000000002
4415,0.0007912500000000001
4416,0.00581372575
4417,0.004925008749999999
4418,0.00890456875
4419,0.00525161425
4420,0.00175489775
4421,0.0678236625
4422,0.002668317333333333
4423,0.0018794213333333334
4424,0.003045158
4425,0.0
4426,0.0080202855
4427,0.00218435375
4428,2.9299999999999997e-05
4429,0.00516404675
4430,0.00043475
4431,2.8874999999999997e-05
4432,0.0017124187499999999
4433,0.002688702
4434,0.0
4435,0.00873792225
4436,0.0050119765
4437,0.006208400249999999
4438,0.0009266744999999999
4439,0.04743578475
4440,0.01282812875
4441,0.000994203
4442,0.007998324499999999
4443,0.00036866666666666667
4444,0.00092207
4445,0.00254605925
4446,0.0025201585
4447,0.013683516500000001
4448,0.0015887854999999998
4449,0.00038225
4450,0.008844877
4451,1.4625e-06
4452,0.00111465
4453,0.0039020395
4454,0.024814264
4455,0.0010463765
4456,0.0
4457,0.0033580255000000003
4458,0.002156078
4459,0.00066025
4460,0.00873487325
4461,0.00171745075
4462,1.4033333333333333e-05
4463,0.0028089595
4464,0.020492622749999998
4465,0.00601198625
4466,0.0004785
4467,0.002182156
4468,0.0
4469,0.0033818285
4470,0.000133025
4471,0.008164916
4472,0.0123340405
4473,0.0
4474,0.04679789125
4475,0.0
4476,0.00216076325
4477,0.0042893535
4478,0.0034098555
4479,0.0015640602499999998
4480,0.015306258750000001
4481,0.012939157
4482,0.00687437525
4483,0.0028089595
4484,0.0
4485,5.487499999999999e-05
4486,0.0004565
4487,0.017667336000000002
4488,0.0013247584999999998
4489,0.0159764415
4490,0.0015644852499999999
4491,0.004779151
4492,0.000586
4493,0.0
4494,0.0
4495,0.0017124187499999999
4496,0.004192092
4497,0.0061186465
4498,0.0
4499,0.00339233425
4500,3.735e-05
4501,0.0
4502,0.04642294275
4503,2.3333333333333332e-05
4504,0.0011795422499999999
4505,0.00918319975
4506,0.007928906500000001
4507,0.0
4508,0.003906196
4509,0.012062732250000001
4510,0.00939040975
4511,0.0
4512,0.0012396573333333333
4513,0.00198477025
4514,5.433333333333334e-05
4515,0.0027950366666666666
4516,0.0019348402499999998
4517,0.00036175000000000004
4518,0.0
4519,0.01632898475
4520,0.0051502332500000005
4521,0.0020759385
4522,0.01146590775
4523,0.007940724
4524,0.0069759555000000004
4525,0.0016026805
4526,0.0939204155
4527,0.004896056500000001
4528,0.0
4529,0.0
4530,0.00846728825
4531,0.004462761500000001
4532,0.00289240625
4533,0.016281367749999998
4534,3.4475e-05
4535,0.0018661437499999998
4536,0.01028217725
4537,0.00041825
4538,0.008480995
4539,0.0024769627499999997
4540,0.006783376
4541,0.003669218
4542,0.00236506175
4543,0.0002135
4544,0.03529531
4545,0.0073209155
4546,0.0052791472499999995
4547,0.0
4548,0.011542326249999998
4549,0.0015647555
4550,0.05063110475
4551,0.00311834225
4552,0.00281260775
4553,8.483333333333331e-05
4554,0.0019916205
4555,0.00121292525
4556,0.00547187675
4557,9.89e-05
4558,0.0
4559,0.00764391
4560,0.0005737499999999999
4561,0.00025975
4562,0.00936308675
4563,0.023186229500000002
4564,0.0
4565,0.0224664405
4566,0.012222111999999999
4567,0.0171324755
4568,1.6274999999999999e-06
4569,0.0005710000000000001
4570,0.0006954999999999999
4571,0.0002295
4572,0.0019437359999999997
4573,0.0099059245
4574,0.0007437499999999999
4575,0.001080846
4576,0.0
4577,0.00619089225
4578,0.00463967075
4579,0.0
4580,0.00039275
4581,0.00684858125
4582,0.0041439614999999996
4583,0.0
4584,0.018274514749999998
4585,0.010023444000000001
4586,0.01790498475
4587,0.001139407
4588,0.0012396573333333333
4589,0.005921865
4590,0.010031054250000001
4591,3.2225e-05
4592,0.00636358575
4593,0.0056675225
4594,0.00423077825
4595,0.0007731745
4596,0.0556115965
4597,0.000181
4598,0.0
4599,0.00319262925
4600,0.016796169
4601,0.0002705
4602,0.00254311875
4603,0.00010975
4604,0.0010538032500000002
4605,0.02442293225
4606,0.0
4607,0.0
4608,0.0
4609,0.002121
4610,0.00806365775
4611,0.00028725
4612,0.0
4613,0.00940273275
4614,0.00531158975
4615,0.00037925
4616,0.0
4617,0.0007653333333333335
4618,0.0065298840000000006
4619,0.001080846
4620,0.00134648025
4621,0.0
4622,0.007997578
4623,6.735e-06
4624,0.00041375
4625,0.017627318
4626,0.00039225
4627,0.012985101249999999
4628,0.0031172675
4629,0.0
4630,0.00281107825
4631,0.00702403375
4632,0.0015924025
4633,0.0
4634,0.005190419
4635,0.001080846
4636,0.01368143975
4637,0.002661084
4638,0.0
4639,0.006589392250000001
4640,0.00038674999999999994
4641,0.003935603750000001
4642,0.00042925
4643,0.00326067025
4644,0.0013397419999999999
4645,0.02402202925
4646,0.00173971675
4647,0.00933149175
4648,0.00168038475
4649,0.0017124187499999999
4650,0.0050653745
4651,0.0017124187499999999
4652,0.0
4653,0.005740008750000001
4654,0.0013584715
4655,0.01649975
4656,0.00313669675
4657,0.00037325
4658,0.0028481667499999997
4659,0.0
4660,0.006550755
4661,0.0
4662,0.036738888750000004
4663,5.5175000000000006e-05
4664,0.0064876115
4665,0.0
4666,0.007705245
4667,0.0
4668,0.00389594575
4669,0.0006995
4670,0.0
4671,0.01574275025
4672,0.010809146666666667
4673,0.00019575000000000001
4674,1.895e-06
4675,0.0
4676,0.005786291
4677,0.004515015
4678,0.00375965875
4679,0.002096973
4680,0.009654712000000001
4681,0.00330896775
4682,0.0
4683,0.017095983250000002
4684,0.0013411345
4685,0.00169079525
4686,0.004352382750000001
4687,0.005957612500000001
4688,1.98e-05
4689,0.0
4690,0.0
4691,0.0015155102500000002
4692,0.002102482666666667
4693,0.007357009499999999
4694,0.0
4695,0.0
4696,0.012362856500000002
4697,0.0004783333333333334
4698,0.00022875
4699,0.0
4700,0.004693344
4701,0.00125063075
4702,0.00295346475
4703,0.0
4704,0.00049325
4705,2.29e-05
4706,0.00258576725
4707,0.0047708907499999995
4708,0.00520867425
4709,0.0072671954999999995
4710,0.024514429499999997
4711,0.0
4712,0.01397531375
4713,0.0074450685
4714,0.002375522
4715,0.0002455
4716,0.002582282
4717,0.030882099000000003
4718,0.0002743333333333333
4719,0.0027418
4720,0.0008363674999999999
4721,0.00145354725
4722,0.008027779499999999
4723,0.00020675
4724,0.001295404
4725,0.012452555
4726,0.00991433875
4727,0.00120367575
4728,0.0013341015
4729,0.00835788975
4730,0.0061614585
4731,0.00017900000000000001
4732,0.028077652
4733,0.06930260875000001
4734,0.0008634115000000001
4735,0.00083025
4736,0.0015648332500000002
4737,0.0
4738,0.045607879750000004
4739,0.00090625
4740,0.00147634475
4741,0.0
4742,0.0032859662500000003
4743,0.00019933333333333334
4744,0.0019047572499999998
4745,0.006348901
4746,0.0028691792499999998
4747,0.00173009025
4748,0.03142318275
4749,0.0051502332500000005
4750,0.0020612172499999996
4751,0.0010516405000000001
4752,0.00015475000000000002
4753,0.00028375
4754,0.0
4755,0.0322999955
4756,0.0
4757,0.00012399999999999998
4758,0.00382318575
4759,0.0004975
4760,0.01233303025
4761,0.0027739235
4762,0.00348365075
4763,0.00384119025
4764,0.005103786
4765,0.01361563675
4766,0.00541240525
4767,0.00033075
4768,0.0
4769,0.0057052605
4770,0.014274988
4771,0.0011595419999999997
4772,0.0006253333333333333
4773,0.0
4774,0.0585261415
4775,0.0033017
4776,0.00040625
4777,0.0
4778,0.0
4779,0.0015927882499999998
4780,0.00193202025
4781,0.00032500000000000004
4782,0.00126044625
4783,0.000337
4784,0.005387998
4785,0.0012054286666666667
4786,0.00042124999999999997
4787,0.0
4788,6.506666666666667e-05
4789,0.0034896959999999996
4790,0.007892952
4791,0.000361
4792,0.0
4793,0.001263055
4794,0.02739288225
4795,0.00036525
4796,0.0009710517499999999
4797,0.0
4798,0.0028431245
4799,0.00069075
4800,0.001748398
4801,0.025889464999999997
4802,0.007901199
4803,0.017590921
4804,0.0015264197499999998
4805,0.00242612825
4806,0.00860473575
4807,0.00018125
4808,0.008838939666666669
4809,1.26125e-05
4810,0.0015920725
4811,0.0
4812,0.0
4813,0.0
4814,0.0
4815,0.0062798905
4816,0.0033401589999999997
4817,0.01118635225
4818,0.08300438025000001
4819,0.00062975
4820,0.0015540890000000003
4821,0.0
4822,0.002607516
4823,0.0
4824,0.02121194375
4825,0.016847151999999997
4826,0.01419848625
4827,0.010234946249999998
4828,0.01805122375
4829,0.0032706856666666665
4830,0.0096768425
4831,0.00304578825
4832,0.0043650955
4833,0.006529354
4834,0.0
4835,0.0043295215
4836,0.008401198750000002
4837,3.2e-05
4838,0.0
4839,0.02396665725
4840,0.0018698015
4841,0.004494602
4842,0.0005095
4843,0.0
4844,0.00023024999999999999
4845,0.01467471475
4846,0.00072525
4847,0.0
4848,0.024307574250000002
4849,0.006449324500000001
4850,0.010467822
4851,0.008065817749999999
4852,7.686666666666667e-05
4853,0.0
4854,0.0015155102500000002
4855,0.0006147500000000001
4856,0.0018288655000000002
4857,0.0
4858,0.00645391875
4859,1.94725e-06
4860,0.02230978425
4861,0.0020254649999999997
4862,0.0
4863,7.7e-05
4864,0.0
4865,0.005936359749999999
4866,0.005789474500000001
4867,0.055073371999999995
4868,0.001083887
4869,0.001245802
4870,0.000221
4871,0.007894301749999999
4872,0.0006904999999999999
4873,0.0194221645
4874,0.00474451725
4875,0.0090604775
4876,0.010190768000000001
4877,0.0
4878,0.00081
4879,0.0123482175
4880,0.0068940189999999995
4881,0.004691206999999999
4882,0.0
4883,0.0
4884,0.000283
4885,0.0015334805
4886,0.0010475233333333332
4887,0.0031060454999999997
4888,0.00067074675
4889,0.00188882975
4890,0.0
4891,0.0001925
4892,0.0033499459999999995
4893,0.0018056722500000002
4894,0.08411925525
4895,0.00392958025
4896,0.0129770535
4897,0.0006256666666666667
4898,0.0
4899,0.0015761337499999998
4900,0.011612656
4901,0.0006904999999999999
4902,3.7025e-05
4903,0.00035475000000000003
4904,0.01140695
4905,0.00042449999999999996
4906,0.01066265425
4907,0.014757844999999999
4908,0.002692275
4909,0.0
4910,0.0
4911,0.0
4912,0.00049175
4913,0.0071327757500000005
4914,0.017425490499999998
4915,0.0155655075
4916,0.0
4917,0.0
4918,0.02796895975
4919,0.0470274605
4920,0.00192103
4921,0.0
4922,0.00019915000000000002
4923,0.00376108325
4924,0.0014577297499999999
4925,0.00705697225
4926,0.009337930999999999
4927,0.00590499375
4928,0.004150407
4929,0.0
4930,0.0013208496666666668
4931,0.003713994
4932,0.012032801249999999
4933,0.0
4934,0.0
4935,0.0079806285
4936,0.00011659999999999999
4937,0.00079
4938,0.0
4939,0.00219743125
4940,0.002202146
4941,0.018914626
4942,0.0
4943,0.0006256666666666667
4944,0.0016414074999999998
4945,0.00806947425
4946,0.080877075
4947,0.021706505
4948,0.017325735249999998
4949,0.00416354925
4950,0.00100412
4951,0.000106225
4952,0.00618503875
4953,0.0148533065
4954,0.002781841
4955,0.00266235175
4956,0.01562580325
4957,0.0
4958,0.00668131075
4959,0.00013666666666666666
4960,0.005803691749999999
4961,0.0
4962,0.00130949225
4963,9.57e-05
4964,0.007321998
4965,0.017112888
4966,0.006555525500000001
4967,0.0005512500000000001
4968,0.00226375575
4969,0.00842599975
4970,0.0011750565
4971,0.0029003645000000005
4972,0.00100556075
4973,0.0030435183333333334
4974,0.0188645915
4975,0.0091265115
4976,0.0011692447499999999
4977,0.00242625475
4978,1.545e-05
4979,0.005693418499999999
4980,0.0
4981,0.0
4982,0.00015825
4983,0.0
4984,0.00036525
4985,0.006596332999999999
4986,0.00614923675
4987,4.945e-05
4988,0.012205845
4989,0.000193
4990,0.0
4991,0.0008240000000000001
4992,0.0008240000000000001
4993,0.00043275000000000003
4994,0.0020124935
4995,0.00070125
4996,0.00992272625
4997,0.00761645475
4998,0.0016095165
4999,0.0025665795
5000,0.00211368625
5001,0.0169563795
5002,0.015178729750000002
5003,0.011240391999999998
5004,0.01858157725
5005,1.95e-05
5006,0.0
5007,0.0036071527499999994
5008,0.0
5009,4.58e-05
5010,0.00010146666666666668
5011,0.0044419062500000005
5012,0.000487
5013,0.0031730940000000004
5014,0.00897928825
5015,0.004912134750000001
5016,0.00520104775
5017,0.014288995
5018,0.01930471525
5019,0.061703735
5020,0.038528784749999996
5021,0.00227152175
5022,0.00017299999999999998
5023,0.0
5024,0.02080018825
5025,0.0
5026,0.02321280825
5027,0.01662752825
5028,0.00487230175
5029,0.001974726
5030,5.487499999999999e-05
5031,0.00564555675
5032,6.159999999999999e-05
5033,0.0047621665
5034,0.000341
5035,0.00103360475
5036,0.0033818285
5037,0.00383293625
5038,0.0004345
5039,0.0
5040,0.00322092075
5041,0.00187229275
5042,0.0
5043,0.0
5044,0.0065615925
5045,0.0
5046,0.0094148415
5047,0.008870812
5048,0.009159457999999999
5049,0.0
5050,0.0033867885
5051,0.0
5052,9.65e-06
5053,0.025935156
5054,0.0
5055,0.0043821055000000005
5056,0.004167582
5057,0.0074240635000000004
5058,0.0
5059,0.009906307000000001
5060,0.00778506975
5061,0.0034893669999999997
5062,0.0013054355000000001
5063,0.0053616295
5064,0.003034205
5065,0.0049899175
5066,0.00633141775
5067,0.00015225
5068,0.04414889775
5069,0.0031024157500000003
5070,0.00199182175
5071,0.00783408325
5072,0.0142692545
5073,0.000627
5074,0.00028375
5075,0.036805767249999996
5076,0.0023231905
5077,0.001009376
5078,0.0182929345
5079,0.021719483249999998
5080,0.006728646499999999
5081,0.003978883
5082,0.0028847144999999998
5083,0.009537073
5084,0.00515166525
5085,0.00102926725
5086,0.00396148
5087,0.006990083249999999
5088,0.010346964
5089,0.000541
5090,0.004263369249999999
5091,0.00112120675
5092,0.0
