flag1,flag2,flag3,flag4,sum
0,0,0,0,0
0,0,0,0,0
1,1,1,1,4
0,0,0,0,0
0,0,0,0,0
0,0,0,0,0
0,0,0,0,0
0,0,0,0,0
1,1,1,1,4
1,1,1,1,4
1,1,1,1,4
1,1,1,1,4
0,0,0,0,0
1,1,1,1,4
1,1,1,1,4
1,1,1,1,4
1,1,1,1,4
0,0,1,1,2
1,1,1,1,4
1,1,1,1,4
1,1,1,1,4
1,1,1,1,4
1,1,1,1,4
1,1,1,1,4
1,1,1,1,4
1,1,1,1,4
0,0,0,0,0
1,1,1,1,4
1,1,1,1,4
0,0,1,1,2
1,1,1,1,4
1,1,1,1,4
1,1,1,1,4
1,1,1,1,4
1,1,1,1,4
1,1,1,1,4
1,1,1,1,4
1,1,1,1,4
1,1,1,1,4
1,1,1,1,4
1,1,1,1,4
1,1,1,1,4
0,0,0,0,0
1,1,1,1,4
1,1,1,1,4
1,0,0,0,1
1,1,1,1,4
1,1,1,1,4
1,1,1,1,4
1,1,1,0,3
0,0,0,0,0
0,0,0,0,0
1,1,1,1,4
0,0,0,0,0
1,1,1,1,4
1,1,1,1,4
1,1,1,1,4
1,1,1,1,4
0,0,0,0,0
0,0,0,0,0
0,0,0,0,0
0,0,0,0,0
1,1,1,1,4
1,1,1,1,4
1,1,1,1,4
1,1,1,1,4
1,1,1,1,4
1,1,1,1,4
1,1,1,1,4
1,1,1,1,4
1,1,1,1,4
1,1,1,1,4
1,1,1,1,4
1,1,1,1,4
1,1,1,1,4
1,1,1,1,4
1,1,1,1,4
1,1,1,1,4
1,1,1,1,4
1,1,1,1,4
1,1,1,1,4
0,1,1,1,3
1,1,1,1,4
1,1,1,0,3
1,1,1,0,3
1,1,1,1,4
1,0,0,0,1
0,0,0,0,0
1,1,1,1,4
1,1,1,1,4
0,1,1,1,3
0,0,0,0,0
1,1,1,1,4
1,1,1,1,4
1,1,1,1,4
0,0,0,0,0
1,1,1,1,4
1,1,1,1,4
1,1,1,1,4
1,1,1,1,4
1,1,1,1,4
1,1,1,1,4
1,1,1,1,4
0,1,1,1,3
1,1,1,1,4
1,1,1,1,4
1,1,1,1,4
0,0,0,0,0
1,1,1,1,4
1,1,1,1,4
1,1,1,1,4
1,1,1,1,4
1,1,1,1,4
1,1,1,1,4
1,1,1,1,4
0,0,0,0,0
1,1,1,1,4
1,1,1,1,4
1,1,1,1,4
1,1,1,1,4
0,0,0,0,0
1,1,1,1,4
1,1,1,1,4
1,1,1,1,4
1,1,1,1,4
1,1,1,1,4
1,1,1,1,4
1,1,1,1,4
1,0,0,0,1
0,0,0,0,0
0,0,0,0,0
1,1,1,1,4
1,0,0,0,1
1,1,1,1,4
1,1,1,1,4
1,1,1,1,4
1,1,1,1,4
1,1,1,1,4
1,1,1,1,4
1,1,1,1,4
0,0,0,0,0
1,1,1,1,4
1,0,0,0,1
1,1,1,1,4
1,1,1,1,4
1,1,1,1,4
1,1,1,1,4
1,1,1,1,4
1,1,1,1,4
0,1,1,1,3
1,1,1,1,4
1,1,1,1,4
1,1,1,1,4
1,1,1,1,4
0,0,0,0,0
1,1,1,1,4
0,0,0,0,0
1,1,1,1,4
1,1,1,1,4
1,1,1,1,4
0,0,0,0,0
1,1,1,1,4
1,1,1,1,4
1,1,1,1,4
1,1,1,1,4
1,1,1,1,4
1,1,1,1,4
1,1,1,1,4
1,1,1,1,4
1,1,1,1,4
1,1,1,1,4
1,1,1,1,4
1,1,1,1,4
1,1,1,1,4
0,1,1,1,3
1,1,1,1,4
0,0,0,0,0
1,1,1,1,4
0,1,1,1,3
1,1,1,1,4
1,1,1,1,4
1,1,1,1,4
1,1,1,1,4
0,0,0,0,0
1,1,1,1,4
0,0,0,0,0
0,0,0,0,0
1,1,1,1,4
1,1,1,1,4
1,1,1,1,4
1,1,1,1,4
0,0,0,0,0
0,0,0,0,0
0,0,0,0,0
1,1,1,1,4
0,0,0,0,0
0,0,0,0,0
0,0,0,0,0
1,1,1,1,4
0,0,0,0,0
1,1,1,1,4
1,1,1,1,4
1,1,1,1,4
1,1,1,1,4
1,1,1,1,4
1,1,1,1,4
1,1,1,1,4
1,1,1,1,4
1,1,1,1,4
1,1,1,1,4
0,0,0,0,0
0,0,0,0,0
1,1,1,1,4
0,1,1,1,3
1,1,1,1,4
1,1,1,1,4
1,1,1,1,4
0,1,1,1,3
1,1,1,1,4
0,0,0,0,0
1,1,1,1,4
0,0,0,0,0
1,1,1,1,4
1,1,1,1,4
0,0,1,1,2
1,1,1,1,4
1,1,1,1,4
0,0,0,0,0
0,1,1,1,3
0,0,0,0,0
1,1,1,1,4
0,0,0,0,0
1,1,1,1,4
1,1,1,1,4
0,0,0,0,0
1,1,1,1,4
1,1,1,1,4
1,1,1,1,4
1,1,1,1,4
1,1,1,1,4
1,1,1,1,4
0,0,0,0,0
0,0,0,0,0
1,1,1,1,4
1,1,1,1,4
1,1,1,1,4
0,0,0,0,0
1,1,1,1,4
1,1,1,1,4
1,1,1,1,4
1,1,1,1,4
0,0,0,0,0
1,1,1,1,4
1,1,1,1,4
1,1,1,1,4
1,1,1,1,4
1,1,1,1,4
1,1,1,1,4
1,1,1,1,4
0,0,0,0,0
1,1,1,1,4
1,1,1,1,4
0,0,0,0,0
1,1,1,0,3
0,0,0,0,0
1,1,1,1,4
1,1,1,1,4
1,1,1,1,4
1,1,1,1,4
1,1,1,1,4
1,1,1,1,4
1,1,1,1,4
1,1,1,1,4
1,1,0,0,2
1,1,1,1,4
1,1,1,1,4
0,0,0,0,0
1,1,1,1,4
1,1,1,1,4
1,1,1,1,4
1,0,0,0,1
1,1,1,1,4
1,1,1,1,4
0,0,0,0,0
1,1,1,1,4
1,1,1,1,4
1,1,1,1,4
1,1,1,1,4
0,0,0,0,0
0,0,0,0,0
0,0,0,0,0
1,1,1,1,4
0,0,0,0,0
1,1,1,1,4
1,0,0,0,1
1,1,1,1,4
1,1,1,1,4
1,1,1,1,4
0,1,1,1,3
1,1,1,1,4
1,1,1,1,4
1,1,1,1,4
1,1,1,1,4
1,1,1,1,4
1,1,1,1,4
1,1,1,1,4
0,0,0,0,0
1,1,1,1,4
1,1,1,1,4
1,1,1,1,4
1,1,1,1,4
0,0,0,0,0
1,1,1,1,4
1,1,1,1,4
1,1,1,1,4
1,1,1,1,4
1,1,1,1,4
1,1,1,1,4
1,1,1,1,4
0,0,0,0,0
1,1,1,1,4
1,1,1,1,4
1,1,1,1,4
1,1,1,1,4
1,1,1,1,4
0,0,0,0,0
1,1,1,1,4
1,1,1,1,4
1,1,1,1,4
1,1,1,1,4
0,0,0,0,0
1,1,1,1,4
0,0,0,0,0
1,1,1,1,4
1,1,1,1,4
0,0,0,0,0
1,1,1,1,4
1,1,1,1,4
1,1,1,1,4
1,1,1,1,4
1,1,1,1,4
1,1,1,1,4
1,1,1,1,4
1,1,1,1,4
1,1,1,1,4
1,1,1,1,4
1,1,1,1,4
1,1,1,1,4
1,1,1,1,4
1,1,1,1,4
1,1,1,1,4
0,0,0,0,0
1,1,1,1,4
1,1,1,1,4
1,1,1,1,4
1,1,1,1,4
1,1,1,1,4
1,1,1,1,4
1,1,1,1,4
1,1,1,1,4
1,1,1,1,4
1,1,1,1,4
1,1,1,1,4
1,1,1,1,4
1,1,1,1,4
1,1,1,1,4
1,1,1,1,4
1,1,1,1,4
1,1,1,1,4
1,1,1,1,4
1,1,1,1,4
1,1,1,1,4
1,1,1,1,4
1,1,1,1,4
0,0,0,0,0
0,0,0,0,0
0,0,0,0,0
1,1,1,1,4
1,1,1,1,4
1,1,1,1,4
1,1,0,1,3
1,1,1,0,3
1,1,1,1,4
1,1,1,1,4
0,0,0,0,0
1,1,1,1,4
1,1,1,1,4
1,1,1,1,4
1,1,1,1,4
1,1,1,1,4
1,1,0,1,3
0,1,1,1,3
1,1,1,1,4
1,1,1,1,4
1,1,1,1,4
1,1,1,1,4
1,1,1,1,4
1,1,1,1,4
1,1,1,1,4
1,1,1,1,4
1,1,1,1,4
0,0,0,0,0
1,1,1,1,4
1,1,1,1,4
1,1,1,1,4
1,1,1,1,4
1,1,1,1,4
1,1,1,1,4
0,0,0,0,0
1,1,1,0,3
1,1,1,1,4
1,1,1,1,4
1,1,1,1,4
1,1,1,1,4
1,1,1,1,4
1,1,1,1,4
0,1,1,1,3
1,1,1,1,4
1,1,1,1,4
1,1,1,1,4
0,0,0,0,0
1,1,1,1,4
1,1,1,1,4
1,1,1,1,4
1,1,1,1,4
1,1,1,1,4
0,0,0,0,0
1,1,1,1,4
0,0,0,0,0
1,1,1,1,4
1,1,1,1,4
1,1,1,1,4
1,1,1,1,4
1,1,1,1,4
1,1,1,0,3
1,1,1,1,4
1,1,1,1,4
0,0,0,0,0
1,1,1,1,4
0,0,0,0,0
1,1,1,0,3
1,1,1,1,4
1,1,1,1,4
0,0,0,0,0
1,1,1,0,3
1,1,1,1,4
1,1,1,1,4
1,1,1,1,4
1,1,1,0,3
1,1,1,1,4
1,1,1,1,4
1,1,1,1,4
0,1,1,1,3
0,0,0,0,0
1,1,1,1,4
1,1,1,1,4
1,1,1,1,4
1,1,1,1,4
1,1,1,1,4
1,1,1,1,4
1,1,1,1,4
1,1,0,0,2
1,1,1,1,4
1,1,1,1,4
1,1,1,1,4
1,1,1,1,4
1,1,1,1,4
1,1,1,0,3
0,0,0,0,0
0,0,0,0,0
1,1,1,1,4
1,1,1,1,4
1,1,1,1,4
1,1,1,1,4
1,1,1,1,4
1,1,1,1,4
1,1,1,1,4
0,0,0,0,0
1,1,1,1,4
1,1,1,1,4
1,1,1,1,4
1,1,1,1,4
0,0,0,0,0
0,0,0,0,0
1,1,1,1,4
1,1,1,1,4
1,1,1,1,4
0,0,0,0,0
1,1,1,1,4
1,1,1,1,4
1,1,1,1,4
1,1,1,1,4
1,1,1,1,4
1,1,1,1,4
1,0,0,0,1
1,1,1,1,4
1,1,1,1,4
1,1,1,1,4
1,1,1,1,4
1,1,1,1,4
1,1,1,1,4
0,1,1,1,3
1,1,1,1,4
1,1,1,1,4
1,1,1,1,4
1,1,1,1,4
1,1,1,1,4
1,1,1,1,4
0,0,0,0,0
0,0,0,0,0
1,1,1,0,3
1,1,1,1,4
1,1,1,1,4
1,1,1,1,4
0,0,0,0,0
1,0,0,0,1
1,1,1,1,4
1,1,1,1,4
1,1,1,1,4
0,0,0,0,0
1,1,1,1,4
0,0,0,0,0
1,1,1,1,4
1,1,1,1,4
1,1,1,1,4
1,1,1,1,4
1,1,0,0,2
1,1,1,1,4
1,1,1,1,4
1,1,1,0,3
1,1,1,0,3
1,1,1,1,4
1,1,1,1,4
0,1,1,1,3
1,1,1,1,4
1,1,1,1,4
1,1,1,1,4
1,1,1,1,4
1,1,1,1,4
1,1,1,1,4
1,1,1,1,4
0,0,0,0,0
0,0,0,0,0
1,1,1,1,4
1,1,1,1,4
1,1,1,1,4
0,0,0,0,0
1,1,1,1,4
1,1,1,1,4
1,1,1,1,4
1,1,1,1,4
1,1,1,1,4
1,1,1,1,4
1,1,1,1,4
1,1,1,1,4
1,1,1,0,3
1,1,1,1,4
1,1,1,1,4
1,1,1,1,4
1,1,1,1,4
1,1,1,1,4
1,1,1,1,4
1,1,1,1,4
1,0,0,0,1
1,1,1,1,4
1,1,1,1,4
1,1,1,1,4
1,1,1,1,4
1,1,1,1,4
1,1,1,1,4
1,1,1,1,4
1,1,1,1,4
1,1,1,1,4
1,1,1,1,4
1,1,1,1,4
1,1,1,1,4
1,1,1,1,4
1,1,1,1,4
1,1,1,1,4
1,1,1,1,4
1,1,1,1,4
1,1,1,1,4
1,1,1,1,4
1,1,1,1,4
1,1,1,1,4
1,1,1,1,4
1,1,1,1,4
1,1,1,1,4
1,1,1,1,4
1,1,1,1,4
0,0,0,0,0
1,1,1,1,4
1,1,1,1,4
1,1,1,1,4
0,0,0,0,0
1,1,1,1,4
1,1,1,1,4
1,1,1,1,4
1,1,1,1,4
1,1,1,1,4
1,1,1,1,4
1,1,1,1,4
1,1,1,1,4
1,1,1,1,4
1,1,1,1,4
1,1,1,1,4
1,1,0,0,2
0,0,0,0,0
0,0,0,0,0
1,0,0,0,1
1,0,0,0,1
1,1,1,1,4
1,1,1,1,4
1,0,0,0,1
1,1,1,1,4
1,1,1,1,4
1,1,1,1,4
1,1,1,1,4
1,1,1,1,4
0,0,0,0,0
0,0,0,0,0
1,1,1,1,4
1,1,1,1,4
1,1,1,1,4
1,1,1,1,4
1,1,1,1,4
0,1,1,1,3
1,0,0,0,1
1,1,1,1,4
1,1,1,1,4
1,1,1,1,4
1,1,1,1,4
1,1,1,1,4
1,1,1,1,4
1,1,1,1,4
1,1,1,1,4
1,1,1,1,4
1,1,1,1,4
1,1,1,1,4
1,1,1,1,4
1,1,1,1,4
0,0,0,0,0
1,1,1,1,4
1,1,1,1,4
1,1,1,1,4
1,1,1,1,4
0,0,0,0,0
0,0,0,0,0
1,1,1,1,4
1,1,1,1,4
1,1,1,1,4
0,1,1,1,3
1,1,1,1,4
1,1,1,1,4
0,0,0,0,0
1,1,1,1,4
1,1,1,1,4
0,0,0,0,0
1,1,1,1,4
1,1,1,1,4
1,1,1,1,4
1,1,1,1,4
1,1,1,0,3
0,0,0,0,0
1,0,0,0,1
1,1,1,1,4
1,1,1,1,4
1,1,1,1,4
1,1,1,1,4
1,1,1,1,4
1,1,1,1,4
1,1,1,1,4
1,1,1,1,4
0,0,0,0,0
1,1,1,1,4
1,0,0,0,1
1,1,1,1,4
1,1,1,1,4
1,1,1,1,4
1,1,1,1,4
1,1,1,1,4
1,1,1,1,4
0,0,0,0,0
1,1,1,1,4
1,1,1,1,4
1,1,1,1,4
0,1,1,1,3
1,1,1,1,4
1,1,1,1,4
1,1,1,1,4
1,1,1,1,4
1,1,1,1,4
1,1,1,1,4
1,1,1,1,4
1,1,1,1,4
1,1,1,1,4
0,0,0,0,0
1,1,1,1,4
0,0,0,0,0
0,0,0,0,0
1,0,0,0,1
1,1,1,1,4
1,1,1,1,4
1,1,1,1,4
1,1,1,1,4
0,0,0,0,0
1,1,1,1,4
1,1,1,1,4
1,1,1,1,4
1,1,1,1,4
0,0,0,0,0
1,1,1,1,4
1,1,1,1,4
1,1,1,1,4
1,1,1,1,4
1,1,1,1,4
1,1,1,0,3
1,1,1,1,4
1,1,1,1,4
1,1,1,1,4
1,1,1,1,4
1,1,1,1,4
1,1,1,1,4
1,1,1,1,4
1,1,1,1,4
1,1,1,1,4
0,0,0,0,0
1,1,1,1,4
1,1,1,1,4
0,0,0,0,0
1,1,1,1,4
1,1,1,1,4
1,1,1,1,4
1,1,1,1,4
1,1,1,1,4
1,1,1,1,4
1,1,1,1,4
0,0,0,0,0
0,0,0,0,0
1,1,1,1,4
1,0,0,0,1
1,1,1,1,4
1,1,1,1,4
1,1,1,0,3
1,1,1,1,4
1,1,1,1,4
1,0,0,0,1
0,0,0,0,0
1,0,0,0,1
1,1,1,1,4
1,1,1,1,4
1,1,1,1,4
1,1,1,1,4
1,1,1,1,4
1,1,1,1,4
1,1,1,1,4
1,1,1,1,4
1,1,1,1,4
1,1,1,1,4
1,1,1,1,4
0,1,1,1,3
1,1,1,1,4
1,1,1,1,4
1,1,1,1,4
0,0,0,0,0
1,1,1,1,4
1,1,1,1,4
1,1,1,1,4
1,1,1,1,4
1,1,1,1,4
0,0,0,0,0
1,1,1,0,3
1,1,1,1,4
0,0,0,0,0
0,0,0,0,0
1,1,1,1,4
1,1,1,1,4
1,1,1,1,4
1,1,1,1,4
1,1,1,1,4
1,1,1,1,4
0,0,0,0,0
1,1,1,1,4
1,1,1,1,4
1,1,1,1,4
0,0,0,0,0
1,1,1,1,4
1,1,1,1,4
1,1,1,1,4
1,1,1,1,4
1,1,1,1,4
1,1,1,1,4
1,1,1,1,4
1,1,1,1,4
1,1,1,1,4
1,1,1,1,4
1,1,1,1,4
1,1,1,1,4
0,0,0,0,0
0,0,0,0,0
1,1,1,1,4
0,0,0,0,0
1,1,1,1,4
1,0,0,0,1
1,1,1,1,4
1,1,1,1,4
0,0,0,0,0
0,1,1,1,3
1,1,1,1,4
1,1,1,1,4
0,0,0,0,0
1,1,1,1,4
1,1,1,1,4
1,1,1,1,4
1,1,1,1,4
1,1,1,1,4
1,1,1,1,4
1,1,1,1,4
1,1,1,1,4
1,1,1,1,4
1,1,1,1,4
1,1,1,1,4
1,1,1,1,4
1,1,1,1,4
0,0,0,0,0
0,0,0,0,0
1,1,1,1,4
1,1,1,1,4
1,1,1,1,4
1,1,1,1,4
1,1,1,1,4
0,0,0,0,0
0,0,0,0,0
1,1,1,1,4
0,0,0,0,0
0,0,0,0,0
1,1,1,1,4
1,1,1,1,4
1,1,1,1,4
0,0,0,0,0
1,1,1,1,4
1,1,1,1,4
1,1,1,1,4
0,0,0,0,0
1,1,1,1,4
1,1,1,1,4
1,1,1,1,4
1,1,1,0,3
1,1,1,1,4
1,1,1,1,4
1,1,1,0,3
1,1,1,0,3
1,1,1,1,4
0,0,0,0,0
1,1,1,1,4
1,1,1,1,4
1,1,1,1,4
0,0,0,0,0
1,1,1,1,4
1,1,1,1,4
0,0,0,0,0
1,1,1,1,4
0,0,0,0,0
1,1,1,1,4
1,1,1,1,4
1,1,1,1,4
1,1,1,1,4
1,1,1,1,4
1,1,1,1,4
0,0,0,0,0
1,1,1,1,4
1,1,1,1,4
1,1,1,1,4
1,1,1,1,4
1,1,1,1,4
1,1,1,1,4
1,0,0,0,1
1,1,1,1,4
1,1,1,1,4
1,1,1,1,4
0,0,0,0,0
1,1,1,1,4
1,1,1,1,4
1,1,1,1,4
1,1,1,1,4
1,1,1,1,4
1,1,1,1,4
1,1,1,1,4
1,1,1,1,4
1,1,1,1,4
1,1,1,1,4
1,1,1,1,4
0,0,0,0,0
1,1,1,1,4
1,1,1,1,4
1,1,1,1,4
1,1,1,1,4
1,1,1,1,4
1,1,1,1,4
1,1,1,1,4
1,1,1,1,4
1,1,1,1,4
1,1,1,1,4
1,1,1,1,4
1,1,1,1,4
1,1,1,1,4
1,1,1,1,4
1,1,1,1,4
1,1,1,0,3
1,1,1,1,4
1,1,1,1,4
1,1,1,1,4
1,1,1,1,4
1,1,1,1,4
1,1,1,1,4
1,1,1,1,4
1,1,1,1,4
1,1,1,1,4
1,1,1,1,4
1,1,1,1,4
0,0,0,0,0
1,0,0,0,1
1,1,1,1,4
1,1,1,1,4
0,0,0,0,0
1,1,1,1,4
1,1,1,1,4
1,1,1,1,4
1,1,1,1,4
1,1,1,1,4
1,1,1,1,4
1,1,1,1,4
1,1,1,1,4
1,1,1,1,4
0,0,0,0,0
1,1,1,1,4
1,1,1,1,4
0,0,0,0,0
0,0,0,0,0
1,1,1,1,4
1,1,1,1,4
0,0,0,1,1
1,1,1,1,4
1,1,1,1,4
1,1,1,1,4
0,1,1,1,3
1,1,1,1,4
1,1,1,1,4
1,1,1,1,4
1,1,1,1,4
1,1,1,1,4
1,1,1,1,4
0,1,1,1,3
1,1,1,1,4
1,1,1,1,4
1,1,1,1,4
1,1,1,1,4
1,1,1,1,4
0,1,1,1,3
1,1,1,1,4
1,1,1,1,4
1,1,1,1,4
1,1,1,1,4
1,1,1,1,4
1,1,1,1,4
1,1,1,1,4
1,1,1,1,4
1,1,1,1,4
1,1,1,1,4
1,1,1,0,3
0,0,0,0,0
1,1,1,1,4
1,1,1,1,4
1,1,1,1,4
1,1,1,1,4
1,1,1,1,4
1,1,1,1,4
1,1,1,1,4
1,1,1,0,3
1,1,1,0,3
1,1,1,0,3
1,1,1,1,4
1,1,1,1,4
1,1,1,1,4
1,0,0,0,1
1,1,1,1,4
1,1,1,1,4
0,0,0,0,0
1,1,1,1,4
1,1,1,1,4
1,1,1,1,4
1,1,1,1,4
1,1,1,1,4
1,1,1,1,4
1,1,1,1,4
1,1,1,1,4
0,0,0,0,0
1,1,1,1,4
1,1,1,1,4
1,1,1,1,4
1,1,1,1,4
1,1,1,1,4
1,1,1,1,4
1,1,1,1,4
1,1,1,1,4
0,1,1,1,3
1,1,1,1,4
1,1,1,1,4
0,0,0,0,0
0,0,0,0,0
0,0,0,0,0
1,0,0,0,1
1,1,1,1,4
1,1,1,1,4
1,1,1,1,4
1,1,1,1,4
1,1,1,1,4
1,1,1,1,4
1,1,1,1,4
1,1,1,1,4
1,1,1,1,4
1,1,1,1,4
1,1,1,1,4
1,1,0,0,2
1,1,1,1,4
1,1,1,1,4
1,1,1,1,4
1,1,0,0,2
1,1,1,1,4
1,1,1,1,4
1,1,1,1,4
0,0,0,0,0
1,1,1,1,4
1,1,1,1,4
1,1,1,1,4
1,1,1,1,4
1,1,1,1,4
1,1,1,1,4
1,0,0,0,1
1,1,1,1,4
1,1,1,1,4
1,1,1,1,4
0,0,0,0,0
1,1,1,1,4
1,1,1,1,4
1,1,1,1,4
1,1,1,1,4
1,0,0,0,1
1,1,1,1,4
1,1,1,1,4
1,1,1,1,4
1,1,1,1,4
1,1,1,1,4
1,1,1,1,4
1,1,1,1,4
1,1,1,1,4
1,1,1,1,4
1,1,1,1,4
1,1,1,1,4
1,1,1,1,4
1,1,1,1,4
1,1,1,1,4
1,1,1,1,4
1,1,1,1,4
1,1,1,1,4
0,0,0,0,0
1,1,1,0,3
1,1,1,1,4
1,1,1,1,4
1,1,1,1,4
1,1,1,1,4
1,1,1,1,4
1,1,1,1,4
0,0,0,0,0
1,1,1,1,4
1,1,1,1,4
0,0,0,0,0
1,1,1,1,4
1,1,1,1,4
1,1,1,1,4
1,1,1,1,4
0,0,0,0,0
0,0,0,0,0
0,0,0,0,0
0,1,1,1,3
1,1,1,1,4
1,1,1,1,4
1,1,1,1,4
0,1,1,1,3
1,1,1,1,4
1,1,1,1,4
1,1,1,1,4
1,1,1,1,4
1,1,1,1,4
1,1,1,1,4
1,1,1,1,4
1,1,1,1,4
0,0,0,0,0
1,1,1,1,4
1,1,1,1,4
1,1,1,1,4
1,1,1,1,4
1,1,1,1,4
1,1,1,1,4
1,1,1,1,4
0,0,0,0,0
1,1,1,1,4
1,1,1,1,4
0,0,0,0,0
1,1,1,1,4
1,1,1,1,4
1,1,1,1,4
1,1,1,1,4
0,0,0,0,0
1,1,1,1,4
1,1,1,1,4
1,0,0,0,1
1,1,1,1,4
1,1,1,0,3
1,1,1,1,4
0,0,0,0,0
1,1,1,1,4
1,1,1,1,4
0,1,1,1,3
1,1,1,1,4
1,1,1,1,4
1,1,1,1,4
1,1,1,1,4
1,1,1,1,4
0,0,0,0,0
1,1,1,1,4
1,1,1,1,4
1,1,1,0,3
1,1,1,1,4
1,1,1,1,4
1,1,1,1,4
1,1,1,1,4
1,1,1,1,4
1,1,1,1,4
1,1,1,1,4
1,1,1,1,4
1,1,1,1,4
0,0,1,1,2
1,1,1,1,4
1,1,1,1,4
1,1,1,1,4
1,1,1,1,4
1,1,1,1,4
1,1,1,1,4
1,1,1,1,4
1,1,1,1,4
1,1,1,1,4
1,1,1,1,4
1,1,1,1,4
1,1,1,1,4
1,0,0,0,1
1,1,1,1,4
1,1,1,1,4
1,1,1,1,4
1,1,1,1,4
1,1,1,1,4
1,1,1,1,4
1,1,1,1,4
1,1,1,1,4
1,1,1,1,4
1,1,1,1,4
1,1,1,1,4
1,1,1,1,4
1,1,1,1,4
1,0,0,1,2
1,1,1,1,4
1,1,1,1,4
0,0,0,0,0
1,1,1,1,4
1,1,1,1,4
0,0,0,0,0
1,1,1,1,4
1,1,1,1,4
1,1,1,1,4
1,1,1,1,4
1,1,1,1,4
1,1,1,1,4
1,1,1,1,4
1,1,1,1,4
1,1,1,1,4
1,1,1,1,4
1,1,1,1,4
1,1,1,1,4
1,1,1,1,4
1,1,1,1,4
1,1,1,1,4
1,1,1,1,4
1,1,1,1,4
0,0,0,0,0
1,1,1,1,4
1,1,1,1,4
1,1,1,0,3
0,0,1,1,2
1,1,1,1,4
1,1,1,1,4
0,0,0,0,0
1,1,1,1,4
1,1,1,1,4
1,1,1,1,4
0,0,0,0,0
1,1,1,1,4
0,0,0,0,0
1,1,1,1,4
1,1,1,1,4
0,0,0,0,0
1,1,1,1,4
1,1,1,0,3
1,1,1,1,4
0,0,0,0,0
1,0,0,0,1
1,1,1,1,4
1,1,1,1,4
1,1,1,1,4
1,1,1,1,4
1,1,1,1,4
0,0,0,0,0
0,0,0,0,0
0,0,0,0,0
0,0,0,0,0
1,1,1,1,4
1,1,1,1,4
1,1,1,1,4
1,1,1,1,4
1,1,1,1,4
1,1,1,1,4
1,1,1,1,4
1,1,1,1,4
1,1,1,1,4
1,1,1,1,4
0,0,0,0,0
0,0,0,0,0
0,0,1,1,2
1,1,1,1,4
0,0,0,0,0
0,1,1,1,3
0,0,0,0,0
1,1,1,1,4
1,1,1,1,4
1,1,1,1,4
0,0,0,0,0
1,1,1,1,4
1,1,1,1,4
1,1,1,1,4
1,1,1,1,4
0,0,0,0,0
1,1,1,1,4
0,0,0,0,0
0,0,0,0,0
0,0,0,0,0
1,1,1,1,4
1,1,1,1,4
1,1,1,1,4
0,0,1,1,2
1,0,0,0,1
1,1,1,1,4
1,1,1,1,4
0,0,0,0,0
1,1,1,1,4
0,0,0,0,0
1,1,1,1,4
1,1,1,1,4
0,0,0,0,0
1,1,1,1,4
1,1,1,0,3
1,1,1,1,4
1,1,1,1,4
1,1,1,1,4
1,1,1,1,4
1,1,1,1,4
1,1,1,1,4
1,1,1,1,4
0,1,1,1,3
1,1,0,0,2
1,1,1,1,4
1,1,1,1,4
0,0,1,1,2
0,0,0,0,0
1,1,1,1,4
1,1,1,1,4
0,0,0,0,0
1,1,1,1,4
1,1,1,1,4
1,1,1,0,3
1,1,1,1,4
1,1,1,1,4
1,1,1,1,4
1,1,1,1,4
1,1,0,0,2
0,0,0,0,0
1,1,1,1,4
1,1,1,1,4
1,1,1,1,4
1,1,1,1,4
1,1,1,1,4
1,1,1,1,4
1,1,1,1,4
0,0,0,0,0
0,0,0,0,0
0,0,0,0,0
0,0,0,0,0
1,0,0,0,1
0,0,0,0,0
0,0,0,0,0
0,0,0,0,0
1,1,1,1,4
0,0,0,0,0
0,0,0,0,0
1,1,1,1,4
1,1,1,1,4
1,1,1,1,4
1,1,1,1,4
1,1,1,1,4
1,1,1,0,3
1,1,1,1,4
0,0,0,0,0
0,1,1,1,3
1,1,1,1,4
1,1,1,1,4
1,1,1,1,4
1,1,1,1,4
1,1,1,1,4
1,1,1,1,4
0,0,0,0,0
1,1,1,1,4
1,1,1,1,4
1,1,1,1,4
1,1,1,1,4
1,1,1,1,4
1,1,1,1,4
1,1,1,1,4
1,1,1,1,4
1,1,1,1,4
1,1,1,1,4
0,0,0,0,0
1,1,1,1,4
1,1,1,1,4
1,1,1,1,4
1,1,0,0,2
1,1,1,1,4
0,0,1,1,2
1,1,1,1,4
1,1,1,1,4
1,1,1,1,4
1,1,1,1,4
0,1,1,1,3
1,1,1,1,4
1,1,1,1,4
1,1,1,1,4
0,0,0,0,0
1,1,1,1,4
0,0,1,1,2
1,1,1,1,4
1,1,1,1,4
0,0,0,0,0
1,1,1,1,4
1,1,1,1,4
1,1,1,1,4
1,1,1,1,4
1,1,1,1,4
1,1,1,1,4
0,0,1,1,2
1,1,1,1,4
1,1,1,1,4
0,0,0,0,0
1,1,1,1,4
1,1,1,1,4
0,1,1,1,3
1,1,1,1,4
0,0,0,0,0
0,0,0,0,0
1,1,1,1,4
0,0,1,1,2
1,1,1,1,4
1,1,1,1,4
1,1,1,1,4
1,1,1,1,4
1,1,1,1,4
1,1,1,1,4
1,1,1,1,4
1,1,1,1,4
1,1,1,1,4
1,1,1,0,3
0,0,0,0,0
1,1,1,1,4
1,1,1,1,4
1,1,1,1,4
1,1,1,1,4
0,0,0,0,0
1,1,1,1,4
1,1,1,1,4
0,0,0,0,0
1,1,1,1,4
1,1,1,1,4
1,1,1,1,4
1,1,1,1,4
1,1,1,1,4
1,1,1,1,4
1,1,0,0,2
1,1,1,1,4
1,1,1,1,4
1,1,1,1,4
1,1,1,1,4
0,0,0,0,0
1,1,1,1,4
1,1,1,1,4
1,1,1,1,4
1,1,1,1,4
1,1,1,1,4
1,1,1,1,4
1,1,1,1,4
0,0,0,0,0
1,1,1,1,4
1,1,1,1,4
1,1,1,1,4
0,0,0,0,0
1,1,1,1,4
1,1,1,1,4
1,1,1,1,4
1,1,1,1,4
1,1,1,1,4
1,1,1,1,4
1,1,1,1,4
1,1,1,1,4
1,1,1,1,4
1,1,1,1,4
1,1,1,1,4
1,1,1,1,4
0,0,0,0,0
0,0,0,0,0
0,0,1,1,2
1,1,1,1,4
1,0,1,1,3
1,0,0,0,1
1,1,1,1,4
0,0,0,0,0
1,1,1,1,4
1,1,1,1,4
1,1,1,1,4
1,1,1,1,4
1,1,1,1,4
1,1,1,1,4
1,1,1,1,4
1,1,1,1,4
1,1,1,1,4
1,1,1,1,4
0,0,0,0,0
1,1,1,1,4
1,1,1,1,4
1,1,1,1,4
0,0,0,0,0
0,0,0,0,0
1,1,1,1,4
1,1,1,1,4
0,0,0,0,0
1,1,1,1,4
1,1,1,1,4
1,1,1,1,4
1,1,1,1,4
1,1,1,1,4
0,0,1,1,2
1,0,0,0,1
1,1,1,1,4
1,1,1,1,4
1,1,1,1,4
1,1,1,0,3
0,0,0,0,0
1,1,1,1,4
0,0,0,0,0
1,1,1,1,4
1,1,1,1,4
1,1,1,1,4
1,1,1,0,3
1,0,0,0,1
0,0,0,0,0
1,1,1,1,4
1,1,1,1,4
1,1,1,1,4
0,0,0,0,0
1,1,1,1,4
1,1,1,1,4
0,0,0,0,0
1,1,1,1,4
1,1,1,1,4
1,1,1,1,4
0,0,0,0,0
1,1,1,1,4
1,1,1,1,4
1,1,1,1,4
0,0,0,0,0
1,1,1,1,4
1,1,1,1,4
1,1,1,1,4
0,0,0,0,0
1,1,1,1,4
1,1,1,1,4
1,1,1,1,4
1,1,1,1,4
0,0,0,0,0
1,1,1,1,4
1,1,1,1,4
1,1,1,1,4
1,1,1,1,4
1,1,1,1,4
1,1,1,1,4
1,1,1,1,4
1,1,1,1,4
1,1,1,1,4
1,1,1,1,4
0,1,1,1,3
1,1,1,1,4
1,1,1,1,4
0,0,0,0,0
1,1,1,1,4
1,1,1,1,4
0,1,1,1,3
0,1,1,1,3
0,1,1,1,3
1,1,1,1,4
1,1,1,1,4
0,0,0,0,0
1,1,1,1,4
1,1,1,1,4
1,1,1,1,4
1,1,1,1,4
1,1,1,1,4
1,1,1,1,4
1,1,1,0,3
1,1,1,1,4
1,0,0,0,1
1,1,1,1,4
1,1,1,1,4
1,1,1,1,4
0,0,0,0,0
0,0,0,0,0
0,0,0,0,0
0,0,0,0,0
0,0,0,0,0
1,1,1,1,4
0,0,0,0,0
0,0,0,0,0
0,0,0,0,0
1,1,1,1,4
1,1,1,1,4
1,1,1,1,4
1,1,1,1,4
1,0,0,0,1
0,0,0,0,0
1,1,1,1,4
1,1,1,1,4
1,1,1,1,4
0,0,0,0,0
1,1,1,1,4
1,1,1,1,4
1,1,1,1,4
1,1,1,1,4
1,1,1,1,4
0,0,0,0,0
1,1,1,1,4
1,1,1,1,4
1,1,1,1,4
1,0,0,0,1
1,1,1,1,4
1,1,1,1,4
1,1,1,1,4
1,1,1,1,4
1,1,1,1,4
1,1,1,0,3
1,1,1,1,4
1,1,1,1,4
0,1,1,1,3
1,1,1,1,4
1,1,1,1,4
1,1,1,1,4
1,1,1,1,4
1,1,1,1,4
1,1,1,1,4
1,1,1,1,4
1,1,1,1,4
0,0,0,0,0
1,1,1,1,4
1,1,1,1,4
1,1,1,1,4
0,0,0,0,0
0,1,1,1,3
1,1,1,1,4
1,1,1,1,4
0,1,1,1,3
1,1,1,1,4
1,1,1,1,4
1,1,1,1,4
1,1,1,0,3
1,1,1,1,4
1,1,1,1,4
1,1,1,1,4
0,1,1,1,3
1,1,1,1,4
0,0,0,0,0
1,1,1,1,4
0,0,0,0,0
0,0,0,0,0
1,1,1,1,4
1,1,1,1,4
1,1,1,1,4
1,1,1,1,4
1,1,1,1,4
1,1,1,1,4
1,1,1,1,4
0,0,0,0,0
1,1,1,1,4
1,1,1,1,4
0,0,0,0,0
1,1,1,0,3
1,1,1,1,4
0,0,1,1,2
1,1,1,1,4
0,1,1,1,3
0,0,0,0,0
1,1,1,0,3
0,1,1,1,3
1,1,1,1,4
1,1,1,1,4
0,0,0,0,0
0,0,0,0,0
0,0,0,1,1
1,1,1,1,4
1,1,1,1,4
1,1,1,1,4
1,1,1,1,4
1,1,1,1,4
0,0,0,0,0
0,1,1,1,3
1,1,1,1,4
1,1,1,1,4
1,1,1,1,4
1,1,1,1,4
1,1,1,1,4
1,1,1,1,4
0,1,1,1,3
1,1,1,1,4
1,1,1,1,4
1,1,1,1,4
1,1,1,1,4
1,1,1,1,4
0,1,1,1,3
0,1,1,1,3
1,1,1,1,4
0,0,0,0,0
1,1,1,1,4
0,0,0,0,0
1,1,1,1,4
1,1,1,0,3
1,1,1,1,4
0,0,0,0,0
1,1,1,1,4
1,1,1,1,4
1,1,1,1,4
1,1,1,0,3
0,0,0,0,0
1,1,1,1,4
1,1,1,1,4
1,1,1,1,4
1,1,1,1,4
1,1,1,1,4
1,1,1,1,4
1,1,1,1,4
1,1,1,1,4
1,1,1,1,4
1,1,1,1,4
1,1,1,1,4
1,1,1,1,4
1,1,1,1,4
1,1,1,1,4
1,1,1,1,4
1,1,1,1,4
1,1,1,1,4
1,1,1,1,4
1,1,1,1,4
1,1,1,1,4
1,1,1,1,4
1,1,1,1,4
0,0,0,1,1
1,1,1,1,4
1,1,1,1,4
1,1,1,1,4
1,1,1,1,4
1,1,1,1,4
1,1,1,1,4
1,1,1,1,4
1,1,1,1,4
1,1,1,1,4
0,0,1,1,2
1,1,1,1,4
1,1,1,1,4
1,1,1,1,4
0,1,1,1,3
1,1,1,1,4
1,1,1,1,4
1,1,1,1,4
1,1,1,1,4
1,1,1,1,4
1,1,1,1,4
1,1,1,1,4
1,1,1,1,4
1,1,1,1,4
1,1,1,1,4
1,1,1,1,4
1,0,0,0,1
0,1,1,1,3
1,1,1,1,4
0,1,1,1,3
1,1,1,1,4
1,1,1,1,4
0,0,1,1,2
0,0,0,0,0
1,1,1,1,4
1,1,1,1,4
1,1,1,1,4
1,1,1,1,4
0,1,1,1,3
1,1,1,1,4
0,0,0,0,0
1,1,1,1,4
1,1,1,1,4
0,1,1,1,3
1,1,1,1,4
1,1,1,1,4
0,1,1,1,3
1,1,1,1,4
0,0,0,0,0
1,1,1,1,4
1,1,1,1,4
1,1,1,1,4
1,1,1,1,4
1,1,1,1,4
1,1,1,1,4
1,1,1,1,4
1,1,1,1,4
1,1,1,1,4
1,1,1,1,4
1,1,1,1,4
1,1,1,1,4
1,1,1,1,4
1,1,1,1,4
1,1,1,1,4
1,1,1,1,4
0,0,0,0,0
0,1,1,1,3
0,1,1,1,3
1,1,1,1,4
1,1,1,1,4
1,1,1,1,4
1,1,1,1,4
1,1,1,1,4
0,1,1,1,3
1,1,1,1,4
1,1,1,1,4
1,1,1,0,3
1,1,1,1,4
1,1,1,1,4
1,1,1,1,4
1,1,1,1,4
1,1,1,1,4
1,1,1,1,4
1,1,1,1,4
1,1,1,1,4
1,1,1,1,4
0,0,0,0,0
1,1,1,1,4
1,1,1,1,4
1,1,1,1,4
1,0,1,1,3
1,1,1,1,4
1,1,1,1,4
1,1,1,0,3
1,1,1,1,4
0,0,0,0,0
1,1,1,1,4
1,1,1,1,4
1,1,1,0,3
1,1,1,1,4
1,1,1,1,4
1,1,1,1,4
1,1,1,1,4
1,1,1,1,4
1,1,1,1,4
1,1,1,1,4
1,1,1,1,4
1,1,1,1,4
0,0,0,0,0
1,1,1,1,4
1,1,1,1,4
1,1,1,1,4
1,1,1,1,4
1,1,1,1,4
1,1,1,1,4
1,1,1,1,4
1,1,1,1,4
1,1,1,0,3
1,1,1,1,4
1,1,1,1,4
1,1,1,1,4
1,1,1,1,4
1,1,1,1,4
1,1,1,1,4
1,1,1,1,4
1,1,1,1,4
1,1,1,1,4
1,1,1,1,4
1,1,1,1,4
1,1,1,1,4
1,1,1,1,4
1,1,1,1,4
1,1,1,1,4
1,1,1,1,4
1,1,1,1,4
1,1,1,1,4
1,1,1,1,4
1,1,1,1,4
1,1,1,1,4
1,1,1,1,4
1,1,1,1,4
0,1,1,1,3
1,1,1,1,4
1,1,1,1,4
1,1,1,1,4
1,1,1,1,4
0,0,0,0,0
1,1,1,1,4
1,1,1,1,4
1,1,1,1,4
0,0,0,0,0
1,1,1,1,4
1,1,1,1,4
1,1,1,1,4
0,0,0,0,0
1,1,1,1,4
1,1,1,1,4
1,1,1,1,4
1,1,1,1,4
1,0,0,0,1
1,1,1,1,4
0,0,1,1,2
1,1,1,1,4
1,1,1,1,4
1,1,1,1,4
1,1,1,1,4
1,1,1,1,4
1,1,1,1,4
1,1,1,1,4
1,1,1,1,4
0,0,0,0,0
1,1,1,1,4
1,1,0,0,2
0,0,0,0,0
1,1,1,1,4
0,1,1,1,3
1,1,1,1,4
0,1,1,1,3
1,1,1,1,4
1,1,1,1,4
1,1,1,1,4
1,1,1,1,4
1,1,1,1,4
1,1,1,1,4
1,1,1,1,4
1,1,1,1,4
1,1,1,1,4
1,1,1,1,4
1,1,1,1,4
1,1,1,1,4
1,1,1,1,4
1,1,1,1,4
1,1,1,1,4
0,0,0,0,0
0,0,0,0,0
1,1,1,1,4
0,0,0,0,0
1,1,1,1,4
1,1,1,1,4
1,1,1,1,4
1,1,1,1,4
1,1,1,1,4
1,1,1,1,4
1,1,1,1,4
1,1,1,1,4
1,1,1,1,4
1,1,1,1,4
0,1,1,1,3
1,1,1,1,4
1,1,1,1,4
1,1,1,1,4
1,1,1,1,4
1,1,1,1,4
1,1,1,1,4
1,1,1,1,4
1,1,1,1,4
1,1,1,1,4
1,1,1,1,4
1,1,1,1,4
1,1,1,1,4
1,1,1,1,4
1,1,1,1,4
1,1,1,1,4
1,1,1,1,4
0,0,0,0,0
1,1,1,1,4
1,1,1,1,4
1,1,1,0,3
0,0,1,1,2
1,1,1,1,4
1,1,1,1,4
1,1,1,1,4
0,1,1,1,3
1,1,1,1,4
0,0,0,0,0
1,1,1,1,4
1,1,1,1,4
1,1,1,1,4
1,1,1,1,4
0,0,0,0,0
1,1,1,1,4
1,1,1,1,4
1,1,1,1,4
0,0,0,0,0
0,0,0,0,0
0,1,1,1,3
1,1,1,1,4
0,0,0,0,0
0,0,0,0,0
1,1,1,1,4
1,1,1,1,4
0,0,1,1,2
1,1,1,1,4
1,1,1,1,4
0,0,0,0,0
1,1,1,1,4
1,1,1,1,4
0,0,0,0,0
1,1,1,1,4
1,1,1,1,4
1,1,1,1,4
0,0,0,0,0
0,0,0,0,0
0,0,0,0,0
1,1,1,1,4
1,1,1,1,4
1,1,1,1,4
1,1,1,1,4
1,1,1,1,4
1,1,1,1,4
1,1,1,1,4
1,1,1,1,4
0,0,0,0,0
1,1,1,1,4
1,1,1,1,4
1,1,1,1,4
0,0,0,0,0
1,1,1,1,4
1,1,1,1,4
1,1,1,1,4
0,0,0,0,0
0,1,1,1,3
1,1,1,1,4
1,1,1,1,4
1,1,1,0,3
1,1,1,1,4
1,1,1,1,4
1,1,1,1,4
1,1,1,1,4
1,1,1,1,4
0,1,1,1,3
1,1,1,1,4
1,1,1,1,4
1,1,1,1,4
1,1,1,1,4
0,1,1,1,3
1,1,1,1,4
1,1,1,1,4
1,1,1,1,4
1,1,1,1,4
1,1,1,1,4
1,1,1,1,4
1,1,1,1,4
1,1,1,1,4
0,0,0,0,0
1,1,1,1,4
1,1,1,1,4
0,1,1,1,3
1,1,1,1,4
0,0,1,1,2
1,1,1,1,4
1,1,1,0,3
1,1,1,1,4
1,1,1,1,4
0,0,0,0,0
1,1,1,1,4
1,1,1,0,3
1,1,1,1,4
1,1,1,1,4
1,1,1,1,4
1,1,1,1,4
1,1,1,1,4
1,1,1,1,4
1,1,1,1,4
1,1,1,1,4
1,1,1,1,4
0,0,0,0,0
1,1,1,1,4
1,1,1,1,4
1,1,1,1,4
0,0,0,0,0
0,1,1,1,3
1,1,1,1,4
1,1,1,1,4
1,1,1,1,4
1,1,1,1,4
1,1,1,1,4
1,1,1,1,4
0,1,1,1,3
0,1,1,1,3
1,1,1,1,4
1,1,1,1,4
1,1,1,1,4
1,1,1,1,4
0,0,0,0,0
1,1,1,0,3
1,1,1,1,4
1,1,1,1,4
1,1,0,0,2
1,1,1,1,4
0,0,0,0,0
1,1,1,1,4
1,1,1,1,4
0,1,1,1,3
1,1,1,1,4
1,1,1,1,4
1,1,1,1,4
1,1,1,0,3
0,1,1,1,3
1,1,1,1,4
1,1,1,1,4
1,1,1,1,4
1,1,1,1,4
1,1,1,1,4
1,1,1,1,4
1,1,1,1,4
1,1,1,1,4
0,0,1,1,2
1,1,1,1,4
0,0,0,0,0
1,1,1,1,4
1,1,0,0,2
0,1,1,1,3
0,0,1,1,2
0,0,0,0,0
1,1,1,1,4
0,1,1,1,3
0,0,0,0,0
1,1,1,1,4
0,0,0,0,0
1,1,1,1,4
1,1,1,1,4
0,0,0,0,0
0,0,0,0,0
0,0,0,0,0
1,1,1,1,4
1,1,1,1,4
1,1,1,0,3
1,1,1,1,4
1,1,1,1,4
1,1,1,1,4
1,1,1,1,4
1,1,1,1,4
1,1,1,1,4
1,1,1,1,4
1,1,1,1,4
1,1,1,1,4
0,0,0,0,0
1,1,1,1,4
1,1,1,1,4
1,1,1,1,4
1,1,1,1,4
1,1,1,1,4
1,1,1,1,4
1,1,1,1,4
0,0,0,0,0
1,1,1,1,4
1,1,1,1,4
1,1,0,0,2
1,1,1,1,4
1,1,1,1,4
1,1,1,1,4
0,0,0,0,0
0,0,0,0,0
0,1,1,1,3
1,1,1,1,4
1,1,1,1,4
0,0,0,0,0
0,0,0,0,0
1,1,1,1,4
1,1,1,1,4
1,1,1,1,4
1,1,1,1,4
0,0,0,0,0
1,1,1,0,3
1,1,1,1,4
0,0,0,0,0
1,1,1,1,4
0,0,0,0,0
1,0,0,0,1
0,0,0,0,0
1,1,1,1,4
1,1,1,1,4
1,1,1,1,4
0,0,0,0,0
0,1,1,1,3
1,1,1,0,3
1,1,1,1,4
1,1,1,1,4
1,1,1,1,4
1,1,1,1,4
1,1,1,1,4
1,1,1,1,4
0,0,0,0,0
1,1,1,1,4
1,1,1,0,3
1,1,1,1,4
1,1,1,1,4
1,1,1,1,4
1,1,1,1,4
1,1,1,1,4
1,1,1,1,4
0,0,0,0,0
1,1,1,1,4
1,1,1,1,4
1,1,1,0,3
1,1,1,1,4
1,1,1,1,4
1,1,1,1,4
1,1,1,1,4
1,1,1,0,3
1,1,1,1,4
0,0,0,0,0
1,1,1,1,4
1,1,1,1,4
1,1,1,1,4
1,1,1,1,4
1,1,1,1,4
1,1,1,0,3
0,0,0,0,0
1,1,1,1,4
1,1,1,1,4
0,0,0,0,0
0,0,0,0,0
0,0,0,0,0
1,1,1,1,4
0,0,0,0,0
0,0,0,0,0
0,0,0,0,0
1,1,1,1,4
1,1,1,1,4
1,1,1,1,4
1,1,1,1,4
0,0,0,0,0
1,1,1,0,3
1,1,1,1,4
1,1,1,1,4
1,1,1,1,4
1,1,1,1,4
1,1,1,1,4
1,1,1,1,4
0,0,0,0,0
0,0,0,0,0
1,1,1,1,4
0,0,0,0,0
1,1,1,1,4
1,1,1,0,3
1,1,1,1,4
1,1,1,1,4
1,1,1,1,4
1,1,1,1,4
1,1,1,1,4
1,1,1,1,4
0,0,0,0,0
1,1,1,1,4
1,1,1,1,4
1,1,1,1,4
1,1,1,1,4
1,1,1,1,4
1,1,1,1,4
0,0,0,0,0
1,1,1,1,4
1,1,1,1,4
1,1,1,1,4
0,0,0,0,0
1,1,1,0,3
1,1,1,1,4
0,0,0,0,0
0,1,1,1,3
1,1,1,1,4
1,1,1,1,4
1,1,1,1,4
1,1,1,1,4
1,1,1,1,4
1,1,1,1,4
0,1,1,1,3
1,1,1,1,4
1,1,1,1,4
1,1,1,1,4
1,1,1,1,4
1,1,1,1,4
1,1,1,1,4
1,1,1,1,4
1,1,1,1,4
1,1,1,1,4
1,0,0,0,1
1,1,1,1,4
1,1,1,1,4
1,1,1,1,4
1,1,1,1,4
1,1,1,1,4
1,1,1,1,4
1,1,1,1,4
1,1,1,1,4
0,0,0,0,0
1,1,1,1,4
1,1,1,1,4
1,1,1,1,4
1,1,1,1,4
1,1,1,1,4
1,1,1,1,4
1,1,1,1,4
1,1,1,1,4
1,1,1,1,4
0,0,0,0,0
1,1,1,1,4
1,1,1,1,4
0,0,0,0,0
1,1,1,1,4
1,1,1,1,4
1,1,1,1,4
1,0,0,0,1
1,1,1,1,4
1,1,1,1,4
1,1,1,1,4
1,1,1,1,4
1,1,1,1,4
1,1,1,1,4
1,1,1,1,4
1,1,1,1,4
1,1,1,1,4
1,1,1,1,4
0,1,1,1,3
1,1,1,1,4
1,1,1,1,4
1,1,1,1,4
1,1,1,1,4
1,1,1,1,4
1,1,1,1,4
1,1,1,1,4
1,1,1,1,4
1,1,1,1,4
1,1,1,1,4
1,1,0,0,2
0,0,0,0,0
1,1,1,1,4
1,1,1,1,4
1,1,1,1,4
1,1,1,1,4
1,1,1,1,4
1,1,1,1,4
1,1,1,1,4
1,1,1,1,4
1,1,1,1,4
1,1,1,1,4
1,1,1,1,4
1,1,1,1,4
0,1,1,1,3
1,1,1,1,4
1,1,1,0,3
1,1,1,1,4
0,1,1,1,3
1,1,1,1,4
1,1,1,1,4
1,1,1,1,4
1,1,1,1,4
0,1,1,1,3
1,1,1,0,3
0,0,0,0,0
1,1,1,1,4
1,1,1,1,4
1,1,1,1,4
1,1,1,1,4
1,1,1,1,4
1,1,1,1,4
0,0,0,0,0
0,0,0,0,0
0,0,0,0,0
0,0,0,0,0
0,0,0,0,0
1,1,1,1,4
1,1,1,1,4
0,0,0,1,1
1,1,1,1,4
1,1,1,1,4
1,1,1,1,4
1,1,1,1,4
1,1,1,1,4
1,1,1,0,3
1,1,1,1,4
1,1,1,1,4
1,1,1,1,4
1,1,1,1,4
1,1,1,1,4
1,1,1,1,4
1,1,1,1,4
0,0,0,0,0
0,0,0,0,0
0,0,0,0,0
1,1,1,1,4
1,1,1,1,4
1,1,1,1,4
0,0,0,0,0
1,1,1,1,4
1,1,1,1,4
0,0,0,0,0
1,1,1,1,4
1,1,1,1,4
1,1,1,1,4
1,1,1,1,4
0,0,0,0,0
0,1,1,1,3
1,1,1,1,4
1,1,1,1,4
1,1,1,1,4
1,1,1,1,4
1,1,1,1,4
1,1,1,1,4
0,0,0,0,0
1,1,1,1,4
1,1,1,1,4
1,1,1,1,4
1,1,1,1,4
1,1,1,0,3
1,1,1,1,4
1,1,1,1,4
1,1,1,1,4
1,1,1,1,4
1,1,1,0,3
1,1,1,1,4
1,1,1,1,4
1,1,1,1,4
0,0,0,0,0
0,0,0,0,0
1,1,1,1,4
1,1,1,1,4
1,1,1,1,4
0,1,1,1,3
1,1,1,1,4
0,0,0,0,0
0,1,1,1,3
1,1,1,1,4
1,1,1,1,4
1,1,1,1,4
1,1,1,1,4
1,1,1,1,4
1,1,1,1,4
1,0,0,0,1
1,1,1,1,4
1,1,1,1,4
1,1,1,0,3
1,1,1,1,4
0,0,0,0,0
0,0,0,0,0
1,1,1,1,4
1,1,1,1,4
1,1,1,1,4
1,1,1,1,4
0,0,0,0,0
1,1,1,1,4
1,1,1,1,4
1,1,1,0,3
1,1,1,1,4
0,0,0,0,0
1,1,1,1,4
1,1,1,0,3
1,1,1,1,4
1,1,1,1,4
1,1,1,1,4
1,1,1,1,4
1,1,1,1,4
1,1,1,1,4
1,1,1,1,4
1,1,1,1,4
1,1,1,1,4
1,1,1,1,4
1,1,1,1,4
1,1,1,1,4
1,1,1,1,4
1,1,1,1,4
1,1,1,1,4
1,1,1,1,4
1,1,1,1,4
1,1,1,0,3
1,1,1,1,4
0,0,0,0,0
0,1,1,1,3
1,1,1,1,4
1,1,1,1,4
1,1,1,1,4
1,1,1,1,4
1,1,1,1,4
1,1,1,1,4
1,1,1,1,4
1,1,1,1,4
0,1,1,1,3
1,0,0,0,1
0,1,1,1,3
1,1,1,1,4
1,1,1,1,4
1,1,1,1,4
1,1,1,1,4
1,1,1,1,4
1,1,1,1,4
1,1,1,0,3
1,1,1,1,4
1,1,1,1,4
1,1,1,1,4
1,1,1,1,4
1,1,1,1,4
1,1,1,1,4
1,1,1,1,4
1,1,1,1,4
1,1,1,1,4
0,0,0,0,0
0,1,1,1,3
1,1,1,1,4
0,1,1,1,3
1,0,0,0,1
1,1,1,1,4
0,0,0,0,0
0,0,0,0,0
0,0,0,0,0
0,0,0,0,0
0,0,0,0,0
1,1,1,1,4
1,1,1,1,4
1,1,1,1,4
1,1,1,1,4
1,1,1,1,4
1,1,1,1,4
1,1,1,1,4
1,1,1,1,4
1,1,1,1,4
0,1,1,1,3
1,1,1,0,3
1,1,1,1,4
0,1,1,1,3
0,0,0,0,0
1,1,1,0,3
1,1,1,1,4
1,1,1,1,4
1,1,1,1,4
1,1,1,1,4
1,1,1,1,4
1,1,1,1,4
1,1,1,1,4
0,0,0,0,0
1,1,1,1,4
1,1,1,1,4
0,0,0,0,0
1,1,1,1,4
1,1,1,1,4
1,1,1,1,4
0,0,0,0,0
0,0,0,0,0
1,1,1,1,4
1,1,1,1,4
0,0,0,0,0
0,0,0,0,0
1,1,1,1,4
1,1,1,1,4
1,1,1,1,4
1,1,1,1,4
1,1,1,1,4
1,1,1,1,4
0,0,0,0,0
1,1,1,1,4
1,1,1,1,4
1,1,1,1,4
1,1,1,1,4
1,1,1,1,4
1,1,1,1,4
1,1,1,1,4
1,1,1,1,4
1,1,1,1,4
1,1,1,1,4
1,1,1,1,4
0,0,0,0,0
1,1,1,1,4
1,1,1,1,4
1,1,1,1,4
1,1,0,0,2
1,1,1,1,4
1,1,0,0,2
1,1,1,1,4
1,1,1,1,4
1,1,1,1,4
1,1,1,1,4
0,0,0,0,0
1,1,1,1,4
1,1,1,1,4
1,1,0,0,2
1,1,1,1,4
0,0,0,0,0
1,1,1,1,4
1,1,1,1,4
1,1,1,1,4
1,1,1,1,4
0,0,0,0,0
1,1,1,1,4
1,1,1,1,4
1,1,1,1,4
1,1,1,1,4
1,1,1,1,4
1,1,1,1,4
1,1,1,1,4
1,1,1,0,3
1,1,1,1,4
1,1,1,1,4
1,1,1,1,4
1,1,1,1,4
0,0,0,0,0
1,1,1,1,4
1,1,1,1,4
1,1,1,1,4
1,1,1,1,4
1,1,1,1,4
1,1,1,1,4
1,1,1,1,4
0,0,0,0,0
1,1,1,1,4
1,1,1,1,4
1,1,1,1,4
0,0,0,0,0
1,1,1,1,4
1,1,1,1,4
1,1,1,1,4
1,1,1,1,4
1,1,1,1,4
1,1,1,1,4
0,0,0,0,0
1,1,1,1,4
1,1,1,1,4
1,1,1,1,4
1,1,1,1,4
1,1,1,1,4
1,1,1,1,4
1,1,1,0,3
1,1,1,1,4
1,1,1,1,4
1,1,1,1,4
1,1,1,1,4
1,1,1,1,4
1,1,1,1,4
1,1,1,1,4
1,1,1,1,4
1,1,1,1,4
1,1,1,1,4
1,1,1,1,4
1,1,1,1,4
0,0,0,0,0
1,1,1,1,4
1,1,1,1,4
0,0,0,0,0
1,1,1,1,4
1,1,1,1,4
1,1,1,1,4
1,1,1,1,4
0,0,0,0,0
1,1,1,1,4
1,1,1,1,4
1,1,1,1,4
1,1,1,1,4
1,1,1,1,4
0,0,0,1,1
1,1,1,1,4
1,1,1,1,4
1,1,1,1,4
1,1,1,1,4
1,1,1,1,4
1,1,1,1,4
1,1,1,1,4
0,0,0,0,0
0,0,0,0,0
1,1,1,1,4
1,1,1,1,4
1,1,1,1,4
1,1,1,1,4
0,0,0,0,0
1,1,1,1,4
1,1,1,1,4
0,0,0,1,1
1,1,1,1,4
0,0,0,0,0
1,0,0,0,1
0,0,0,0,0
1,1,1,0,3
0,0,0,0,0
1,0,0,0,1
1,1,1,1,4
0,0,0,0,0
1,1,1,1,4
1,1,1,1,4
1,1,1,1,4
1,1,0,1,3
1,1,1,0,3
0,0,0,0,0
1,1,1,1,4
1,1,1,1,4
1,1,1,1,4
1,1,1,1,4
1,1,1,1,4
0,0,0,1,1
1,1,1,0,3
1,1,1,1,4
1,1,1,1,4
1,1,1,1,4
1,1,1,1,4
1,1,1,1,4
1,1,1,1,4
1,1,1,0,3
1,1,1,1,4
0,0,0,0,0
1,1,1,1,4
1,1,1,1,4
1,1,1,1,4
1,1,1,1,4
1,1,1,1,4
0,0,0,0,0
1,1,1,1,4
0,0,0,0,0
1,1,1,1,4
1,1,0,0,2
1,1,1,1,4
0,0,0,0,0
1,1,1,0,3
1,1,1,1,4
1,1,1,1,4
1,1,0,0,2
1,1,1,1,4
0,0,0,0,0
0,1,1,1,3
1,1,1,1,4
0,1,1,1,3
1,1,1,1,4
1,1,1,1,4
1,1,1,1,4
0,0,0,0,0
0,0,0,0,0
0,0,0,0,0
1,1,1,1,4
1,1,1,1,4
1,1,1,1,4
0,0,0,0,0
1,1,1,1,4
1,1,1,1,4
1,1,1,1,4
0,0,0,0,0
0,0,0,0,0
1,1,1,1,4
1,1,1,1,4
1,1,1,1,4
1,1,1,1,4
1,1,1,1,4
1,1,1,1,4
0,0,0,0,0
1,1,1,1,4
1,1,1,1,4
1,1,1,1,4
1,1,1,1,4
1,1,1,1,4
1,1,1,1,4
0,0,0,0,0
1,1,1,1,4
0,0,0,0,0
0,0,0,0,0
0,0,0,0,0
1,1,1,1,4
1,1,1,1,4
1,1,1,1,4
1,1,1,1,4
0,1,1,1,3
1,1,1,1,4
1,1,1,1,4
1,1,1,1,4
1,1,1,1,4
1,1,1,1,4
1,1,1,1,4
1,1,1,1,4
0,0,0,0,0
1,1,1,1,4
0,0,0,0,0
0,0,0,0,0
1,1,1,1,4
1,1,1,1,4
0,0,0,0,0
1,1,1,1,4
1,1,1,1,4
1,1,1,1,4
1,1,1,1,4
1,1,1,1,4
1,1,1,1,4
1,1,1,1,4
1,1,1,1,4
1,1,1,1,4
1,1,1,1,4
1,1,1,1,4
1,1,1,1,4
1,1,1,1,4
1,1,1,1,4
1,1,1,1,4
1,1,1,1,4
1,1,1,1,4
1,1,1,1,4
1,1,1,1,4
1,1,1,1,4
0,0,0,0,0
0,0,0,0,0
1,1,1,1,4
1,1,1,1,4
1,1,1,1,4
1,1,1,1,4
0,0,0,1,1
1,1,1,1,4
1,1,1,1,4
1,1,1,1,4
1,1,1,1,4
1,1,1,1,4
1,1,1,1,4
1,1,1,1,4
1,1,1,1,4
1,1,1,1,4
1,1,1,1,4
0,0,0,0,0
1,1,1,1,4
0,0,0,0,0
1,1,1,1,4
0,0,0,0,0
0,0,0,0,0
1,1,1,1,4
1,1,1,1,4
1,1,1,1,4
1,1,1,1,4
1,1,1,1,4
1,1,1,1,4
1,1,1,1,4
0,0,0,0,0
1,1,1,1,4
1,1,1,1,4
1,1,1,1,4
1,1,1,1,4
1,1,1,1,4
1,1,0,0,2
1,1,1,1,4
0,0,0,0,0
1,1,1,1,4
1,1,1,1,4
0,0,0,0,0
1,1,1,1,4
1,1,1,1,4
0,0,0,0,0
1,1,1,1,4
1,1,0,0,2
1,1,1,1,4
1,1,1,1,4
1,1,1,1,4
1,1,1,1,4
1,1,1,1,4
0,1,1,1,3
1,1,1,1,4
1,1,1,1,4
0,0,0,0,0
1,1,1,1,4
1,1,1,1,4
1,1,1,1,4
1,1,1,1,4
1,1,1,1,4
1,1,1,1,4
1,1,1,1,4
1,1,1,1,4
0,0,0,0,0
1,1,1,1,4
1,1,1,1,4
1,1,1,1,4
1,1,0,0,2
1,1,1,1,4
1,1,1,1,4
1,1,1,1,4
1,0,0,0,1
1,1,1,1,4
0,1,1,1,3
1,1,1,1,4
1,1,1,1,4
1,1,1,1,4
1,1,1,1,4
1,1,1,1,4
1,1,1,1,4
1,1,1,1,4
1,1,1,1,4
1,1,1,1,4
0,0,0,0,0
1,1,1,1,4
1,1,1,1,4
1,1,1,1,4
1,1,1,1,4
1,1,1,1,4
1,1,1,1,4
1,1,1,1,4
0,0,0,0,0
1,1,1,1,4
0,0,0,0,0
1,1,1,1,4
1,1,1,1,4
1,1,1,1,4
0,0,0,0,0
1,0,0,0,1
1,1,1,1,4
0,0,0,0,0
1,1,1,1,4
1,1,1,1,4
1,1,1,1,4
1,0,0,0,1
1,1,1,1,4
1,1,1,1,4
1,1,1,1,4
1,1,1,1,4
1,1,1,1,4
1,1,1,1,4
1,1,1,1,4
1,1,1,1,4
1,1,1,1,4
1,1,1,1,4
1,1,1,1,4
1,1,1,1,4
1,1,1,1,4
1,1,1,1,4
0,0,0,0,0
1,1,1,1,4
1,1,1,1,4
1,1,1,1,4
1,1,1,1,4
1,1,1,1,4
0,0,0,0,0
1,1,1,1,4
0,0,0,0,0
1,1,1,1,4
1,1,1,1,4
1,1,1,1,4
1,1,1,1,4
1,1,1,1,4
1,1,0,0,2
0,0,0,0,0
1,1,1,1,4
1,1,1,1,4
1,1,1,1,4
1,1,1,1,4
1,1,1,1,4
0,1,1,1,3
0,0,0,0,0
1,1,1,0,3
1,0,0,0,1
1,1,1,1,4
1,1,1,1,4
1,1,1,1,4
1,1,1,1,4
0,0,0,0,0
1,1,1,1,4
1,1,1,1,4
1,1,1,1,4
1,1,1,1,4
0,0,0,0,0
0,0,0,0,0
1,1,1,1,4
1,1,1,1,4
0,0,0,0,0
1,1,0,0,2
1,1,1,1,4
0,0,0,0,0
1,1,1,1,4
1,1,1,1,4
1,1,1,1,4
1,1,1,1,4
0,0,0,0,0
1,1,1,1,4
0,0,0,0,0
1,1,1,1,4
1,1,1,1,4
1,1,1,1,4
1,1,1,1,4
0,0,0,0,0
1,1,1,1,4
1,1,1,1,4
1,1,1,1,4
1,1,1,1,4
1,1,1,1,4
1,1,1,1,4
1,1,1,1,4
1,1,1,1,4
1,1,1,1,4
1,1,1,1,4
1,1,1,1,4
0,1,1,1,3
1,1,0,0,2
1,1,1,1,4
1,1,1,1,4
1,1,1,1,4
1,1,1,1,4
1,1,1,1,4
0,0,0,0,0
1,1,0,0,2
1,1,1,1,4
0,0,0,0,0
1,1,1,1,4
1,1,1,1,4
1,1,1,1,4
1,1,1,1,4
1,1,1,1,4
1,1,1,1,4
1,1,1,1,4
1,1,1,1,4
1,1,1,1,4
0,0,0,0,0
1,1,1,1,4
1,1,1,0,3
1,1,1,1,4
1,1,1,0,3
1,1,1,1,4
1,1,1,1,4
1,1,1,1,4
1,1,1,1,4
1,1,1,1,4
1,1,1,1,4
1,1,1,1,4
1,1,1,1,4
1,1,1,1,4
1,1,1,1,4
1,1,1,1,4
0,1,1,1,3
1,1,1,1,4
0,0,0,0,0
1,1,1,1,4
1,1,1,1,4
1,1,1,1,4
1,1,1,1,4
1,1,1,1,4
1,1,1,1,4
1,1,1,1,4
1,1,1,1,4
0,1,1,1,3
1,1,1,1,4
1,1,1,1,4
1,1,1,1,4
0,0,1,1,2
1,1,1,1,4
1,1,1,1,4
1,1,1,1,4
1,1,1,1,4
1,1,1,1,4
1,1,1,1,4
1,1,1,1,4
0,0,0,0,0
1,1,1,1,4
1,1,1,1,4
1,1,1,1,4
1,1,1,1,4
0,1,1,1,3
0,0,0,0,0
0,0,0,0,0
0,0,0,0,0
1,0,0,0,1
1,1,1,0,3
1,1,1,1,4
1,1,1,1,4
1,1,1,1,4
1,1,1,1,4
1,1,1,1,4
1,1,1,1,4
1,1,1,1,4
1,1,1,1,4
1,1,1,1,4
0,0,0,0,0
1,1,1,1,4
1,1,1,1,4
1,1,1,1,4
0,0,0,0,0
1,1,1,1,4
0,0,0,0,0
1,1,1,1,4
1,1,1,1,4
1,1,1,1,4
1,1,1,1,4
1,1,1,1,4
1,1,1,1,4
1,1,1,1,4
1,1,1,1,4
1,1,1,1,4
1,1,1,1,4
1,1,1,1,4
1,1,1,1,4
1,1,1,1,4
1,1,1,1,4
1,1,1,1,4
1,1,1,1,4
1,1,1,1,4
1,1,1,1,4
1,1,1,1,4
1,1,1,1,4
1,1,1,1,4
1,1,1,1,4
0,0,0,0,0
1,1,1,1,4
0,0,0,0,0
1,1,1,1,4
1,1,1,1,4
1,1,1,1,4
1,1,1,1,4
1,1,1,1,4
1,1,1,1,4
1,1,1,1,4
1,1,1,1,4
1,1,1,0,3
1,1,1,1,4
1,1,1,1,4
1,1,1,0,3
1,1,1,1,4
1,0,0,0,1
0,0,0,0,0
1,1,1,1,4
1,1,1,1,4
1,1,1,1,4
0,0,0,0,0
1,1,1,1,4
1,1,1,1,4
1,1,1,1,4
0,0,0,0,0
1,1,1,1,4
1,1,1,1,4
1,1,1,1,4
1,1,1,1,4
1,1,1,1,4
1,1,1,1,4
1,1,1,1,4
1,1,1,1,4
1,1,1,0,3
1,1,1,1,4
1,1,1,1,4
1,1,1,1,4
1,1,1,1,4
1,1,1,1,4
1,1,1,1,4
1,1,1,1,4
1,1,1,1,4
1,1,1,1,4
0,0,0,0,0
1,1,1,1,4
1,1,1,1,4
1,1,1,1,4
1,1,1,1,4
1,1,1,1,4
1,1,1,1,4
1,1,1,1,4
1,1,1,1,4
1,1,1,1,4
1,1,1,1,4
1,1,1,1,4
1,1,1,1,4
1,1,1,1,4
0,0,0,0,0
1,1,1,1,4
1,1,1,1,4
1,1,1,1,4
1,1,1,1,4
1,1,1,0,3
1,1,1,1,4
1,1,1,1,4
1,1,1,1,4
0,0,0,0,0
1,1,1,1,4
1,1,1,1,4
0,0,0,0,0
0,0,0,0,0
0,0,0,0,0
1,1,1,0,3
1,1,1,1,4
0,1,1,1,3
1,1,1,1,4
1,1,1,1,4
1,1,1,1,4
1,1,1,1,4
1,1,1,1,4
1,1,1,1,4
1,1,1,1,4
1,1,1,1,4
0,0,0,0,0
0,1,1,1,3
1,1,1,1,4
1,1,1,1,4
1,1,1,1,4
1,1,0,0,2
1,1,1,1,4
1,1,1,1,4
0,1,1,1,3
1,1,1,1,4
1,1,1,1,4
0,0,0,0,0
1,1,1,1,4
1,1,1,1,4
1,1,1,1,4
0,0,0,0,0
1,1,1,1,4
0,0,0,0,0
0,0,0,0,0
1,1,1,1,4
1,1,1,1,4
1,1,1,0,3
1,1,1,1,4
1,1,1,1,4
0,0,0,0,0
0,0,0,0,0
1,1,1,1,4
1,1,1,1,4
1,1,1,1,4
1,1,1,1,4
1,1,1,1,4
1,1,1,1,4
1,1,1,1,4
1,1,1,1,4
1,1,1,1,4
1,1,1,1,4
1,1,1,1,4
1,1,1,1,4
1,1,1,1,4
1,1,1,1,4
1,1,1,1,4
0,0,0,0,0
1,1,1,1,4
1,1,1,1,4
1,1,1,0,3
1,1,1,1,4
1,1,1,1,4
1,1,1,1,4
1,1,1,1,4
1,1,1,1,4
0,0,0,0,0
1,1,1,1,4
1,1,1,1,4
1,1,1,1,4
0,0,0,0,0
1,1,1,1,4
1,1,1,1,4
1,1,1,1,4
0,0,0,0,0
1,1,1,1,4
1,1,1,1,4
1,1,1,1,4
1,1,1,1,4
1,1,1,1,4
1,1,1,1,4
1,1,1,1,4
1,1,1,1,4
1,1,1,1,4
1,1,1,1,4
1,1,1,1,4
1,1,1,1,4
0,0,0,0,0
1,1,1,1,4
1,1,1,1,4
1,1,1,0,3
1,1,1,1,4
1,1,1,1,4
1,1,1,1,4
0,0,0,0,0
1,1,1,1,4
1,1,1,0,3
0,0,0,0,0
1,1,1,1,4
1,1,1,1,4
1,1,1,1,4
1,1,1,1,4
1,1,1,1,4
1,1,1,1,4
1,1,1,1,4
1,1,1,1,4
1,1,1,1,4
1,0,0,0,1
1,1,1,1,4
0,0,0,0,0
1,1,1,1,4
1,1,1,1,4
1,1,1,1,4
1,1,1,1,4
1,1,1,1,4
1,1,1,1,4
1,1,1,1,4
1,1,1,1,4
1,1,1,1,4
1,1,1,1,4
1,1,1,1,4
1,1,1,1,4
1,1,1,1,4
1,1,1,1,4
1,1,1,1,4
0,0,0,0,0
0,0,0,0,0
1,1,1,1,4
1,1,1,1,4
1,1,1,1,4
1,1,1,1,4
1,1,1,1,4
1,1,1,1,4
1,1,1,1,4
1,1,1,1,4
0,0,0,0,0
1,1,1,1,4
1,1,1,1,4
1,1,1,1,4
1,1,1,1,4
1,1,1,1,4
1,1,1,1,4
1,1,1,1,4
1,1,1,1,4
0,0,0,0,0
1,1,1,1,4
0,1,1,1,3
1,1,1,1,4
1,1,1,0,3
1,1,1,1,4
1,1,1,1,4
1,1,1,1,4
1,1,1,1,4
0,0,0,0,0
1,1,1,1,4
0,0,0,0,0
1,1,1,1,4
1,1,1,1,4
1,1,1,1,4
1,1,1,1,4
1,1,1,1,4
1,1,1,1,4
0,0,0,0,0
1,1,1,1,4
1,1,1,1,4
1,1,1,1,4
1,1,1,1,4
1,1,1,1,4
0,0,0,0,0
1,1,1,1,4
0,0,0,0,0
1,1,1,1,4
1,1,1,0,3
0,0,0,0,0
1,1,1,1,4
1,1,1,1,4
1,1,1,1,4
1,1,1,1,4
0,0,0,0,0
1,1,1,1,4
1,1,1,1,4
1,1,1,1,4
0,0,0,0,0
1,1,1,1,4
1,1,1,1,4
1,1,1,1,4
1,1,1,1,4
1,1,1,0,3
1,1,1,1,4
1,1,1,1,4
0,0,0,0,0
1,1,1,1,4
1,1,1,1,4
1,1,1,1,4
1,1,1,1,4
0,0,0,0,0
1,1,1,1,4
1,1,1,1,4
1,1,1,1,4
1,1,1,1,4
1,1,1,1,4
0,0,0,0,0
1,1,1,1,4
0,1,1,1,3
1,1,1,1,4
1,1,1,1,4
1,1,1,1,4
1,1,1,1,4
1,1,1,1,4
0,0,0,0,0
1,1,1,1,4
1,1,1,1,4
1,1,1,1,4
1,1,1,1,4
1,1,1,1,4
1,1,1,1,4
1,1,0,0,2
1,1,1,1,4
1,1,1,1,4
0,0,0,0,0
1,1,1,1,4
1,1,1,1,4
1,1,1,1,4
1,1,1,1,4
1,1,0,0,2
1,1,1,1,4
1,1,1,1,4
1,1,1,1,4
0,0,0,0,0
1,1,1,1,4
1,1,1,1,4
1,1,1,1,4
1,1,1,1,4
1,1,1,0,3
1,1,1,1,4
1,1,1,1,4
1,1,1,1,4
1,1,1,1,4
1,1,1,1,4
1,1,1,1,4
1,1,1,1,4
1,1,1,1,4
1,1,1,1,4
1,1,1,1,4
1,1,1,1,4
0,0,0,0,0
0,0,1,1,2
1,1,1,1,4
0,0,0,0,0
1,1,1,1,4
1,1,1,1,4
0,0,0,0,0
0,0,0,1,1
0,0,0,0,0
1,1,1,0,3
1,1,1,1,4
1,1,1,1,4
1,1,1,1,4
1,1,1,1,4
1,1,1,1,4
0,0,0,0,0
1,1,1,1,4
1,1,1,1,4
1,1,1,1,4
1,1,1,1,4
1,1,1,1,4
1,1,1,1,4
1,1,1,1,4
1,1,1,1,4
1,1,1,1,4
1,1,1,1,4
0,1,1,1,3
0,1,1,1,3
1,1,1,1,4
1,1,1,1,4
1,1,1,1,4
1,1,1,0,3
1,1,1,1,4
1,1,1,1,4
1,1,1,1,4
1,1,1,1,4
1,1,1,1,4
1,1,1,1,4
1,0,0,0,1
0,0,0,0,0
1,1,1,1,4
1,1,1,1,4
1,1,1,1,4
0,0,1,1,2
1,1,1,1,4
0,0,0,0,0
0,1,1,1,3
1,1,1,1,4
1,1,1,1,4
1,1,1,1,4
1,1,1,1,4
1,1,1,1,4
1,1,1,1,4
0,1,1,1,3
0,0,0,0,0
1,1,1,1,4
1,1,1,1,4
1,1,1,1,4
1,1,1,1,4
1,1,1,1,4
1,1,1,1,4
1,1,1,1,4
1,1,1,1,4
1,1,1,1,4
1,1,1,1,4
1,1,1,1,4
1,1,1,1,4
1,1,1,1,4
1,1,1,1,4
0,0,0,0,0
1,1,1,1,4
1,1,1,1,4
0,1,1,1,3
1,1,1,1,4
1,1,1,1,4
0,0,0,0,0
1,1,1,1,4
1,1,1,1,4
1,1,1,1,4
1,1,1,1,4
1,1,1,1,4
1,1,1,1,4
1,1,1,1,4
1,1,1,0,3
1,1,1,1,4
1,1,1,0,3
0,0,0,0,0
0,0,1,1,2
1,1,1,1,4
0,0,0,0,0
1,1,1,1,4
0,0,0,0,0
0,0,0,0,0
1,1,1,1,4
1,1,1,1,4
1,1,1,1,4
1,1,1,1,4
0,0,0,0,0
1,1,1,1,4
1,1,1,1,4
1,1,1,1,4
1,1,1,1,4
1,1,1,1,4
1,1,1,1,4
0,0,0,0,0
1,1,1,1,4
0,0,0,0,0
1,1,1,1,4
0,0,0,0,0
1,1,1,1,4
1,1,1,1,4
1,1,1,0,3
1,1,1,1,4
1,1,1,1,4
1,1,1,1,4
0,1,1,1,3
0,1,1,1,3
1,1,1,1,4
1,1,1,1,4
1,1,1,1,4
1,1,1,1,4
1,1,1,1,4
1,1,1,1,4
1,1,1,1,4
0,0,0,0,0
1,1,1,1,4
1,1,1,0,3
0,0,0,0,0
1,1,1,1,4
1,1,1,1,4
1,1,1,1,4
0,1,1,1,3
1,1,1,1,4
1,1,1,1,4
1,1,1,1,4
1,0,0,0,1
0,0,1,1,2
1,1,1,1,4
1,1,1,1,4
1,1,1,1,4
0,1,1,1,3
0,0,0,0,0
1,1,1,1,4
1,1,1,1,4
1,1,1,1,4
0,0,0,0,0
1,1,1,1,4
1,1,1,1,4
1,1,1,1,4
1,1,1,0,3
1,1,1,1,4
1,0,0,0,1
1,1,1,1,4
1,1,1,1,4
1,1,1,1,4
1,1,1,1,4
1,1,1,1,4
1,1,1,1,4
1,1,1,1,4
1,1,1,1,4
1,1,1,1,4
1,1,1,1,4
1,1,1,1,4
1,1,1,1,4
1,1,1,1,4
1,1,1,1,4
1,1,1,1,4
1,1,1,1,4
1,1,1,1,4
1,1,1,1,4
1,1,1,1,4
1,1,1,1,4
1,1,1,1,4
1,1,1,1,4
1,1,1,1,4
1,1,1,1,4
1,1,1,1,4
1,1,1,1,4
1,1,1,1,4
1,1,1,1,4
1,1,1,1,4
0,0,0,0,0
1,1,1,1,4
1,1,1,1,4
1,1,1,1,4
0,0,0,0,0
1,1,1,1,4
1,1,1,1,4
1,1,1,1,4
1,1,1,1,4
1,1,1,1,4
1,1,1,1,4
1,1,1,1,4
1,1,1,1,4
1,1,1,1,4
0,0,0,0,0
1,1,1,1,4
1,1,1,1,4
0,1,1,1,3
1,1,1,1,4
1,1,1,1,4
1,1,1,1,4
1,1,1,1,4
1,1,1,1,4
1,1,1,1,4
1,1,1,1,4
1,1,1,1,4
1,1,1,1,4
1,1,1,1,4
1,1,1,1,4
1,1,1,1,4
0,0,0,0,0
1,1,1,1,4
1,1,1,1,4
1,1,1,1,4
1,1,1,1,4
1,1,1,1,4
1,1,1,1,4
1,1,1,1,4
1,1,1,1,4
1,1,1,1,4
1,1,1,1,4
1,1,1,1,4
0,0,0,0,0
1,1,1,1,4
1,0,0,0,1
1,1,1,1,4
1,1,1,1,4
0,0,0,0,0
0,0,0,0,0
0,0,0,0,0
1,1,1,1,4
1,1,1,1,4
1,1,1,1,4
1,0,0,0,1
1,1,1,1,4
1,1,1,1,4
1,1,1,1,4
1,1,1,1,4
1,1,1,1,4
1,1,1,1,4
1,1,1,1,4
1,1,1,1,4
1,1,1,1,4
0,0,0,0,0
1,1,1,1,4
1,1,0,0,2
1,1,1,1,4
0,0,0,0,0
1,1,1,1,4
0,0,0,0,0
0,0,0,0,0
0,0,0,0,0
1,1,1,1,4
0,0,0,0,0
1,1,1,1,4
0,0,0,0,0
1,1,1,1,4
1,0,0,0,1
1,1,1,1,4
0,0,0,0,0
1,1,1,1,4
1,1,1,1,4
1,1,1,1,4
1,1,1,1,4
1,1,1,1,4
1,0,0,0,1
1,1,1,1,4
1,1,1,1,4
1,1,1,1,4
1,1,1,1,4
1,1,1,1,4
1,1,1,1,4
1,1,1,1,4
1,1,1,1,4
1,1,1,1,4
1,1,1,1,4
1,1,1,1,4
1,1,1,1,4
1,1,1,1,4
1,1,1,1,4
1,1,1,1,4
1,1,1,1,4
1,1,1,1,4
0,0,0,0,0
1,1,1,1,4
1,1,1,1,4
1,1,1,0,3
1,1,1,1,4
0,0,0,0,0
1,1,1,1,4
1,0,0,0,1
1,1,1,1,4
1,1,1,1,4
1,1,1,1,4
1,1,1,1,4
0,0,0,0,0
1,1,1,1,4
1,1,1,1,4
1,1,1,1,4
0,0,0,0,0
0,0,0,0,0
0,0,0,0,0
0,0,0,0,0
1,1,1,0,3
0,0,0,0,0
0,0,0,0,0
1,1,1,1,4
1,1,1,1,4
1,1,1,1,4
1,1,1,1,4
1,1,1,1,4
1,1,1,1,4
1,1,1,1,4
1,1,1,1,4
1,1,1,1,4
1,1,1,1,4
1,1,1,1,4
1,1,1,1,4
1,0,0,0,1
0,0,0,0,0
1,1,1,1,4
1,1,1,1,4
1,1,1,1,4
1,1,1,1,4
1,1,1,1,4
1,1,1,1,4
0,0,1,1,2
0,0,0,0,0
1,1,1,1,4
1,1,1,1,4
1,1,1,1,4
0,0,0,0,0
1,1,1,1,4
1,1,1,1,4
1,1,1,1,4
1,1,1,1,4
1,1,1,1,4
1,1,1,1,4
1,1,1,1,4
0,1,1,1,3
1,1,1,1,4
0,0,0,0,0
1,1,1,1,4
1,1,1,1,4
1,1,1,1,4
1,1,1,1,4
1,1,1,1,4
1,1,1,1,4
1,1,1,1,4
1,1,1,1,4
1,1,1,1,4
1,1,1,1,4
0,0,0,0,0
1,1,1,1,4
1,1,1,1,4
1,1,1,1,4
1,1,1,1,4
1,1,1,1,4
1,1,1,1,4
1,1,1,1,4
1,1,1,1,4
0,0,0,0,0
1,1,1,1,4
1,1,1,1,4
0,0,0,0,0
1,0,0,0,1
0,0,0,0,0
1,1,1,1,4
1,1,1,1,4
1,1,1,1,4
1,1,1,1,4
1,1,1,1,4
1,1,1,1,4
0,1,1,1,3
1,1,1,1,4
0,0,1,1,2
1,1,1,1,4
1,1,1,1,4
1,1,1,1,4
1,1,1,1,4
1,1,1,1,4
0,0,1,1,2
1,1,1,1,4
0,0,0,0,0
1,0,0,0,1
1,1,1,1,4
1,1,1,1,4
1,1,1,1,4
1,1,1,1,4
1,1,0,0,2
1,1,1,1,4
1,1,1,1,4
1,1,1,1,4
1,1,1,1,4
1,1,1,1,4
1,1,1,1,4
1,1,1,1,4
1,1,1,1,4
1,1,1,1,4
0,0,0,0,0
1,1,1,1,4
0,0,0,0,0
1,1,1,1,4
1,1,1,1,4
1,1,1,1,4
1,1,1,1,4
1,1,1,1,4
0,0,0,0,0
1,1,1,1,4
1,1,1,1,4
1,1,1,1,4
1,1,1,1,4
1,1,1,1,4
1,1,1,1,4
1,1,1,1,4
1,1,1,1,4
1,1,1,1,4
1,1,1,1,4
1,1,1,1,4
1,1,1,1,4
1,1,1,1,4
1,1,1,0,3
1,1,1,0,3
1,1,1,1,4
1,1,1,1,4
1,1,1,1,4
1,1,1,1,4
1,1,1,1,4
1,1,1,1,4
1,1,1,1,4
1,1,1,1,4
1,1,1,1,4
0,0,0,0,0
0,0,0,0,0
1,1,1,1,4
1,1,1,1,4
1,1,1,1,4
1,1,1,1,4
1,0,0,0,1
1,1,1,1,4
1,1,1,1,4
1,1,1,1,4
0,0,0,0,0
1,1,1,1,4
1,1,1,1,4
0,0,0,1,1
1,1,1,1,4
1,1,1,1,4
1,1,1,0,3
1,1,1,1,4
1,0,0,0,1
1,1,1,1,4
1,1,1,1,4
1,1,1,1,4
1,1,1,1,4
1,1,1,1,4
0,1,1,1,3
1,0,0,0,1
1,1,1,1,4
1,1,0,0,2
1,0,0,0,1
1,1,1,1,4
1,1,1,1,4
0,0,0,0,0
1,1,1,1,4
1,1,1,1,4
1,1,1,1,4
1,1,1,1,4
1,1,1,1,4
1,1,1,1,4
1,1,1,1,4
1,1,1,1,4
1,1,1,1,4
1,1,1,1,4
1,1,1,1,4
1,1,1,1,4
1,1,1,0,3
0,1,1,1,3
1,1,1,1,4
1,1,1,1,4
1,1,1,1,4
0,0,0,0,0
1,1,1,1,4
1,1,1,1,4
1,1,1,1,4
1,1,1,1,4
1,1,1,1,4
1,1,1,1,4
1,1,1,1,4
1,1,1,1,4
1,1,1,1,4
1,1,1,1,4
1,1,1,1,4
1,1,1,1,4
1,1,1,1,4
1,0,0,0,1
1,1,1,1,4
1,1,1,1,4
0,0,0,0,0
1,1,1,1,4
1,1,1,1,4
1,1,1,1,4
0,0,0,0,0
1,1,1,0,3
0,1,1,1,3
1,1,1,1,4
1,1,1,1,4
1,1,1,1,4
1,1,1,1,4
1,1,1,1,4
1,1,1,1,4
1,1,1,1,4
1,1,1,1,4
1,1,1,1,4
1,1,1,1,4
1,1,1,1,4
1,1,1,1,4
0,1,1,1,3
1,1,1,1,4
1,1,1,1,4
1,1,1,1,4
1,1,1,1,4
0,0,0,0,0
1,1,1,1,4
1,1,1,1,4
1,1,1,1,4
1,1,1,1,4
1,1,1,1,4
1,1,1,1,4
1,1,1,1,4
1,1,1,1,4
1,1,1,1,4
1,1,1,1,4
1,1,1,1,4
1,1,1,1,4
0,0,0,0,0
1,1,1,1,4
1,1,1,1,4
1,1,1,1,4
1,1,1,1,4
0,0,0,0,0
1,1,1,1,4
0,0,0,0,0
1,1,1,1,4
1,1,1,0,3
1,1,1,1,4
1,1,1,1,4
1,1,1,1,4
1,1,1,1,4
1,1,1,1,4
1,1,1,1,4
1,1,1,1,4
0,0,0,0,0
1,1,1,0,3
1,1,1,1,4
1,1,1,1,4
1,1,1,1,4
0,0,0,0,0
0,0,0,0,0
1,1,1,1,4
1,1,1,1,4
1,1,1,1,4
1,1,1,1,4
1,0,0,0,1
1,1,1,1,4
0,0,0,0,0
1,1,1,1,4
0,0,0,0,0
0,0,0,0,0
1,1,1,1,4
1,1,1,1,4
0,0,0,0,0
0,0,0,0,0
1,1,1,1,4
0,0,0,0,0
0,0,0,0,0
1,1,1,1,4
1,1,1,1,4
1,1,1,1,4
1,1,1,1,4
1,1,1,1,4
1,1,1,1,4
1,1,1,1,4
1,1,1,1,4
1,0,0,0,1
1,1,1,1,4
0,0,0,0,0
1,1,1,1,4
0,0,0,0,0
0,0,0,0,0
1,1,1,1,4
1,1,1,1,4
1,1,1,1,4
1,1,1,1,4
1,1,1,1,4
1,1,1,1,4
1,1,1,1,4
1,1,1,1,4
1,1,1,1,4
1,1,1,1,4
1,1,1,1,4
0,0,0,0,0
1,1,1,1,4
0,0,0,0,0
1,1,1,1,4
1,1,1,1,4
0,1,1,1,3
1,1,1,1,4
1,1,1,1,4
1,1,1,1,4
1,1,1,1,4
1,1,1,1,4
0,0,1,1,2
0,0,0,0,0
1,1,1,1,4
1,1,1,1,4
1,1,1,1,4
1,0,0,0,1
1,1,1,1,4
1,1,1,1,4
0,0,0,0,0
1,1,1,1,4
1,1,1,1,4
1,1,1,1,4
1,1,1,1,4
0,0,0,0,0
0,0,0,0,0
1,1,1,1,4
1,1,1,1,4
1,1,1,1,4
1,1,1,1,4
1,1,1,1,4
1,1,1,1,4
1,1,1,1,4
1,1,1,1,4
1,1,1,1,4
1,1,1,1,4
1,1,1,1,4
1,1,1,1,4
1,1,1,1,4
1,1,1,1,4
1,1,1,1,4
1,1,1,1,4
1,1,1,1,4
1,1,1,1,4
1,1,1,1,4
1,1,1,1,4
0,0,0,0,0
1,1,1,1,4
1,1,1,1,4
1,1,1,1,4
1,1,1,1,4
1,1,1,1,4
1,1,1,1,4
1,1,1,1,4
1,1,1,1,4
1,1,1,1,4
0,0,0,0,0
1,1,1,1,4
1,1,1,1,4
1,1,1,1,4
1,1,1,1,4
1,1,1,1,4
1,1,1,1,4
1,1,1,1,4
1,1,1,1,4
1,1,1,0,3
1,1,1,1,4
1,1,1,1,4
1,1,1,1,4
1,1,1,1,4
0,0,0,0,0
1,1,1,1,4
1,1,1,1,4
1,0,0,0,1
0,0,0,0,0
0,0,0,0,0
1,1,1,1,4
1,1,1,1,4
1,1,1,0,3
1,1,1,1,4
1,1,1,1,4
1,1,1,1,4
1,1,1,1,4
0,0,1,1,2
1,1,1,1,4
1,1,1,1,4
1,1,1,1,4
1,1,1,1,4
1,1,1,1,4
1,1,1,1,4
1,1,1,1,4
1,1,1,1,4
0,0,0,0,0
1,1,1,1,4
1,1,1,0,3
1,1,1,1,4
1,1,1,1,4
1,1,1,1,4
1,1,1,1,4
0,0,0,0,0
1,1,1,1,4
1,1,1,1,4
0,0,0,0,0
1,1,1,1,4
1,1,1,1,4
1,1,1,0,3
1,1,1,1,4
1,1,1,1,4
1,1,1,1,4
1,1,1,1,4
1,1,1,1,4
0,0,0,0,0
1,1,1,1,4
1,1,1,1,4
1,1,1,1,4
0,0,0,0,0
0,0,1,1,2
1,1,1,1,4
1,1,1,1,4
0,0,0,0,0
1,1,1,1,4
0,0,1,1,2
1,1,1,1,4
1,1,1,1,4
1,0,0,0,1
1,1,1,1,4
0,0,0,0,0
1,1,1,1,4
1,1,1,1,4
0,0,0,0,0
1,1,1,1,4
1,1,1,1,4
1,1,1,1,4
1,1,1,1,4
1,1,1,1,4
1,1,1,1,4
1,1,1,1,4
1,1,1,1,4
1,1,1,1,4
1,1,1,1,4
0,0,1,1,2
1,1,1,1,4
1,1,1,1,4
1,1,1,1,4
1,1,1,1,4
1,1,1,1,4
1,1,1,1,4
1,1,1,1,4
0,0,0,0,0
1,1,1,1,4
1,1,1,1,4
1,1,1,1,4
1,1,1,1,4
1,1,1,1,4
1,1,1,1,4
1,1,1,1,4
1,1,1,1,4
1,1,1,1,4
1,1,1,1,4
1,1,1,1,4
0,0,0,0,0
1,1,1,1,4
1,1,1,1,4
1,1,1,1,4
1,1,1,1,4
1,1,1,1,4
1,1,1,1,4
1,1,1,1,4
1,1,1,1,4
0,1,1,1,3
1,1,1,1,4
1,1,1,1,4
1,1,1,1,4
1,1,1,1,4
0,0,0,0,0
1,1,1,1,4
1,1,1,1,4
1,1,1,1,4
1,1,1,1,4
1,1,1,1,4
1,1,1,1,4
1,1,1,1,4
1,1,1,1,4
1,1,1,1,4
1,1,1,1,4
1,1,1,1,4
1,1,1,1,4
1,1,1,1,4
1,1,1,1,4
0,0,0,0,0
1,1,1,1,4
1,1,1,1,4
1,1,1,1,4
0,0,1,1,2
1,1,1,1,4
0,0,0,0,0
0,0,0,0,0
1,1,1,1,4
1,1,1,1,4
1,1,1,1,4
1,1,1,1,4
0,0,0,1,1
1,1,1,1,4
1,1,1,1,4
1,1,1,1,4
1,1,1,1,4
1,1,1,1,4
1,1,1,1,4
1,1,1,1,4
1,1,1,1,4
1,1,1,1,4
1,1,1,1,4
1,1,1,1,4
1,1,1,1,4
1,1,1,1,4
1,1,1,1,4
1,1,1,1,4
1,1,1,1,4
1,1,1,1,4
0,0,0,0,0
1,1,1,0,3
1,1,1,1,4
0,1,1,1,3
1,1,1,1,4
1,1,1,1,4
1,1,1,1,4
1,1,1,1,4
0,0,0,0,0
1,1,1,1,4
0,0,0,0,0
0,1,1,1,3
1,1,1,1,4
1,1,1,1,4
1,1,1,1,4
0,0,0,0,0
1,1,1,1,4
0,0,0,0,0
1,1,1,1,4
0,0,0,0,0
0,0,0,0,0
1,1,1,1,4
1,1,1,1,4
1,1,1,1,4
1,1,1,1,4
1,1,1,1,4
1,1,1,1,4
1,1,1,1,4
1,1,1,1,4
1,1,1,1,4
1,1,1,1,4
1,1,1,1,4
1,1,1,1,4
1,1,1,1,4
0,0,0,0,0
0,0,0,0,0
1,1,1,1,4
1,1,1,1,4
1,1,1,1,4
1,1,1,1,4
1,1,1,1,4
1,1,1,0,3
0,0,1,1,2
1,1,1,1,4
1,1,1,1,4
1,1,1,1,4
1,1,1,1,4
1,1,1,1,4
1,1,1,1,4
0,0,0,0,0
1,1,1,1,4
0,0,0,0,0
1,1,1,1,4
1,1,1,1,4
1,1,1,1,4
1,1,1,1,4
1,1,1,1,4
0,0,0,0,0
1,1,1,1,4
1,1,1,1,4
1,1,1,1,4
1,1,1,1,4
1,1,1,1,4
1,1,1,1,4
1,1,1,1,4
1,1,1,1,4
1,1,1,1,4
1,1,1,1,4
1,1,1,1,4
1,1,1,1,4
1,1,1,1,4
1,1,1,1,4
1,1,1,1,4
1,1,1,1,4
1,1,1,1,4
1,1,1,1,4
1,1,1,1,4
1,1,1,1,4
1,1,1,1,4
1,1,1,1,4
1,1,1,1,4
1,1,1,1,4
1,1,1,1,4
0,0,0,0,0
1,1,1,1,4
1,1,1,1,4
1,1,1,1,4
1,1,1,1,4
1,1,1,1,4
1,1,1,1,4
1,1,1,1,4
1,1,1,1,4
0,0,0,0,0
1,1,1,1,4
1,1,1,1,4
1,1,1,1,4
1,1,1,1,4
1,1,1,1,4
1,1,1,1,4
1,1,1,1,4
1,1,1,1,4
1,1,1,1,4
1,1,1,1,4
1,1,1,1,4
1,1,1,1,4
1,1,1,1,4
1,1,1,1,4
0,0,0,0,0
1,1,1,1,4
1,1,1,1,4
1,1,1,1,4
0,0,0,0,0
1,1,1,1,4
1,1,1,1,4
1,1,1,1,4
1,1,1,1,4
0,0,0,0,0
1,1,1,0,3
1,1,1,1,4
1,1,1,1,4
1,1,1,1,4
1,1,1,1,4
1,1,1,1,4
1,1,1,1,4
0,0,0,0,0
1,1,1,1,4
0,0,0,0,0
1,1,1,1,4
1,1,1,1,4
1,1,1,1,4
0,0,0,0,0
1,1,1,1,4
1,1,1,1,4
1,1,1,1,4
1,1,1,1,4
1,1,1,1,4
1,1,1,1,4
1,1,1,1,4
1,1,1,1,4
1,1,1,1,4
1,1,1,1,4
1,1,1,1,4
1,1,1,1,4
1,1,1,1,4
1,1,1,1,4
1,1,1,1,4
1,1,1,1,4
1,1,1,1,4
0,0,0,0,0
1,0,0,0,1
0,0,0,0,0
1,1,1,1,4
0,0,0,0,0
1,1,1,1,4
0,1,1,1,3
1,1,1,1,4
1,1,1,1,4
1,1,1,1,4
1,1,1,1,4
1,1,1,1,4
1,1,1,1,4
1,1,1,1,4
0,0,0,0,0
0,0,0,0,0
1,1,1,1,4
1,1,1,1,4
1,1,1,1,4
1,1,1,1,4
0,0,0,0,0
1,1,1,1,4
1,1,1,1,4
1,1,1,1,4
1,1,1,1,4
1,1,1,1,4
1,1,1,1,4
0,0,0,0,0
0,0,0,0,0
1,1,1,1,4
1,1,1,1,4
1,1,1,1,4
1,1,1,1,4
1,1,1,1,4
1,1,1,0,3
0,1,1,1,3
1,1,1,1,4
1,1,1,1,4
0,0,0,0,0
1,1,1,1,4
1,1,1,1,4
0,1,1,1,3
1,1,1,1,4
1,1,1,1,4
1,1,1,1,4
1,1,1,1,4
1,1,1,1,4
1,1,1,1,4
1,1,1,1,4
1,1,1,1,4
1,1,1,1,4
1,1,1,1,4
1,1,1,1,4
0,0,0,0,0
1,1,1,1,4
1,1,1,1,4
1,1,1,1,4
1,0,0,0,1
1,1,1,1,4
1,1,1,1,4
1,1,1,1,4
0,0,0,0,0
1,1,1,1,4
0,0,0,0,0
0,0,0,0,0
1,1,1,1,4
1,1,1,1,4
0,0,0,0,0
0,0,0,0,0
1,1,1,1,4
1,1,0,0,2
0,0,0,0,0
1,1,1,1,4
1,1,1,1,4
1,1,1,1,4
1,1,1,1,4
1,1,1,1,4
1,1,1,1,4
1,1,1,1,4
1,1,1,1,4
1,1,1,1,4
0,0,0,0,0
1,1,1,1,4
0,0,0,0,0
1,1,1,1,4
0,0,0,0,0
1,1,1,1,4
0,0,0,0,0
0,0,0,0,0
1,1,1,1,4
1,1,1,1,4
1,1,1,1,4
1,1,1,1,4
1,1,1,1,4
1,1,1,1,4
1,1,1,1,4
1,1,1,1,4
1,1,1,1,4
1,1,1,1,4
1,1,1,1,4
1,1,1,1,4
1,1,1,1,4
1,1,1,1,4
1,1,1,1,4
1,1,1,1,4
1,1,1,0,3
1,1,1,1,4
1,1,1,1,4
1,1,1,1,4
1,1,1,1,4
1,1,1,1,4
1,1,1,1,4
1,1,1,1,4
1,1,1,1,4
1,1,1,1,4
0,1,1,1,3
1,1,1,0,3
1,1,1,1,4
0,0,0,0,0
1,1,1,1,4
1,1,1,1,4
1,0,0,0,1
1,1,1,1,4
1,1,1,1,4
1,1,1,1,4
1,1,1,1,4
1,1,1,1,4
0,0,0,0,0
1,1,1,1,4
1,1,1,1,4
1,1,1,1,4
1,1,1,1,4
1,1,1,1,4
1,1,1,1,4
1,1,1,1,4
1,1,1,1,4
0,1,1,1,3
1,1,1,1,4
1,1,1,1,4
1,1,1,1,4
1,1,1,1,4
1,1,1,1,4
1,1,1,1,4
1,1,1,1,4
1,1,1,1,4
1,1,1,0,3
1,1,1,1,4
1,1,1,1,4
1,1,1,1,4
0,0,0,0,0
1,1,1,1,4
1,1,1,1,4
1,1,1,1,4
1,1,1,1,4
1,1,1,1,4
0,1,1,1,3
1,1,1,1,4
1,1,1,1,4
1,1,1,1,4
1,1,1,1,4
1,1,1,1,4
0,0,0,0,0
1,1,1,1,4
1,1,1,1,4
1,1,1,1,4
1,1,1,1,4
0,0,0,0,0
1,1,1,1,4
0,0,0,0,0
1,1,1,1,4
1,1,1,1,4
1,1,1,1,4
1,1,1,1,4
1,1,1,1,4
1,1,1,1,4
1,1,1,1,4
1,1,1,1,4
0,0,0,0,0
1,1,1,1,4
1,1,1,1,4
1,1,1,0,3
1,1,1,1,4
1,1,1,1,4
1,1,1,1,4
1,1,1,1,4
1,1,1,1,4
0,0,0,0,0
0,0,0,0,0
1,1,1,1,4
1,1,1,1,4
1,1,1,1,4
0,0,0,0,0
1,1,1,1,4
1,1,1,1,4
0,0,0,0,0
1,1,1,1,4
1,1,1,0,3
1,1,1,1,4
1,1,1,1,4
1,1,1,1,4
0,0,0,0,0
1,1,1,1,4
1,1,1,1,4
1,1,1,1,4
0,0,0,0,0
0,1,1,1,3
1,1,1,1,4
1,1,1,0,3
1,1,1,0,3
1,1,1,1,4
1,1,1,1,4
0,0,0,0,0
1,1,1,1,4
1,1,1,1,4
1,1,1,1,4
1,1,1,1,4
1,0,0,0,1
1,1,1,1,4
1,1,1,1,4
1,1,1,1,4
1,1,1,1,4
0,0,0,0,0
0,0,0,0,0
1,1,1,1,4
1,1,1,1,4
1,1,1,1,4
1,1,1,1,4
1,1,1,1,4
1,1,1,1,4
1,1,1,1,4
1,1,1,1,4
1,1,1,1,4
1,1,1,1,4
1,1,1,1,4
1,1,1,1,4
1,1,1,1,4
1,1,1,1,4
1,1,1,1,4
1,1,1,1,4
1,1,1,1,4
1,1,1,0,3
1,1,1,1,4
1,1,1,1,4
1,1,1,1,4
1,1,1,1,4
1,1,1,1,4
0,1,1,1,3
1,1,1,1,4
1,1,1,1,4
1,1,1,1,4
1,1,1,1,4
0,0,0,0,0
1,1,1,0,3
1,1,1,1,4
1,1,1,1,4
1,1,1,1,4
1,1,1,1,4
0,0,0,0,0
1,1,1,1,4
1,1,1,1,4
1,1,1,1,4
1,1,1,1,4
1,1,1,1,4
1,1,1,1,4
1,1,1,1,4
1,1,1,1,4
1,1,1,1,4
1,1,1,1,4
1,1,1,1,4
0,0,0,0,0
1,1,1,1,4
1,1,1,1,4
0,0,0,0,0
1,1,1,1,4
1,1,1,1,4
1,1,1,1,4
0,0,0,0,0
1,1,1,1,4
1,1,1,1,4
1,1,1,1,4
1,1,1,1,4
0,1,1,1,3
1,1,1,1,4
1,1,1,1,4
1,1,1,1,4
1,1,1,1,4
1,1,1,1,4
1,1,1,1,4
1,1,1,1,4
1,1,1,1,4
1,0,0,0,1
0,0,0,0,0
1,1,1,1,4
1,1,1,0,3
1,1,1,1,4
1,1,1,1,4
1,1,1,1,4
1,1,1,1,4
1,1,1,1,4
1,1,1,1,4
0,0,0,0,0
0,0,0,0,0
0,1,1,1,3
1,1,1,1,4
1,1,1,1,4
0,0,0,0,0
1,1,1,1,4
1,1,1,1,4
1,1,1,1,4
0,0,0,0,0
1,1,1,0,3
1,1,1,1,4
1,1,1,1,4
1,1,1,1,4
0,0,0,0,0
1,1,1,1,4
1,1,1,1,4
1,1,1,1,4
1,1,1,1,4
1,1,1,1,4
1,1,1,1,4
1,1,1,1,4
0,0,0,0,0
1,1,1,1,4
1,1,1,1,4
1,1,1,1,4
0,0,0,0,0
1,1,1,1,4
1,1,1,1,4
1,1,1,1,4
1,1,1,1,4
0,0,0,0,0
1,1,1,1,4
1,1,1,1,4
1,1,1,1,4
1,1,1,1,4
1,1,1,1,4
0,1,1,1,3
1,1,1,1,4
1,1,1,1,4
1,1,1,1,4
1,1,1,1,4
1,1,1,1,4
1,1,1,1,4
1,1,1,1,4
0,0,0,0,0
1,1,1,1,4
1,1,1,1,4
1,1,1,1,4
1,1,1,1,4
1,1,1,1,4
1,1,1,1,4
0,0,0,0,0
1,1,1,1,4
1,1,1,1,4
1,1,1,1,4
1,1,1,1,4
1,1,1,1,4
0,0,0,0,0
1,0,0,0,1
0,0,0,0,0
1,1,1,1,4
1,1,1,1,4
0,0,0,0,0
1,1,1,1,4
0,1,1,1,3
1,1,1,1,4
1,1,1,1,4
1,1,1,1,4
1,1,1,1,4
1,1,1,1,4
1,1,1,1,4
1,1,1,1,4
1,1,1,1,4
1,1,1,1,4
0,0,0,0,0
1,1,1,1,4
1,1,1,1,4
1,1,1,1,4
1,1,1,1,4
1,1,1,1,4
1,0,0,0,1
1,0,0,0,1
0,0,0,0,0
1,1,1,1,4
1,1,1,0,3
1,1,1,1,4
0,0,0,0,0
0,0,0,0,0
1,1,1,1,4
1,1,1,0,3
1,1,1,1,4
0,0,0,0,0
1,1,1,1,4
1,1,1,1,4
1,1,1,1,4
0,0,0,0,0
1,1,1,1,4
1,1,1,1,4
1,1,1,1,4
1,1,1,1,4
1,1,1,1,4
1,1,1,1,4
1,1,1,1,4
0,0,0,0,0
1,1,1,1,4
1,1,1,1,4
1,1,1,1,4
1,1,1,1,4
1,1,1,1,4
1,1,1,1,4
1,1,1,0,3
1,1,1,1,4
1,1,1,1,4
1,1,1,1,4
1,1,1,1,4
1,1,1,1,4
1,1,1,1,4
1,1,1,1,4
1,1,1,1,4
1,1,1,1,4
1,1,1,1,4
1,1,1,1,4
1,1,1,1,4
1,0,0,0,1
1,1,1,1,4
1,1,1,1,4
1,1,1,1,4
1,1,1,1,4
1,1,1,1,4
0,0,0,0,0
1,1,1,1,4
1,1,1,1,4
1,1,1,1,4
0,0,0,0,0
1,1,1,1,4
1,1,1,0,3
1,1,1,1,4
1,1,1,1,4
1,1,1,1,4
1,1,1,1,4
1,1,1,1,4
1,1,1,1,4
1,1,1,1,4
1,1,1,1,4
1,1,1,1,4
1,1,1,1,4
0,0,0,0,0
1,1,1,1,4
0,0,1,1,2
1,1,1,1,4
1,1,1,1,4
1,1,1,1,4
1,1,1,1,4
1,1,1,1,4
1,1,1,1,4
1,1,1,1,4
1,1,1,1,4
1,1,1,1,4
1,1,1,1,4
1,1,1,1,4
0,0,0,0,0
1,1,1,1,4
1,1,1,1,4
1,1,1,0,3
1,1,1,0,3
0,0,0,0,0
1,1,1,1,4
1,1,1,1,4
1,1,1,1,4
1,1,1,1,4
0,0,0,0,0
1,1,1,1,4
1,1,1,1,4
1,1,1,1,4
1,1,1,1,4
1,1,1,1,4
1,1,1,1,4
1,1,1,0,3
1,1,1,1,4
0,0,0,0,0
0,1,1,1,3
1,1,1,1,4
1,1,1,1,4
0,1,1,1,3
0,0,0,0,0
1,1,1,1,4
1,1,1,1,4
1,1,1,1,4
1,1,1,1,4
0,0,0,0,0
1,1,1,1,4
1,1,1,1,4
1,1,1,1,4
1,1,1,1,4
1,1,1,1,4
1,1,1,1,4
1,1,1,1,4
1,1,1,1,4
1,1,1,1,4
1,1,1,1,4
1,1,1,0,3
1,1,1,1,4
1,1,1,1,4
0,0,0,0,0
0,0,0,0,0
0,0,0,0,0
1,1,0,0,2
1,1,1,1,4
1,1,1,1,4
1,1,1,1,4
1,1,1,1,4
1,1,1,1,4
1,1,1,1,4
0,0,0,0,0
1,1,1,1,4
0,0,0,0,0
1,1,1,1,4
1,1,1,1,4
1,1,1,1,4
1,1,1,1,4
1,1,1,1,4
0,1,1,1,3
1,1,1,1,4
1,1,1,1,4
1,1,1,1,4
1,1,1,1,4
0,0,0,0,0
1,1,1,1,4
1,1,1,1,4
1,1,1,1,4
0,0,0,0,0
1,1,1,1,4
1,1,1,1,4
1,1,1,1,4
1,1,1,1,4
0,0,0,0,0
1,1,1,1,4
1,1,1,1,4
1,1,1,1,4
0,0,0,0,0
1,1,1,1,4
1,1,1,1,4
1,1,1,1,4
1,1,1,1,4
1,1,1,0,3
0,0,0,0,0
1,1,1,1,4
1,1,1,1,4
1,1,1,1,4
0,0,0,0,0
1,1,1,1,4
1,1,1,1,4
1,1,1,1,4
1,1,1,1,4
0,0,0,0,0
1,1,1,1,4
0,0,0,0,0
1,1,1,1,4
1,1,1,1,4
1,1,1,1,4
1,1,1,1,4
1,1,1,1,4
1,1,1,1,4
1,1,1,1,4
1,1,1,1,4
1,1,1,1,4
1,1,1,1,4
1,1,1,1,4
1,1,1,0,3
1,1,1,1,4
1,1,1,0,3
1,1,1,1,4
1,1,1,1,4
1,1,1,1,4
0,0,0,0,0
0,0,0,0,0
1,1,0,0,2
1,1,1,1,4
1,1,1,0,3
1,1,1,1,4
1,1,1,1,4
1,1,1,1,4
0,0,0,0,0
0,0,1,1,2
1,1,1,1,4
1,1,1,1,4
1,1,1,1,4
1,1,1,1,4
1,1,1,1,4
1,1,1,0,3
0,0,0,0,0
1,1,1,1,4
1,1,1,1,4
1,1,1,1,4
1,1,1,1,4
1,1,1,1,4
0,1,1,1,3
1,1,0,0,2
1,1,1,1,4
1,1,1,1,4
1,1,1,1,4
0,0,0,0,0
0,0,0,0,0
0,0,0,0,0
1,1,1,1,4
1,1,1,1,4
1,1,1,1,4
1,1,1,1,4
1,1,1,1,4
0,0,0,0,0
1,1,1,1,4
1,1,1,1,4
1,0,0,0,1
0,0,0,0,0
1,1,1,1,4
1,1,1,1,4
1,1,1,1,4
1,1,1,1,4
1,1,1,1,4
1,1,1,1,4
1,1,1,1,4
0,0,0,0,0
1,1,1,0,3
1,1,1,1,4
1,1,1,1,4
0,0,0,0,0
0,0,0,0,0
1,1,1,1,4
1,1,1,1,4
1,1,1,1,4
0,0,0,0,0
1,1,1,1,4
1,0,0,0,1
1,1,1,1,4
0,0,0,0,0
1,1,1,0,3
0,0,1,1,2
1,1,1,1,4
1,1,1,1,4
1,1,1,1,4
1,1,1,1,4
1,1,1,1,4
1,1,1,1,4
1,1,1,1,4
1,1,1,1,4
1,1,1,1,4
1,1,1,1,4
1,1,1,1,4
1,1,1,1,4
1,1,1,1,4
1,1,1,1,4
1,1,1,0,3
1,1,1,1,4
0,0,0,0,0
1,1,1,1,4
1,1,1,1,4
1,1,1,1,4
1,1,1,1,4
1,1,1,1,4
1,1,1,1,4
1,1,1,1,4
1,1,1,1,4
1,1,1,1,4
1,1,1,1,4
1,1,1,1,4
0,1,1,1,3
1,1,1,1,4
1,1,1,1,4
1,1,1,1,4
1,1,1,1,4
1,1,1,1,4
1,1,1,1,4
0,0,0,0,0
0,0,0,0,0
1,1,1,1,4
0,0,0,0,0
1,1,1,1,4
1,1,1,1,4
1,1,1,1,4
1,1,1,1,4
1,1,1,1,4
1,1,1,0,3
0,0,0,0,0
1,1,1,1,4
1,1,1,1,4
1,1,1,1,4
1,1,1,1,4
1,1,1,1,4
1,1,1,1,4
1,1,1,1,4
1,1,1,1,4
1,1,1,1,4
1,1,1,1,4
1,1,1,1,4
1,1,1,1,4
1,1,1,1,4
1,1,1,1,4
1,1,1,1,4
0,0,0,0,0
1,1,1,1,4
0,0,0,0,0
1,1,1,1,4
1,1,1,0,3
1,1,1,1,4
1,1,1,0,3
1,0,0,0,1
1,1,1,1,4
1,1,1,1,4
1,1,1,1,4
1,1,1,1,4
1,1,1,1,4
1,1,1,1,4
1,1,1,1,4
1,1,1,1,4
1,1,1,1,4
0,0,0,0,0
1,1,1,1,4
0,0,0,0,0
1,1,1,1,4
1,1,1,1,4
1,1,1,1,4
1,1,1,1,4
1,1,1,1,4
1,1,1,1,4
0,0,1,1,2
1,1,1,1,4
1,1,1,1,4
1,1,1,1,4
1,1,1,1,4
1,1,1,1,4
1,1,1,1,4
0,0,0,0,0
1,1,1,1,4
1,1,1,1,4
0,0,0,0,0
0,0,0,0,0
1,1,1,1,4
0,0,0,0,0
1,1,1,1,4
1,1,1,1,4
1,1,1,1,4
0,0,0,0,0
1,1,1,1,4
0,0,0,0,0
1,1,1,1,4
1,0,0,0,1
0,0,0,0,0
1,1,1,1,4
1,1,1,1,4
1,1,1,1,4
0,0,0,0,0
1,1,1,1,4
1,1,1,1,4
1,1,1,1,4
1,1,1,1,4
1,1,1,1,4
1,1,1,0,3
0,0,1,1,2
1,1,1,1,4
1,1,1,1,4
1,1,1,1,4
1,1,1,1,4
1,1,1,1,4
1,1,1,1,4
1,1,1,1,4
1,1,1,1,4
1,1,1,1,4
1,1,1,1,4
1,1,1,1,4
1,1,1,1,4
1,1,1,1,4
1,1,1,1,4
1,1,1,1,4
1,0,0,0,1
1,1,1,1,4
1,1,1,1,4
1,1,1,1,4
1,1,1,1,4
1,1,1,1,4
1,1,1,1,4
1,1,1,1,4
1,1,1,1,4
1,1,1,1,4
1,1,1,1,4
0,0,0,0,0
