,S4N
0,0.0
1,0.0
2,113348.786
3,0.0
4,0.0
5,0.0
6,0.0
7,0.0
8,4.0257072
9,39054.064170000005
10,4427.4260075
11,30820.43675
12,0.0
13,81882.88475
14,33960.39949999999
15,22.428724
16,358328.57499999995
17,23237.997000000003
18,2340.821825
19,132102.37475000002
20,2583924.725
21,1319889.5999999999
22,455719.9115
23,319102.96499999997
24,364825.46
25,1538781.6625
26,0.0
27,361.1563775
28,895657.025
29,11280.9905
30,2970.3719425
31,85566.8595
32,80585.98000000001
33,130453.574
34,162.2402985
35,810406.2100000001
36,1426577.0399999998
37,418.8693875
38,20750.379249999998
39,137389.635
40,608148.54441
41,131987.846
42,0.0
43,1193462.0274999999
44,2116263.925
45,3980.4758
46,1539128.8499999999
47,1808.7671125
48,767752.3225
49,8514.691666666666
50,0.0
51,0.0
52,1180.5536375
53,0.0
54,5552.697
55,121.55192675
56,21.761008500000003
57,202730.29249999998
58,0.0
59,0.0
60,0.0
61,0.0
62,120989.31125
63,191.46601750000002
64,46138.77925
65,17449.32975
66,17375.592
67,1360.7013857499999
68,2414466.6
69,233299.46150000003
70,830976.295
71,34177.11275
72,4640493.524999999
73,747797.6200000001
74,2056128.165
75,4443.8428
76,138136.2125
77,50185.2955
78,52260.885500000004
79,208906.96649999998
80,39621.20125
81,1.5427742333333334
82,134374.41924999998
83,2246.4686666666666
84,2725.414383333333
85,34518.647249999995
86,17540.17
87,0.0
88,5816.597175000001
89,147782.9625
90,136343.03666666665
91,0.0
92,17474.068799999997
93,4166442.875
94,96068.39000000001
95,0.0
96,20.247127
97,37000000.0
98,131328.191
99,312888.771
100,300.78415000000007
101,213311.53
102,23.84141925
103,22820.56866666667
104,3044672.275
105,280553.41
106,1614.8734399999998
107,0.0
108,2500.57195
109,30596.34467375
110,261218.1475
111,376152.991
112,1179.4698975
113,657881.9275
114,15902164.25
115,0.0
116,8237.0853
117,5651611.100000001
118,15149.607650000002
119,28603.906375
120,0.0
121,4019.0364999999997
122,75672.24699999999
123,158582.26700000002
124,267487.71625
125,20927.7725
126,5745437.35
127,48554.715175
128,10292.831
129,0.0
130,0.0
131,1447.545975
132,328696.5
133,13966.84765
134,342717.0625
135,635365.155
136,654897.355
137,197289.28999999998
138,29892.098824999997
139,46138.780750000005
140,0.0
141,2079637.0350000001
142,4313.785
143,37150.42723
144,12382.117675
145,34597.61475
146,21965.9252675
147,11992.284500000002
148,120497.48700000001
149,20940.81233333333
150,335.18783750000006
151,11000.323924999999
152,3944.5714749999997
153,22410.5
154,0.0
155,387132.579
156,0.0
157,201329.505
158,539.316925
159,94.53588385
160,0.0
161,37929.59375
162,6733151.325
163,347.3036525
164,317532.52
165,97339.567
166,1152.7939075000002
167,9321.40785
168,33356.86525
169,233601.51875000002
170,121456.62125
171,5816.597
172,728.8068225000001
173,122.57786399999999
174,26880810.333333332
175,5.809877125
176,0.0
177,30682.5195
178,9444.049533333333
179,676851.3175
180,1045612.925
181,3247658.4499999997
182,279466.345
183,0.0
184,15346.598650000002
185,0.0
186,0.0
187,140547.2715
188,139047.66
189,1877.87831
190,257.52315375
191,0.0
192,0.0
193,0.0
194,138655.82
195,0.0
196,0.0
197,0.0
198,87322.87475
199,0.0
200,12981765.7
201,4844560.7
202,21007599.0
203,105200000.0
204,446.516929
205,91.49092074999999
206,5874.96725
207,402619.62750000006
208,49489.179749999996
209,49237.411975
210,0.0
211,0.0
212,39062.57399999999
213,135787.07333333333
214,124993.19825
215,32.95154
216,238859.1775
217,2036420.2666666666
218,19156.729249999997
219,0.0
220,3637.58472725
221,0.0
222,22080.16325
223,403473.8425
224,26157.6895
225,350015.47
226,1880.6180499999998
227,0.0
228,16146.252900000001
229,0.0
230,9827105.575
231,0.0
232,36777.186
233,38628.445750000006
234,0.0
235,642938.1875
236,424905.935
237,11426.09425
238,3710.2406
239,406.83712750000007
240,36178.0355
241,0.0
242,0.0
243,152.221036675
244,2208818.85
245,74.1568865
246,0.0
247,131875.65475000002
248,4887.3827
249,46138.78175
250,295.61781
251,0.0
252,1016512.385
253,150072.54499999998
254,907700.54
255,521691.865
256,571457.83
257,187766.48174999998
258,732051.7324999999
259,0.0
260,312179.83749999997
261,417727.80000000005
262,0.0
263,1003.1561333333333
264,0.0
265,745.5379375
266,25033.556125
267,4203.031925
268,552164.605
269,59.37760045
270,4606.169325
271,2820442.3000000003
272,130065.2195
273,1.57591
274,871803.9674999999
275,508383.8365
276,0.0
277,945725.921
278,22882.0815
279,6087045.7
280,1245504.2
281,109387.29500000001
282,521011.61
283,0.0
284,399074.75500000006
285,17040.2071
286,183240.69749999998
287,413.1357475
288,0.0
289,0.0
290,0.0
291,255167.175
292,0.0
293,49912.67324999999
294,26.434347
295,1039.30016
296,4344.9949750000005
297,150908.1585
298,1229837.4833333334
299,57847860.75
300,6898.93435
301,69071.329
302,1968341.195
303,890.91793
304,199598.29425
305,488560.51
306,0.0
307,1832810.6825
308,342424.83099999995
309,755865.5549999999
310,415389.21499999997
311,0.0
312,24685.76325
313,342.708134575
314,7480644.925
315,800904.5399999999
316,48580.466
317,69935.37100000001
318,91.01795525
319,0.0
320,77850.39
321,1618881.5375
322,411881.50749999995
323,132863.22149999999
324,2628.6136500000002
325,0.0
326,18.897972000000003
327,619066.5425
328,104525000.0
329,50785.462
330,0.0
331,7.56000665
332,0.0
333,25086.282
334,1.9961923000000001
335,0.0
336,117596.74825
337,25661.8765
338,279018.51
339,2427.9824000000003
340,438.0620875
341,46138.779500000004
342,163512.1795
343,1008089.28
344,109387.29500000001
345,27.429079
346,25659.120000000003
347,7292.781325000001
348,36675.399
349,83569.6345
350,34460.396
351,0.0
352,25968.61575
353,28552.446
354,20115.9084
355,1861.860375
356,116456.31650000002
357,499910.67250000004
358,1.570089475
359,94248.508
360,19550686.75
361,6904.569
362,10302308.075
363,4721.927
364,15669088.75
365,9553.385375000002
366,5346.865475
367,88436.04925
368,1.5426849249999999
369,842604.5875
370,2242.5209375
371,23640.817575
372,2500.5719249999997
373,129005.2175
374,0.0
375,0.0
376,0.0
377,5816.596925
378,25341.02525
379,4700311.275
380,1358.2206466666669
381,2246.4682333333335
382,1808.76677
383,110133.58924999999
384,0.0
385,782870.495
386,74846.09724999999
387,1.6120223
388,245109.825
389,116964.94825000002
390,1108.4917153333333
391,6333.5019
392,60894.0031
393,1799.0067
394,1025631.3674999999
395,16949.3475
396,26504.58775
397,304.0391125
398,1.54159725
399,417151.851
400,6702.405624999999
401,0.0
402,33098.30525
403,11056.592849999999
404,1861.8603575000002
405,239467.96449999997
406,126.13974845000001
407,8148103.25
408,0.0
409,49219.88833333333
410,95716.04075000001
411,112521.82225
412,447645.3025
413,1624991.0375
414,56284.387725
415,8046.992899999999
416,1.5736263666666668
417,13645.28325
418,918750.31
419,106.37937624999999
420,0.0
421,1.5416492999999998
422,175494.67044249998
423,1.54198615
424,1.5425765
425,41270.41499999999
426,0.0
427,487478.18000000005
428,0.0
429,885934.7649999999
430,18708.694000000003
431,4489083.7
432,1996307.7750000001
433,75.17196775000001
434,77.47578366666667
435,94049.33425000001
436,229825.9475
437,0.0
438,163469.7382675
439,0.0
440,209550.66
441,12633.561249999999
442,766.242895
443,0.0
444,93717.77000000002
445,462918.6061275
446,169023.38999999998
447,598187.04425
448,1574.721733333333
449,85582.70374999999
450,3028.9651753999997
451,5901.471158
452,11892.3802
453,0.0
454,27.187455499999995
455,18708.693750000002
456,3576.1764749999998
457,198.13766500000003
458,153277.83000000002
459,13.809805875
460,2177512.15
461,5358.1765
462,175685.91199999998
463,806986.1275000001
464,1354279.2
465,5908.159925000001
466,15245.679675
467,17233333.333333332
468,0.0
469,0.0
470,6086.280975
471,727002.4908
472,493441.2375
473,186302.505
474,4556169.05
475,1492220.15
476,16186.9735
477,0.0
478,1511248.54
479,1332422.2
480,3778.9675749999997
481,361741.65
482,0.0
483,0.0
484,5697709.475
485,750.6041075
486,520959.8525
487,0.0
488,9321.40785
489,874542.2449999999
490,1672.94451
491,240032.18875000003
492,15765.105775000002
493,154666.63249999998
494,973.4241
495,74359.23165
496,283474.8075
497,96400.22175
498,2048959.1850000003
499,2170.2275750000003
500,716.730545
501,653.1648333333334
502,1.5423148000000002
503,6190191.35
504,37600.233324999994
505,177101.5135
506,8705903.875
507,1.542092775
508,0.0
509,0.0
510,1.5424621666666667
511,1273201.0175
512,1278266.695
513,2.5323762
514,0.0
515,2.9113235
516,5898.887000000001
517,24002.45225
518,3782310.325
519,0.0
520,1836.0422875
521,0.0
522,247036.12358249997
523,18.1805001
524,101.34557124999999
525,69790.26875
526,6063.3625
527,261656.03000000003
528,34.384693750000004
529,7684.1533666666655
530,194068.02666666664
531,10804.289650000002
532,32538.601
533,2973.300233333333
534,817768.3325
535,19524.7165
536,677130.0950000001
537,452524.38
538,527.7288475
539,9334.56155
540,9323.9645
541,0.0
542,0.0
543,93702.3535
544,181477.20375
545,131746.6825
546,0.0
547,1.61202105
548,33.296355500000004
549,40984.04625
550,35786.77875
551,7787.085965
552,90916.14375000002
553,17375.5925
554,9555074.25
555,1.5421693333333335
556,43.123623
557,6335.47725
558,24116.473175
559,225903.32499999998
560,561993.3
561,937.5472975
562,3134.7373925000006
563,26.434343
564,532453.2025
565,224058.595
566,114.3090665
567,621812.645
568,2058724.5350000001
569,731208.9075000001
570,271006.735
571,63073.116500000004
572,52575.070999999996
573,1091677.05
574,135628.1325
575,242017.62749999997
576,11366347.875
577,1199.5108525
578,160736.75375
579,952860.365
580,330834.115
581,152552.81000000003
582,12291.267825
583,26.984456500000004
584,9844.839899999999
585,122574.939
586,93997.37375
587,45201.12075
588,1.8011897749999999
589,127.82952499999999
590,0.0
591,6693.870575
592,722661.43
593,70795.5775
594,0.0
595,1576235.65
596,393664.99250000005
597,340168.7025
598,96705.92025
599,361.442525
600,770.7878824999999
601,978960.155
602,11103906.8
603,414478.96749999997
604,2711.308675
605,17752155.05
606,638744.05
607,0.0
608,0.0
609,248.90297
610,246.69882
611,1773.223435
612,713.263475
613,28637.291
614,3159879.375
615,7712870.825
616,1040424.3825000001
617,4610771.3
618,166.98095
619,0.0
620,0.0
621,8890.361315750002
622,1294.8837075
623,5645741.4
624,8495911.9
625,10075.84375
626,6909.284366666667
627,217.73781
628,18106.381240000002
629,25591284.75
630,2.8360493
631,713.2634625
632,884794.6849999999
633,557650.8825
634,214504.525
635,5254.871225
636,3452993.025
637,22590.543175
638,156.05006
639,19573019.875
640,1786197.35
641,0.0
642,2435.47015
643,34449.278
644,27463.498349999998
645,622517.6299999999
646,0.0
647,0.0
648,15013.82975
649,166371.81275
650,3385.0693
651,86949.09366666667
652,17253.39025
653,83542.4945
654,0.0
655,102070.9135
656,1417.50404
657,0.0
658,147.98415875
659,72893.60475
660,80269.477
661,17840.164749999996
662,10269.377999999999
663,0.0
664,24539.336
665,2084181.7
666,21014.30525
667,312967.025
668,1.7692934249999999
669,77850.39
670,2305.5084375
671,48.2756265
672,3260.600285
673,0.0
674,713.2634625
675,64342.777
676,175767.7525
677,275.93050350000004
678,61670.03625
679,6258722.1
680,33.210529
681,1.7796866750000002
682,0.0
683,44272.81074999999
684,282600.335
685,611410.3799999999
686,696.7111233333335
687,62163.72675
688,7213.2609250000005
689,273720.665
690,998.7300100000001
691,1999.7508750000002
692,816764.7899999999
693,2014784.525
694,713.2634625
695,2353.0397
696,0.0
697,9770.0894
698,0.0
699,0.0
700,5240220.5
701,114335.25375000002
702,325.256995
703,69112.99250000001
704,106119.3405
705,0.0
706,1344813.43
707,400.226145
708,2879571.3
709,1029.08753
710,0.0
711,228619.30575
712,555607.2050000001
713,703730.6200000001
714,9983496.75
715,64.95888675
716,646073.81
717,2547956.85
718,347196.015
719,305270.09249999997
720,185598.82249999998
721,73809.43025
722,345034.0675
723,164040.78824999998
724,9194432.3
725,1990983.1199999999
726,0.0
727,2500.5719249999997
728,1492425.4500000002
729,0.0
730,1783280.34
731,448747.24499999994
732,1973.0117675000001
733,3122015.14
734,251232.815
735,36236.489499999996
736,1220.0503125
737,0.0
738,0.0
739,109387.29750000002
740,1466.0153
741,2031047.7149999999
742,13731.881
743,105.99176133333333
744,66024.1345
745,1287.1444674999998
746,597.4263
747,0.0
748,632671.1
749,43232.233250000005
750,880908.97
751,339838.2
752,21043.588249999997
753,375646.725
754,1021961.7375
755,199700.06249999997
756,19661.98375
757,36.4664995
758,2321.467635
759,17796.002500000002
760,259994.03533333333
761,19.8139386
762,11992.283125
763,321623.20999999996
764,0.0
765,97488.59600000002
766,48866.2635
767,2793641.65
768,99200.52
769,15200.805999999999
770,0.0
771,405821.1533333333
772,30100000.0
773,0.0
774,0.0
775,12636.466500000002
776,131406.016
777,614.0620150000001
778,51523.401
779,163057.4575
780,3719.751675
781,0.0
782,544307.5925
783,9817115.5
784,58488.44025
785,0.0
786,563973.8624999999
787,1.7944029499999998
788,12689.832424999999
789,24783.38175
790,61124.797
791,135971.655
792,71.137935925
793,27.437234750000002
794,2122399.81
795,53377.187000000005
796,3719.751675
797,104.16129
798,0.0
799,0.0
800,27.61713975
801,0.0
802,284500.3025
803,50.71337
804,2081819.9249999998
805,80042.357
806,0.0
807,2.1313558333333336
808,35225.37325
809,543208.42
810,0.0
811,20.247129249999997
812,50511.004250000005
813,18656.2425
814,27.951822075000003
815,562.1119874999999
816,6891.797525
817,94840.75375
818,197597.625
819,62215.20475
820,9460.56485
821,504639.73250000004
822,399473.8
823,1087531.91
824,0.0
825,0.0
826,3555293.575
827,42386.92012500001
828,50171.76675
829,2275.291975
830,225.46428675
831,0.0
832,0.0
833,114634.405
834,0.0
835,0.0
836,12799.532500000001
837,18631.2801075
838,44.72045325
839,0.0
840,12573.98775
841,959387.71
842,103588.6975
843,0.0
844,125889.905
845,12728328.0
846,2219.3013499999997
847,858596.9666666668
848,1100.5302499999998
849,229.42586925
850,1003.1561266666668
851,1.5435901333333335
852,230159.73249999998
853,0.0
854,137591.97574999998
855,9440.3404
856,146578.52649999998
857,0.0
858,3791638.9099999997
859,596427.21
860,0.0
861,16400.4857
862,0.0
863,975.4064845
864,31510.569249999997
865,149.27889574999998
866,22978.90725
867,9179.228000000001
868,309881.99250000005
869,0.0
870,2247839.325
871,28968.429
872,321557.7425
873,1003530.7497500001
874,226214.59500000003
875,27989.90125
876,5009.5894
877,845472.7175
878,34630.71745
879,9286308.45
880,0.0
881,2870598.825
882,23605.11575
883,810506.7775000001
884,12146.330125
885,4887.3827
886,319.3461575
887,193.092776
888,129.73277765
889,852083.9074999999
890,1.6310211
891,1077743.6075000002
892,0.0
893,141402.1003825
894,108369.4815
895,1.9253289250000003
896,5439.068175
897,5440.44985
898,1248275.9225
899,230401.44500000004
900,118.24974925
901,254899.99
902,6663082.875
903,486505.51999999996
904,1229473.375
905,1434336.8375
906,38872.014
907,1.54211595
908,21275.977666666666
909,1858.7041
910,3158.5820500000004
911,1321859.27
912,18918.6715
913,781.044155
914,20505.30875
915,7353101.15
916,1954442.0
917,5816.596925
918,453807.891
919,1024503.5549999999
920,0.0
921,43819.414000000004
922,3.2711998
923,2129.8672874999997
924,0.0
925,1808.7669
926,87395.93525
927,22772.391249999997
928,48201.966
929,1132703.7625000002
930,1419.786535
931,9076.121020499999
932,62778.58865
933,2146288.975
934,0.0
935,14730.536450000001
936,1015735.5125
937,0.0
938,0.0
939,17183.64875
940,8021.318695
941,15682.4375
942,55040.19325
943,1001736.4149999999
944,32340.997750000002
945,1.6233027333333332
946,3511.185925
947,23789.48125
948,83.73484575
949,32693.62275
950,8508.49105
951,303.0127725
952,3361385.0
953,59964.46725
954,5291422.975000001
955,3643801.575
956,8621.559524999999
957,1529323.7249999999
958,5704.397166666667
959,5798.8452825
960,2723275.225
961,618739.9425
962,14703.805
963,88.11800525
964,748226.3975
965,166296.27899999998
966,4235.8387999999995
967,1124471.1275
968,2794081.55
969,17140.429
970,0.0
971,7.37886705
972,1107334.13
973,1217575.2674999998
974,601.13143
975,613844.3425
976,1.9494273
977,213311.49
978,107130.95466666667
979,820252.7399999999
980,380536.23
981,10255228.75
982,1893299.1175
983,582674.0425
984,2658.1233
985,6413.3678500000005
986,512694.6325
987,0.0
988,102.60781300000001
989,74610.82699999999
990,1524337.8
991,936776.165
992,32161.958749999998
993,434407.35250000004
994,195572.48249999998
995,2216.4031649999997
996,0.0
997,2605735.475
998,81.653205
999,5.809871449999999
1000,15013.829950000001
1001,375.58083750000003
1002,94.952334
1003,63.48210175
1004,3798.009775
1005,135787.07333333333
1006,2403982.75
1007,3444827.175
1008,0.0
1009,0.0
1010,0.0
1011,61.126259999999995
1012,60674.434499999996
1013,81452.6425
1014,104683.2575
1015,918993.4650000001
1016,115027.4485
1017,46138.78100000001
1018,148478.89250000002
1019,1483411.35
1020,64667.17675
1021,2718.9284
1022,25.07655325
1023,5672.52035
1024,2879081.85
1025,120986.86099999999
1026,1065139.2750000001
1027,249.529705
1028,597004.67
1029,64.27738425000001
1030,339335.18250000005
1031,0.0
1032,1.541492325
1033,91.94857225
1034,198686.2725
1035,364.39567500000004
1036,49815.83125
1037,713.09643
1038,72805.68
1039,150783.06125
1040,1177.25531
1041,142811.8445
1042,0.0
1043,478443.0375
1044,5742.66485
1045,1165268.9925
1046,20311.256900000004
1047,498.75974
1048,3719.751675
1049,673548.365
1050,22406.472250000003
1051,415488.82
1052,240068.3475
1053,23.38774
1054,516566.2100000001
1055,56509.926
1056,49861.205523
1057,633.61644
1058,157.24060582500002
1059,128291.434725
1060,728.8068225000001
1061,342297.1075
1062,133632.309
1063,72332.6485
1064,131807.327
1065,0.0
1066,8284.712
1067,373.08849999999995
1068,584805.125
1069,4501.828125000001
1070,33.809069
1071,362915.53750000003
1072,548.25989425
1073,0.0
1074,952732.825
1075,13789.309650000001
1076,0.0
1077,365626.86500000005
1078,420830.145
1079,2035.88098
1080,151315.626
1081,0.0
1082,0.0
1083,0.0
1084,692481.2200000001
1085,3.164600025
1086,1298.55722
1087,41.7070875
1088,604.9656666666666
1089,370600.4325
1090,1.54276755
1091,2410.101835
1092,90836.732
1093,507958.10750000004
1094,1226081.17
1095,26571.951500000003
1096,17738.466175
1097,0.0
1098,4.070454225
1099,11478.063750000001
1100,54973.669749999994
1101,31413.95625
1102,2794037.05
1103,13.809807375
1104,725.5026025
1105,0.0
1106,1847617.905
1107,88.574145
1108,0.0
1109,182252.08500000002
1110,111.3610425
1111,5.809875475
1112,2.7407152
1113,0.0
1114,801438.4475
1115,277097.39749999996
1116,1.5428576
1117,856552.87375
1118,147904.98500000002
1119,382508.7325
1120,0.0
1121,4930202.125
1122,189.02985125
1123,23066666.666666668
1124,623329.5125000001
1125,12162.887499999999
1126,140608.7935
1127,25508263.0
1128,126589.18400000001
1129,0.0
1130,1302460.72075
1131,146826.21375
1132,1.5435197
1133,1.543395375
1134,258513.085
1135,44.439183
1136,361.1562175
1137,135.26038175
1138,3691.130635
1139,286550.6175
1140,7045.9456
1141,438457.8655
1142,1.54332265
1143,441272.65249999997
1144,97.939605
1145,1121569.2475
1146,610655.7349999999
1147,2170.5974925
1148,895731.7725
1149,169065.28
1150,47607.554175
1151,44050.664500000006
1152,201102.725
1153,135971.655
1154,224176.33000000002
1155,5856.5547
1156,136.64600075
1157,308922.83625000005
1158,5816.596925
1159,33.10716375
1160,25051.5209
1161,88366.07
1162,2659673.125
1163,32125.5535
1164,213.11208375
1165,21.10462925
1166,256207.69
1167,70961.6185
1168,13.809800500000001
1169,1495.23263
1170,2697474.7
1171,877660.0625
1172,0.0
1173,6473.6372
1174,1407224.8849999998
1175,0.0
1176,791.9263100000001
1177,48973.6375
1178,16906.93
1179,2875.990175
1180,98343.85250000001
1181,241.73039724999998
1182,6269.7498
1183,15041.618402499998
1184,49.185632500000004
1185,51733.50625
1186,195707.19624999998
1187,39038.17785
1188,57134.2775
1189,127.125889
1190,1239283.31
1191,164465.94175
1192,5375106.15
1193,0.0
1194,12683.4985
1195,4223684.475
1196,2982.398633333333
1197,6231.1985
1198,133360.384
1199,73496.98225000002
1200,0.0
1201,295947.88675
1202,8847.445925
1203,80098.1445
1204,0.0
1205,8469536.825
1206,0.0
1207,6917.105149999999
1208,993123.52
1209,0.0
1210,213311.49
1211,2205653.4
1212,9056.355675
1213,0.0
1214,8881.91
1215,5966.625625000001
1216,1217500.0375
1217,16013.421649999998
1218,3122.2443000000003
1219,553518.2815
1220,0.0
1221,0.0
1222,0.0
1223,0.0
1224,136831.38999999998
1225,476.047575025
1226,15937.63165
1227,58302.054221675004
1228,35786.77875
1229,13720873.125
1230,8595.70455
1231,46138.78100000001
1232,2134.4573250000003
1233,207061.08125
1234,0.0
1235,0.0
1236,6231.1985
1237,15032.770249999998
1238,0.0
1239,6909.2843
1240,0.0
1241,614.0620100000001
1242,267.57131
1243,713.26343
1244,0.0
1245,23643.713249999997
1246,59.34913375
1247,1841.3621825000002
1248,5998.9751750000005
1249,0.0
1250,46138.78100000001
1251,0.0
1252,0.0
1253,0.0
1254,327296.3525
1255,4406915.0
1256,22629.120750000002
1257,74209.3665
1258,110076.19
1259,15243.052500000002
1260,1.6209003000000002
1261,0.0
1262,12726.45445
1263,0.0
1264,1401.6787075
1265,176868.08150000003
1266,0.0
1267,224795.0475
1268,53631.535
1269,2486490.3249999997
1270,2355.546305
1271,630085.24
1272,265817.645
1273,3190.0163275
1274,251798.8715
1275,6201.774975
1276,3.2518669333333334
1277,517.31995
1278,239.02380237499997
1279,273302.95
1280,135049.14800000002
1281,0.0
1282,536233.715
1283,2047.79459
1284,0.0
1285,1906010.9999999998
1286,220.17416674999998
1287,22559.371
1288,359519.5825
1289,1507200.855
1290,364.39568
1291,379.9646475
1292,1.54251095
1293,0.0
1294,39197.249
1295,142427.42275
1296,806842.9600000001
1297,1873.8062249999998
1298,213311.49
1299,242006.29
1300,287545.685
1301,0.0
1302,0.0
1303,0.0
1304,0.0
1305,973.4241
1306,0.0
1307,0.0
1308,0.0
1309,345761.1485
1310,0.0
1311,0.0
1312,6309.8508
1313,11281777.25
1314,83.83672899999999
1315,3678.2514425
1316,962197.085
1317,892944.3466666667
1318,135971.655
1319,0.0
1320,221504.53
1321,30623.639874999997
1322,77850.39
1323,6706.3958
1324,438.0869725
1325,245564.39499999996
1326,41330.234749999996
1327,0.0
1328,12935.346599999999
1329,59540.35575
1330,299149.667
1331,5754524.625
1332,463774.695
1333,4990855.275
1334,9300.93085
1335,22776.453700000002
1336,29833.106
1337,1216317.235
1338,0.0
1339,170696.7015
1340,4270683.775
1341,1257958.1
1342,756.795525
1343,26350.5185
1344,180.115215
1345,9121.27345
1346,909152.13
1347,983791.025
1348,10685400.635
1349,7339.4339666666665
1350,31943.45475
1351,1539936.5125
1352,16.9181055
1353,0.0
1354,15.499123749999999
1355,89916.42599999999
1356,120.96344325
1357,191214.408
1358,0.0
1359,6178.821324999999
1360,69714.3090525
1361,46138.78100000001
1362,101873.48125
1363,6178.821324999999
1364,1.8032258
1365,162683.6635
1366,101643.01874999999
1367,9708.726400000001
1368,0.0
1369,301251.69575
1370,7757.868425
1371,279.52706333333333
1372,71765.27375000001
1373,0.0
1374,0.0
1375,5507.771775
1376,3310.9247499999997
1377,1999623.4075
1378,2500.57185
1379,132791.9185
1380,59628.765499999994
1381,123664.19499999999
1382,2425046.45
1383,11508196.95
1384,34930.0065
1385,154661.97279249996
1386,122146.02500000001
1387,0.0
1388,1002.1123075
1389,210.43993500000002
1390,5015.8258000000005
1391,11496.44565
1392,0.0
1393,25600.553750000003
1394,281443.815
1395,0.0
1396,758416.9450000001
1397,109387.29500000001
1398,1854.026835
1399,4407.946632925001
1400,1276020.9530000002
1401,1325.71585
1402,190941.885
1403,4676.3866
1404,202392.99
1405,44087.641375
1406,597785.5612499999
1407,0.0
1408,6813618.4
1409,369148.47750000004
1410,3077983.9250000003
1411,69098.74650000001
1412,3347333.475
1413,228720.98250000004
1414,31915.6565625
1415,0.0
1416,8404676.45
1417,18789.4755
1418,2972.5606599999996
1419,0.0
1420,85197.579675
1421,64354.564
1422,6357.239950000001
1423,9942188.875
1424,10644282.125
1425,72463.372
1426,35.484906
1427,4995820.175
1428,7972.9693
1429,280552.90125
1430,64412801.625
1431,46750.25025
1432,0.0
1433,0.0
1434,71563.67
1435,37299.32949999999
1436,3215.867305
1437,655.51166
1438,28407.280749999998
1439,0.0
1440,3085561.6750000003
1441,146.954863
1442,832337.75
1443,69551.2815
1444,371.05101750000006
1445,63530.405825
1446,207.5256285
1447,42.772236750000005
1448,45.828894999999996
1449,827970.625
1450,0.0
1451,45328.37275
1452,581279.7525
1453,109387.29750000002
1454,0.0
1455,0.0
1456,20078360.6
1457,22521.70225
1458,0.0
1459,1058397.3800000001
1460,17606105.0
1461,5736.958812499999
1462,2583661.5999999996
1463,9113.595625
1464,1.54319155
1465,973.4241
1466,14341371.5
1467,3313024.925
1468,15821996.3125
1469,35659.39166666666
1470,0.0
1471,171.588103575
1472,0.0
1473,2198724.64
1474,5329637.95
1475,1267.1786100000002
1476,1003.1561266666668
1477,15986.39
1478,0.0
1479,6201.774925
1480,18719.089125
1481,1287.1444674999998
1482,0.0
1483,703.19828
1484,854092.7999999999
1485,0.0
1486,13191.893049999999
1487,12145.419875000001
1488,17994.9812
1489,0.0
1490,1308440.2975
1491,178389.2525
1492,165026.85455
1493,0.0
1494,127.5532425
1495,126001.49549999999
1496,184875.7725
1497,0.0
1498,713.26343
1499,8210319.5
1500,137796.36558749998
1501,3705576.5
1502,0.0
1503,259.75048250000003
1504,7381.60535
1505,65379.3195
1506,154442.69653999998
1507,182688.00449999998
1508,10477.760675000001
1509,77131.804
1510,90.56931175
1511,538.4536125
1512,323954.605
1513,13.958314000000001
1514,5647.614775
1515,176477.57125
1516,0.0
1517,109.9767595
1518,4.840616000000001
1519,36066666.666666664
1520,917383.8666666666
1521,44166666.666666664
1522,12775.025
1523,48387.38525
1524,0.0
1525,2.03664995
1526,479184.766
1527,159864.14650000003
1528,7829.15265
1529,42286.43225
1530,5883.9569249999995
1531,1.5434386
1532,1.5429675500000002
1533,5.4460120000000005
1534,161017.53999999998
1535,216.462555
1536,626.81533
1537,0.0
1538,0.0
1539,0.0
1540,0.0
1541,0.0
1542,17375.592
1543,0.0
1544,0.0
1545,0.0
1546,1218950.4375
1547,252879.3085
1548,192519.93075000003
1549,273206.2725
1550,1124.3068
1551,0.0
1552,184659.665
1553,105736.55625
1554,301490.47
1555,0.0
1556,60.32403875
1557,177963.64375
1558,3635.4251900000004
1559,1115540.24
1560,267421.78675
1561,0.0
1562,6.2960175
1563,116912.83275
1564,2434887.1750000003
1565,18742.914
1566,13628752.25
1567,10913.546499999999
1568,652949.8075000001
1569,90750000.0
1570,5557.481025
1571,2374988.1999999997
1572,585800.3932500001
1573,63153.47025
1574,2430.5468333333333
1575,305565.13249999995
1576,31075.374099999997
1577,145757.60400000002
1578,11992.283125
1579,52216.065749999994
1580,2710142.8249999997
1581,39860.3764
1582,173.579758
1583,0.0
1584,118.96191675
1585,388987.87
1586,102956.543849475
1587,0.0
1588,30508.066000000003
1589,538489.52
1590,1258927.0725
1591,21397156.833333332
1592,2062.8884675
1593,23550.256999999998
1594,35786.77875
1595,15.436042
1596,4023691.7
1597,9792369.375
1598,26169.5085
1599,14.0266491
1600,1732857.9000000001
1601,0.0
1602,1.543112925
1603,0.0
1604,0.0
1605,2073.66815
1606,2320.918385
1607,1001.5819624999999
1608,250210.33975
1609,7426.384075
1610,109387.29750000002
1611,7411377.175
1612,0.0
1613,179.6798025
1614,12272.3604
1615,0.0
1616,140.84752666666668
1617,54971.317500000005
1618,121695.23300000001
1619,16527.42635
1620,19853.689866666664
1621,0.0
1622,131340.19333333336
1623,32.451506333333334
1624,1357531.0900000003
1625,6.3808646
1626,0.0
1627,0.0
1628,2463.683
1629,130262.26999999999
1630,6641.861075
1631,4093.867625
1632,300272.01875
1633,46138.780000000006
1634,0.0
1635,7403532.433333334
1636,2630362.0875
1637,9113.595625
1638,327957.73
1639,4275.799375
1640,795.3640750000001
1641,2347.27576675
1642,8149.6406
1643,7251.8899
1644,20660.937175000003
1645,12.692478999999999
1646,2618544.575
1647,39691.730625000004
1648,604630.9600000001
1649,342.53328000000005
1650,28.151250250000004
1651,0.0
1652,150625.3025
1653,0.0
1654,46138.780000000006
1655,493656.7133333333
1656,69829.94750000001
1657,0.0
1658,3.7079612500000003
1659,51635.636
1660,442596.625
1661,6215.762900000001
1662,0.0
1663,534.99297
1664,998069.1625000001
1665,324.0907675
1666,71816.50075
1667,35116.783874999994
1668,21573.06175
1669,49645.27725
1670,252940.97999999998
1671,102.9603383
1672,1171647.635
1673,11282.265650000001
1674,2313.0476750000003
1675,10139.291900000002
1676,17685.66415
1677,503760.5625
1678,19.6422491
1679,659868.0549999999
1680,2856813.1500000004
1681,2.3323412250000004
1682,1108530.625
1683,203724.49425000002
1684,71082.25875000001
1685,2463.683
1686,9665522.8
1687,1786053.4649999999
1688,2510.22545
1689,5.793774725
1690,1940640.25
1691,1659410.165
1692,17685.66415
1693,123469.83
1694,2635756.8
1695,7244.14705
1696,296523.02400000003
1697,266171.89
1698,7164.99245
1699,644.22795
1700,3020382.175
1701,75308.44225
1702,295332.6725
1703,495809.115
1704,60083.09923
1705,7.577194125000001
1706,33681.666249999995
1707,47717.529
1708,26583843.125
1709,3.080845125
1710,6.031771625
1711,2658.1233
1712,13.994791999999999
1713,1215.1777249999998
1714,4700.291833333334
1715,15169.144499999999
1716,5798.8452825
1717,3743.65025
1718,0.0
1719,24752.251500000002
1720,86569.208
1721,293846.09750000003
1722,257615.9695
1723,468.85690000000005
1724,1.76933605
1725,0.0
1726,112643.8925
1727,738398.64
1728,16285.307333333332
1729,22498.5837325
1730,7090578.575
1731,1055.59504
1732,152016.7775
1733,0.0
1734,4344.994775
1735,7769.3012
1736,179120.8725
1737,162573.0975
1738,1817751.28
1739,6831052.05
1740,65700.7345
1741,214583.32875000004
1742,3.303928775
1743,794505.4375
1744,286417.17
1745,23440.722999999998
1746,4544021.425
1747,20.238539499999998
1748,7.937643675
1749,44801.56325
1750,0.0
1751,986.87781
1752,109321.12000000001
1753,25652930.875
1754,78662.8
1755,14869.1985
1756,1890025.95
1757,2099477.85
1758,48150.748
1759,155414.106
1760,4455907.8
1761,227654.54833333334
1762,48551.332
1763,13365.311075000001
1764,14032006.25
1765,944131.7725
1766,198958.75249999997
1767,382.86855
1768,96982.2555
1769,14268.0905
1770,1.73374615
1771,0.0
1772,267654.6975
1773,46138.779500000004
1774,599.4252449999999
1775,428297.8866666667
1776,292728.91000000003
1777,21116.59175
1778,124965.89000000001
1779,3684.525735
1780,0.0
1781,21840.825
1782,577787.405
1783,50.793779
1784,124064.11924999999
1785,1204433.6725
1786,213311.49
1787,214737.3225
1788,7926068.475
1789,904343.765
1790,790.6195174999999
1791,41330.266500000005
1792,1690.20479
1793,0.0
1794,422151.845
1795,5674327.7
1796,51733.50525
1797,13.011788425
1798,6388.5929
1799,100224.13124999999
1800,2489.222125
1801,28173.947
1802,19605.486999999997
1803,215904.0
1804,803494.7925
1805,364.39568
1806,7990.097499999999
1807,1711.684466
1808,1043114.925
1809,29894.32175
1810,158097.25
1811,230017.18999999997
1812,64.95888725
1813,70861.07400000001
1814,304571.2
1815,1026041.14
1816,317868.545974
1817,879.521775
1818,19957.899425
1819,75777.508
1820,40217.52175
1821,13556.99845
1822,88.58939950000001
1823,246678.58849999998
1824,2044.503525
1825,337.5251725
1826,123.27604566666668
1827,1.56598555
1828,109387.29750000002
1829,5255.7853000000005
1830,9285.049350000001
1831,0.0
1832,219424.51499999998
1833,713.26343
1834,497821.83
1835,0.0
1836,51200000.0
1837,29.681000700000002
1838,46138.779500000004
1839,0.0
1840,2201.953525
1841,21847.798525
1842,116940.43775
1843,177106.3065
1844,2658.1233
1845,3419863.475
1846,3245.99565
1847,120822.65475000002
1848,150.222649
1849,32643.339249999997
1850,3108.5269825
1851,405534.7575
1852,52953.06825
1853,30809.5055
1854,32167.765600000002
1855,0.0
1856,3287.6807499999995
1857,55411.109500000006
1858,0.0
1859,286005.1925
1860,267919.12333333335
1861,160545.59249999997
1862,1.5421355333333333
1863,182256.1485
1864,8889.41
1865,4299.908025
1866,9486.9889
1867,1218080.34
1868,73759.53825
1869,28.15125
1870,35458.764075
1871,89.6677845
1872,9926.013224999999
1873,198708.27075
1874,66618.99225
1875,15654.208325
1876,1892763.87
1877,2765.670875
1878,0.0
1879,0.0
1880,363039.1325
1881,0.0
1882,43289.865000000005
1883,13521375.0
1884,2409874.9000000004
1885,11648980.125
1886,1585882.395
1887,973506.8574999999
1888,8138209.925
1889,53988.0802
1890,204638.92625000002
1891,8001.8213
1892,1.5430946333333333
1893,62743.17975
1894,31225000.0
1895,1305465.6625
1896,1511.321565
1897,14.179523999999999
1898,6394.939075
1899,589452.72
1900,109387.29750000002
1901,42666.422999999995
1902,187153.336
1903,109387.29750000002
1904,57.093138499999995
1905,690638.5247500001
1906,3629.1129250000004
1907,3636010.775
1908,215930.05000000002
1909,0.0
1910,267.57129
1911,679.1201275
1912,9016.797666666667
1913,735.0119
1914,15.3666502
1915,213774.171
1916,29306.809
1917,9272.422266666666
1918,15245.679675
1919,0.0
1920,302.01793499999997
1921,178879.45749999996
1922,15700.315127499998
1923,5776396.125
1924,0.0
1925,45848.157
1926,10344.958524999998
1927,57031.2
1928,0.0
1929,0.0
1930,42.12633256666667
1931,1614123.7575
1932,0.0
1933,0.0
1934,1.5440690750000001
1935,231.689076
1936,1.542168
1937,80635.514
1938,3301.832875
1939,0.0
1940,3345678.6
1941,1293185.0875
1942,0.0
1943,208052.0025
1944,48557.854250000004
1945,5045.0172
1946,0.0
1947,0.0
1948,0.0
1949,8664935.75
1950,8128.759424999999
1951,7930.1251999999995
1952,1103.895575
1953,33430.5453575
1954,56.52101875
1955,134.5361375
1956,231.6890725
1957,0.0
1958,178952.10749999998
1959,454552.55000000005
1960,442.4343325
1961,0.0
1962,381.418795
1963,99097.17575
1964,21364.964350000002
1965,0.0
1966,1.5431012
1967,46340.13625
1968,430520.06
1969,190.20139000000003
1970,566999.625
1971,8882.5755
1972,395991.74600000004
1973,11395.771725
1974,42767.666124999996
1975,17846.459333333332
1976,98419.93594250001
1977,14.937755925
1978,617151.58
1979,148160.86625000002
1980,17.023210166666665
1981,66691.53450000001
1982,5372.5348575
1983,523.0399
1984,2.2328898
1985,547012.985
1986,361126.5
1987,2500.57185
1988,11400.122175
1989,0.0
1990,489.3333975
1991,1297.908725
1992,376.86599333333334
1993,66822.32025
1994,31330.286
1995,274.572737625
1996,81.11282233333334
1997,114825.56781075001
1998,505.6557475
1999,0.0
2000,7438357.75
2001,32.539955666666664
2002,12547.606
2003,359585.7925
2004,18871.153249999996
2005,83548.30249999999
2006,27.33094275
2007,425.71255249999996
2008,665965.395
2009,6.515590025000001
2010,71899.00325
2011,0.0
2012,444267.86950000003
2013,36028.82525
2014,18248.213125
2015,0.0
2016,149.22333533333332
2017,6856.004375
2018,1143447.365
2019,268451.73875
2020,2214009.1750000003
2021,963271.7625
2022,1583.0942
2023,39748.55133333334
2024,11.183290566666665
2025,5466905.125
2026,249.651895
2027,126.05065400000001
2028,292090.28124999994
2029,0.0
2030,7.080974333333333
2031,764877.015
2032,5407.585349999999
2033,1351294.75
2034,53811.008
2035,0.0
2036,15209.952767375004
2037,1058.1371875
2038,66213.53933333332
2039,14264.94435
2040,12270065.925
2041,34624.288060000006
2042,244399.9633333333
2043,101625.88666666666
2044,3358140.375
2045,3248665.25
2046,63389.5285
2047,511382.76
2048,20205.38725
2049,2005881.8875
2050,8528.294624999999
2051,1.5431116249999999
2052,27.289306499999995
2053,92907.36925
2054,0.0
2055,346496.24124999996
2056,118481.64
2057,1834800.9333333329
2058,45.15671
2059,0.0
2060,146430.67275
2061,38297.795666666665
2062,0.0
2063,2500.57185
2064,0.0
2065,4887.3827
2066,49121.92032499999
2067,0.0
2068,0.0
2069,0.0
2070,9154224.625
2071,139560.553
2072,240793.3566666667
2073,11992.283125
2074,6305.33845
2075,6880309.525
2076,12882.087175
2077,253597.58250000002
2078,3349.615375
2079,140734.6325
2080,13731.881
2081,1.545353925
2082,0.0
2083,14623.557
2084,219554.54124999998
2085,58357.14975
2086,10818.2844
2087,389.598005
2088,226204.4725
2089,293453.23
2090,0.0
2091,45025.999214999996
2092,54102.259999999995
2093,65.961855
2094,324.028305
2095,374821.81000000006
2096,710.623445
2097,0.0
2098,0.0
2099,1044481.15
2100,1383682.6
2101,26.62953675
2102,0.0
2103,0.0
2104,643981.72
2105,27185.392125
2106,231175.96000000002
2107,73758.062625
2108,0.0
2109,3862.0686666666666
2110,1066916.925
2111,0.0
2112,213311.49
2113,0.0
2114,2128.3376
2115,0.0
2116,490.716165
2117,142810.13874999998
2118,20467.511250000003
2119,0.0
2120,2253.5064799999996
2121,1032.9507
2122,31498.471249999995
2123,33380.25075
2124,69877.751
2125,472934.01875
2126,25023.56775
2127,18209455.75
2128,0.0
2129,221845.608
2130,3191748.8333333335
2131,114.5910525
2132,425768.98
2133,2889.5496249999997
2134,371742.68500000006
2135,294303.3825
2136,3270665.0825000005
2137,0.0
2138,54750000.0
2139,2465.80645
2140,2508.3960666666667
2141,4095563.775
2142,19577.51775
2143,210258.74875000003
2144,2399.8528
2145,69300.671
2146,8613.892
2147,0.0
2148,8198.230599999999
2149,761288.0875000001
2150,285.13998999999995
2151,37476.86475
2152,249374.21250000002
2153,553.9439233333334
2154,0.0
2155,1213.4935600000001
2156,443.8076375
2157,0.0
2158,0.0
2159,0.0
2160,22209942.5
2161,0.0
2162,0.0
2163,0.0
2164,456952.4625
2165,231.6890675
2166,53263.280249999996
2167,226686.23249999998
2168,0.0
2169,12.876465333333334
2170,862042.3675
2171,87846.633
2172,22767909.875
2173,289.91033500000003
2174,196393.9425
2175,382802.51999999996
2176,0.0
2177,0.0
2178,48979.468499999995
2179,0.0
2180,133078.686
2181,195.59945666666667
2182,16706.3621
2183,416044.0925
2184,23230.81275
2185,2.5437645499999997
2186,36620.2405
2187,188963.30399999997
2188,0.0
2189,37833.33575
2190,9397862.625
2191,5864.48005
2192,1629517.1599999997
2193,93549.31175000001
2194,682546.5249999999
2195,0.0
2196,2472403.1625
2197,3698126.375
2198,43579.37350000001
2199,0.0
2200,193.0474433333333
2201,42640.2796
2202,0.0
2203,81024.28233333334
2204,228807.595
2205,3566753.325
2206,130065.2195
2207,295463.3525
2208,89104.42099999999
2209,5515.147675
2210,125.24573933333335
2211,4498888.5
2212,106658.9168
2213,19.695754500000003
2214,30371.82755
2215,178648.6775
2216,86466.33815
2217,155126.74625
2218,51750000.0
2219,19265.312275000004
2220,8373.355
2221,317.0645925
2222,385318.43000000005
2223,1101382.5999999999
2224,1192696.7
2225,80831.40000000001
2226,12528.25875
2227,8267.852225
2228,27339.15225
2229,0.0
2230,202747.7815
2231,152970.2375
2232,84069.79375
2233,1.5443143
2234,1231366.375
2235,2557.3326125
2236,7704391.149999999
2237,1.5431932750000001
2238,242620.826175
2239,0.0
2240,151983.94875
2241,268232.8625
2242,0.0
2243,10279.6907
2244,76855.673
2245,451.9793725
2246,5.5822773
2247,359637.77
2248,363808.10250000004
2249,1.542957975
2250,195237.49425000002
2251,563.679935
2252,230057.26750000002
2253,82.969727
2254,2538200.2249999996
2255,214199.78999999998
2256,101081.9161
2257,217228.91000000003
2258,1.54390035
2259,266100.445
2260,6570736.75
2261,2050173.335
2262,1895.2271217500002
2263,8576.487925000001
2264,432528.6925
2265,2453005.6
2266,38461.72725
2267,442968.8625
2268,1573.112
2269,0.0
2270,30668.2585
2271,366315.2685
2272,2452449.64
2273,5132.168774999999
2274,37863.63825
2275,730785.2424999999
2276,523304.20000000007
2277,177489.28625
2278,1330228.49
2279,22884.9305
2280,309519.09025
2281,713.2634224999999
2282,10916.230000000001
2283,94454.50115
2284,774754.7433333333
2285,341.89146000000005
2286,802.4557666666666
2287,228214.34100000001
2288,8266494.7
2289,131258.45
2290,56607.244
2291,1652517.9000000001
2292,16.381343166666667
2293,0.0
2294,47673.834
2295,121438.83249999999
2296,1008.55
2297,463.55375250000003
2298,25238.3385
2299,31046.968
2300,0.0
2301,0.0
2302,0.0
2303,0.0
2304,0.0
2305,896296.8300000001
2306,27339.15225
2307,1142.5787
2308,307236.021
2309,7552.8372500000005
2310,2762.72375
2311,726660.675
2312,231557.0525
2313,116.87646333333333
2314,32774.88575
2315,9352.522125
2316,1029.8345
2317,109387.29750000002
2318,4215.292525
2319,765233.5750000001
2320,4694.672500000001
2321,0.0
2322,0.0
2323,0.0
2324,985335.1974999999
2325,217974.80883750002
2326,1806.287875
2327,0.0
2328,6241.5623000000005
2329,72444.86475000001
2330,0.0
2331,1.8779351000000002
2332,6357.239950000001
2333,371.957654
2334,276835.8625
2335,0.0
2336,1427739.7666666666
2337,27011.536125000002
2338,66500000.0
2339,13931.238500000001
2340,374521.0575
2341,13412.688600000001
2342,144.8922965
2343,0.0
2344,5283.786270525001
2345,4887.3827
2346,1075787.1600000001
2347,4035632.8000000003
2348,34559.536
2349,102835.50342499999
2350,767.35929
2351,250445.73500000002
2352,414.28854744999995
2353,10981.627
2354,292354.4325
2355,2093.661975
2356,46047.22025
2357,0.0
2358,0.0
2359,251.7544775
2360,166726.1025
2361,17115329.625
2362,2052.6312999999996
2363,213771.75400000002
2364,0.0
2365,2.0990308
2366,4096427.4875
2367,82335.24149999999
2368,955763.0
2369,2154.4885249999998
2370,1457.7942150000001
2371,72499.84175
2372,1358900.5
2373,136236.918
2374,5218.39335
2375,61370.39333333333
2376,210777.04799999998
2377,0.0
2378,0.0
2379,87904.75400000002
2380,2.0473973
2381,769.5577250000001
2382,653.374762
2383,0.0
2384,80413.687
2385,1857.3132249999999
2386,5375357.166666667
2387,11131853.625
2388,0.0
2389,6036.15075
2390,12.876465333333334
2391,213311.49
2392,1.5437842499999999
2393,53412.954999999994
2394,537150.06
2395,3973426.475
2396,21547.1835
2397,63844.74375
2398,270.34656
2399,568.4830275
2400,311855.18025000003
2401,324188.904
2402,29121.22835
2403,605868.2350000001
2404,85.45874662500002
2405,507321.26249999995
2406,524.435505
2407,6509.9798
2408,4110.346666666667
2409,394791.0325
2410,0.0
2411,172.66742233333335
2412,14921.201825
2413,1941876.0350000001
2414,44185.238
2415,18828.6705
2416,6190882.6175
2417,855470.3474999999
2418,34.35482999999999
2419,599.1026907500001
2420,61073.774000000005
2421,56822.06
2422,88480.05099999999
2423,12185.682574999999
2424,247909.6125
2425,29147.11425
2426,2960916.525
2427,589160.555
2428,6569680.625
2429,9016.797666666667
2430,269608.531
2431,1561635.3650000002
2432,12899.858649999998
2433,68694.3395
2434,13812.9619
2435,406.50513
2436,20.3184355
2437,183050.1855
2438,5869730.75
2439,0.0
2440,96.56677000000002
2441,2588151.875
2442,21582.78066666667
2443,7689.8164
2444,601.1314050000001
2445,0.0
2446,0.0
2447,0.0
2448,0.0
2449,0.0
2450,253574.93225
2451,46469.698875
2452,6214224.7
2453,15661.265000000001
2454,488596.11875
2455,572465.77
2456,30562.205249999995
2457,621991.1475000001
2458,6996.557375
2459,135787.07333333333
2460,48.271996333333334
2461,1.5430668
2462,28293.768
2463,0.0
2464,83835.19
2465,26602.767999999996
2466,109387.29750000002
2467,7922.979525
2468,791293.4450000001
2469,543.17678585
2470,46138.78175
2471,2121566.4375
2472,0.0
2473,2.0208487
2474,213311.49
2475,0.0
2476,85821.93050000002
2477,6753.21155
2478,3719.751675
2479,0.0
2480,0.0
2481,2878.7001250000003
2482,460.87103225
2483,0.0
2484,0.0
2485,13157.634875
2486,199482.0365
2487,206585.845
2488,345035.4125
2489,10563.118475
2490,19565401.625
2491,0.0
2492,99491.66075
2493,235540.825
2494,22669.59825
2495,2030083.15
2496,26149.29425
2497,1189.8273175
2498,35541.99575
2499,23775000.0
2500,4189.672375
2501,1420.26949525
2502,2608.654
2503,0.0
2504,25772.343
2505,66738.2915
2506,718.1804075
2507,5540.5163
2508,3362315.015
2509,1553911.7999999998
2510,207.001425
2511,55137.587
2512,197968.915
2513,242754.34350000002
2514,0.0
2515,371.05101750000006
2516,1676.749600875
2517,30.446724000000003
2518,816065.4675
2519,0.0
2520,36231.94675
2521,3433464.8125
2522,48818.04749999999
2523,647.7263399999999
2524,0.0
2525,24625.350749999998
2526,54799.857
2527,1244947.75
2528,4344.9949750000005
2529,257679.8375
2530,476671.32250000007
2531,33349.87825
2532,8284.712
2533,416.1734725
2534,110687.51999999999
2535,5513200.55
2536,58.604104
2537,0.0
2538,5144520.7
2539,1911.431225
2540,3967.9125
2541,2928.3238000000006
2542,222929.7675
2543,156.566717
2544,6640203.6
2545,0.0
2546,51632.21199999999
2547,395666.66174999997
2548,577910.8175
2549,0.0
2550,11127.8512
2551,160206.3615
2552,969.0260625
2553,199241.1925
2554,349037.365
2555,1896335.5799999998
2556,0.0
2557,1700151.885
2558,139197.1525
2559,1850906.2400000002
2560,361.1562175
2561,1.54160905
2562,7380583.45
2563,1.9761711333333334
2564,7.97321525
2565,3697213.1
2566,8197.823925
2567,74419.131
2568,1.543112575
2569,6560302.7
2570,98884.98150000001
2571,48700.656749999995
2572,3030573.86
2573,2681.270675
2574,8936420.925
2575,232.98616875
2576,0.0
2577,9304.073425
2578,1575269.7650000001
2579,0.0
2580,9.356081875000001
2581,144076.9325
2582,419.3201575
2583,3127728.175
2584,0.0
2585,12618983.8
2586,517.382585
2587,8811546.1
2588,826.2840825000001
2589,1064.246775
2590,62651.52
2591,24716.384000000002
2592,4321.71365
2593,5499304.375
2594,1692.7930124999998
2595,185458.61250000002
2596,278504.91750000004
2597,11992.283125
2598,0.0
2599,0.0
2600,17040.20715
2601,2718.9284
2602,193013.7565
2603,114512.78875
2604,0.0
2605,8530.9034
2606,66911.0425
2607,82.47041
2608,10298639.575
2609,0.0
2610,111057.055
2611,0.0
2612,78.812762
2613,0.0
2614,285216.94
2615,2.41479065
2616,0.0
2617,33882.8325
2618,34266.123875000005
2619,1.6841447
2620,3282.937938866667
2621,151377.1133333333
2622,0.0
2623,703.19828
2624,46376.402
2625,1183.6389
2626,7495.59605
2627,109387.29750000002
2628,653.13214
2629,1003.1561266666668
2630,95.11292775
2631,13757.095850000002
2632,4283.81562125
2633,458.35198975000003
2634,4093577.4250000003
2635,6246.0612249999995
2636,1003.1561266666668
2637,194.6913375
2638,0.0
2639,1064.2467824999999
2640,2518038.925
2641,157924.0415
2642,84765.31375
2643,12360.6060125
2644,0.0
2645,1330162.415
2646,0.0
2647,204236.48
2648,85.177255
2649,1264269.7249999999
2650,0.0
2651,7025.560833333333
2652,227.48235
2653,15013.82975
2654,38350.8015
2655,1183.6389
2656,0.0
2657,1.5430918
2658,27851.975250000003
2659,303.15232333333336
2660,680941.6
2661,12055.952125
2662,7562.634725000001
2663,0.0
2664,0.0
2665,0.0
2666,261.2455375
2667,596868.5775
2668,43.421262250000005
2669,0.0
2670,33064.745749999995
2671,4072.0626250000005
2672,2869046.055
2673,0.0
2674,0.0
2675,129828.3965
2676,477.26130750000004
2677,4.98413595
2678,215.16171824999998
2679,5973.182351500001
2680,81360.656175
2681,0.0
2682,53085.82675
2683,18708.694000000003
2684,1872.9432749999999
2685,135971.66
2686,8606957.125
2687,80477.75125
2688,0.0
2689,4501.2619
2690,0.0
2691,0.0
2692,0.0
2693,49461.48400000001
2694,2289.41565
2695,2563.8617375
2696,400580.17499999993
2697,2430.546866666667
2698,2185240.3625
2699,135971.66
2700,46213.925500000005
2701,1196.3984625
2702,63153.47025
2703,810165.685
2704,3332.4542500000002
2705,0.0
2706,54526268.25
2707,0.0
2708,0.0
2709,18830.564250000003
2710,159148.305
2711,0.0
2712,181162.32249999998
2713,2775629.675
2714,213311.49
2715,49.927896325
2716,559553.75
2717,340326.766
2718,103566.97050000001
2719,39056.39224
2720,22945.989100000003
2721,15283.713925
2722,70465.5465
2723,896825.5299999999
2724,854011.62
2725,543099.7
2726,2179616.915
2727,1.5430813250000002
2728,4121673.3
2729,26796.97825
2730,81310.04375
2731,2897155.3249999997
2732,0.0
2733,0.0
2734,11074.019625
2735,2135284.71
2736,14544315.0
2737,18708.694000000003
2738,760.9904
2739,111921.08224999999
2740,2344555.025
2741,23363.699249999998
2742,27465.436250000002
2743,62350.216
2744,46908.782250000004
2745,5105907.075
2746,22092208.0
2747,116902.67425
2748,2144778.725
2749,0.0
2750,5.22660965
2751,0.0
2752,1447.5459575
2753,0.0
2754,0.0
2755,599.56335
2756,60.10219575000001
2757,1.5428950499999998
2758,13931.238500000001
2759,159280.12775
2760,250.95257875000001
2761,117497.17375000002
2762,0.0
2763,391079.56
2764,383268.1825
2765,1701.1991212500002
2766,200890.1715
2767,479.58573250000006
2768,80863.3555
2769,1.622267525
2770,0.0
2771,8790845.55
2772,5137.12605
2773,0.0
2774,2887.16252
2775,3.5986393999999997
2776,0.0
2777,359.7002325
2778,1.54312515
2779,232877.59
2780,351444.885
2781,46138.78175
2782,219891.3615
2783,182.8072475
2784,1.5430588
2785,18789.47625
2786,1601846.8499999999
2787,0.0
2788,34011.136249999996
2789,51875.757000000005
2790,6415.806500000001
2791,1372250.2750000001
2792,2692.7211219500005
2793,16214.510250000001
2794,49815.832500000004
2795,516.874325
2796,0.0
2797,4344.994775
2798,2821.4625875
2799,669214.57
2800,36.744929
2801,24498.7615
2802,310924.485
2803,172052.11
2804,217.73781
2805,2930.64855
2806,4945.974666666666
2807,359304.6475
2808,732600.2525000001
2809,2310800.815
2810,214921.80999999997
2811,129964.33875000001
2812,777589.3600000001
2813,502556.96499999997
2814,2913576.375
2815,16.51052075
2816,0.0
2817,192.1708635
2818,822320.2150000001
2819,60.05509815
2820,7188.607425
2821,1373917.85
2822,205586.7125
2823,122724.52725
2824,0.0
2825,100729.55225000001
2826,0.0
2827,3540.88555
2828,51523.401
2829,41.7072595
2830,0.0
2831,607563.94
2832,912.785115
2833,0.0
2834,35786.77875
2835,32161.958749999998
2836,754544.225
2837,188636.7
2838,4344.994775
2839,34869.16423625
2840,1.8818776499999998
2841,469315.73
2842,53.77216
2843,11949.6636
2844,11992.283125
2845,7692.761975
2846,87145.74399999999
2847,41.706289
2848,296621.151
2849,121163.3525
2850,7608.344975
2851,1361695.1249999998
2852,0.0
2853,251095.61250000002
2854,7700.390517500001
2855,11992.283125
2856,7696.22365
2857,108298.82
2858,0.0
2859,3749946.5
2860,0.0
2861,5450.6228249999995
2862,6660.52375
2863,139430.9625
2864,327513.31000000006
2865,3002.6900749999995
2866,55411.112
2867,0.0
2868,274693.55
2869,61104.49349999999
2870,1182183.26
2871,2220638.7525
2872,407395.4575
2873,1.8392039999999998
2874,0.0
2875,1003.1561266666668
2876,2.745963
2877,78164.06824999998
2878,12754.781150000003
2879,4316.338475
2880,20652.70825
2881,0.0
2882,3754960.7
2883,98333.868075
2884,59907.9865
2885,165581.93
2886,0.0
2887,0.0
2888,2217373.875
2889,9319.027675
2890,0.0
2891,5358.1759999999995
2892,5116705.95
2893,0.0
2894,97.68102475
2895,46138.78175
2896,596614.947
2897,16329.297499999999
2898,0.0
2899,476911.185
2900,0.0
2901,5876.90895
2902,48852.890250000004
2903,2305.50821
2904,4443.01545
2905,0.0
2906,208278.88624999998
2907,45325.539
2908,17563492.5
2909,1864817.1249999998
2910,4019.037
2911,2500.57185
2912,366267.99350000004
2913,6201.775025
2914,46138.78175
2915,1937099.2550000001
2916,13338.923250000002
2917,52.37350533333333
2918,136.6827675
2919,440251.75750000007
2920,194550.6305
2921,508570.4625
2922,80.5998865
2923,17375.592
2924,0.0
2925,10.9267505
2926,182246.59074999997
2927,0.0
2928,2285.6527149999997
2929,221656.225
2930,25848.012925
2931,65145.624377500004
2932,55264.5905
2933,46724.551250000004
2934,2587207.275
2935,4344.994775
2936,3719.751675
2937,0.0
2938,941590.515
2939,33.851389000000005
2940,159.423121
2941,6225.0213
2942,85347.69575000001
2943,1423840.97
2944,2670131.26
2945,7714.247325
2946,119739.0775
2947,29998.254650000003
2948,110445.5125
2949,182.63149099999998
2950,16992.58565
2951,133.787277
2952,431.734995
2953,169602.745
2954,13203.0965
2955,0.0
2956,106.80435824999999
2957,2629.4658999999997
2958,34497.1143
2959,10031.204
2960,1.542343325
2961,11367.26425
2962,1439185.08
2963,34.35482999999999
2964,60080.825000000004
2965,11160.067625
2966,61.818384249999994
2967,193553.4125
2968,4447.91765
2969,9319.027675
2970,786929.7424999999
2971,541207.67
2972,87177.09525000001
2973,499.68052624999996
2974,2500.57185
2975,25788.410075
2976,0.0
2977,59645.6765
2978,129026.43775
2979,19156.728
2980,67833.1845
2981,53700.83733333334
2982,0.0
2983,0.0
2984,0.0
2985,12.742811
2986,88.90703333333333
2987,18907.212499999998
2988,2.1124853
2989,46340.13975
2990,164875.67
2991,1812220.6625
2992,3719.751675
2993,300.512694
2994,55463.280999999995
2995,486.378465
2996,0.0
2997,2447253.2375
2998,1069.831285
2999,183675.02999999997
3000,0.0
3001,431753.6875
3002,0.0
3003,29138.75
3004,501876.4425
3005,142657.451
3006,9319.027675
3007,112298.6145
3008,73809.43025
3009,9375547.5625
3010,348792.525
3011,538980.59
3012,21260.33975
3013,723826.375
3014,4019.037
3015,109387.29750000002
3016,22122.070000000003
3017,489.3236875
3018,4084639.225
3019,155914.28375
3020,30018.386749999998
3021,2821.4625875
3022,46138.78175
3023,1.5415589749999998
3024,445.68157
3025,0.0
3026,1914902.0850000002
3027,0.0
3028,2116.966835
3029,87145.74399999999
3030,5251.840625
3031,1.5425173499999998
3032,66335.84700000001
3033,498068.09124999994
3034,98.78558375
3035,279648.8575
3036,58049.69233333333
3037,11233.662725000002
3038,458.4226725
3039,6808.514233333332
3040,19.630144275
3041,900.2794
3042,0.0
3043,196.17163825
3044,36675.399
3045,368.9854175
3046,0.0
3047,2870.55634
3048,4887.3827
3049,422.89493749999997
3050,0.0
3051,260493.9375
3052,213311.49
3053,100.979151375
3054,12185.682574999999
3055,33325000.0
3056,161017.89750000002
3057,52182.839
3058,135.11921999999998
3059,86.71750099999998
3060,164927.91249999998
3061,46138.78175
3062,9006.754724999999
3063,213311.49
3064,261551.805
3065,4344.994775
3066,2606.349825
3067,12393.04535
3068,1079807.56
3069,0.0
3070,88999.56575
3071,32919.717000000004
3072,136.646001
3073,286763.5975
3074,164284.64
3075,9540.213215
3076,113620.383
3077,3947.0014250000004
3078,305975.475
3079,6511.099
3080,650488.575
3081,8923.3513
3082,4003849.125
3083,0.0
3084,402.10855250000003
3085,3286448.3249999997
3086,10.372241650000001
3087,634123.2125
3088,21580.111
3089,81243.125
3090,26169.07735
3091,1029383.3250000001
3092,0.0
3093,2724684.5
3094,20119.446
3095,0.0
3096,0.0
3097,0.0
3098,78283.79066666665
3099,92491.6415
3100,3.147288066666667
3101,72732.06175000001
3102,1.5404065
3103,101818.144
3104,7723.0074
3105,660269.0375
3106,311456.96499999997
3107,3101.0074750000003
3108,3434.564025
3109,0.0
3110,52.37350899999999
3111,96812.80799999999
3112,7044.423425
3113,245.09595325
3114,2.12718265
3115,81330.1815
3116,128414.85800000001
3117,841848.7666666667
3118,156.98560175
3119,109387.29750000002
3120,0.0
3121,8.12377755
3122,15149.608400000001
3123,2161.5683599999998
3124,0.0
3125,156796.08750000002
3126,0.0
3127,0.0
3128,2910100.225
3129,56033.04225
3130,39748.123
3131,46931.45925
3132,1291128.65
3133,0.0
3134,0.0
3135,400213.11
3136,625.8512925
3137,15961.7175
3138,1.95586355
3139,15.964246999999997
3140,40462.63425
3141,947155.0974999999
3142,34597.60275
3143,252936.84749999997
3144,1895862.835
3145,39.93394525
3146,109387.29750000002
3147,126886.635
3148,137539.92575
3149,2571.1747824999998
3150,0.0
3151,102.08308249999999
3152,18320.88075
3153,5541.994299999999
3154,486.3784875
3155,58179.1085
3156,579529.7475
3157,1.6000441250000002
3158,75165.9305
3159,0.0
3160,51686.97175
3161,3.7301319
3162,41.70736875
3163,0.0
3164,286979.2625
3165,14.6772845
3166,60280.2445
3167,0.0
3168,409.76743700000003
3169,97475.18325
3170,2.7825375
3171,147.275375
3172,170939.15625000003
3173,1195.8848950000001
3174,728.8068225000001
3175,1957660.675
3176,34943.91975
3177,133.6363175
3178,6791.008853824999
3179,415037.6725
3180,0.0
3181,33160.96060875
3182,164550.7035
3183,19.926114000000002
3184,130262.26999999999
3185,249520.52999999997
3186,49552.245749999995
3187,0.0
3188,13954355.75
3189,21416.78
3190,0.0
3191,18789.4755
3192,1946368.875
3193,1226631.21
3194,2696.23238
3195,525431.895
3196,928472.815
3197,4918.7554825
3198,1.7334914750000001
3199,641661.7275
3200,5009.5894
3201,28347.35741
3202,0.0
3203,3967.9125
3204,4851.1547
3205,79023.61825
3206,88937.03675
3207,15717749.875
3208,535051.7749999999
3209,67938.97875
3210,1.542908975
3211,53298.94625
3212,134066.97749999998
3213,256020.059
3214,77963.2175
3215,542167.8625
3216,1064969.53125
3217,36725.435
3218,0.0
3219,0.0
3220,109387.29750000002
3221,754301.4850000001
3222,1049.782465
3223,1533601.1325
3224,269447.53175
3225,883807.4849999999
3226,53781.8425
3227,20980.38375
3228,0.0
3229,6661.2534
3230,14.0537733
3231,19636.6489
3232,7760.6846000000005
3233,32125.5535
3234,998393.5049999999
3235,54914.85249999999
3236,411780.07499999995
3237,0.0
3238,1839310.575
3239,194.65655666666666
3240,2809.6793854750003
3241,605881.3333333334
3242,13140.78915
3243,127215.4425
3244,16.5579662
3245,17913.6875
3246,0.0
3247,21.055474000000004
3248,0.0
3249,18048.643825000003
3250,2373085.15
3251,74.43360725000001
3252,3520.8580250000005
3253,5827719.95
3254,606672.6235
3255,0.0
3256,6820.9643
3257,3439.9620831500006
3258,9034.54275
3259,156121.47100000002
3260,147126.62825
3261,0.0
3262,11791.217499999999
3263,0.0
3264,12252.846325
3265,59.68922966666667
3266,0.0
3267,43808.4647
3268,69.701713
3269,1729.55925
3270,3.4573047249999997
3271,0.0
3272,11613500.125
3273,21153.13675
3274,5968.8119799999995
3275,0.0
3276,32225000.0
3277,391.6431675
3278,777527.86
3279,241359.04499999998
3280,1226.6238333333333
3281,1584554.835
3282,624684.0349999999
3283,0.0
3284,91245.19875
3285,23739247.5
3286,280829.332
3287,1.5445487
3288,0.0
3289,3538083.6
3290,4352917.575
3291,107.2432025
3292,77.10550325000001
3293,24556.87025
3294,0.0
3295,4845.40315
3296,2.8588036999999997
3297,147.3611625
3298,46138.782250000004
3299,947243.5075000001
3300,10153.0181
3301,21192.109374999996
3302,0.0
3303,359442.875
3304,151156.84999999998
3305,38834.90350000001
3306,34597.60275
3307,3998.7120999999997
3308,242904.45750000002
3309,16674.514499999997
3310,229.4258665
3311,224.995196
3312,0.0
3313,2660.2801500000005
3314,55972.9435
3315,3107243.625
3316,437843.021
3317,25482.464
3318,613.1721925
3319,6953.5906
3320,1988.65025
3321,0.0
3322,1112064.25
3323,35786.77875
3324,839998.9
3325,33467.53925
3326,1.5421711666666669
3327,858166.435
3328,1.803221475
3329,5766.051724999999
3330,23974.225
3331,8932.06825
3332,8608.147225
3333,1071956.865
3334,9.279631024999999
3335,164708.605
3336,104830.94
3337,118917.08
3338,0.0
3339,6128.40435
3340,4344.994775
3341,0.0
3342,3010.2863075
3343,1.542814575
3344,0.0
3345,1.7708211999999999
3346,0.0
3347,35833333.333333336
3348,14544.823
3349,1050052.3199999998
3350,726441.6375
3351,118989.72450000001
3352,13584.675175
3353,0.0
3354,124639.93375000001
3355,1364797.725
3356,118334.99925000001
3357,3200.00565
3358,87145.74399999999
3359,46936.1105
3360,106543.80550000002
3361,1326811.0150000001
3362,897712.7999999999
3363,1154911.77
3364,235673.45333333334
3365,6273.2964
3366,46138.782250000004
3367,710154.3049999999
3368,592.691091075
3369,5791.189533333333
3370,2126721.3875
3371,16363.674675
3372,4344.994775
3373,7735541.775
3374,76815.47875
3375,2264539.1
3376,17051.525
3377,0.0
3378,1275.34568
3379,644815.9125
3380,1.54257815
3381,106065.306
3382,5816.596925
3383,0.0
3384,439304.25333333324
3385,30931.37325
3386,169024.5125
3387,156.89244399999998
3388,248262.42124999996
3389,7531106.375
3390,6201.775025
3391,19343.352
3392,0.0
3393,141552.4925
3394,1278826.7449999999
3395,172788.03375
3396,2.0274045999999997
3397,1.5430403000000001
3398,48527.47125
3399,483696.59
3400,281129.27675
3401,481323.355
3402,141030.73075
3403,3006.161782425
3404,991327.685
3405,207.96037
3406,6880.084325
3407,0.0
3408,1209191.4125
3409,40474.460125000005
3410,52007.60399999999
3411,87094.74050000001
3412,2445.34
3413,0.0
3414,289.91033500000003
3415,2030314.2149999999
3416,2601.5791212500003
3417,6277187.75
3418,3311.27205
3419,176.01527095
3420,285471.67515
3421,206952.40333333332
3422,158396.97999999998
3423,33933.18466666667
3424,0.0
3425,128390.2015
3426,4205833.125
3427,0.0
3428,33.107164999999995
3429,0.0
3430,0.0
3431,92746.8775
3432,84724.9935
3433,5537.28475
3434,1934249.1475
3435,0.0
3436,29484.873999999996
3437,14668.805
3438,36789.3016075
3439,32161.958749999998
3440,420475.3825
3441,1367.84941
3442,0.0
3443,598.7425949999999
3444,0.0
3445,58646.7295
3446,0.0
3447,241727.525
3448,216954.98
3449,1094629.8666666667
3450,357121.1875
3451,1.5425292250000002
3452,2763.506725
3453,564400.3066666668
3454,1840.7236999999998
3455,46138.782250000004
3456,7607.923975
3457,73103.88827250001
3458,64353.4355
3459,133413.38825
3460,1028803.8150000001
3461,1.54292455
3462,0.0
3463,91632.46250000001
3464,808.6307666666667
3465,0.0
3466,163228.68
3467,39.2177085
3468,385060.295
3469,382.15104333333335
3470,5244.129649999999
3471,63217.772
3472,18048.114999999998
3473,1825.0610000000001
3474,257452.51
3475,221528.365
3476,1.5430941999999999
3477,570375.495
3478,4700.291833333334
3479,0.0
3480,1993.7905500000002
3481,39.308434999999996
3482,38247.0132
3483,0.0
3484,103.549999
3485,1713.2776999999999
3486,166415.415
3487,12370.375333333335
3488,132601.45500000002
3489,96.378204
3490,5785359.8
3491,665735.3150000001
3492,1404856.3275
3493,450623.83499999996
3494,1143473.65
3495,1183.9071225000002
3496,877430.2325
3497,2637036.95
3498,833788.5975
3499,322451.51
3500,18789.47725
3501,20.953857749999997
3502,114218.34675
3503,2435.4701625000002
3504,2582991.0125
3505,173858.642
3506,35275.63775
3507,3153.7801499999996
3508,27157.841
3509,1691750.9024999999
3510,1990.9841875
3511,208334.975
3512,1809414.8499999999
3513,752.1055475
3514,2050848.0199999998
3515,25.91535025
3516,16107.516200000002
3517,633455.2224999999
3518,2868749.575
3519,0.0
3520,2500.57185
3521,64361.6435
3522,376879.8225
3523,0.0
3524,1.8292051000000003
3525,75244.623513425
3526,339.774395
3527,4918.03315
3528,169.0768175
3529,9077.7336275
3530,118513.47849999998
3531,266295.17325
3532,1587.862925
3533,0.0
3534,154716.802
3535,3131.7770499999997
3536,6016.0625
3537,46138.782250000004
3538,701.5386574999999
3539,315525.5865
3540,1072931.1275
3541,1.5414343
3542,4482.506475
3543,87145.74399999999
3544,854.5012925
3545,104906.72125
3546,935.5164500000001
3547,7107.504425
3548,287446.74
3549,0.0
3550,21242.79875
3551,4433.8276000000005
3552,21758.93725
3553,1294984.37
3554,124310.633
3555,44799.3246785
3556,65034.632
3557,1728.496725
3558,67047.54675000001
3559,483345.175
3560,451900.875
3561,0.0
3562,345104.81
3563,267418.62
3564,834785.8875000001
3565,249410.256
3566,0.0
3567,0.0
3568,0.0
3569,17638.903674999998
3570,133352.9375
3571,2706358.2
3572,446452.8
3573,22358.9094
3574,421.9327325
3575,20836.074750000003
3576,215872.04099999997
3577,64850000.0
3578,632808.8075
3579,60553.569425
3580,3880.9304500000003
3581,6560.725349999999
3582,0.0
3583,14.9377535
3584,5948.62775
3585,1920105.4425
3586,0.0
3587,127.12590474999999
3588,0.0
3589,0.0
3590,0.0
3591,11992.283125
3592,0.0
3593,48071.023499999996
3594,0.0
3595,31630.54725
3596,423484.7
3597,10672.204375000001
3598,0.0
3599,67.06729925
3600,643923.6675000001
3601,25831.357514999996
3602,336755.19625000004
3603,307412.3575
3604,953.2412
3605,129.79537277500003
3606,69652.979225
3607,72261.6155
3608,4816.8237175
3609,9025.206425
3610,3778.9675749999997
3611,1.7337446749999998
3612,2669.1739500000003
3613,3048068.15
3614,3941.3984500000006
3615,791106.0599999999
3616,849690.1699999999
3617,7343.486425
3618,1790029.405
3619,7164.992475
3620,115882.635
3621,230708.085
3622,0.0
3623,2331.31591
3624,2106655.55
3625,4479494.933333334
3626,2181.486675
3627,0.0
3628,3089.214625
3629,153.58061
3630,27495.731
3631,109387.29750000002
3632,5783.094519675
3633,9580010.0
3634,0.0
3635,770.8399775
3636,30586.32875
3637,497438.6275
3638,0.0
3639,0.0
3640,0.0
3641,0.0
3642,1540609.3833333335
3643,0.0
3644,0.0
3645,16166.233675000001
3646,85.9816855
3647,15702.247675000002
3648,2744.552
3649,19095.69275
3650,276545.13025
3651,456.7426975
3652,55280.622500000005
3653,30676.4395
3654,229225.32000000004
3655,292030.18999999994
3656,13462.8055
3657,16.128334
3658,0.0
3659,2353.0397
3660,8321194.5
3661,5684.387975
3662,968.6571150000001
3663,226119.9
3664,76.36448625
3665,13720.295
3666,0.0
3667,27034.83675
3668,77619.7915
3669,34597.60275
3670,0.0
3671,9079832.45
3672,10892.3366
3673,48075000.0
3674,148505.73349999997
3675,8964.892950000001
3676,98544.7525
3677,1638407.2349999999
3678,90931.44933333334
3679,978.5238335
3680,0.0
3681,6924418.275
3682,1631282.8324999998
3683,44.141577000000005
3684,61893.539000000004
3685,78671.992
3686,2670717.8249999997
3687,46138.782250000004
3688,287221.2075
3689,290.98338
3690,17063.416924999998
3691,0.0
3692,30.01318075
3693,1.6645215249999998
3694,15490.084499999999
3695,1359.5170999999998
3696,1363.097065
3697,122334.226
3698,15.4912025
3699,675101.205
3700,0.0
3701,12573.98775
3702,11992.283125
3703,0.0
3704,900.2794
3705,0.0
3706,4320.1732
3707,96531.068075
3708,4318060.375
3709,1216328.13
3710,1.543075575
3711,1.543079225
3712,95.08216166666666
3713,13338.923250000002
3714,48.510693999999994
3715,121498.7
3716,9319.027675
3717,248020.55
3718,13423.75761375
3719,43350000.0
3720,3210361.375
3721,29575000.0
3722,0.0
3723,2658.1233
3724,161974.77000000002
3725,11992.283125
3726,2962885.0965
3727,5562634.525
3728,10264.27125
3729,218.6342425
3730,80969.3435
3731,190.90153899999999
3732,697887.6699999999
3733,4619073.86
3734,4093.829275
3735,458478.5325
3736,292982.42
3737,8158.04145
3738,0.0
3739,16.3479475
3740,0.0
3741,4694.672525
3742,1393279.01
3743,58565.969114
3744,425848.98675
3745,15211.1445
3746,0.0
3747,38606.894
3748,18691.618175
3749,150293.89675
3750,141461.95425
3751,132586.1115
3752,191894.084
3753,145.02991419999998
3754,167.01171924999997
3755,24497.111249999998
3756,1076713.0575
3757,27518.525749999997
3758,8890.902675000001
3759,137972.7225
3760,21999.686
3761,498.6163733333333
3762,1016407.44
3763,46138.782250000004
3764,565690.12
3765,1278.309765
3766,224.6625825
3767,459138.1075
3768,5920.266525
3769,20220.64875
3770,788009.7350000001
3771,0.0
3772,0.0
3773,15.089916725000002
3774,80.0979755
3775,4119.937575
3776,22577.29175
3777,180.88446000000002
3778,3247.9107499999996
3779,2596.6166
3780,72761.42324999999
3781,0.0
3782,58715.65777499999
3783,394.12785374999993
3784,11602.045
3785,35269.910574999994
3786,1694395.56
3787,33.85138833333334
3788,32161.958749999998
3789,603.0519
3790,37003.4214
3791,187703.978
3792,583929.5850000001
3793,21921.14375
3794,498799.72874999995
3795,6909.284366666667
3796,181.0344
3797,12266.133824999999
3798,1925239.2
3799,26260.912
3800,32125.5535
3801,17314.3790575
3802,0.0
3803,852.7391615
3804,35791.643
3805,640673.2174999999
3806,10093586.2
3807,713234.9375
3808,253068.505
3809,142.27142725
3810,20508.206625000003
3811,68452.62825
3812,2310.962375
3813,271260.6685
3814,43407.8415
3815,33.85138933333334
3816,1252745.0999999999
3817,22805.353175
3818,33.61585475
3819,2309358.765
3820,0.0
3821,6676.19975
3822,409592.38
3823,4495.23254
3824,12471.5934
3825,80139.78
3826,612900.5025
3827,32125.5535
3828,979.9789875
3829,204495.7475
3830,1133808.55
3831,97068.62525
3832,109.57745675
3833,35748.0645
3834,286203.53
3835,32161.958749999998
3836,8766.482925
3837,0.0
3838,976502.425
3839,222505.27249999996
3840,17622.620925
3841,0.0
3842,3344.1909
3843,2467.1491333333333
3844,36591.95025
3845,107466.77875
3846,11498.821249999999
3847,13931.238500000001
3848,2553.264675
3849,221109.27750000003
3850,18719.089125
3851,1282006.8
3852,1.543296125
3853,1227247.8675
3854,6178.821274999999
3855,463247.8225
3856,312493.0713333333
3857,1412.37266
3858,46138.782250000004
3859,12047.478624999998
3860,62215.20475
3861,0.0
3862,1906226.81
3863,60235.811125
3864,607000.6475000001
3865,300144.59249999997
3866,1.61201685
3867,25086293.75
3868,48610.642157375
3869,1064.246775
3870,114150.475
3871,160527.3375
3872,11144.9303
3873,9846.3144325
3874,0.0
3875,21658.8785
3876,67984.13625
3877,24602.5095
3878,28764.739500000003
3879,0.0
3880,709903.6299999999
3881,0.0
3882,465.42621
3883,92867.23766666667
3884,2388197.19
3885,908773.4875
3886,20737.12065
3887,191833.7285
3888,480.2721775
3889,664415.2050000001
3890,1806.5773625000002
3891,0.0
3892,147.44845133333334
3893,192.1708585
3894,3381.4167749999997
3895,2331073.0
3896,0.0
3897,0.0
3898,645174.6225
3899,7269779.325
3900,2275.3562625
3901,42019.274999999994
3902,163.49472
3903,927015.4750000001
3904,0.0
3905,53884.25600000001
3906,0.0
3907,0.0
3908,222809.095
3909,72081.0775
3910,0.0
3911,0.0
3912,583164.8925
3913,0.0
3914,0.0
3915,1420239.7999999998
3916,112028.05625
3917,79735.15625
3918,97322.9125
3919,7085494.675
3920,38202.990249999995
3921,3736.1566250000005
3922,4919.881975
3923,533828.75
3924,771486.0375000001
3925,0.0
3926,35154.222
3927,0.0
3928,0.0
3929,29723.35
3930,33985.906
3931,2127.622175
3932,93874.74925
3933,322145.765
3934,313875.04
3935,9.48424425
3936,929.7744650000001
3937,1168294.9525000001
3938,20374.598875
3939,238633.00125000003
3940,0.0
3941,229.4258665
3942,0.0
3943,2740554.1999999997
3944,35211.384
3945,478268.99333333335
3946,104981.37125
3947,405929.40750000003
3948,51375000.0
3949,9799.670624999999
3950,15937.63165
3951,24684763.5
3952,0.0
3953,730.71412175
3954,313693.2
3955,2916.012075
3956,3133612.2
3957,5816.596925
3958,9024.24575
3959,0.0
3960,93911.5425
3961,489335.6375
3962,2413.031685
3963,712158.385
3964,0.0
3965,0.0
3966,26747.57675
3967,4427860.375
3968,2383829.525
3969,171730.0185
3970,15117.555349999999
3971,1211297.74
3972,2531330.7125
3973,25396.60875
3974,830075.54
3975,123226.95925
3976,13184813.0
3977,1331.6656749999997
3978,2529.163075
3979,18995.28475
3980,26210.752500000002
3981,15659.47375
3982,3.1081524249999997
3983,271741.83999999997
3984,322207.5125
3985,45634.19525
3986,0.0
3987,46138.782250000004
3988,979899.885
3989,864642.1275
3990,46138.782250000004
3991,18871055.125
3992,276163.18
3993,1153434.205
3994,568552.0125
3995,1974630.165
3996,0.0
3997,38.45048125
3998,516.56705
3999,234716.53
4000,493.115715
4001,16849.089
4002,42651.081750000005
4003,530454.545
4004,358.28023499999995
4005,17696.577666666668
4006,41089.146104075
4007,7396698.25
4008,5816.596925
4009,8234.66146
4010,0.0
4011,7223.839274999999
4012,600.4367175
4013,1738862.4
4014,0.0
4015,0.0
4016,1.54312665
4017,2.930336125
4018,68.7679
4019,240032.18125000002
4020,32.15988025
4021,54230.846249999995
4022,608037.045
4023,2624.6572499999997
4024,57382.024249999995
4025,1019533.3500000001
4026,1576.7195749999998
4027,387901.41349999997
4028,9.472830475
4029,634.9690800000001
4030,4344.994775
4031,11992.283125
4032,0.0
4033,12670887.75
4034,7781.7274333333335
4035,16947.8941
4036,1267.7104749999999
4037,97542.09125
4038,4614.3348000000005
4039,0.0
4040,46958.92325000001
4041,211645.93125000002
4042,0.0
4043,3310320.825
4044,614388.1325000001
4045,1106.0028666666667
4046,665.0255339999999
4047,53298.94625
4048,3421666.1
4049,606321.6725
4050,1665.9764375
4051,0.0
4052,78552.1815
4053,10287.047225
4054,67050000.0
4055,0.0
4056,651.6859000000001
4057,19264.093249999998
4058,1.54295815
4059,0.0
4060,34433.583
4061,30155.081749999998
4062,103780.23349999999
4063,51668.169
4064,19.488739000000002
4065,20291.9095
4066,0.0
4067,856545.4375
4068,4148461.1750000003
4069,0.0
4070,62563.369249999996
4071,11992.283125
4072,80.21424875
4073,1236.3755999999998
4074,388758.105
4075,192485.9795
4076,182367.525
4077,402.43338250000005
4078,186787.90000000002
4079,1.5420002499999999
4080,275.10941
4081,1.73374445
4082,192525.80849999998
4083,83875.6802
4084,5430.791399999999
4085,129946.359
4086,4556.483624999999
4087,5813.0887
4088,0.0
4089,1064621.125
4090,568244.26
4091,15710.405175
4092,447091.915
4093,151084.125
4094,142587.24975000002
4095,11992.283125
4096,1077336.225
4097,16496.6744
4098,44127.952900000004
4099,253566.32
4100,0.0
4101,40774.3625
4102,649646.5599999999
4103,3447578.35
4104,8088.404525
4105,486.9696275
4106,65489.556150000004
4107,4479556.475000001
4108,40669.556749999996
4109,756.7485
4110,3309.1374499999997
4111,35806.161125
4112,318524.12
4113,9301.378924999999
4114,0.0
4115,96615.834
4116,34021.96325
4117,199822.12600000002
4118,36127.57265
4119,32125.5535
4120,6316.7311
4121,51144.665499999996
4122,53971.91500000001
4123,1629864.75
4124,15822.42465
4125,1233.2472324999999
4126,12.73638875
4127,6415.806500000001
4128,267.77632900000003
4129,0.0
4130,213311.49999999997
4131,20881.714149999996
4132,125639.511
4133,20328.318
4134,12049.9529
4135,0.0
4136,0.0
4137,241055.58000000002
4138,17040.20715
4139,507778.47000000003
4140,358207.2125
4141,653.13214
4142,4624740.649999999
4143,1.541769075
4144,14.2928235
4145,90033.93650000001
4146,5261.01915
4147,1986911.5099999998
4148,4964.390075
4149,11992.283125
4150,353.1869675
4151,818.2491225
4152,2308910.2875
4153,2075205.645
4154,345224.89749999996
4155,2195840.7166000004
4156,173861.13499999998
4157,41691.31
4158,19588.619375000002
4159,0.0
4160,1.5425876
4161,3019712.425
4162,54.00992499999999
4163,18708.694000000003
4164,491.9143785
4165,213311.49
4166,867140.8300000001
4167,0.0
4168,1662.2478625
4169,0.0
4170,1.6332955333333332
4171,27768.8015
4172,781365.9450000001
4173,49873.719750000004
4174,0.0
4175,1728.5269
4176,0.0
4177,213311.49
4178,0.0
4179,0.0
4180,145710.5095
4181,170.04643000000002
4182,19286.76675
4183,19156.728
4184,1073630.1800000002
4185,13931.238500000001
4186,5816.596925
4187,271659.445
4188,1722.8911325
4189,276418.445
4190,45941.687674999994
4191,1.54306705
4192,1441452.075
4193,0.0
4194,0.0
4195,3170.0039925
4196,4575.160825
4197,117564.24674999999
4198,11992.283125
4199,853.1656
4200,1324.8662333333334
4201,4865.56275
4202,13000.860915
4203,270.79314
4204,128.85430350000001
4205,4170890.55
4206,90952.95425
4207,17253.3905
4208,0.0
4209,838211.1749999999
4210,0.0
4211,113021.45049999999
4212,4452.7739249999995
4213,22256.8665
4214,136551.4025
4215,5085.07085
4216,0.0
4217,41.94495975
4218,1723.1864535000002
4219,580561.28
4220,159686.34249999997
4221,4.63658075
4222,6066.588024999999
4223,6474.70795
4224,925720.0449999999
4225,3501721.5
4226,47251.37425
4227,3583.056975
4228,114.3090675
4229,119106.2235
4230,62302.76825
4231,52.82131075
4232,18708.694000000003
4233,177.82646999999997
4234,1044416.0825
4235,79075.45925
4236,7650.5442
4237,32161.958749999998
4238,9702.3704
4239,1585.0306825000002
4240,1351.1409402250001
4241,325222.735
4242,0.0
4243,19878.689000000002
4244,4432.5437
4245,27074.99225
4246,109387.29750000002
4247,71290.98125000001
4248,3283758.4099999997
4249,106823.65000000001
4250,252926.15275
4251,0.0
4252,275.27498
4253,203157.555
4254,3942.3620250000004
4255,24643.744774999996
4256,25.9153375
4257,5246.02825
4258,17250.877
4259,20280.1
4260,22143.60125
4261,297918.375
4262,45554.119999999995
4263,22019.249
4264,855840.0349999999
4265,11992.283125
4266,0.0
4267,62215.20475
4268,13229.393332500002
4269,17761.6625
4270,0.0
4271,102655.16375
4272,26590.964625
4273,63.272177475
4274,712345.6325000001
4275,0.0
4276,109.25201666666665
4277,3971809.065
4278,12387.325874999999
4279,6777.043075
4280,8666.389175
4281,246831.85650000002
4282,15085.85325
4283,0.0
4284,220758.7375
4285,0.0
4286,1214322.305
4287,24878148.3
4288,1.5432443500000002
4289,0.0
4290,10813.324725
4291,27.029145999999997
4292,3027146.66
4293,60913.61775
4294,1175.641475
4295,15017.796250000001
4296,2500.57185
4297,2536.3867999999998
4298,5721.035975
4299,845905.7575000001
4300,1279009.835
4301,46138.782250000004
4302,3778.9675749999997
4303,1064.2467824999999
4304,4235114.775
4305,1842148.775
4306,44.62957275
4307,0.0
4308,802061.25
4309,0.0
4310,497.021665875
4311,0.0
4312,314788.15174999996
4313,42.45171966666666
4314,23689.77675
4315,311285.7325
4316,455822.55
4317,61602.698000000004
4318,2049056.85
4319,4845.9895325
4320,375.470935
4321,0.0
4322,0.0
4323,1793400.95
4324,46138.782250000004
4325,47011.46799999999
4326,381.418795
4327,0.0
4328,1325.1233
4329,1618.9669
4330,29766.260749999998
4331,29104.355750000002
4332,94049.96925
4333,4658.875975
4334,0.0
4335,0.0
4336,5530.300200000001
4337,180980.7725
4338,8389743.775
4339,5319.118374999999
4340,39806.1315
4341,851.6929733333333
4342,83.34133166666666
4343,930789.1425
4344,5.245779225
4345,0.0
4346,96475.19475000001
4347,206808.7525
4348,214.32913
4349,57148.50000000001
4350,65821.93175
4351,214772.865
4352,13517012.25
4353,2468384.51
4354,2603.831925
4355,1.543586625
4356,48599.446449999996
4357,6904241.125
4358,17685.66415
4359,71262.7805
4360,0.0
4361,6.3446430750000005
4362,2208812.6
4363,18708.694000000003
4364,1729.4658
4365,148654.0835
4366,2047344.8749999998
4367,59791.420249999996
4368,0.0
4369,2251.089035
4370,0.0
4371,0.0
4372,136.64600075
4373,873342.1774999999
4374,0.0
4375,0.0
4376,2798569.0025
4377,13.769843
4378,0.0
4379,55200.68625
4380,7164.99245
4381,2210.504021325
4382,1267.7104749999999
4383,15245.679675
4384,2792218.15
4385,747311.2075
4386,249250.6225
4387,38294.70325
4388,0.0
4389,95431.84
4390,0.0
4391,36165.39275
4392,0.0
4393,101454.147
4394,0.0
4395,0.0
4396,187555.08750000002
4397,3099.0421
4398,284.2294075
4399,12213.686249999999
4400,120131.71399999999
4401,345728.76749999996
4402,4496.384875
4403,4990020.100000001
4404,1728.496725
4405,302141.8325
4406,197826.27000000002
4407,324.09077
4408,93969.30075
4409,564564.9049999999
4410,106.37932375
4411,7709.096175
4412,99.96493866666667
4413,9113.595625
4414,13113.173325000002
4415,2883.150025
4416,162385.79125
4417,101420.7365
4418,323193.6875
4419,114529.305
4420,9954.17985
4421,21291837.0
4422,30344.17333333333
4423,22539.230666666666
4424,37248.61175
4425,0.0
4426,264733.9
4427,19946.01175
4428,8.009738
4429,109049.588
4430,898.8772074999999
4431,15.089916550000002
4432,11992.283125
4433,36961.56735
4434,0.0
4435,314712.18750000006
4436,103528.53199999999
4437,240255.84475
4438,4406.91895
4439,12498297.575
4440,662661.725
4441,4014.94275
4442,262510.865
4443,581.0476466666667
4444,5833.367775
4445,26023.915999999997
4446,28021.921250000003
4447,849024.265
4448,12286.121799999999
4449,2449.8582575
4450,332702.70100000006
4451,1.5987113000000002
4452,7353.422333333333
4453,60765.65625
4454,2811199.4
4455,6889.001025
4456,0.0
4457,55387.928375
4458,18708.694000000003
4459,3731.2024749999996
4460,362623.779
4461,13111.166150000001
4462,2.450444066666667
4463,32161.958749999998
4464,1697920.5150000001
4465,155751.91650000002
4466,942.4857875
4467,19262.01975
4468,0.0
4469,46138.782250000004
4470,127.47635075000001
4471,337575.011
4472,633982.605
4473,0.0
4474,10057089.425
4475,0.0
4476,18792.807500000003
4477,74102.63025
4478,48803.831999999995
4479,11639.06985
4480,1188157.435
4481,687394.825
4482,218600.0755
4483,32161.958749999998
4484,0.0
4485,13.882362675
4486,846.01359
4487,1632688.7999999998
4488,7433.906325000001
4489,1103331.1300000001
4490,9733.80925
4491,93145.83374999999
4492,1466.6254000000001
4493,0.0
4494,0.0
4495,11992.283125
4496,76667.78025000001
4497,180234.75124999997
4498,0.0
4499,48863.23575
4500,7.850177775
4501,0.0
4502,9734875.0
4503,4.921775433333333
4504,5527.702675
4505,340534.3125
4506,255310.6975
4507,0.0
4508,65565.22
4509,639255.6275000001
4510,370238.67000000004
4511,0.0
4512,6909.284366666667
4513,15761.30615
4514,17.274411
4515,43676.27966666667
4516,16865.11155
4517,688.10103
4518,0.0
4519,1404598.0850000002
4520,109387.29750000002
4521,17225.7689
4522,567900.2375
4523,211467.4
4524,246018.83250000002
4525,10864.58755
4526,36100000.0
4527,97529.04625
4528,0.0
4529,0.0
4530,292790.0125
4531,79264.61450000001
4532,38467.628000000004
4533,1338363.8375000001
4534,10.4283571
4535,15025.159
4536,435069.9425
4537,763.9522000000001
4538,281558.2325
4539,25764.58375
4540,191926.01750000002
4541,73535.206
4542,27701.155249999996
4543,231.68908175
4544,6467228.7
4545,241991.27250000002
4546,117201.68075
4547,1.5417404999999997
4548,599342.4474999999
4549,26146.446465
4550,11878647.175
4551,39198.29550000001
4552,35816.66525
4553,41.907017
4554,17081.88725
4555,6357.239950000001
4556,128666.09675000001
4557,42.02175375
4558,0.0
4559,316542.8566666667
4560,1586.3578850000001
4561,283.0589775
4562,382058.6975
4563,2432911.6
4564,0.0
4565,2065704.75
4566,705127.5774999999
4567,1550395.535
4568,1.658276825
4569,1518.0443
4570,2561.5496024999998
4571,217.63089000000002
4572,17572.775824999997
4573,467016.90249999997
4574,2324.3529750000002
4575,4887.3827
4576,0.0
4577,158618.9275
4578,97316.807
4579,0.0
4580,705.321895
4581,287959.2375
4582,73906.06775
4583,0.0
4584,1396605.1500000001
4585,480815.2025
4586,1443782.7875
4587,5831.2898000000005
4588,6909.284366666667
4589,138675.2375
4590,455546.84875
4591,14.8920223
4592,179675.78375
4593,180199.2045
4594,146508.66090000002
4595,2500.57185
4596,15708162.625
4597,195.69593999999998
4598,0.0
4599,42719.41875
4600,1496614.0333333332
4601,660.4484375
4602,28355.3955
4603,54.56715499999999
4604,4869.456225
4605,2397090.6500000004
4606,1.542974875
4607,0.0
4608,0.0
4609,19261.08366666667
4610,259993.09749999997
4611,341.32043749999997
4612,0.0
4613,497184.55624999997
4614,136002.831
4615,603.9158949999999
4616,0.0
4617,3101.5141333333336
4618,181326.4015
4619,4887.3827
4620,10065.51795
4621,0.0
4622,287330.3985
4623,1.7936159
4624,2821.4625875
4625,1355452.4949999999
4626,703.19828
4627,861850.4850000001
4628,40082.288250000005
4629,0.0
4630,35786.77875
4631,198463.68250000002
4632,28812.628074
4633,0.0
4634,105848.0015
4635,4887.3827
4636,813883.5049999999
4637,37903.586575
4638,0.0
4639,175610.19874999998
4640,634.3728150000001
4641,60580.1955
4642,770.8399775
4643,51679.19924999999
4644,7449.335600000001
4645,2401523.35
4646,12278.480274999998
4647,400695.455
4648,11576.82225
4649,11992.283125
4650,111073.1875
4651,11992.283125
4652,0.0
4653,179766.80025
4654,10533.19285
4655,1870148.446
4656,40292.586
4657,2419.3273599999998
4658,34597.60275
4659,0.0
4660,201505.47500000003
4661,1.5428777
4662,6805127.425
4663,14.97997825
4664,175889.23375
4665,0.0
4666,206425.3
4667,0.0
4668,68043.427
4669,2438.4150675
4670,0.0
4671,1247836.8375
4672,522314.55666666664
4673,160.59453875000003
4674,1.6100843999999999
4675,1.54312075
4676,154667.17500000002
4677,85556.569
4678,59307.47424999999
4679,18418.2895
4680,382361.155
4681,44864.36725
4682,0.0
4683,1472553.0799999998
4684,9223.753499999999
4685,14531.1516
4686,75561.56899999999
4687,148871.33875
4688,2.9197276000000003
4689,1.5430331
4690,0.0
4691,9352.522125
4692,23678.814
4693,210385.27875
4694,0.0
4695,0.0
4696,628228.8200000001
4697,1218.7436333333333
4698,215.77500250000003
4699,0.0
4700,92889.44900000001
4701,6321.1989
4702,36922.54475
4703,0.0
4704,1005.9813600000001
4705,4.070447025
4706,26924.08225
4707,114292.931
4708,176252.830625
4709,228207.5775
4710,3002759.7125
4711,0.0
4712,793435.2475
4713,230407.3775
4714,25429.04375
4715,382.53473249999996
4716,27921.412249999998
4717,4494610.515
4718,404.1404966666667
4719,37247.850000000006
4720,2841.0015249999997
4721,10708.634
4722,267664.55999999994
4723,178.23001399999998
4724,7302.098249999999
4725,602565.5900000001
4726,396490.0275
4727,5866.83595
4728,14598.7082063
4729,321380.239
4730,154408.4725
4731,116.95293000000001
4732,3576813.8000000003
4733,24909585.75
4734,3759.1628650000002
4735,2814.083375
4736,15397.5975
4737,0.0
4738,8606510.95
4739,3813.0137999999997
4740,8649.072175000001
4741,0.0
4742,42818.34375
4743,215.14596666666662
4744,15149.608400000001
4745,161715.41375
4746,32506.155500000004
4747,12028.93905
4748,4314686.1
4749,109387.29750000002
4750,19466.4841
4751,4658.9114
4752,102.08362174999999
4753,339.774395
4754,0.0
4755,4235667.175
4756,1.54270895
4757,76.39091575
4758,77444.857625
4759,1034.43945
4760,1670086.125
4761,31164.29275
4762,70797.56196425
4763,75710.33224999999
4764,110178.8725
4765,767156.9475
4766,123180.20400000001
4767,503.46260750000005
4768,0.0
4769,136534.6915
4770,852323.735
4771,7684.153200000001
4772,2079.7762666666663
4773,0.0
4774,17705072.75
4775,49914.808999999994
4776,671.23654
4777,1.54292825
4778,0.0
4779,11009.024675
4780,15245.679675
4781,480.27225500000003
4782,7164.99245
4783,440.6013125
4784,117850.5325
4785,7848.540133333333
4786,728.806815
4787,0.0
4788,22.862652999999998
4789,53593.38825
4790,352703.04649999994
4791,551.0235433333334
4792,0.0
4793,7195.1098999999995
4794,3049005.525
4795,542.8561875
4796,4105.31835
4797,0.0
4798,33093.204999999994
4799,2079.28975
4800,14380.785500000002
4801,2698775.0
4802,312449.20174999995
4803,1409059.8625
4804,9933.5905
4805,25834.168999999998
4806,310770.13749999995
4807,140.84702825
4808,481239.38000000006
4809,9.160245975
4810,10658.198075
4811,0.0
4812,0.0
4813,0.0
4814,2.1518201
4815,235870.06125
4816,50798.64
4817,582539.7035
4818,30325000.0
4819,2410.36790925
4820,18348.215021475004
4821,0.0
4822,31325.102
4823,0.0
4824,2098251.075
4825,1288649.7474999998
4826,847070.1325
4827,431581.54500000004
4828,1456359.135
4829,46307.723999999995
4830,381390.185
4831,37092.82325
4832,78187.49625
4833,169034.97
4834,0.0
4835,92722.773
4836,294668.5875
4837,9.295957375
4838,0.0
4839,2976986.4
4840,15937.63165
4841,92495.4915
4842,1058.137195
4843,0.0
4844,216.88043499999998
4845,869514.895
4846,2477.6434
4847,0.0
4848,2695794.225
4849,169248.82499999998
4850,449721.7825
4851,290785.72750000004
4852,33.85138833333334
4853,0.0
4854,9352.522125
4855,6526.6297675000005
4856,16062.381
4857,0.0
4858,174733.5925
4859,1.78177505
4860,2256453.5
4861,27704.8468675
4862,0.0
4863,27.211202500000002
4864,0.0
4865,179572.11049999998
4866,136455.6915
4867,14074541.3
4868,4911.465625000001
4869,7224.138924999999
4870,211.43695250000002
4871,257121.09999999998
4872,2102.009375
4873,2163767.375
4874,105795.0015
4875,356812.55
4876,555345.15
4877,1.5425683
4878,3452.325666666667
4879,780923.6425
4880,195490.814
4881,87190.9735
4882,0.0
4883,0.0
4884,331.01185
4885,9358.564525
4886,5817.699633333334
4887,149324.3875
4888,1526.924975
4889,15673.2565
4890,0.0
4891,150.87992
4892,46419.8615
4893,22448.843699999998
4894,31625000.0
4895,67918.9325
4896,942827.3535
4897,1910.3645666666664
4898,0.0
4899,11466.00425
4900,586402.875
4901,2102.009375
4902,7.314427174999999
4903,514.1608675
4904,553761.3866666666
4905,739.506165
4906,503105.4525
4907,898474.925
4908,32125.5535
4909,0.0
4910,0.0
4911,0.0
4912,1013.11225
4913,237357.5175
4914,1239154.8650000002
4915,1026110.9
4916,1.54311265
4917,0.0
4918,4335651.632499999
4919,13222336.64
4920,12811.503999999999
4921,0.0
4922,196.84755900000002
4923,132614.03825
4924,18414.940585000004
4925,227412.83500000002
4926,356975.91000000003
4927,143783.86549999999
4928,69561.53225
4929,0.0
4930,8514.691533333333
4931,233694.38899999997
4932,594644.645
4933,0.0
4934,0.0
4935,261310.22
4936,65.08819100000001
4937,2870.5563250000005
4938,0.0
4939,19402.3229
4940,16476.473
4941,1641734.9749999999
4942,0.0
4943,1910.3645666666664
4944,12652.725649999998
4945,419797.79688000004
4946,34665914.5
4947,2208358.5575
4948,1269181.31
4949,71620.19625000001
4950,3995.4821
4951,46.45666525
4952,184537.58250000002
4953,1053586.155
4954,59435.100249999996
4955,39857.672075
4956,975936.505
4957,1.5425434500000001
4958,224541.91
4959,99.02920999999999
4960,145649.63475
4961,0.0
4962,8174.325525
4963,156.752453
4964,228773.33000000002
4965,1412258.34
4966,182246.59074999997
4967,1541.11341
4968,21242.67825
4969,290748.54
4970,6637.000375
4971,34083.08025
4972,4081.221625
4973,39748.55266666667
4974,1567751.5250000001
4975,353590.74
4976,5890.769574999999
4977,32720.640999999996
4978,2.988256275
4979,135971.655
4980,0.0
4981,0.0
4982,100.44320825
4983,0.0
4984,542.8561875
4985,184516.095
4986,165761.68875
4987,11.972445425
4988,683708.4700000001
4989,198.55091666666667
4990,0.0
4991,2711.308675
4992,2711.308675
4993,877.94144125
4994,16078.2234
4995,3039.8128250000004
4996,417983.08
4997,261602.4275
4998,10866.36285
4999,27051.625
5000,21288.53165
5001,1211509.36
5002,1046384.6675
5003,521960.08499999996
5004,1459011.5250000001
5005,4.435724049999999
5006,0.0
5007,52642.030999999995
5008,0.0
5009,12.016294325
5010,53.00496999999999
5011,90181.3955
5012,1319.40202
5013,32403.916
5014,350047.489
5015,97307.71900000001
5016,118014.39249999999
5017,976498.105
5018,1767011.0625
5019,19324001.2
5020,6133769.675
5021,23572.431
5022,122.57786899999999
5023,0.0
5024,1892354.6
5025,0.0
5026,2243227.825
5027,1151630.7425
5028,107621.274
5029,16206.186324999999
5030,13.882361874999999
5031,155336.125
5032,20.072706500000002
5033,90045.19099999999
5034,1303.68005
5035,4275.799375
5036,46138.782250000004
5037,64018.374500000005
5038,1394.9865201500002
5039,0.0
5040,50390.676074999996
5041,16628.6685
5042,0.0
5043,0.0
5044,202530.1
5045,0.0
5046,373107.47
5047,389131.6275
5048,391082.7625
5049,0.0
5050,46276.965
5051,0.0
5052,2.782594775
5053,2320370.0
5054,0.0
5055,240622.00675
5056,72189.59925
5057,270603.51
5058,0.0
5059,438619.98750000005
5060,270848.5375
5061,51169.74475
5062,12106.490594424999
5063,116211.4835
5064,48611.83666666667
5065,110746.10999999999
5066,174522.2825
5067,113.14670825
5068,7927543.625
5069,41460.349500000004
5070,15982.441
5071,253279.845
5072,850179.7175
5073,2147.744295
5074,339.774395
5075,5784990.85
5076,21582.25675
5077,4292.5738
5078,1504788.8650000002
5079,2028255.5375
5080,191441.111
5081,55948.855
5082,33625.62975
5083,453008.0925
5084,105164.4665
5085,4725.311900000001
5086,78897.5055
5087,208878.97400000002
5088,455603.06000000006
5089,3913.9801875000003
5090,248374.436
5091,21276.420449999998
5092,0.0
