ID,I6N
1,0
2,0
3,1.56422975
4,0
5,0
6,0
7,0
8,0
9,1.2880718
10,2.176444167
11,1.2880718
12,1.639956517
13,0
14,2.493689467
15,2.11657945
16,1.28872358
17,2.686569583
18,1.89250665
19,1.5816299
20,1.347488467
21,2.555892383
22,2.778481
23,2.106995917
24,2.194429333
25,2.11020285
26,2.510688017
27,0
28,1.28549145
29,2.150946417
30,1.2848994
31,1.799316333
32,1.87996935
33,1.847317033
34,1.99271256
35,1.378783
36,1.855911633
37,3.07730815
38,1.28549145
39,1.287035325
40,2.032733133
41,2.051330467
42,1.95785785
43,0
44,2.190930867
45,3.030484917
46,1.2954766
47,3.009043583
48,1.28872358
49,2.8640988
50,1.293235667
51,0
52,0
53,2.12035404
54,0
55,2.1713148
56,1.28549145
57,1.523321267
58,2.39068616
59,0
60,0
61,0
62,0
63,1.856480183
64,1.2880718
65,1.2880718
66,1.644913925
67,1.289658
68,1.465619133
69,2.550651733
70,2.827698333
71,2.76660645
72,1.82559235
73,3.142080383
74,2.688020617
75,2.452829733
76,1.639956517
77,3.123225783
78,2.566028383
79,1.639956517
80,2.463959917
81,2.2730295
82,1.282907933
83,1.933217533
84,1.293235667
85,1.412069
86,1.811981717
87,1.2954766
88,0
89,1.2880718
90,1.769577817
91,1.6315827
92,0
93,1.465619133
94,2.99133906
95,1.75256505
96,0
97,1.2880718
98,3.447318533
99,2.3438013
100,2.510759317
101,1.2880718
102,1.28990116
103,1.35987152
104,1.6315827
105,3.1329765
106,1.953572975
107,1.28990116
108,0
109,1.28549145
110,1.771117967
111,1.609445967
112,2.81164445
113,1.50295796
114,2.649350667
115,3.385185333
116,0
117,1.2880718
118,2.931751967
119,1.28868898
120,2.04135235
121,0
122,1.28748848
123,2.655743683
124,2.256404317
125,2.342140767
126,2.6497548
127,2.790078783
128,2.1356966
129,2.1183271
130,0
131,0
132,1.289658
133,2.2791905
134,1.966046417
135,2.372840833
136,2.578113675
137,2.782616133
138,1.9373316
139,2.178583983
140,1.289658
141,0
142,2.8936877
143,1.6519766
144,1.54755605
145,1.857018433
146,1.2880718
147,1.64976098
148,1.2880718
149,2.023854
150,1.282907933
151,1.9033946
152,1.581647833
153,1.64292018
154,1.725856967
155,0
156,2.33993326
157,0
158,2.103708667
159,1.639956383
160,1.465619117
161,0
162,2.3081114
163,3.221371633
164,1.639956333
165,2.320630167
166,2.1254344
167,1.465619067
168,1.28549145
169,1.9033946
170,2.77406706
171,1.639956333
172,1.2880718
173,1.2880718
174,1.28549145
175,3.267564667
176,1.289658
177,0
178,1.6502079
179,1.8881915
180,2.845890567
181,2.630055467
182,2.94671595
183,2.647952967
184,0
185,1.2880718
186,0
187,0
188,1.5657251
189,1.667133017
190,1.2880718
191,1.28659084
192,0
193,0
194,0
195,2.2484833
196,0
197,0
198,0
199,1.770011033
200,0
201,3.2915672
202,2.988915217
203,3.217482217
204,3.467725283
205,1.50295788
206,1.69445086
207,1.567251133
208,2.39068616
209,2.00026175
210,1.957857817
211,0
212,0
213,1.857018433
214,1.282907933
215,2.8202203
216,1.3457739
217,1.636680925
218,2.471142867
219,1.2880718
220,0
221,1.404706967
222,0
223,2.124292733
224,2.136210517
225,1.2848994
226,2.490733167
227,1.28549145
228,0
229,1.282907933
230,0
231,3.185415567
232,0
233,2.016601467
234,2.39431635
235,0
236,2.74317425
237,2.520547617
238,2.446594283
239,1.2880718
240,1.375175025
241,2.1169801
242,0
243,0
244,1.2880718
245,3.0440545
246,1.2880718
247,0
248,1.99778445
249,1.28549145
250,1.2880718
251,1.682360267
252,0
253,2.967587517
254,1.639956333
255,3.048887417
256,1.81198165
257,2.016104717
258,2.78709788
259,2.098719483
260,0
261,2.743870567
262,2.80940095
263,0
264,1.293235667
265,0
266,2.124693383
267,2.098623833
268,1.2880718
269,2.42030965
270,1.2880718
271,1.639956467
272,2.3671378
273,1.2880718
274,1.2932325
275,2.758608117
276,2.81162785
277,0
278,3.3277781
279,2.549444683
280,2.898268283
281,3.234249
282,1.2880718
283,2.933250367
284,0
285,2.528844567
286,1.28703776
287,2.42585765
288,1.28990116
289,0
290,0
291,0
292,2.440025383
293,0
294,1.64292008
295,1.2954766
296,2.4904501
297,1.2880718
298,2.0146143
299,2.698340733
300,3.38945574
301,1.933217533
302,1.639956333
303,2.812246733
304,1.812190817
305,1.75911975
306,2.550205217
307,0
308,2.884733267
309,2.454694167
310,2.098623833
311,1.812190817
312,0
313,1.813521783
314,1.50295788
315,2.98324086
316,2.7644504
317,1.639956333
318,1.81198165
319,1.2880718
320,0
321,1.2880718
322,3.04482045
323,2.697808567
324,2.225076867
325,1.899422367
326,0
327,1.523321167
328,3.2493077
329,3.533280983
330,1.463048533
331,0
332,1.28990116
333,0
334,1.56971478
335,1.462409067
336,0
337,1.897165075
338,2.031397733
339,2.577742783
340,1.582254233
341,1.4966932
342,1.289658
343,3.006225533
344,1.991175933
345,1.289658
346,1.2880718
347,1.64253205
348,1.582254233
349,1.2860501
350,2.3888241
351,1.639956333
352,0
353,1.666908867
354,1.639956333
355,2.00026175
356,1.2880718
357,1.639956333
358,2.800975667
359,1.2880718
360,2.513569883
361,3.26876992
362,1.64101472
363,3.250484517
364,1.639956333
365,3.406328033
366,1.77111785
367,2.0802219
368,1.71483165
369,1.2880718
370,2.51538705
371,1.95579145
372,1.465619067
373,1.28549145
374,2.320976333
375,0
376,0
377,0
378,1.2880718
379,1.580773733
380,3.155409917
381,1.290425967
382,1.293235667
383,1.2880718
384,2.636982825
385,0
386,1.889458917
387,2.032733133
388,1.2880718
389,1.639956333
390,1.899422367
391,1.4092592
392,1.282907933
393,1.99778445
394,1.346380383
395,2.553658017
396,1.639956333
397,1.625196467
398,1.2880718
399,1.2880718
400,2.08843925
401,1.521591667
402,0
403,1.2880718
404,1.3472544
405,1.28703776
406,2.9946883
407,1.28990116
408,3.26018148
409,0
410,1.6483302
411,1.899422367
412,3.02204345
413,1.98246344
414,3.184548667
415,2.66153275
416,1.2880718
417,1.282907933
418,2.363292783
419,2.655743783
420,1.2880718
421,0
422,1.28990116
423,2.086468933
424,1.2880718
425,1.2880718
426,2.1034707
427,0
428,2.898814067
429,0
430,2.994769417
431,1.2880718
432,3.166663267
433,2.5343439
434,1.28549145
435,1.293235667
436,2.235267933
437,2.738473483
438,0
439,1.766358275
440,0
441,2.6777005
442,1.899422367
443,1.523321167
444,0
445,1.6483302
446,2.355619867
447,2.808125567
448,2.92197505
449,1.293235667
450,2.107822917
451,1.42582526
452,1.683677133
453,2.240556333
454,0
455,1.28872358
456,1.2880718
457,1.73998708
458,1.28872358
459,1.523321167
460,1.2880718
461,2.567295
462,1.2932325
463,2.397356417
464,2.756911633
465,2.72575735
466,2.20392485
467,1.289658
468,3.3192126
469,0
470,0
471,1.523321167
472,2.122803275
473,2.949956117
474,2.150775267
475,3.332989817
476,2.59273958
477,2.031397733
478,0
479,2.338168567
480,3.22043905
481,1.28703776
482,1.64253205
483,0
484,0
485,3.02091084
486,1.28703776
487,2.805513817
488,0
489,1.28549145
490,2.436638133
491,1.2880718
492,1.636681175
493,1.77111785
494,1.639956333
495,1.2954766
496,1.406436467
497,1.764622125
498,2.631447983
499,2.43708365
500,2.204252883
501,1.64253205
502,1.282907933
503,1.28549145
504,3.251076217
505,2.033199833
506,2.4131503
507,3.115292733
508,1.2880718
509,0
510,0
511,1.293235667
512,2.3211777
513,2.644768075
514,1.28549145
515,0
516,1.2954766
517,1.956177617
518,1.463889567
519,2.822034133
520,0
521,1.523071633
522,0
523,2.075604783
524,1.2880718
525,1.582254233
526,1.932374983
527,1.91064865
528,1.639956333
529,1.56971478
530,1.293235667
531,2.7444437
532,1.28872358
533,2.274029333
534,1.282907933
535,2.503479217
536,2.455444383
537,3.16578156
538,2.549987933
539,1.289658
540,1.57292818
541,2.031579617
542,0
543,0
544,2.178583983
545,2.497758267
546,1.52392765
547,0
548,1.289658
549,1.639956333
550,1.899422367
551,1.2880718
552,2.027072317
553,1.832254417
554,1.289658
555,3.360717883
556,1.293235667
557,1.2880718
558,2.25323234
559,1.77111785
560,1.639956333
561,2.0674657
562,1.521591667
563,1.639956333
564,1.2954766
565,2.363638767
566,2.33940085
567,1.2880718
568,1.84731695
569,2.788915067
570,2.429397417
571,2.48711005
572,1.8291377
573,2.32851805
574,2.861641983
575,1.8554924
576,1.857018433
577,3.26031365
578,1.2880718
579,2.41747285
580,2.90625015
581,1.76826085
582,2.204252883
583,1.8771956
584,1.28659084
585,2.13679095
586,2.334237133
587,1.58100845
588,1.899422367
589,1.28990116
590,1.77111785
591,0
592,2.150775267
593,2.839538933
594,2.358639183
595,0
596,3.161348133
597,2.600080483
598,2.567633717
599,2.382329583
600,1.2880718
601,1.871957233
602,2.671657833
603,3.181756133
604,2.814108117
605,1.28872358
606,3.311776533
607,2.11232695
608,0
609,0
610,1.2954766
611,1.2954766
612,1.63755234
613,1.2880718
614,1.2954766
615,3.242706317
616,3.188785125
617,3.10439065
618,2.63336178
619,1.2880718
620,0
621,0
622,1.465619067
623,1.639956333
624,3.109490467
625,3.250796883
626,1.965507033
627,1.282907933
628,1.2954766
629,1.375175025
630,3.35273715
631,1.813521783
632,1.28872358
633,2.490433133
634,1.941014817
635,2.28781454
636,1.879788333
637,3.019638875
638,1.654482683
639,1.2880718
640,3.236654483
641,2.91266344
642,0
643,1.2880718
644,1.50295788
645,1.8003139
646,2.90848115
647,0
648,0
649,1.2880718
650,2.058390183
651,2.176444133
652,1.631582467
653,1.2880718
654,2.617494417
655,0
656,2.769186583
657,2.065671217
658,0
659,1.2860501
660,2.031397733
661,2.242681617
662,1.28990116
663,1.6483302
664,0
665,1.2954766
666,3.115022333
667,1.899422367
668,2.177756983
669,1.2880718
670,1.2880718
671,1.582254233
672,1.2880718
673,1.639956333
674,0
675,1.2880718
676,2.6094513
677,2.401942117
678,1.521591667
679,2.657093175
680,3.115449167
681,1.639956333
682,1.2880718
683,0
684,1.992160717
685,1.812190817
686,2.5977074
687,1.631582467
688,2.4904501
689,1.64292024
690,2.4706485
691,1.694824967
692,1.2880718
693,3.034953767
694,3.05111465
695,1.2880718
696,1.2880718
697,0
698,1.6247037
699,0
700,0
701,3.2195122
702,2.02469655
703,1.28549145
704,1.582254233
705,2.573841983
706,0
707,3.173486283
708,1.462409067
709,2.95382
710,1.2860501
711,0
712,2.575836967
713,1.96299596
714,3.007437625
715,2.9896572
716,1.2860501
717,2.6003606
718,2.472905417
719,2.6786442
720,2.023748517
721,1.521825683
722,2.19826395
723,2.9191544
724,2.574421683
725,3.224357833
726,2.5182739
727,0
728,1.2880718
729,2.710275467
730,0
731,2.7170154
732,2.319494117
733,1.523321167
734,2.494859383
735,2.56125385
736,1.64292008
737,1.582254283
738,0
739,0
740,1.2880718
741,1.2954766
742,2.7769139
743,1.28549145
744,1.293235667
745,2.031579617
746,1.2880718
747,1.2954766
748,0
749,2.864911
750,2.032733133
751,2.790075283
752,1.639956333
753,2.4065688
754,2.2620045
755,2.6367105
756,1.845993167
757,2.375587925
758,1.639956333
759,1.546997525
760,1.6247037
761,1.935165033
762,1.28990116
763,1.28549145
764,2.369478017
765,0
766,1.565755767
767,2.076049983
768,2.99133906
769,2.113174517
770,2.288201567
771,0
772,3.154923267
773,3.33676975
774,0
775,0
776,2.2989834
777,2.375156833
778,1.2880718
779,1.28549145
780,2.696198433
781,1.28872358
782,0
783,1.85648015
784,3.091224883
785,2.537498583
786,0
787,2.278187633
788,1.28990116
789,2.5935533
790,1.58164775
791,1.814076183
792,1.28990116
793,1.462409067
794,1.2880718
795,3.14133325
796,1.465619067
797,1.28872358
798,1.28549145
799,0
800,0
801,1.2880718
802,0
803,2.452456633
804,1.2954766
805,2.61914995
806,1.965507
807,0
808,1.282907933
809,1.523321167
810,2.000261717
811,0
812,1.2880718
813,2.323249383
814,1.289658
815,1.289658
816,1.2880718
817,1.639956333
818,2.059349733
819,2.178583983
820,1.2880718
821,2.06615245
822,2.411536933
823,2.0531209
824,2.03694555
825,0
826,0
827,3.3731173
828,2.86129985
829,1.857018433
830,1.639956333
831,1.347488417
832,0
833,0
834,1.582254233
835,0
836,0
837,2.023748517
838,2.0110074
839,1.28549145
840,0
841,1.28868898
842,2.381694983
843,1.994153
844,0
845,1.5017803
846,3.151150383
847,1.2880718
848,2.6003606
849,1.636680925
850,1.2880718
851,1.293235667
852,1.293235667
853,2.1713148
854,0
855,2.1331677
856,1.523321167
857,1.717681467
858,0
859,2.727530133
860,2.118317017
861,0
862,2.1713148
863,0
864,1.5559789
865,2.630635117
866,1.2880718
867,2.032733133
868,2.075604767
869,1.9299646
870,0
871,2.211053067
872,2.28812785
873,2.2620046
874,2.30850942
875,1.639956333
876,1.639956333
877,1.2954766
878,2.842963667
879,1.957857783
880,3.262405525
881,0
882,2.97162558
883,1.404706967
884,2.6752149
885,1.375175025
886,1.28549145
887,1.2880718
888,1.696886617
889,1.54699735
890,2.351942567
891,1.2880718
892,2.059853517
893,0
894,1.567648467
895,2.56318695
896,1.3612011
897,1.522231133
898,1.726081067
899,2.746216317
900,1.769577717
901,1.64253205
902,1.953525625
903,2.986377683
904,1.668765317
905,2.41968845
906,2.547413883
907,1.966046417
908,1.289658
909,1.293235667
910,1.465619067
911,1.639956333
912,2.592535433
913,1.651213033
914,1.713415833
915,1.523321167
916,3.060415167
917,2.620631533
918,1.2880718
919,2.4146796
920,2.890711817
921,0
922,2.2791905
923,1.2880718
924,1.639956517
925,0
926,1.2880718
927,1.6603517
928,1.580539717
929,1.639956333
930,3.049791667
931,1.956360017
932,1.50295788
933,1.76826085
934,3.179457183
935,0
936,1.639956333
937,2.65393274
938,0
939,0
940,2.39068616
941,1.347488417
942,1.8923178
943,1.682360267
944,3.02441
945,1.547556
946,1.282907933
947,2.080221867
948,1.99778445
949,1.2880718
950,1.752565033
951,1.712809283
952,1.287035325
953,2.802746333
954,2.5760769
955,2.95886992
956,3.198172367
957,1.64253205
958,2.924138617
959,1.282907933
960,1.2880718
961,2.811944117
962,2.715424333
963,1.694060133
964,1.639956333
965,2.712979433
966,2.571213917
967,1.2880718
968,2.865455917
969,2.803790283
970,1.293235667
971,0
972,1.2880718
973,2.655432417
974,2.4699965
975,1.2880718
976,1.8140601
977,1.2880718
978,1.2860501
979,2.6003606
980,2.853954267
981,1.6483302
982,3.01985
983,2.973018983
984,2.642853883
985,1.2954766
986,1.565312467
987,2.610338633
988,0
989,1.63901242
990,2.364432975
991,2.203302733
992,2.676795717
993,1.2880718
994,2.417450917
995,2.505654217
996,2.119302
997,0
998,3.092100933
999,1.2880718
1000,1.2880718
1001,1.2880718
1002,1.5816478
1003,1.287035325
1004,1.639956333
1005,1.406436517
1006,1.282907933
1007,3.144787317
1008,2.749946633
1009,0
1010,0
1011,0
1012,1.2954766
1013,2.428354367
1014,2.294134267
1015,1.52159175
1016,2.579645483
1017,1.813521883
1018,1.2880718
1019,1.378782925
1020,2.511575317
1021,1.89942235
1022,1.2880718
1023,1.28703776
1024,1.91064865
1025,2.47620735
1026,2.25640425
1027,2.976580567
1028,1.2932325
1029,2.74621625
1030,1.639956433
1031,2.098623833
1032,0
1033,1.2860501
1034,1.639956333
1035,1.639956433
1036,1.28872358
1037,1.289658
1038,1.346380433
1039,1.2954766
1040,2.630055567
1041,1.642532075
1042,2.55760676
1043,0
1044,2.549987933
1045,1.86520705
1046,2.931399083
1047,1.830758733
1048,1.2954766
1049,1.289658
1050,2.058402033
1051,2.057066633
1052,2.677909983
1053,2.544311183
1054,1.639956433
1055,3.129530733
1056,1.639956433
1057,1.53569004
1058,1.582254333
1059,1.406436483
1060,1.8291377
1061,1.2860501
1062,3.238827467
1063,1.5816478
1064,1.8121908
1065,1.42986346
1066,0
1067,1.910653233
1068,1.2880718
1069,2.36363895
1070,1.582254333
1071,1.2880718
1072,3.071125775
1073,1.444677875
1074,0
1075,3.195500567
1076,1.521591667
1077,0
1078,2.71812515
1079,2.73164225
1080,1.76826085
1081,1.42986346
1082,0
1083,0
1084,0
1085,2.084915667
1086,1.2880718
1087,1.580539817
1088,1.2880718
1089,1.631582467
1090,1.954529683
1091,1.2880718
1092,1.639956433
1093,2.0651929
1094,2.219800817
1095,2.8752964
1096,1.46240915
1097,1.997784467
1098,0
1099,1.2880718
1100,1.580773733
1101,2.0221684
1102,1.899422367
1103,2.92284686
1104,1.2880718
1105,1.50295788
1106,0
1107,2.6402244
1108,1.2880718
1109,0
1110,2.178583983
1111,1.28659084
1112,1.2880718
1113,1.2880718
1114,0
1115,2.620410333
1116,1.523927767
1117,1.2954766
1118,2.439025667
1119,2.4021334
1120,2.564441367
1121,0
1122,3.130204783
1123,1.639956433
1124,3.3449461
1125,2.0595437
1126,2.098623833
1127,2.269193367
1128,3.2463615
1129,2.46802134
1130,0
1131,2.554125783
1132,1.582254233
1133,1.293235667
1134,1.2880718
1135,2.753207783
1136,1.565725117
1137,1.2880718
1138,1.708844233
1139,1.5239277
1140,2.17858395
1141,1.635771375
1142,1.5029579
1143,1.2848994
1144,3.2105826
1145,1.639956433
1146,2.942659683
1147,2.19142475
1148,1.2880718
1149,2.5961258
1150,1.639956517
1151,1.768260833
1152,1.999119817
1153,2.34385515
1154,1.28990116
1155,2.690324783
1156,1.6519763
1157,1.2860501
1158,2.572989917
1159,1.28990116
1160,1.2880718
1161,2.51519945
1162,1.523321167
1163,2.502506017
1164,1.2880718
1165,1.28990116
1166,1.2880718
1167,2.63702765
1168,1.5559789
1169,1.2880718
1170,1.29014475
1171,3.256695083
1172,2.497758267
1173,0
1174,1.46240915
1175,2.171170417
1176,0
1177,2.098623833
1178,2.731312767
1179,1.567251133
1180,2.230735417
1181,2.064828667
1182,1.5017803
1183,1.63901242
1184,1.406436467
1185,1.2880718
1186,1.582254233
1187,1.769801067
1188,2.66606645
1189,2.616412733
1190,1.639956333
1191,2.804271633
1192,1.639956433
1193,2.880534633
1194,0
1195,1.68236035
1196,2.94629795
1197,1.293235667
1198,1.2848994
1199,2.45207905
1200,2.269193367
1201,0
1202,2.454575267
1203,2.402490883
1204,2.3229691
1205,0
1206,2.894204217
1207,0
1208,1.89942235
1209,2.704868017
1210,0
1211,1.2880718
1212,2.7444437
1213,1.89942235
1214,0
1215,1.6519763
1216,1.955995783
1217,2.653375167
1218,2.045056417
1219,1.28990116
1220,2.799649217
1221,0
1222,0
1223,0
1224,0
1225,1.814060133
1226,1.2860501
1227,1.2880718
1228,1.447649233
1229,1.2880718
1230,3.078654417
1231,1.52159175
1232,1.289658
1233,1.522231183
1234,1.68367725
1235,0
1236,0
1237,1.2848994
1238,2.256404317
1239,0
1240,1.282907933
1241,0
1242,1.2880718
1243,1.2880718
1244,1.2880718
1245,0
1246,2.102846375
1247,1.6429202
1248,1.406436483
1249,2.277546267
1250,0
1251,1.2880718
1252,0
1253,0
1254,0
1255,2.306718017
1256,3.019061383
1257,1.40470705
1258,2.7637682
1259,1.6519763
1260,1.855492383
1261,1.2880718
1262,0
1263,1.639956517
1264,0
1265,1.3472544
1266,2.2564043
1267,0
1268,2.203924767
1269,2.4021334
1270,2.941639617
1271,1.2880718
1272,2.655743683
1273,2.26128995
1274,2.2738926
1275,2.749910433
1276,1.28659084
1277,1.282907933
1278,1.6483267
1279,1.28990116
1280,2.381576117
1281,1.63480515
1282,0
1283,2.098623833
1284,1.347488417
1285,0
1286,2.886943367
1287,1.58164775
1288,2.272252233
1289,1.898820317
1290,2.662079717
1291,1.289658
1292,1.2880718
1293,1.2932325
1294,0
1295,2.203254733
1296,2.25640425
1297,3.1564925
1298,1.899422367
1299,1.28549145
1300,1.931893733
1301,2.224098633
1302,0
1303,0
1304,0
1305,0
1306,1.2954766
1307,0
1308,0
1309,0
1310,1.6429202
1311,0
1312,0
1313,2.150775217
1314,2.9785834
1315,1.90339458
1316,1.6838864
1317,2.455433767
1318,2.6003606
1319,1.286050125
1320,0
1321,2.8041279
1322,2.25640425
1323,1.2880718
1324,1.375175025
1325,1.76826085
1326,1.509726217
1327,2.098623833
1328,0
1329,1.899422367
1330,2.208502775
1331,2.626228225
1332,3.451066483
1333,1.90288025
1334,2.916629983
1335,2.1757372
1336,1.730499917
1337,1.71128325
1338,2.95728185
1339,0
1340,2.765028383
1341,2.9400735
1342,2.257051117
1343,1.2932325
1344,2.120354
1345,1.28489945
1346,1.89942235
1347,2.586768833
1348,2.17556495
1349,2.760829567
1350,1.282907933
1351,2.092963017
1352,2.759217533
1353,1.37517505
1354,0
1355,1.288071817
1356,2.373515
1357,1.286050125
1358,2.235522175
1359,0
1360,1.582254233
1361,1.4604442
1362,1.289658
1363,2.214916233
1364,1.582254233
1365,1.285491475
1366,1.6348049
1367,2.12429275
1368,1.725856883
1369,0
1370,2.152088083
1371,1.4491205
1372,1.282907933
1373,2.5206509
1374,0
1375,0
1376,2.655743833
1377,1.63480515
1378,2.466432667
1379,1.288071817
1380,1.965313083
1381,2.251050483
1382,1.708427025
1383,3.315188
1384,3.27970855
1385,1.711875617
1386,1.6544827
1387,1.910653267
1388,0
1389,1.2880718
1390,1.2880718
1391,1.521591667
1392,1.638274325
1393,0
1394,1.899422367
1395,2.472394067
1396,0
1397,2.54894345
1398,1.28872358
1399,1.2880718
1400,1.791747633
1401,2.313748233
1402,1.289658
1403,2.11232695
1404,1.813521883
1405,2.4904501
1406,1.406202467
1407,2.535751733
1408,0
1409,3.14045572
1410,2.384434617
1411,3.225864283
1412,1.9567043
1413,3.122692733
1414,2.124292733
1415,1.406436467
1416,0
1417,3.351772383
1418,1.639956433
1419,2.0836791
1420,0
1421,2.19942284
1422,1.899422367
1423,1.289658
1424,3.277119417
1425,3.074421333
1426,2.098623833
1427,1.288071817
1428,2.840539867
1429,1.80031402
1430,2.204081683
1431,3.432392667
1432,2.35114535
1433,0
1434,0
1435,1.28489945
1436,2.031397733
1437,1.495118333
1438,1.2954766
1439,1.813521867
1440,0
1441,3.151714817
1442,1.54822388
1443,3.052472633
1444,2.402253417
1445,1.289658
1446,1.625577733
1447,1.289658
1448,1.639956433
1449,1.642532075
1450,2.710997383
1451,0
1452,2.629963733
1453,2.256404317
1454,1.289658
1455,0
1456,0
1457,3.07539725
1458,2.24352445
1459,0
1460,2.663405967
1461,3.32329252
1462,1.547755267
1463,2.724392683
1464,1.288071817
1465,1.28489945
1466,1.2954766
1467,3.236436283
1468,3.180626267
1469,3.044238183
1470,1.910653267
1471,0
1472,1.28990118
1473,0
1474,2.703014525
1475,2.9185231
1476,1.28990118
1477,1.293235667
1478,1.2954766
1479,0
1480,1.288071817
1481,1.28990118
1482,1.288071817
1483,0
1484,1.2880718
1485,2.023748517
1486,0
1487,1.639956333
1488,1.639956333
1489,2.075604767
1490,0
1491,3.065565117
1492,2.591965067
1493,1.405563033
1494,0
1495,1.5233212
1496,1.580539817
1497,2.135871717
1498,0
1499,1.2880718
1500,2.8810131
1501,1.590713583
1502,3.2255347
1503,0
1504,1.856480167
1505,1.845594917
1506,2.1034707
1507,2.00026175
1508,2.412451117
1509,1.9033946
1510,2.342140583
1511,1.347488433
1512,1.2860501
1513,2.176444167
1514,1.282907967
1515,1.2880718
1516,1.936221833
1517,0
1518,1.288071817
1519,1.4656191
1520,3.322215
1521,2.847976267
1522,3.3674108
1523,2.272044633
1524,2.117402233
1525,0
1526,1.288071817
1527,2.339281967
1528,1.726081183
1529,2.251130667
1530,2.316071217
1531,1.347488433
1532,1.293235667
1533,1.289658
1534,1.2954766
1535,1.5233212
1536,1.28703778
1537,1.288071817
1538,0
1539,0
1540,0
1541,0
1542,0
1543,1.288071817
1544,0
1545,0
1546,0
1547,2.02440182
1548,2.733760867
1549,2.261289925
1550,2.728585575
1551,1.2954766
1552,0
1553,2.476685833
1554,1.98246346
1555,2.173332833
1556,0
1557,1.28549145
1558,2.204252883
1559,1.6237042
1560,2.52085815
1561,1.90545225
1562,0
1563,1.288071817
1564,1.696886633
1565,3.029682233
1566,1.6519763
1567,3.342615
1568,1.46240915
1569,2.20309785
1570,3.4507388
1571,1.28990118
1572,2.6003606
1573,2.574421683
1574,1.2880718
1575,1.282907967
1576,2.615037917
1577,2.186667967
1578,2.820053517
1579,1.288071817
1580,1.580539817
1581,2.791051633
1582,1.624938333
1583,1.52159175
1584,0
1585,1.288071817
1586,1.899422367
1587,1.639956417
1588,0
1589,2.3667363
1590,2.54728445
1591,2.907091783
1592,3.225607433
1593,1.347488417
1594,1.521591667
1595,1.2880718
1596,1.293235667
1597,2.819535967
1598,3.095938467
1599,1.639956433
1600,1.631582633
1601,2.58695766
1602,0
1603,1.289658
1604,0
1605,0
1606,1.2880718
1607,1.50295792
1608,1.288071817
1609,2.173871333
1610,1.28659086
1611,1.288071817
1612,3.0794292
1613,0
1614,1.650130167
1615,2.178583983
1616,0
1617,1.293235667
1618,2.35864825
1619,1.89250655
1620,1.639956433
1621,1.282907967
1622,0
1623,1.648330233
1624,1.282907967
1625,2.637461917
1626,1.2880718
1627,0
1628,0
1629,1.284813
1630,1.289658
1631,2.342140583
1632,1.521591667
1633,2.9416399
1634,1.28703778
1635,0
1636,3.0114115
1637,3.031128917
1638,1.28990118
1639,3.035347683
1640,1.2880718
1641,1.855701533
1642,1.86436785
1643,1.631582467
1644,1.639956517
1645,2.544334217
1646,1.287035325
1647,2.6753558
1648,2.731312583
1649,2.240556267
1650,1.282907933
1651,1.288071817
1652,0
1653,2.436638133
1654,0
1655,1.289658
1656,3.259219833
1657,1.8135218
1658,0
1659,1.288071817
1660,1.2880718
1661,2.2218779
1662,1.293235667
1663,0
1664,1.639956433
1665,2.290174233
1666,1.288071817
1667,1.797726017
1668,1.40470705
1669,2.25640425
1670,1.857018417
1671,2.564441467
1672,1.404706967
1673,2.963173767
1674,1.3472544
1675,1.63755246
1676,2.272913933
1677,1.286050125
1678,2.39068616
1679,1.523071633
1680,2.60951115
1681,2.910761267
1682,1.288071817
1683,2.934153867
1684,2.33993326
1685,1.973643117
1686,1.284813
1687,2.928949517
1688,3.126613667
1689,1.346380433
1690,1.28872358
1691,2.720666117
1692,2.54033995
1693,1.287035325
1694,1.465619067
1695,2.9386394
1696,1.63480515
1697,2.51008162
1698,2.38443485
1699,1.2880718
1700,1.282907967
1701,3.370680533
1702,2.064828667
1703,2.4904501
1704,2.746181517
1705,1.548309617
1706,1.288071817
1707,2.2986984
1708,2.5026093
1709,3.318474133
1710,1.287035325
1711,1.288071817
1712,1.2954766
1713,1.282907967
1714,1.288071817
1715,1.282907933
1716,2.363638783
1717,1.288071817
1718,1.28489945
1719,0
1720,1.567251167
1721,1.589295075
1722,2.38443485
1723,2.595378
1724,1.282907967
1725,1.288071817
1726,0
1727,1.813521883
1728,2.712767483
1729,2.558930467
1730,1.5559789
1731,2.698039133
1732,1.282907967
1733,1.922178167
1734,0
1735,1.288071817
1736,1.580539717
1737,2.32134475
1738,1.857018433
1739,2.653491283
1740,3.15094425
1741,2.0378179
1742,1.607726267
1743,1.288071817
1744,2.28737508
1745,2.036235817
1746,2.17948
1747,3.289592617
1748,1.288071817
1749,1.285491475
1750,1.550024217
1751,0
1752,1.282907933
1753,1.282907967
1754,3.266392233
1755,2.098623833
1756,2.315439917
1757,2.920672267
1758,2.68387795
1759,2.6983409
1760,2.86549375
1761,2.94840205
1762,2.112332
1763,1.5233212
1764,1.462409067
1765,3.104789383
1766,2.759587283
1767,1.882676867
1768,1.726081183
1769,3.0442212
1770,2.455444383
1771,1.288071817
1772,0
1773,2.098623833
1774,1.288071817
1775,1.668154783
1776,1.521695633
1777,1.57102284
1778,2.25640425
1779,1.293235667
1780,2.278187533
1781,0
1782,1.639956333
1783,2.81459975
1784,1.6483302
1785,2.256404317
1786,2.714939433
1787,1.2880718
1788,1.89942235
1789,3.04151465
1790,2.171927233
1791,1.521825683
1792,2.505446783
1793,1.346380433
1794,0
1795,2.6891152
1796,2.92284678
1797,1.582254233
1798,1.288071817
1799,1.639956333
1800,1.964846383
1801,1.523927717
1802,1.64253205
1803,1.6483302
1804,1.910552917
1805,2.505654217
1806,1.288071817
1807,2.0327331
1808,1.6544827
1809,2.985916267
1810,1.7555955
1811,1.81198165
1812,2.48354845
1813,1.2880718
1814,2.449506433
1815,2.3412774
1816,3.000402133
1817,1.697619983
1818,1.8554924
1819,1.81198165
1820,1.813521883
1821,2.374178933
1822,1.288071817
1823,1.813521883
1824,2.000261717
1825,1.28872358
1826,1.288071817
1827,1.631582633
1828,1.2880718
1829,1.288071817
1830,1.639956517
1831,1.768260833
1832,0
1833,1.28748848
1834,1.2880718
1835,1.86662295
1836,0
1837,3.3730571
1838,1.2860501
1839,1.289658
1840,0
1841,1.288071817
1842,2.145528467
1843,2.12587895
1844,1.726081083
1845,1.2954766
1846,2.892221983
1847,1.28489945
1848,2.06615245
1849,1.2880718
1850,1.693616983
1851,1.709078233
1852,2.488155767
1853,1.814060117
1854,2.44163375
1855,1.465619083
1856,0
1857,1.6681548
1858,1.2932325
1859,0
1860,1.96443495
1861,1.631582467
1862,1.769577717
1863,1.282907933
1864,1.63755234
1865,2.000261717
1866,1.968222067
1867,1.639956433
1868,3.10423825
1869,2.098623833
1870,1.288071817
1871,1.462409183
1872,1.89942235
1873,1.63755246
1874,1.931893733
1875,1.9033946
1876,1.689075667
1877,2.6277836
1878,1.914899467
1879,0
1880,0
1881,2.1203489
1882,0
1883,2.548733517
1884,3.37271318
1885,3.127734817
1886,3.0365995
1887,2.56530835
1888,2.8851795
1889,3.016567417
1890,1.768260817
1891,1.8554924
1892,1.4290754
1893,1.282907967
1894,1.46561915
1895,3.2255347
1896,3.173473033
1897,1.582254233
1898,1.2880718
1899,1.521591717
1900,2.27805095
1901,1.288071817
1902,1.639956333
1903,2.943199817
1904,1.289658
1905,1.288071817
1906,2.113073917
1907,1.4624091
1908,3.215386817
1909,3.001375167
1910,0
1911,1.28703778
1912,1.9994192
1913,1.293235667
1914,1.2848994
1915,1.287035325
1916,1.857018433
1917,2.25640425
1918,1.631582633
1919,1.288071817
1920,0
1921,1.899422367
1922,2.604854917
1923,1.59071355
1924,3.2479689
1925,0
1926,1.639956433
1927,2.362924017
1928,1.7530082
1929,0
1930,0
1931,1.282907967
1932,2.557224217
1933,0
1934,0
1935,1.288071817
1936,1.2880718
1937,1.2848994
1938,1.993120267
1939,1.28872358
1940,0
1941,2.64307616
1942,2.818716633
1943,0
1944,2.535751733
1945,1.639956333
1946,1.899422367
1947,0
1948,0
1949,0
1950,3.137316517
1951,2.342140767
1952,1.462409067
1953,1.77111785
1954,1.740012725
1955,1.289658
1956,1.40470705
1957,1.2880718
1958,0
1959,2.920170033
1960,2.155860017
1961,1.636680925
1962,0
1963,1.288071817
1964,2.25640425
1965,2.354484383
1966,0
1967,1.282907967
1968,1.523321183
1969,2.338395917
1970,1.293235667
1971,2.4966987
1972,1.580539717
1973,2.272956817
1974,1.441069975
1975,2.12035404
1976,1.631582467
1977,1.462409067
1978,1.288071817
1979,2.899889417
1980,2.138577183
1981,1.282907967
1982,1.581647767
1983,1.465619083
1984,2.355477233
1985,1.2880718
1986,1.682360367
1987,1.79242225
1988,1.285491475
1989,1.696886617
1990,0
1991,1.291129975
1992,1.64292014
1993,1.631582567
1994,1.668154817
1995,1.63480505
1996,1.465619083
1997,1.293235667
1998,1.75419315
1999,1.899422367
2000,0
2001,3.379177
2002,1.293235667
2003,2.629004417
2004,1.77111785
2005,1.89942235
2006,1.7692486
2007,1.406436483
2008,1.288071817
2009,2.031579633
2010,1.289658
2011,1.87886164
2012,0
2013,2.665564125
2014,1.844919717
2015,1.639956433
2016,0
2017,1.282907967
2018,1.6399564
2019,2.402490883
2020,2.34355286
2021,2.617073783
2022,2.323381533
2023,1.463655017
2024,1.282907967
2025,1.282907967
2026,2.943903817
2027,1.856480133
2028,1.547556125
2029,2.5474311
2030,0
2031,1.293235667
2032,2.906183167
2033,2.0541393
2034,2.93994735
2035,1.639956383
2036,0
2037,1.288071817
2038,1.287035325
2039,2.897835533
2040,2.098623833
2041,3.22188425
2042,1.580773783
2043,1.910653267
2044,1.282907967
2045,2.68484765
2046,2.7741677
2047,1.813521783
2048,2.178583983
2049,1.523321183
2050,3.14312195
2051,1.42986342
2052,1.28659086
2053,1.2848994
2054,2.178583983
2055,0
2056,2.032357283
2057,1.2932325
2058,2.558930567
2059,1.28489945
2060,0
2061,2.2614617
2062,2.084915667
2063,0
2064,1.285491475
2065,0
2066,1.285491475
2067,1.924244517
2068,0
2069,0
2070,0
2071,3.302385117
2072,2.68483715
2073,3.012197667
2074,1.288071817
2075,2.363292783
2076,3.031163117
2077,1.52159175
2078,1.639956383
2079,1.879188333
2080,1.966046417
2081,1.2880718
2082,1.28990118
2083,0
2084,2.204081683
2085,1.89942235
2086,2.06568575
2087,1.7260811
2088,1.547556075
2089,1.813521783
2090,2.111551617
2091,0
2092,2.0802219
2093,1.769591883
2094,1.2932325
2095,1.2880718
2096,2.407051917
2097,1.639956433
2098,0
2099,0
2100,2.887105433
2101,2.176444167
2102,1.28990118
2103,0
2104,0
2105,3.195349433
2106,1.639956383
2107,2.098623833
2108,1.871957317
2109,0
2110,1.293235667
2111,3.27698045
2112,0
2113,1.2880718
2114,0
2115,1.2954766
2116,0
2117,1.639956517
2118,2.675038883
2119,2.321344867
2120,0
2121,1.282907967
2122,1.293235667
2123,1.89942235
2124,2.150775217
2125,1.92132116
2126,2.125277483
2127,1.713415767
2128,3.329383
2129,0
2130,2.19942288
2131,2.9763985
2132,1.7711179
2133,2.410878733
2134,1.521825733
2135,1.4298634
2136,2.867468083
2137,2.7504972
2138,0
2139,3.416330067
2140,1.2880718
2141,1.6483302
2142,2.741028817
2143,1.856480133
2144,2.000261717
2145,1.288071817
2146,1.412068867
2147,1.2880718
2148,0
2149,1.64292014
2150,3.0048278
2151,1.97285184
2152,1.465619083
2153,2.031890583
2154,1.293235633
2155,0
2156,1.286050125
2157,1.49830002
2158,0
2159,0
2160,0
2161,3.152364083
2162,0
2163,0
2164,0
2165,2.815558217
2166,1.2880718
2167,2.556734733
2168,2.458451933
2169,0
2170,1.293235633
2171,2.40450762
2172,1.522837717
2173,3.202043183
2174,1.2880718
2175,1.582254283
2176,2.64342435
2177,0
2178,0
2179,1.2880718
2180,0
2181,1.899422333
2182,1.293235633
2183,1.813521783
2184,2.031579633
2185,2.41599825
2186,1.465619083
2187,1.639956433
2188,1.89942235
2189,0
2190,2.203524133
2191,3.240236733
2192,1.58164775
2193,2.666867067
2194,1.639956383
2195,2.751501783
2196,0
2197,2.473252483
2198,3.02091084
2199,2.25640425
2200,0
2201,1.293235633
2202,2.263747183
2203,0
2204,1.631582633
2205,1.52392765
2206,3.19847695
2207,1.288071817
2208,2.72905995
2209,2.176444167
2210,1.8007322
2211,1.282907967
2212,3.142564767
2213,1.4656191
2214,1.288071817
2215,2.32552235
2216,1.857018417
2217,1.50954905
2218,1.63668105
2219,3.514576583
2220,2.277546383
2221,1.2954766
2222,1.2880718
2223,2.473252533
2224,2.864724233
2225,2.166256517
2226,2.393344217
2227,2.363292783
2228,1.966155633
2229,1.2880718
2230,0
2231,1.6429202
2232,2.29428775
2233,1.5233212
2234,1.286050125
2235,2.9794859
2236,1.639956333
2237,3.11663875
2238,1.289657975
2239,2.093411325
2240,0
2241,2.86181835
2242,2.8232112
2243,0
2244,1.64292014
2245,1.639956383
2246,1.2880718
2247,1.2954766
2248,2.305498667
2249,2.256404317
2250,1.2880718
2251,2.470634867
2252,1.2880718
2253,2.135871683
2254,1.2880718
2255,2.970748817
2256,1.521591667
2257,1.59071355
2258,2.558930367
2259,1.2860501
2260,2.06568575
2261,3.14732355
2262,3.072775267
2263,1.465619083
2264,1.855911633
2265,2.376260283
2266,2.92895448
2267,2.095419967
2268,2.455444383
2269,1.91064865
2270,0
2271,1.856480133
2272,2.729293983
2273,2.72684072
2274,1.347488417
2275,1.52159175
2276,2.453450783
2277,2.098623833
2278,2.031397733
2279,2.821848533
2280,2.256846217
2281,2.626090467
2282,1.2880718
2283,1.631582567
2284,2.156570483
2285,1.910653267
2286,1.580539817
2287,1.631582633
2288,2.00026175
2289,3.202352817
2290,1.347488417
2291,2.11057584
2292,2.953910467
2293,1.293235633
2294,0
2295,2.0928061
2296,1.81352185
2297,1.727187967
2298,1.642532075
2299,1.64292008
2300,1.639956383
2301,0
2302,0
2303,0
2304,0
2305,0
2306,2.30238272
2307,1.2880718
2308,1.284813
2309,2.822034183
2310,1.899422367
2311,1.639956333
2312,2.453930217
2313,2.1034707
2314,1.293235633
2315,2.17858395
2316,1.288071817
2317,1.28703776
2318,1.2880718
2319,1.28906595
2320,3.145599
2321,1.523071767
2322,0
2323,0
2324,0
2325,3.035282433
2326,1.697619983
2327,1.8125502
2328,0
2329,1.727397133
2330,2.37169755
2331,0
2332,1.288071817
2333,1.288071817
2334,1.812550217
2335,1.547556
2336,0
2337,2.558930367
2338,2.311447783
2339,3.4329626
2340,1.2880718
2341,2.675039017
2342,1.288071783
2343,1.288071817
2344,0
2345,1.42582532
2346,1.285491475
2347,1.97470444
2348,2.998833017
2349,1.6483302
2350,1.5967806
2351,1.639956333
2352,2.031579617
2353,1.465619083
2354,1.293235667
2355,2.046006533
2356,1.2880718
2357,1.639956383
2358,0
2359,0
2360,1.2880718
2361,1.696886617
2362,3.400921517
2363,1.282907933
2364,2.098623833
2365,0
2366,1.282907967
2367,2.772986133
2368,2.401632417
2369,2.4805318
2370,1.899422383
2371,1.2880718
2372,1.8455949
2373,2.6873417
2374,2.080221833
2375,1.3457739
2376,1.648330233
2377,2.453553467
2378,0
2379,0
2380,2.438246817
2381,1.28990116
2382,1.2880718
2383,1.2880718
2384,0
2385,2.080221833
2386,1.77111785
2387,3.066426233
2388,3.093657667
2389,0
2390,1.567001683
2391,1.293235633
2392,1.2860501
2393,1.2880718
2394,2.20392485
2395,2.492858983
2396,2.963804317
2397,1.581008317
2398,2.589888617
2399,1.28659086
2400,1.899422367
2401,2.463851117
2402,1.95583775
2403,2.037817933
2404,2.566159483
2405,1.5029579
2406,2.08636395
2407,1.2880718
2408,1.878457383
2409,1.293235667
2410,1.856480133
2411,0
2412,1.282907967
2413,2.176444133
2414,2.655743833
2415,1.59071355
2416,1.52223115
2417,3.00696885
2418,2.4904501
2419,1.2880718
2420,1.2880718
2421,1.282907967
2422,1.2954766
2423,1.282907967
2424,1.2880718
2425,1.965973733
2426,1.855911633
2427,2.921546617
2428,2.574421783
2429,3.217647883
2430,1.293235667
2431,2.037890983
2432,2.740914133
2433,1.7258569
2434,2.396308867
2435,1.984113967
2436,1.581647767
2437,1.289657975
2438,1.682360367
2439,2.7645604
2440,0
2441,1.282907967
2442,2.693651983
2443,1.631582467
2444,1.6519763
2445,1.2880718
2446,0
2447,0
2448,0
2449,0
2450,0
2451,2.428679233
2452,2.5020716
2453,2.807183433
2454,1.639956433
2455,2.151773383
2456,2.42400596
2457,2.256404317
2458,3.1181184
2459,1.639956333
2460,1.282907967
2461,1.293235633
2462,1.285491475
2463,1.631582467
2464,0
2465,2.112332
2466,2.031397733
2467,1.2880718
2468,1.899422383
2469,2.229908417
2470,1.347488417
2471,1.289657975
2472,2.5272179
2473,0
2474,1.2880718
2475,1.28549145
2476,0
2477,1.639956517
2478,1.28990118
2479,1.28872356
2480,0
2481,0
2482,2.4865669
2483,1.521591667
2484,0
2485,0
2486,1.94139746
2487,2.6793955
2488,2.52814192
2489,2.4508721
2490,1.582254283
2491,3.180998533
2492,0
2493,2.263204533
2494,2.29431255
2495,2.124693383
2496,2.5454612
2497,1.811981633
2498,1.28906595
2499,2.1698238
2500,3.32369715
2501,1.2880718
2502,1.639956333
2503,1.582254383
2504,0
2505,2.048978933
2506,2.5137277
2507,1.8554924
2508,1.2932325
2509,2.906061933
2510,2.8539493
2511,1.582254283
2512,2.06501055
2513,2.295108167
2514,2.28145445
2515,0
2516,1.2880718
2517,1.607726217
2518,1.29323245
2519,2.718096467
2520,0
2521,1.6429202
2522,2.90103385
2523,2.455175233
2524,2.256404317
2525,0
2526,1.45036645
2527,2.42268625
2528,2.8112982
2529,1.28703776
2530,1.465619067
2531,2.76984035
2532,1.81198165
2533,1.910653233
2534,1.639956383
2535,1.856480133
2536,2.952561833
2537,1.2880718
2538,0
2539,3.139317617
2540,2.2238937
2541,1.2880718
2542,1.582254333
2543,2.72731245
2544,1.46240905
2545,2.916838
2546,0
2547,1.63577125
2548,2.285949125
2549,2.559452667
2550,0
2551,1.580773733
2552,1.872796533
2553,1.639956383
2554,1.857018417
2555,1.88074795
2556,3.104903625
2557,0
2558,2.702871783
2559,2.2033081
2560,2.562050167
2561,1.2880718
2562,1.286050125
2563,3.226479333
2564,1.293235667
2565,1.2870353
2566,3.08981245
2567,1.989774783
2568,1.35878844
2569,1.285491475
2570,3.004077367
2571,1.654482717
2572,2.144957567
2573,2.878610717
2574,1.65813455
2575,3.043655383
2576,1.4624091
2577,0
2578,2.287834467
2579,3.045866483
2580,0
2581,1.288071817
2582,2.023748517
2583,1.285491475
2584,3.26573345
2585,0
2586,3.151011633
2587,1.2880718
2588,3.11129185
2589,1.291129975
2590,1.2880718
2591,1.284813
2592,1.639956433
2593,1.8121908
2594,3.09509288
2595,1.287035325
2596,2.069774767
2597,2.83545145
2598,1.288071817
2599,0
2600,0
2601,1.2880718
2602,1.2880718
2603,2.091772275
2604,1.771117917
2605,0
2606,2.4904501
2607,1.81198165
2608,1.2848129
2609,3.07158175
2610,0
2611,1.9155561
2612,0
2613,1.293235633
2614,0
2615,2.6094513
2616,1.2880718
2617,0
2618,1.812953267
2619,1.857018417
2620,1.288071817
2621,1.290426
2622,2.112332
2623,0
2624,1.2880718
2625,2.6871847
2626,1.288071817
2627,1.813521883
2628,1.2880718
2629,1.284813
2630,1.293235667
2631,2.023748517
2632,2.3424868
2633,1.42907538
2634,1.2880718
2635,3.002598467
2636,1.285491475
2637,1.293235667
2638,1.285491475
2639,0
2640,1.2880718
2641,2.785398733
2642,1.345773883
2643,2.25462466
2644,1.2880718
2645,0
2646,2.381348767
2647,0
2648,1.565755733
2649,1.2932325
2650,3.010046917
2651,0
2652,1.293235667
2653,1.899422367
2654,1.2880718
2655,1.6483265
2656,1.288071817
2657,0
2658,1.282907967
2659,2.354605017
2660,1.282907967
2661,2.098623833
2662,1.8304068
2663,1.938687267
2664,0
2665,0
2666,0
2667,1.35745884
2668,2.547994433
2669,1.2880718
2670,0
2671,2.259567467
2672,1.813521783
2673,2.926395167
2674,0
2675,0
2676,2.68351295
2677,1.285491475
2678,1.2880718
2679,1.28549145
2680,1.582254333
2681,2.399538267
2682,0
2683,2.013482517
2684,1.289657975
2685,1.581647817
2686,1.2880718
2687,3.359442667
2688,1.523321183
2689,0
2690,1.46401875
2691,0
2692,0
2693,0
2694,1.696886633
2695,1.347254417
2696,1.462409067
2697,2.224050633
2698,1.282907967
2699,2.85901305
2700,1.286050125
2701,1.3583377
2702,2.065671217
2703,1.2880718
2704,2.786355517
2705,2.098623833
2706,0
2707,3.429961625
2708,0
2709,0
2710,1.4064365
2711,2.56454475
2712,0
2713,2.39765725
2714,2.776443583
2715,1.28549145
2716,1.712809333
2717,1.857018417
2718,1.899422367
2719,2.203254733
2720,1.347488417
2721,2.433622283
2722,1.639956383
2723,1.791747633
2724,2.928544933
2725,2.5887142
2726,2.5192151
2727,3.0604655
2728,1.2880718
2729,2.988474533
2730,1.580539717
2731,1.966046417
2732,2.692503383
2733,0
2734,0
2735,2.25640425
2736,2.9683071
2737,3.06417885
2738,1.2880718
2739,1.2848129
2740,2.872929383
2741,2.462327733
2742,1.521825767
2743,1.8125502
2744,1.639956517
2745,2.098623833
2746,2.796538833
2747,3.51174575
2748,1.726290233
2749,2.987077567
2750,0
2751,1.289658
2752,0
2753,1.2880718
2754,0
2755,0
2756,1.375175025
2757,2.031579633
2758,1.289658
2759,1.289657975
2760,1.683677133
2761,1.28659084
2762,1.465619083
2763,0
2764,2.628529167
2765,2.82070905
2766,1.590713583
2767,1.825592333
2768,1.46474505
2769,2.74443945
2770,1.2880718
2771,0
2772,3.31199125
2773,1.2880718
2774,0
2775,1.28990116
2776,1.2880718
2777,0
2778,1.404707
2779,1.2932325
2780,1.932375
2781,2.422119533
2782,1.289657975
2783,2.098623833
2784,1.639956333
2785,1.282907967
2786,1.52182575
2787,2.819169083
2788,0
2789,1.933035617
2790,1.769039417
2791,1.2880718
2792,2.70579575
2793,1.4064365
2794,1.52182575
2795,1.289657975
2796,1.285491475
2797,0
2798,1.2880718
2799,1.2880718
2800,2.06568575
2801,1.29323245
2802,1.555978925
2803,1.582254333
2804,2.751233667
2805,1.2954766
2806,1.28659086
2807,2.0199729
2808,2.42030945
2809,3.0013499
2810,2.426787733
2811,1.804150567
2812,2.178583983
2813,2.850972483
2814,2.309561617
2815,2.58695766
2816,1.49624248
2817,0
2818,1.2880718
2819,2.91955505
2820,1.899422367
2821,1.45036645
2822,2.023748517
2823,2.82836265
2824,2.3146989
2825,0
2826,2.116579417
2827,0
2828,2.1436337
2829,1.28990116
2830,1.2880718
2831,0
2832,2.6873417
2833,1.5233212
2834,0
2835,1.2880718
2836,1.2880718
2837,2.7129818
2838,1.6519763
2839,1.28703776
2840,1.871957317
2841,1.2880718
2842,1.874113433
2843,1.2880718
2844,1.639956333
2845,1.288071817
2846,2.098623833
2847,1.285491475
2848,1.288071817
2849,2.016857933
2850,2.401632233
2851,1.708844217
2852,2.954018683
2853,0
2854,2.564441467
2855,1.345773883
2856,1.288071817
2857,1.639956333
2858,2.773785775
2859,0
2860,2.997108317
2861,0
2862,1.289658
2863,1.581647817
2864,1.608972217
2865,2.651712117
2866,2.0208987
2867,1.29323245
2868,0
2869,1.668154817
2870,1.89942235
2871,2.379069833
2872,2.67721635
2873,2.273492
2874,1.282907967
2875,0
2876,1.293235667
2877,1.2954766
2878,2.098623833
2879,1.855911617
2880,1.75519525
2881,2.00026175
2882,0
2883,3.21212025
2884,1.52963368
2885,1.639956333
2886,2.342140767
2887,0
2888,0
2889,2.91347094
2890,1.2880718
2891,0
2892,1.29323245
2893,2.8759223
2894,0
2895,1.957319533
2896,1.2880718
2897,1.777580133
2898,1.899422367
2899,0
2900,2.117409667
2901,0
2902,2.17170085
2903,1.957857817
2904,1.64292008
2905,1.286050125
2906,0
2907,2.3918478
2908,1.463265083
2909,3.275548467
2910,3.031035833
2911,1.2880718
2912,1.285491475
2913,2.4545753
2914,1.288071817
2915,1.289657975
2916,2.880226783
2917,1.2880718
2918,1.282907933
2919,1.64832655
2920,2.274612617
2921,2.779770317
2922,2.47473664
2923,1.635771325
2924,1.2880718
2925,0
2926,1.2932325
2927,1.289658
2928,0
2929,1.639956433
2930,2.793238667
2931,1.933217533
2932,1.467205
2933,1.81198165
2934,1.5233212
2935,2.744458483
2936,1.28872356
2937,1.289657975
2938,0
2939,2.639140183
2940,1.293235667
2941,1.768260833
2942,1.293235667
2943,2.40228115
2944,2.391233217
2945,3.086098983
2946,1.990272183
2947,1.639956383
2948,1.582254333
2949,1.582254283
2950,1.406436483
2951,1.523321183
2952,1.28990116
2953,2.1034707
2954,1.888191433
2955,1.580773833
2956,0
2957,1.2880718
2958,1.289658
2959,1.444677875
2960,1.69688665
2961,1.2880718
2962,1.682360267
2963,2.518667933
2964,1.2880718
2965,1.8881915
2966,2.4783046
2967,1.2880718
2968,1.581647817
2969,1.28489945
2970,1.289658
2971,2.604802467
2972,1.91141
2973,2.14045195
2974,1.4258253
2975,1.285491475
2976,1.89942235
2977,0
2978,1.754241583
2979,2.3169067
2980,1.288071817
2981,1.726290333
2982,1.282907933
2983,0
2984,0
2985,0
2986,1.2954766
2987,1.529965
2988,1.8135218
2989,1.2880718
2990,1.580773833
2991,2.812241583
2992,2.877425183
2993,1.28872356
2994,1.639956383
2995,1.768260867
2996,1.2880718
2997,0
2998,2.689115333
2999,1.58100845
3000,2.268342583
3001,0
3002,1.855701567
3003,0
3004,2.4904501
3005,2.049535217
3006,2.204252883
3007,1.2880718
3008,1.582254233
3009,2.19826395
3010,3.2287946
3011,1.99778445
3012,2.2988467
3013,2.479995483
3014,2.236240817
3015,1.28872356
3016,1.2880718
3017,2.15373712
3018,1.288071817
3019,2.905654833
3020,2.384434617
3021,1.89942235
3022,1.28549145
3023,1.2880718
3024,1.2880718
3025,1.285491475
3026,0
3027,2.815016683
3028,0
3029,1.855701533
3030,1.28703776
3031,1.72531865
3032,1.2880718
3033,2.147217683
3034,2.545167467
3035,1.288071817
3036,2.1461126
3037,1.293235633
3038,1.987467767
3039,1.2880718
3040,1.293235633
3041,1.3787829
3042,1.2954766
3043,0
3044,2.118835333
3045,1.285491475
3046,1.28868898
3047,0
3048,1.639956433
3049,1.285491475
3050,1.2880718
3051,0
3052,1.639956333
3053,1.28549145
3054,1.404707033
3055,1.28990116
3056,3.33056352
3057,2.284346467
3058,2.341140933
3059,1.291129975
3060,1.412069
3061,3.003652383
3062,1.2880718
3063,2.328833733
3064,1.2860501
3065,1.639956333
3066,1.2880718
3067,2.098623833
3068,1.547556125
3069,2.08373105
3070,0
3071,2.067148533
3072,1.990272183
3073,1.2860501
3074,2.4904501
3075,1.899422367
3076,1.77111785
3077,1.88500895
3078,1.521591733
3079,1.899422367
3080,2.177271167
3081,1.914361217
3082,2.3162057
3083,2.7272216
3084,0
3085,1.2880718
3086,2.850081783
3087,1.4656191
3088,2.66686725
3089,1.293235667
3090,1.866622933
3091,1.63577125
3092,2.105160833
3093,0
3094,2.851600017
3095,1.811981667
3096,0
3097,0
3098,0
3099,1.6483302
3100,2.47864998
3101,1.282907967
3102,1.580773833
3103,1.28990118
3104,1.89942235
3105,1.798171533
3106,2.046006533
3107,2.819357233
3108,1.582254233
3109,1.5233212
3110,0
3111,1.282907933
3112,1.639956333
3113,2.092489717
3114,1.639956433
3115,1.29323245
3116,1.4064365
3117,2.092489717
3118,2.558930467
3119,1.639956333
3120,1.2880718
3121,0
3122,1.2880718
3123,1.288071817
3124,1.41150438
3125,0
3126,1.855701533
3127,0
3128,0
3129,2.341254467
3130,1.50295792
3131,2.112332
3132,1.580773817
3133,2.56999675
3134,0
3135,0
3136,1.89942235
3137,1.639956333
3138,1.581647817
3139,1.2880718
3140,1.639956433
3141,2.642853733
3142,2.33797005
3143,1.2880718
3144,2.890832483
3145,2.41650475
3146,1.2880718
3147,1.2880718
3148,2.63030295
3149,3.043394667
3150,1.289657975
3151,0
3152,1.28703776
3153,1.639956333
3154,1.529965
3155,1.28990116
3156,2.548641683
3157,2.363292783
3158,1.289657975
3159,1.580773833
3160,0
3161,1.899422367
3162,1.287035325
3163,1.2880718
3164,0
3165,1.885009
3166,1.288071817
3167,1.52182575
3168,0
3169,1.43048036
3170,2.172194483
3171,1.286050125
3172,1.346380417
3173,2.3601968
3174,1.8938092
3175,1.285491475
3176,2.59343795
3177,1.42986336
3178,1.28990118
3179,1.43048036
3180,1.812190817
3181,0
3182,1.404707033
3183,2.454575267
3184,1.293235667
3185,1.286050125
3186,2.5646488
3187,2.031397733
3188,0
3189,3.2521725
3190,1.6483302
3191,0
3192,1.581008367
3193,2.988657783
3194,2.305325567
3195,2.031883983
3196,1.914361217
3197,2.289219633
3198,2.35476436
3199,1.2880718
3200,2.538678617
3201,1.2954766
3202,1.68291475
3203,0
3204,1.28549145
3205,2.336691767
3206,1.84929332
3207,1.639956517
3208,3.2538592
3209,2.467283267
3210,2.177585833
3211,1.2880718
3212,1.288071817
3213,2.545409017
3214,2.375156833
3215,1.639956433
3216,2.455175133
3217,2.049895983
3218,1.754241583
3219,0
3220,0
3221,1.2880718
3222,2.7527497
3223,1.2870353
3224,3.023884483
3225,2.91960305
3226,3.089952167
3227,1.5233212
3228,2.031890583
3229,0
3230,1.814060133
3231,1.2880718
3232,1.997784467
3233,1.5670016
3234,1.2880718
3235,2.906517967
3236,1.899422367
3237,2.2620046
3238,0
3239,2.28108755
3240,1.282907967
3241,1.37517505
3242,2.272252233
3243,1.99778445
3244,1.4624091
3245,1.28549145
3246,1.523071733
3247,0
3248,1.2880718
3249,0
3250,1.639956383
3251,2.36244175
3252,1.2880718
3253,1.582254333
3254,3.247423383
3255,2.831931783
3256,0
3257,1.46388955
3258,1.37517505
3259,1.28906595
3260,1.64253205
3261,1.89942235
3262,0
3263,1.878457333
3264,0
3265,2.177442317
3266,1.293235667
3267,0
3268,2.031397733
3269,1.2880718
3270,1.6429202
3271,1.2880718
3272,0
3273,3.1583166
3274,2.666867067
3275,1.375175025
3276,0
3277,3.3239741
3278,1.639956333
3279,2.4196884
3280,1.639956333
3281,1.293235633
3282,2.38940815
3283,1.639956333
3284,0
3285,1.643450267
3286,3.4279122
3287,2.29810045
3288,1.286050125
3289,0
3290,3.00295434
3291,2.89850812
3292,1.28659084
3293,1.2880718
3294,2.62485405
3295,0
3296,1.580773783
3297,1.282907967
3298,1.2880718
3299,1.289657975
3300,2.35933365
3301,2.196137333
3302,1.993788825
3303,0
3304,2.111866283
3305,1.49829998
3306,2.342486933
3307,1.2880718
3308,2.342140767
3309,1.8460411
3310,1.6483265
3311,1.2880718
3312,1.289658
3313,0
3314,1.28872358
3315,1.857018417
3316,2.76409695
3317,1.40470695
3318,1.29323245
3319,1.522231183
3320,1.63755234
3321,1.521591733
3322,0
3323,2.76660645
3324,1.2880718
3325,3.024313617
3326,2.064828667
3327,1.293235667
3328,2.2616827
3329,1.2880718
3330,1.899422367
3331,2.299465267
3332,1.857018433
3333,1.639956433
3334,2.230735417
3335,1.521591733
3336,2.048100317
3337,1.8301974
3338,1.9033946
3339,0
3340,1.28489945
3341,1.2880718
3342,0
3343,1.3787829
3344,1.2880718
3345,0
3346,1.284813
3347,0
3348,3.411640167
3349,1.2874885
3350,2.9449077
3351,2.651620433
3352,2.1034707
3353,2.06501055
3354,0
3355,1.880747883
3356,3.12072735
3357,1.727397133
3358,1.64253205
3359,1.2880718
3360,1.75521325
3361,2.38443485
3362,2.931857333
3363,2.19826395
3364,2.98089995
3365,1.282907933
3366,1.282907967
3367,1.2880718
3368,2.261289925
3369,1.391418383
3370,1.823211633
3371,3.368422983
3372,1.639956433
3373,1.2880718
3374,3.1932515
3375,2.748835967
3376,3.02091084
3377,1.2954766
3378,0
3379,1.610512433
3380,2.8583283
3381,1.285491475
3382,1.28489945
3383,1.28659084
3384,0
3385,2.558930367
3386,2.080221833
3387,2.0327331
3388,1.289658
3389,1.7306818
3390,3.3876266
3391,1.28703778
3392,1.631582567
3393,0
3394,1.825592333
3395,2.868962033
3396,2.256404317
3397,1.28990116
3398,1.2880718
3399,1.77111785
3400,2.399513767
3401,2.0802219
3402,2.579645533
3403,2.098623833
3404,1.406436483
3405,2.493683483
3406,1.582254233
3407,1.72078004
3408,0
3409,2.487968517
3410,2.098623833
3411,1.282907967
3412,1.639956333
3413,1.2880718
3414,0
3415,1.2880718
3416,2.90652365
3417,1.2880718
3418,2.824253883
3419,1.462409183
3420,1.857018433
3421,2.24427605
3422,2.509757333
3423,2.757830867
3424,1.6483302
3425,0
3426,1.28489945
3427,3.113056417
3428,0
3429,1.288071817
3430,0
3431,0
3432,2.00926618
3433,2.031890583
3434,1.2870353
3435,2.76809725
3436,0
3437,2.266187833
3438,1.89942235
3439,1.68870245
3440,1.2880718
3441,2.4057068
3442,1.2880718
3443,0
3444,1.28990116
3445,0
3446,2.568816917
3447,0
3448,2.138198133
3449,2.2032547
3450,3.259219833
3451,3.045070167
3452,1.2880718
3453,1.890275283
3454,1.631582567
3455,1.631582467
3456,1.2880718
3457,1.639956333
3458,1.898611033
3459,2.67340742
3460,2.29983415
3461,2.883648983
3462,1.285491475
3463,0
3464,1.812953333
3465,1.293235667
3466,0
3467,1.89942235
3468,1.289657975
3469,2.419989283
3470,1.282907967
3471,2.454694167
3472,1.857018467
3473,1.769367667
3474,1.6519763
3475,1.2848994
3476,2.40193325
3477,1.2880718
3478,2.33797005
3479,1.282907933
3480,0
3481,1.347488417
3482,1.2880718
3483,1.64292008
3484,0
3485,1.289657975
3486,2.098623833
3487,2.688523717
3488,1.293235667
3489,1.96871202
3490,1.2954766
3491,3.40193725
3492,2.948609733
3493,2.24520265
3494,2.144247067
3495,2.46953315
3496,1.289657975
3497,2.3772755
3498,2.331250033
3499,2.490433033
3500,2.836289967
3501,1.639956433
3502,2.032357283
3503,1.768260817
3504,1.28659084
3505,3.075768317
3506,2.332246175
3507,1.64253205
3508,2.031579633
3509,1.582254333
3510,2.8600709
3511,1.2880718
3512,2.218900333
3513,3.3553093
3514,1.2880718
3515,2.39068594
3516,1.642532075
3517,1.639956383
3518,3.041321233
3519,3.423633067
3520,0
3521,1.28990116
3522,2.1185513
3523,2.287834467
3524,0
3525,1.288071817
3526,1.50190912
3527,1.285491475
3528,1.771117917
3529,1.28549145
3530,1.853506917
3531,1.582254333
3532,2.4062755
3533,1.902880225
3534,0
3535,2.87368195
3536,2.098623833
3537,2.084915667
3538,1.2880718
3539,1.5822543
3540,2.5717721
3541,2.914193867
3542,1.28990116
3543,1.758794983
3544,1.2880718
3545,1.2880718
3546,1.74600076
3547,1.89942235
3548,2.00026175
3549,1.521591667
3550,0
3551,1.965507
3552,1.289657975
3553,2.25640425
3554,2.265373533
3555,1.391418383
3556,1.557450925
3557,2.269594
3558,1.2880718
3559,2.749516267
3560,2.481067067
3561,2.22603615
3562,0
3563,2.654249717
3564,3.051612
3565,2.855808833
3566,1.798137433
3567,0
3568,0
3569,0
3570,1.460444325
3571,1.889971067
3572,2.801706867
3573,2.4098904
3574,1.6544827
3575,1.2880718
3576,1.580539717
3577,1.99778445
3578,3.4613065
3579,2.562334633
3580,2.3524019
3581,1.28906595
3582,1.565725117
3583,0
3584,1.2880718
3585,1.2932325
3586,2.447276783
3587,0
3588,1.580539717
3589,0
3590,0
3591,0
3592,1.28990118
3593,0
3594,1.965507033
3595,0
3596,1.893809225
3597,2.687342
3598,1.2880718
3599,0
3600,1.857018417
3601,2.609897667
3602,1.6838863
3603,2.794838133
3604,2.455196417
3605,1.6519763
3606,1.37517505
3607,1.845594933
3608,2.04993585
3609,1.56725115
3610,1.64292016
3611,1.28990116
3612,1.28659084
3613,1.74600078
3614,3.124276517
3615,1.286050125
3616,2.417450833
3617,2.428084917
3618,1.582254233
3619,2.454778517
3620,1.2880718
3621,2.411281383
3622,1.812190833
3623,0
3624,1.63755242
3625,2.943779733
3626,2.8993877
3627,1.2880718
3628,0
3629,1.81198165
3630,1.2954766
3631,1.957857817
3632,1.2870353
3633,1.347254417
3634,3.254619417
3635,0
3636,1.2880718
3637,2.102846375
3638,2.263204583
3639,0
3640,0
3641,0
3642,0
3643,2.802651
3644,0
3645,0
3646,1.768260833
3647,1.2880718
3648,1.639956333
3649,1.89942235
3650,1.768260817
3651,2.0037277
3652,1.288071817
3653,1.7741427
3654,2.1430132
3655,2.360552917
3656,2.176444133
3657,1.639956333
3658,1.2954766
3659,0
3660,1.2880718
3661,3.283200717
3662,1.77111785
3663,1.639956333
3664,2.0264638
3665,1.28990118
3666,1.28489945
3667,0
3668,2.06615245
3669,2.586976267
3670,1.2880718
3671,0
3672,3.484435633
3673,2.318391083
3674,3.35902162
3675,2.578173833
3676,1.639956433
3677,2.350500617
3678,2.302412533
3679,1.888191433
3680,1.28659084
3681,0
3682,3.1772958
3683,2.9542371
3684,1.2880718
3685,1.8559116
3686,2.080221833
3687,3.07996375
3688,1.28703776
3689,2.53434395
3690,1.406436483
3691,1.523321183
3692,0
3693,1.2880718
3694,1.28872358
3695,1.9235244
3696,1.288071817
3697,2.25640425
3698,2.42042805
3699,1.28990116
3700,2.888101667
3701,0
3702,1.2880718
3703,1.288071817
3704,0
3705,1.2954766
3706,0
3707,1.81198165
3708,1.807674867
3709,2.839270883
3710,2.516672667
3711,1.2880718
3712,1.2880718
3713,1.282907967
3714,1.28906595
3715,1.2848994
3716,2.032733133
3717,1.289658
3718,2.636898017
3719,1.75911975
3720,3.383284883
3721,2.85778815
3722,3.378400267
3723,0
3724,1.2954766
3725,2.3194943
3726,1.288071817
3727,2.788557133
3728,3.101354183
3729,1.2932325
3730,1.2880718
3731,1.557450875
3732,1.28990116
3733,2.75060785
3734,3.18854225
3735,1.89942235
3736,2.497758267
3737,1.99892635
3738,1.406202483
3739,0
3740,1.28872356
3741,0
3742,1.523071767
3743,2.544466433
3744,1.914361167
3745,2.5778127
3746,1.521825683
3747,0
3748,1.582254283
3749,1.52159165
3750,1.63577125
3751,2.56519725
3752,1.94683255
3753,3.061332567
3754,1.4624091
3755,1.639956383
3756,1.521825717
3757,3.08612845
3758,2.118992217
3759,1.899422367
3760,1.813521783
3761,1.293235633
3762,1.293235667
3763,2.675130667
3764,1.28703776
3765,1.85202826
3766,1.376528825
3767,1.467205025
3768,2.636146083
3769,2.204665783
3770,1.2874885
3771,2.342128183
3772,0
3773,0
3774,1.28990116
3775,1.2880718
3776,1.768260833
3777,1.521825733
3778,1.2954766
3779,1.287035325
3780,1.931893733
3781,1.4624091
3782,0
3783,1.72739705
3784,1.35878842
3785,1.284813
3786,2.178583983
3787,2.6013311
3788,1.293235667
3789,1.2880718
3790,1.2954766
3791,2.5487545
3792,1.9519174
3793,2.048855633
3794,1.768260817
3795,2.850178383
3796,1.282907967
3797,1.9155561
3798,1.580773783
3799,2.8026472
3800,1.6519763
3801,1.2880718
3802,1.77111795
3803,0
3804,1.56725115
3805,1.6838863
3806,3.127386767
3807,3.012252083
3808,2.982570717
3809,2.50849318
3810,1.856480133
3811,1.2880718
3812,1.523321183
3813,1.28990116
3814,2.60386195
3815,2.150775217
3816,1.293235667
3817,2.240556267
3818,1.89942235
3819,1.639956433
3820,2.72952608
3821,0
3822,2.43718685
3823,2.1770283
3824,1.81352185
3825,1.683677267
3826,2.677400533
3827,2.768839867
3828,1.2860501
3829,1.65917414
3830,1.64292014
3831,3.031613017
3832,1.9033946
3833,1.5029579
3834,1.6429202
3835,2.1183271
3836,1.2880718
3837,1.3787829
3838,0
3839,2.032733133
3840,2.3962989
3841,2.292998217
3842,0
3843,1.293235667
3844,1.282907933
3845,2.298698283
3846,2.722255467
3847,1.580773733
3848,1.2880718
3849,1.547556075
3850,2.256404317
3851,1.2880718
3852,2.699735483
3853,1.2880718
3854,2.865410267
3855,1.582254233
3856,2.22990835
3857,2.084915667
3858,1.347488433
3859,1.2880718
3860,2.224050633
3861,1.2880718
3862,0
3863,2.408216367
3864,1.582254283
3865,2.032733133
3866,2.637090067
3867,1.2880718
3868,3.086691533
3869,1.740012775
3870,1.2880718
3871,1.813521883
3872,2.729222283
3873,1.635771425
3874,1.60870256
3875,0
3876,1.7531336
3877,1.86662295
3878,1.725856917
3879,1.286050125
3880,0
3881,2.670610583
3882,0
3883,1.522231133
3884,1.6483302
3885,3.16569802
3886,2.9370021
3887,1.64292008
3888,1.910343767
3889,2.204665783
3890,1.99778445
3891,1.289658
3892,0
3893,1.293235667
3894,1.2880718
3895,1.28659084
3896,2.929792033
3897,0
3898,0
3899,2.098623833
3900,2.811421417
3901,1.59071355
3902,2.294676083
3903,1.6519766
3904,2.85365655
3905,0
3906,1.71128325
3907,0
3908,0
3909,1.987858817
3910,2.098623833
3911,0
3912,0
3913,2.748206067
3914,0
3915,0
3916,2.7857524
3917,2.517172483
3918,1.922909133
3919,1.523321183
3920,3.197901117
3921,1.8796065
3922,1.642532075
3923,1.6399564
3924,3.1485815
3925,2.291684717
3926,0
3927,1.406436467
3928,0
3929,0
3930,1.2880718
3931,2.06568575
3932,1.28549145
3933,2.604854967
3934,1.624260517
3935,2.630635017
3936,1.289657975
3937,1.2880718
3938,2.785398917
3939,2.176870517
3940,2.47295165
3941,0
3942,1.2880718
3943,0
3944,2.819858183
3945,1.899422367
3946,2.6983409
3947,1.877405667
3948,2.031579617
3949,3.328738183
3950,1.64292016
3951,1.288071817
3952,3.2728271
3953,0
3954,1.37517505
3955,1.922909133
3956,1.523927717
3957,3.051612
3958,1.2880718
3959,1.289657975
3960,0
3961,1.857018433
3962,2.541071133
3963,1.406436533
3964,2.377394267
3965,0
3966,0
3967,1.698031417
3968,2.967336117
3969,2.6789984
3970,2.6598349
3971,1.28990118
3972,2.818862917
3973,2.6385253
3974,2.31469875
3975,2.911193783
3976,2.441335083
3977,3.12725745
3978,1.77991048
3979,1.64292016
3980,1.801198917
3981,1.845993217
3982,2.102703667
3983,1.289658
3984,2.27278795
3985,2.535751733
3986,2.2340445
3987,0
3988,1.289657975
3989,2.785059233
3990,2.9760957
3991,1.289657975
3992,3.196279683
3993,1.90339458
3994,2.639666383
3995,2.677569183
3996,3.182308417
3997,0
3998,1.2874885
3999,1.2880718
4000,2.1558601
4001,1.37517505
4002,2.256404317
4003,2.5206509
4004,2.118303833
4005,1.2880718
4006,2.4686537
4007,1.547556125
4008,3.037739267
4009,1.2880718
4010,1.2870353
4011,0
4012,1.2880718
4013,1.4049565
4014,2.8132162
4015,0
4016,0
4017,1.2880718
4018,1.2870353
4019,1.293235667
4020,1.6425322
4021,1.2880718
4022,1.581629817
4023,2.53784486
4024,1.28489945
4025,1.799316317
4026,2.2468321
4027,1.871957233
4028,2.26320955
4029,1.639956333
4030,1.56681476
4031,1.2880718
4032,1.288071817
4033,0
4034,3.100024333
4035,1.293235633
4036,1.46452905
4037,1.2880718
4038,2.27805095
4039,1.682898567
4040,0
4041,1.813521783
4042,2.410650067
4043,0
4044,2.95886992
4045,1.93582645
4046,1.293235633
4047,1.58164775
4048,1.288071817
4049,2.61263405
4050,2.66627342
4051,2.228523683
4052,0
4053,1.75256505
4054,1.8554924
4055,3.508778817
4056,0
4057,1.2848994
4058,1.405190517
4059,1.2880718
4060,0
4061,1.856480133
4062,1.28489945
4063,1.999867433
4064,2.263204583
4065,1.2954766
4066,1.49669326
4067,0
4068,2.395952733
4069,3.046377333
4070,0
4071,1.96664845
4072,1.288071817
4073,1.28872356
4074,1.2880718
4075,2.402490683
4076,1.4656191
4077,2.402372017
4078,1.892692483
4079,2.384434617
4080,1.288071817
4081,1.2848994
4082,1.2880718
4083,2.256404317
4084,1.462409183
4085,1.28659086
4086,2.288128033
4087,1.2880718
4088,1.639956433
4089,0
4090,2.6608106
4091,2.605692433
4092,1.4656191
4093,2.710772033
4094,1.814060117
4095,2.117564233
4096,1.288071817
4097,3.04449615
4098,1.90288025
4099,2.0196161
4100,1.812190783
4101,0
4102,1.639956433
4103,2.4807989
4104,3.0553103
4105,1.2880718
4106,1.8132976
4107,1.50295792
4108,3.026404017
4109,1.931893733
4110,1.282907967
4111,1.462409133
4112,1.28990118
4113,1.636680925
4114,2.411281383
4115,0
4116,2.090679467
4117,2.4904501
4118,2.402371833
4119,2.581520417
4120,1.2880718
4121,2.256404317
4122,1.5233212
4123,1.769591817
4124,2.45266014
4125,1.683886367
4126,1.77111785
4127,1.2880718
4128,1.2880718
4129,1.635771375
4130,0
4131,1.2880718
4132,2.267332133
4133,1.56971478
4134,2.09017875
4135,1.582254233
4136,0
4137,0
4138,1.899422367
4139,1.2880718
4140,2.816587025
4141,2.858537467
4142,1.284813
4143,3.02080775
4144,1.286050125
4145,1.28990116
4146,1.564229667
4147,1.2880718
4148,2.8459774
4149,1.285491475
4150,1.28990118
4151,1.6399564
4152,1.41150438
4153,3.00024635
4154,2.588034967
4155,1.899422367
4156,2.444319983
4157,2.308673317
4158,1.50295792
4159,1.754241583
4160,0
4161,1.293235667
4162,3.052751167
4163,1.631582467
4164,1.2880718
4165,1.2870353
4166,1.2860501
4167,1.966502667
4168,0
4169,1.639956433
4170,0
4171,1.282907967
4172,2.031579633
4173,3.048435067
4174,1.693616967
4175,0
4176,1.285491475
4177,0
4178,1.2880718
4179,0
4180,0
4181,2.784400117
4182,1.2880718
4183,1.639956383
4184,1.288071817
4185,2.4729517
4186,1.2880718
4187,1.2880718
4188,2.54139655
4189,1.5215917
4190,2.289376017
4191,1.900155717
4192,1.28659086
4193,2.389894425
4194,0
4195,0
4196,1.521825683
4197,1.2880718
4198,2.372423783
4199,1.28990118
4200,1.581008367
4201,1.293235667
4202,1.2848994
4203,2.102005117
4204,1.639956383
4205,1.2880718
4206,2.7167034
4207,1.813521867
4208,1.285491475
4209,0
4210,2.257082767
4211,0
4212,1.642532075
4213,1.89942235
4214,1.639956383
4215,1.899422367
4216,1.521591733
4217,0
4218,1.288071817
4219,2.16605242
4220,2.584682033
4221,1.523321167
4222,1.2880718
4223,1.90339458
4224,1.813521883
4225,2.97343685
4226,2.865058733
4227,1.582254233
4228,1.582254233
4229,1.289658
4230,2.2484833
4231,1.347488417
4232,1.2880718
4233,1.2880718
4234,1.285491475
4235,2.5754147
4236,1.899422367
4237,1.6399564
4238,1.2860501
4239,1.523071733
4240,1.998277317
4241,1.462409067
4242,2.098623833
4243,0
4244,1.581008367
4245,1.7108088
4246,2.135871683
4247,1.2880718
4248,2.574425533
4249,3.231686
4250,2.3632826
4251,2.474410683
4252,0
4253,1.639956433
4254,2.1461126
4255,1.5233212
4256,2.093072467
4257,1.5233212
4258,1.6688793
4259,1.89942235
4260,1.694060167
4261,1.814060083
4262,2.660758267
4263,1.521825683
4264,2.1911632
4265,2.912512167
4266,1.28990118
4267,0
4268,1.2880718
4269,1.898611033
4270,1.639956383
4271,0
4272,1.288071817
4273,2.17858395
4274,1.289657975
4275,2.066291467
4276,0
4277,1.648330233
4278,2.876962217
4279,1.582254333
4280,1.523321183
4281,2.580380125
4282,2.064828667
4283,1.464018675
4284,0
4285,2.835686583
4286,0
4287,2.867410067
4288,3.2749397
4289,1.285491475
4290,0
4291,1.582254233
4292,2.1034707
4293,2.819227933
4294,2.098623833
4295,1.74063304
4296,2.031890583
4297,1.28990116
4298,1.639956333
4299,2.359090167
4300,3.077429333
4301,2.341277583
4302,1.2880718
4303,1.2880718
4304,1.28549145
4305,2.70353804
4306,2.565192
4307,1.28990118
4308,0
4309,2.6094513
4310,0
4311,1.2880718
4312,0
4313,2.284934717
4314,1.282907967
4315,1.289658
4316,2.94125505
4317,2.341140733
4318,1.493877183
4319,2.9979842
4320,1.46240905
4321,1.28990116
4322,0
4323,0
4324,2.290385883
4325,1.2880718
4326,1.462409183
4327,1.288071817
4328,0
4329,1.521825767
4330,1.89942235
4331,1.56476795
4332,1.580773833
4333,2.812005183
4334,1.287035325
4335,0
4336,0
4337,1.2880718
4338,2.308045367
4339,3.017112567
4340,1.5822543
4341,2.032733133
4342,1.293235667
4343,1.282907933
4344,2.686820467
4345,1.28990116
4346,0
4347,1.90339458
4348,2.522156167
4349,1.282907967
4350,2.251240383
4351,2.662599617
4352,3.0939642
4353,3.3249404
4354,3.21685385
4355,1.2880718
4356,1.285491475
4357,1.2880718
4358,3.0669983
4359,1.28659084
4360,2.2620045
4361,0
4362,1.28659084
4363,2.95819695
4364,1.2880718
4365,1.2954766
4366,2.529487533
4367,3.003931417
4368,1.791747617
4369,0
4370,1.40470705
4371,0
4372,0
4373,1.2860501
4374,2.590300767
4375,0
4376,0
4377,2.616553217
4378,1.29323245
4379,0
4380,1.639956433
4381,1.2880718
4382,1.46240915
4383,1.2880718
4384,1.28872356
4385,2.9859977
4386,3.165210083
4387,2.342140767
4388,1.933217517
4389,0
4390,2.341140733
4391,0
4392,2.032733133
4393,0
4394,2.4297282
4395,0
4396,0
4397,1.639956433
4398,1.5822543
4399,1.89942235
4400,1.847317017
4401,2.6373762
4402,2.298983533
4403,1.946832633
4404,2.9693374
4405,1.2880718
4406,1.8950326
4407,2.289989333
4408,1.289657975
4409,1.857213533
4410,2.938133333
4411,1.288071817
4412,1.607492233
4413,1.293235667
4414,1.2880718
4415,1.581647783
4416,1.69688665
4417,2.19942288
4418,2.171314783
4419,1.521825683
4420,1.7527212
4421,1.639956433
4422,3.27463175
4423,1.631582633
4424,1.6483302
4425,1.8119817
4426,0
4427,1.899422367
4428,1.5574509
4429,1.2954766
4430,2.411281383
4431,1.813521883
4432,1.28990116
4433,1.288071817
4434,1.465619083
4435,0
4436,2.53434385
4437,2.394718433
4438,1.6688793
4439,1.50295792
4440,3.1658955
4441,1.726081067
4442,1.639956333
4443,2.203254733
4444,1.282907967
4445,2.5317293
4446,1.639956417
4447,1.89942235
4448,2.8844537
4449,1.635771375
4450,1.712791333
4451,1.727397133
4452,1.2880718
4453,1.648330233
4454,2.0327331
4455,3.009561267
4456,1.768260817
4457,0
4458,1.7128093
4459,1.2880718
4460,2.342486767
4461,1.768260867
4462,2.617073733
4463,1.282907967
4464,1.28990116
4465,2.428354417
4466,2.36363895
4467,1.639956333
4468,1.639956433
4469,0
4470,1.2880718
4471,1.465619067
4472,2.883687533
4473,2.579943933
4474,0
4475,3.256467933
4476,0
4477,1.642532075
4478,1.90288025
4479,2.586664383
4480,1.406436483
4481,2.462396283
4482,2.563357667
4483,2.779454033
4484,1.2880718
4485,0
4486,1.2880718
4487,1.811981633
4488,2.744443533
4489,1.2880718
4490,2.766606575
4491,1.639956433
4492,2.177442317
4493,1.2860501
4494,0
4495,0
4496,1.288071817
4497,2.031397733
4498,2.023748517
4499,0
4500,1.81352185
4501,1.28659084
4502,0
4503,3.172286867
4504,1.293235667
4505,1.611386383
4506,2.098623833
4507,2.2988467
4508,0
4509,2.1188078
4510,2.954638867
4511,2.56519205
4512,0
4513,1.282907967
4514,1.768260867
4515,1.293235667
4516,2.112332
4517,2.203097783
4518,1.639956433
4519,0
4520,2.944575267
4521,1.2870353
4522,1.6838863
4523,1.9362218
4524,2.1183271
4525,1.923227917
4526,1.845993167
4527,3.28760155
4528,1.635771325
4529,0
4530,0
4531,1.639956333
4532,1.4049565
4533,1.7984086
4534,2.513635967
4535,1.287035325
4536,2.204252867
4537,2.256404317
4538,1.639956517
4539,2.56318695
4540,1.64491385
4541,2.25640425
4542,1.28990116
4543,1.71341575
4544,1.2880718
4545,2.826137483
4546,2.58695772
4547,1.347488417
4548,1.293235667
4549,2.600592967
4550,1.347488467
4551,3.140187167
4552,2.454575267
4553,1.375175025
4554,1.282907967
4555,2.031397733
4556,1.288071817
4557,1.90288025
4558,1.289657975
4559,0
4560,2.802651
4561,1.288071817
4562,1.2880718
4563,1.708427025
4564,2.598679867
4565,0
4566,2.73340665
4567,2.4793897
4568,2.565868483
4569,1.2880718
4570,1.6399564
4571,1.2880718
4572,1.768260833
4573,1.288071817
4574,2.820490217
4575,1.946832633
4576,1.285491475
4577,0
4578,2.716288433
4579,2.454575267
4580,0
4581,1.42986336
4582,2.8721433
4583,2.336691733
4584,0
4585,2.702626117
4586,2.54290235
4587,2.904570117
4588,1.2880718
4589,1.282907967
4590,2.718250933
4591,1.59071355
4592,1.462409067
4593,2.06639474
4594,2.375156833
4595,2.285949125
4596,1.28990116
4597,3.053203083
4598,1.2954766
4599,0
4600,1.81352185
4601,2.509757333
4602,1.89942235
4603,1.639956383
4604,1.285491475
4605,1.2880718
4606,2.756003483
4607,1.289657975
4608,0
4609,0
4610,1.282907967
4611,2.781987675
4612,1.813521883
4613,0
4614,2.24352445
4615,1.2880718
4616,2.06615245
4617,0
4618,1.293235667
4619,2.9753673
4620,1.285491475
4621,1.2870353
4622,0
4623,2.455745217
4624,1.2880718
4625,1.28990116
4626,2.943548067
4627,1.28872358
4628,2.49726738
4629,1.89942235
4630,0
4631,1.2880718
4632,2.000261717
4633,1.567251167
4634,0
4635,2.28288985
4636,1.285491475
4637,2.78599285
4638,1.655089233
4639,0
4640,1.523321267
4641,1.285491475
4642,2.25640425
4643,1.2880718
4644,2.171214183
4645,2.240556267
4646,2.547151467
4647,1.521825767
4648,2.564754717
4649,1.46240915
4650,1.288071817
4651,1.711875617
4652,1.288071817
4653,0
4654,1.5530598
4655,1.4656191
4656,2.146081117
4657,1.855911617
4658,1.287035325
4659,1.2880718
4660,0
4661,1.768260833
4662,1.2880718
4663,2.829249767
4664,1.2880718
4665,2.278187533
4666,0
4667,2.4098902
4668,0
4669,2.109218067
4670,1.2870353
4671,0
4672,2.92895436
4673,2.558930567
4674,1.289657975
4675,1.2880718
4676,1.289658
4677,1.345773917
4678,2.203097783
4679,2.3552147
4680,1.607492217
4681,1.7093128
4682,1.84731695
4683,0
4684,2.543042917
4685,1.462409133
4686,1.899422367
4687,1.581647817
4688,1.89942235
4689,1.2954766
4690,1.2954766
4691,0
4692,1.288071817
4693,1.293235667
4694,1.9170698
4695,0
4696,0
4697,2.064828667
4698,1.293235633
4699,1.288071817
4700,0
4701,2.5315359
4702,1.987467767
4703,2.12429275
4704,0
4705,1.521591667
4706,1.2880718
4707,1.523321183
4708,1.3612011
4709,1.900829217
4710,2.547994433
4711,2.757627333
4712,0
4713,2.031397733
4714,2.8001976
4715,2.617073733
4716,1.590713533
4717,2.250745767
4718,3.260097933
4719,1.293235633
4720,1.639956333
4721,1.28872358
4722,1.78015874
4723,1.899422367
4724,1.286050125
4725,1.639956333
4726,2.89187825
4727,2.204252867
4728,1.89942235
4729,1.28906595
4730,1.799316317
4731,2.022743517
4732,1.2954766
4733,2.925644867
4734,3.250845583
4735,2.454694167
4736,1.6399564
4737,1.77111795
4738,0
4739,3.012526283
4740,1.582254333
4741,2.293902917
4742,0
4743,1.857018417
4744,1.293235667
4745,1.288071817
4746,1.523321183
4747,1.83927435
4748,1.57098826
4749,2.8217011
4750,1.2880718
4751,1.639956433
4752,1.2880718
4753,1.288071817
4754,1.2880718
4755,0
4756,3.146666733
4757,1.28489945
4758,1.811981633
4759,1.768260867
4760,1.5215917
4761,3.327423833
4762,1.997784467
4763,1.740012725
4764,2.0858741
4765,2.230735417
4766,2.366848317
4767,2.111521017
4768,2.31682785
4769,0
4770,1.5822543
4771,2.146112567
4772,1.293235667
4773,1.293235667
4774,0
4775,3.16323664
4776,2.45667892
4777,1.5816298
4778,1.2880718
4779,0
4780,1.3787829
4781,1.2880718
4782,2.129790467
4783,1.2880718
4784,1.2880718
4785,2.38443485
4786,1.293235633
4787,1.2880718
4788,0
4789,1.282907967
4790,2.4904501
4791,2.218167783
4792,1.282907933
4793,0
4794,1.58164775
4795,2.925425967
4796,1.2880718
4797,1.89270902
4798,0
4799,2.098623833
4800,1.2880718
4801,1.900155683
4802,3.028429817
4803,1.93601275
4804,2.71732545
4805,1.289658
4806,2.09248175
4807,2.805986933
4808,1.639956433
4809,2.112332
4810,1.547556
4811,1.8140762
4812,0
4813,0
4814,0
4815,1.6483265
4816,1.4656191
4817,2.544033333
4818,2.574421783
4819,3.3049782
4820,1.4624091
4821,1.697619983
4822,0
4823,1.9033946
4824,0
4825,2.485296517
4826,2.19043735
4827,2.918815333
4828,2.218192583
4829,3.0287182
4830,1.888191433
4831,2.098623833
4832,1.523321183
4833,1.639956517
4834,1.953572975
4835,0
4836,1.80031398
4837,2.930861267
4838,1.286050125
4839,0
4840,2.472512933
4841,1.288071817
4842,2.219800667
4843,1.28872358
4844,0
4845,1.288071817
4846,2.866326133
4847,1.639956333
4848,0
4849,2.966573467
4850,1.956161517
4851,2.761980367
4852,2.688020617
4853,1.293235667
4854,0
4855,1.288071817
4856,1.54830965
4857,1.567251167
4858,0
4859,1.989790917
4860,1.2880718
4861,2.652564833
4862,2.321344867
4863,0
4864,1.2880718
4865,0
4866,1.5559789
4867,2.6499066
4868,3.357973767
4869,1.4966933
4870,1.4298634
4871,1.639956333
4872,2.436638133
4873,1.2880718
4874,2.349487883
4875,1.857018417
4876,2.727268133
4877,1.648330233
4878,1.28549145
4879,1.293235667
4880,2.178583983
4881,1.953573
4882,1.89942235
4883,0
4884,0
4885,1.2932325
4886,1.639956333
4887,1.293235633
4888,2.6742484
4889,1.346380383
4890,1.726081183
4891,0
4892,1.28489945
4893,1.81198165
4894,2.091772275
4895,3.27553825
4896,1.521591667
4897,2.59924
4898,1.293235667
4899,0
4900,1.726081133
4901,2.468109167
4902,1.2880718
4903,1.2880718
4904,1.347488417
4905,2.240556267
4906,1.29323245
4907,2.8458468
4908,2.288128033
4909,1.28990116
4910,0
4911,0
4912,0
4913,1.768260833
4914,2.484134433
4915,2.763742083
4916,2.6419896
4917,1.289658
4918,0
4919,2.77232665
4920,2.9726158
4921,1.2954766
4922,0
4923,1.285491475
4924,2.704518933
4925,1.596780583
4926,2.1034707
4927,1.639956333
4928,1.81198165
4929,1.89942235
4930,0
4931,1.293235667
4932,2.86486175
4933,1.856464067
4934,0
4935,0
4936,1.933217517
4937,1.288071817
4938,1.523321183
4939,0
4940,1.286050125
4941,1.6519763
4942,2.86508872
4943,0
4944,1.293235667
4945,1.28489945
4946,1.8352822
4947,3.3553431
4948,2.70227445
4949,2.557357567
4950,2.6528968
4951,1.63901236
4952,1.2880718
4953,2.335643867
4954,2.661460817
4955,2.2085771
4956,2.091772275
4957,1.999155133
4958,1.2880718
4959,2.321344867
4960,1.293235633
4961,2.032733133
4962,0
4963,1.90339458
4964,1.2860501
4965,2.615919083
4966,3.004118633
4967,1.288071817
4968,1.465619083
4969,2.25640425
4970,1.523321183
4971,2.06615245
4972,1.998744
4973,1.899422367
4974,1.282907967
4975,2.8250295
4976,2.1993005
4977,2.000261717
4978,1.4656191
4979,1.464018675
4980,1.28990116
4981,0
4982,0
4983,1.52182575
4984,0
4985,1.2880718
4986,1.6429202
4987,2.472394067
4988,1.2880718
4989,2.731312667
4990,1.293235633
4991,0
4992,1.2860501
4993,1.2880718
4994,1.375175025
4995,1.9219963
4996,2.496322817
4997,1.910552917
4998,2.299193017
4999,1.581008333
5000,1.649896133
5001,1.347488417
5002,3.394829667
5003,2.710606217
5004,1.812190833
5005,2.6033635
5006,1.28990116
5007,0
5008,1.580773833
5009,0
5010,1.2880718
5011,1.293235667
5012,2.273491917
5013,1.293235633
5014,2.5182266
5015,1.920980017
5016,2.636715583
5017,2.337691633
5018,2.866321833
5019,2.892311383
5020,3.37246152
5021,2.887819217
5022,1.288071817
5023,1.28549145
5024,0
5025,2.879955667
5026,0
5027,3.100409267
5028,2.90230895
5029,1.857018433
5030,1.639956433
5031,1.2880718
5032,2.437377733
5033,1.28489945
5034,1.965507033
5035,1.9831548
5036,1.289658
5037,1.289657975
5038,2.1034707
5039,1.5029579
5040,0
5041,2.1456313
5042,1.404706967
5043,0
5044,0
5045,2.305498667
5046,0
5047,2.618315433
5048,1.6399564
5049,2.198264033
5050,0
5051,1.547556
5052,0
5053,1.404706967
5054,3.20357
5055,0
5056,2.884566667
5057,1.639956433
5058,1.80031402
5059,0
5060,2.245100025
5061,2.6692456
5062,2.35546845
5063,1.5029579
5064,2.064828667
5065,2.272252233
5066,1.28489945
5067,2.43738835
5068,1.2880718
5069,2.927417083
5070,1.82913765
5071,2.550205267
5072,1.899422367
5073,2.513569883
5074,1.52159165
5075,1.2880718
5076,3.137844617
5077,1.89942235
5078,2.145162333
5079,2.945118517
5080,3.007504675
5081,1.63577125
5082,1.6519763
5083,2.25640425
5084,2.6380792
5085,2.0327331
5086,1.857018417
5087,2.103708633
5088,2.2484832
5089,1.889496733
5090,1.83999306
5091,2.8579359
5092,2.6669489
5093,0
