,E6N
0,0.005613309800000001
1,0.0
2,0.0
3,0.0
4,0.02232969275
5,0.00112676975
6,0.00023175
7,0.0
8,0.0
9,0.00300182
10,0.00010272500000000002
11,0.002221556
12,0.0003397328
13,0.0
14,0.0
15,0.0023487752500000003
16,0.0
17,0.0
18,0.0
19,0.0035043126
20,0.000767
21,0.0024318104
22,0.000167
23,0.0017240517500000001
24,3.78e-05
25,0.0
26,0.0119436525
27,0.0
28,0.0
29,0.0
30,4.7325e-05
31,0.0033044055000000004
32,0.0
33,2.89e-06
34,0.00520003125
35,0.020330196249999998
36,1.374e-14
37,7.36e-15
38,0.0
39,0.00520869225
40,0.0
41,0.0017882273333333332
42,0.005704005000000001
43,0.000183
44,0.0070358562
45,0.0
46,0.0
47,0.0
48,0.0
49,0.00016575
50,0.00132541575
51,0.0
52,0.0031931548000000004
53,0.013319764999999999
54,0.019956119
55,0.008759276750000001
56,0.00229617547
57,0.0
58,0.00017125
59,0.0
60,0.00486116
61,0.0
62,5.9650000000000005e-06
63,0.0
64,0.0
65,0.004617013
66,0.0
67,0.06876700560000001
68,0.004352885999999999
69,6.840000000000001e-05
70,0.00065909125
71,0.00770759975
72,0.00015512
73,0.001296902
74,0.0
75,0.0
76,0.0
77,0.0038742815
78,0.00222994375
79,0.0
80,0.0
81,0.06387938125
82,0.007321587249999999
83,0.0
84,0.015165280199999997
85,0.0007171664
86,0.0008136144000000002
87,0.002560425
88,0.0036478070000000003
89,0.0
90,0.0
91,0.0
92,0.0
93,0.0
94,0.0004064
95,0.0
96,8.219999999999999e-05
97,1.39115e-06
98,0.0041027955
99,6.552e-05
100,0.00476681325
101,0.0015664099999999999
102,0.0
103,0.00016175
104,0.0
105,0.0
106,0.0
107,8.065000000000002e-06
108,0.0012719547499999999
109,0.0
110,0.0
111,0.0
112,3.17e-05
113,0.0
114,0.0
115,1.585e-06
116,5.04e-05
117,0.000558
118,0.000142
119,0.0
120,0.0
121,0.0
122,4.7325e-05
123,0.0
124,0.0
125,0.010195731250000001
126,0.0
127,0.0029760184999999997
128,0.00011461999999999998
129,0.00037400000000000004
130,0.000557641
131,0.0006363186
132,9.385e-05
133,0.0
134,0.00201051675
135,0.0
136,0.07414619
137,0.00498770225
138,0.0
139,0.0
140,0.00027425
141,8.602500000000001e-06
142,0.0040755324
143,0.0044765236
144,0.0
145,0.000599
146,0.000562
147,0.0
148,0.0035975216000000004
149,0.000610596000066
150,0.0
151,0.03374261
152,0.0009520970000274
153,0.0
154,0.0
155,0.0025633465
156,0.024394874
157,0.00010905000000000001
158,0.0
159,0.012827629000000002
160,0.006703283799999999
161,0.0035974017499999997
162,0.0033114002500000007
163,0.0008767697499999999
164,0.005079429200000001
165,0.00326793275
166,0.004546592
167,0.00043549999999999996
168,0.0005814
169,0.0
170,0.0071938152
171,0.014032282600000001
172,0.0
173,0.010916849
174,2.9800000000000003e-06
175,0.0
176,7.588e-05
177,0.010725494200000001
178,0.00355339175
179,0.00023175
180,0.0
181,0.0
182,0.0
183,0.0
184,0.0006107294
185,0.0
186,0.0007185
187,0.00024099999999999998
188,0.006014094
189,0.0
190,0.023367037
191,0.0
192,0.0
193,0.00016600000000000002
194,0.0001615
195,0.0
196,0.0001625
197,0.0067129488
198,0.010313032199999999
199,0.0082825105
200,0.0
201,0.0
202,0.00224606825
203,0.0
204,0.0
205,0.0
206,0.0018520182500000003
207,0.0
208,0.0
209,0.0023341092
210,0.0
211,0.014939816749999998
212,0.00244488825
213,0.004265041000000001
214,0.0
215,0.0
216,0.0
217,0.0
218,0.011258265249999998
219,8.44e-09
220,0.0
221,1.7125e-05
222,0.0
223,0.0
224,0.0025809565
225,0.000188
226,9.522500000000001e-05
227,0.0
228,0.020637464799999998
229,0.0043440614999999995
230,0.01937918525
231,2.18e-05
232,0.00069775
233,0.004851898000000001
234,0.007663343499999999
235,0.00235274175
236,1.3722e-07
237,0.0
238,0.027505859500000004
239,0.00017625
240,0.0
241,0.0009509535
242,0.0
243,0.0026350985000000004
244,0.002295096
245,0.0
246,0.004305803
247,0.000417
248,4.564000000000001e-06
249,0.006328906
250,0.0003359388
251,0.0
252,0.02462646175
253,0.00011535999999999998
254,0.0
255,0.01267230125
256,0.0
257,1.255e-05
258,0.00011592
259,0.0007994625999999999
260,0.00019399999999999997
261,0.0013519512
262,0.0001912
263,0.0035025156
264,0.007530727500000001
265,0.0
266,0.0068359722
267,0.00681224725
268,0.0002616666666666667
269,0.00482202275
270,0.00207792525
271,0.00354603975
272,6.3416e-05
273,0.0
274,0.0
275,0.0029697645000000003
276,0.00025725
277,1.055e-08
278,0.00036560675
279,0.113105978
280,0.02271889175
281,0.0
282,0.0170620624
283,6.8775e-06
284,0.00098364875
285,0.0
286,0.0037886530000000003
287,0.0009654975
288,0.0
289,0.0
290,0.0
291,0.0
292,0.0029852375
293,0.0
294,0.0005725
295,0.013951436
296,0.0012238402499999998
297,0.0
298,0.0035573847999999996
299,0.0
300,0.0
301,0.0
302,0.0
303,0.00010185
304,0.0
305,0.0058783272
306,0.006721025
307,0.0015302633333333334
308,0.0053012829999999995
309,0.0
310,0.0
311,0.0
312,7.796000000000001e-06
313,2.448e-07
314,0.0
315,0.0002474
316,0.0003095
317,0.1146389436
318,0.0
319,0.0
320,0.0
321,0.0008292499999999999
322,0.0
323,0.0
324,0.0011601082
325,0.006359487800000001
326,0.00036525
327,0.0398416932
328,0.008951651199999999
329,0.0
330,0.0
331,0.00032575
332,0.00024275000000000002
333,0.002197226
334,6.269999999999999e-05
335,9.497500000000002e-05
336,0.0
337,0.0
338,0.0
339,0.0046726432500000005
340,0.00036399999999999996
341,0.0061570685
342,0.001993111
343,0.00297512825
344,0.027231524
345,0.00211639875
346,0.015344754999999998
347,0.0
348,0.0
349,0.0
350,0.0009191465999999999
351,0.0
352,0.0149108375
353,0.00014
354,0.0
355,0.0
356,1.304e-05
357,0.00152215475
358,0.00056125
359,0.00236900025
360,0.01117068825
361,0.0
362,0.0
363,0.00150186675
364,0.0014673870000000001
365,0.0
366,0.003382724
367,0.0
368,0.00100858575
369,0.0
370,0.004011636000000001
371,0.0
372,0.0
373,0.0
374,0.0048174186
375,0.0
376,0.00402154275
377,0.00014560000000000002
378,0.0003798262
379,0.0
380,0.11503494560000001
381,0.0
382,0.0
383,0.0
384,0.15012758333333331
385,0.0008309999999999999
386,0.0
387,0.0
388,0.008259756
389,0.0050992535
390,0.0
391,0.0
392,0.0514409865
393,0.0
394,0.0
395,0.0
396,0.0
397,0.0
398,0.0
399,0.0
400,0.0983163575
401,0.0
402,0.0
403,0.0
404,0.0
405,0.0
406,0.0
407,0.0
408,0.0
409,0.0
410,0.0
411,0.0
412,0.0
413,0.0
414,0.0
415,0.0
416,0.0
417,0.0
418,0.048257419249999996
419,1.1225e-05
420,0.0
421,0.009912778
422,0.0042833762
423,0.0
424,0.0
425,0.0
426,0.030704819000000005
427,0.057044677999999994
428,0.015469788600000001
429,0.0
430,0.0
431,0.0
432,0.0
433,0.0
434,0.0
435,0.0
436,0.0
437,0.0
438,0.0
439,0.0
440,0.0
441,0.0
442,0.0
443,0.0
444,0.0
445,0.001658475
446,0.0
447,3.1e-07
448,0.00132650775
449,0.0005217500000000001
450,0.001172566
451,3.19e-05
452,0.0
453,0.0
454,0.0
455,0.0
456,0.0091461206
457,0.0
458,0.0
459,0.0
460,0.0
461,0.0050279485
462,0.000464953
463,0.0
464,0.0
465,0.0
466,0.0
467,0.079473171
468,0.0
469,0.0
470,0.0
471,0.0
472,0.0
473,0.092454569
474,0.00010233333333333333
475,0.0
476,0.0
477,0.0
478,0.0
479,0.00012615
480,0.0063651574999999995
481,0.00323041925
482,0.0
483,0.0015620179999999999
484,0.0
485,0.0
486,0.00010400000000000001
487,6.065e-05
488,0.0
489,0.0
490,0.006037787
491,0.108036786
492,3.633333333333333e-05
493,0.0024012608
494,0.0
495,9.2865e-07
496,6.35e-05
497,0.0
498,0.0008929667500000001
499,0.0
500,0.0
501,0.0
502,0.00045725000000000003
503,0.01426712325
504,0.00045725000000000003
505,0.00025425
506,5.9325000000000005e-05
507,0.0
508,0.0
509,0.0
510,0.0
511,5.326666666666667e-05
512,0.000147
513,0.0
514,0.0
515,0.0
516,0.0075458765
517,0.0
518,0.0
519,0.00211248
520,0.000254
521,0.0
522,0.0
523,0.00461981
524,0.0
525,0.003258046
526,0.0
527,0.0035251109999999996
528,3.85e-05
529,0.0065623595
530,0.0
531,0.0003162
532,0.0006935000000000001
533,0.02225180325
534,0.0
535,0.0
536,3.25e-07
537,0.0
538,0.000163325
539,1.055e-08
540,0.0
541,0.00016
542,0.0
543,0.050632953800000005
544,0.033161732799999996
545,0.0013727204
546,0.00025707
547,0.0044253752
548,0.00130819418
549,0.0032030864
550,0.0
551,0.000265
552,0.012176691
553,0.00100250175
554,0.00010233333333333333
555,0.00166994975
556,0.0
557,0.014057881333333333
558,0.0101639205
559,0.0
560,0.00205923325
561,0.0
562,0.0
563,0.0
564,0.005008358
565,0.00026375
566,5.7775e-05
567,0.003916455666666666
568,0.0
569,0.0011326352
570,0.0
571,0.0
572,0.006154438
573,0.0
574,0.0
575,0.0004235
576,0.0
577,0.00151964625
578,0.0
579,0.0002996
580,0.0012773362
581,0.0024490982000000003
582,0.0
583,0.00010793999999999999
584,0.0
585,0.0
586,5.3725000000000005e-05
587,6.12e-05
588,0.0
589,0.004305995
590,0.0
591,3.084375e-05
592,0.0
593,0.0
594,0.0032259796
595,0.0
596,0.00028575
597,0.0
598,0.0
599,0.0
600,0.031224657599999994
601,0.0
602,4.9625e-05
603,0.000332
604,0.00019900000000000004
605,0.0026005363333333332
606,0.00011
607,0.010365641
608,0.0
609,0.0003911735
610,0.0
611,0.000554
612,0.0051974524
613,0.0006975
614,0.00019875000000000003
615,0.0034805116666666667
616,0.0
617,2.1425e-06
618,1.4875e-07
619,0.001461343
620,0.0001598
621,0.0038123664000000003
622,0.00221982325
623,0.0
624,0.00016150000000000002
625,0.007992226
626,0.00014475000000000002
627,0.0
628,0.0
629,0.0
630,6.950000000000001e-08
631,0.0
632,0.005179468
633,2.0287500000000002e-05
634,0.010371602599999998
635,0.0
636,0.085726705
637,1.5600000000000003e-05
638,8.122e-05
639,0.0
640,0.0030217807500000004
641,0.0005062
642,0.0077521277999999996
643,0.0073244598
644,0.0
645,0.0
646,0.0033384977499999998
647,0.0018906597499999999
648,0.0
649,0.0013406515000000002
650,0.00069125
651,0.0
652,0.00129690225
653,0.0
654,0.00034113333333333335
655,2.7325e-06
656,2.552e-06
657,0.0
658,0.00062875
659,0.00021025
660,4.270000000000001e-05
661,9.333333333333334e-06
662,0.0
663,0.0007599999999999999
664,0.031372586200000004
665,0.0
666,0.0
667,0.0
668,0.0
669,0.0
670,0.0007087500000000001
671,0.007898914200000001
672,0.0024766473999999995
673,0.005100607
674,0.023102950833333333
675,0.0
676,0.0
677,0.021457635000000003
678,0.0062338205999999995
679,0.0015354963999999998
680,0.0
681,0.00208355
682,5.6675e-07
683,1.93e-07
684,0.002318885
685,0.0
686,0.023718677
687,0.00292388275
688,0.001461343
689,0.0
690,0.0
691,0.00013743333333333333
692,0.0006975
693,0.0
694,0.0
695,0.0
696,0.0
697,1.005e-05
698,0.00129690225
699,0.0
700,0.0
701,0.005714999
702,0.0066735265
703,0.00048125
704,0.00018782500000000003
705,0.0
706,0.00018133333333333334
707,0.00760770675
708,0.0
709,0.00024724999999999997
710,0.010576176333333333
711,0.000664
712,0.00011032499999999998
713,0.012725680250000001
714,0.00010793999999999999
715,0.00152215475
716,0.00201051675
717,0.0025304222000000006
718,0.004204679249999999
719,0.00649406
720,0.0
721,0.0
722,0.107479488
723,0.00166444475
724,0.0026657665
725,0.0
726,0.00029000000000000006
727,2.815e-06
728,0.027518472999999998
729,0.0006329999999999999
730,8.697500000000001e-05
731,0.00035375000000000006
732,0.071345304
733,0.00145350825
734,0.0
735,0.0
736,0.0014229697499999999
737,0.00047939999999999994
738,0.075026065
739,0.0
740,0.0
741,5.16e-06
742,0.0019018655000000001
743,4.3675e-06
744,0.003738901
745,0.0032176295
746,0.0
747,0.0
748,0.009288198000000001
749,0.005342892833333332
750,0.0006505254000000001
751,1.255e-05
752,6.2975e-05
753,0.0019757576
754,0.0008735
755,0.009973794250000001
756,0.0009509535
757,0.0022548378000000003
758,0.009146119800000001
759,0.0035476492
760,0.0012942175
761,0.0
762,0.0
763,0.0
764,0.0
765,0.008834528999999999
766,4.795000000000001e-05
767,0.0
768,0.181421324
769,0.0
770,5.175e-06
771,0.000637
772,0.0
773,0.0
774,0.00036732499999999994
775,0.00010766666666666668
776,9.293333333333335e-06
777,0.0001795
778,4.03e-05
779,0.0007066712000000001
780,0.0030002025
781,6.9575e-05
782,1.3757499999999998e-05
783,0.0
784,0.0
785,0.0021840074
786,0.0022713629999999998
787,5.86e-07
788,0.0012303318000000001
789,0.0
790,0.00027550000000000003
791,0.0002015
792,0.003065207
793,0.04081436425
794,0.0
795,3.8599999999999996e-05
796,0.0
797,4.5274999999999996e-05
798,0.0018817230000000003
799,0.00197625875
800,0.0
801,2.3325e-05
802,0.0004005
803,3.1675e-05
804,8.983333333333333e-05
805,0.0
806,0.0054430146000000006
807,0.0
808,0.00606616175
809,0.000580875
810,0.0
811,0.00050025
812,0.0
813,0.0013829588
814,0.00241466975
815,0.0
816,2.3625000000000003e-06
817,4.8775e-06
818,0.00069125
819,0.0
820,0.0
821,0.0011583546
822,0.0
823,0.0
824,0.0
825,0.06018626380000001
826,0.00066777375
827,0.0
828,0.00096518775
829,0.00011775
830,0.0
831,0.0
832,0.000669936
833,0.0238695592
834,0.0
835,7.3075e-05
836,0.0
837,1.7625e-05
838,0.0
839,0.004917942999999999
840,0.000182
841,3.16e-05
842,0.0139733978
843,0.00044825
844,0.0
845,0.00019959999999999997
846,0.0
847,0.004427242999999999
848,0.0
849,0.005114464
850,0.003167731
851,3.5475e-05
852,8.26e-05
853,0.0001106
854,0.0001
855,6.877500000000001e-07
856,0.0
857,0.0468833394
858,0.0
859,0.0006712500000000001
860,0.0011570859999999999
861,0.0001605
862,0.0
863,0.00023219999999999998
864,0.0
865,0.08314948400000001
866,3.6625e-05
867,0.0169812455
868,0.00020825
869,0.000183
870,3.19e-05
871,0.0014602320000000001
872,0.0011701685999999998
873,0.00015675
874,4.6700000000000003e-05
875,0.0009088115
876,0.00016974999999999998
877,0.000127
878,0.00047799999999999996
879,0.0
880,0.0
881,0.00095203325
882,4.8775e-06
883,0.0002738
884,0.006701086
885,0.00476681325
886,1.0025e-05
887,1.335e-05
888,8.392e-05
889,5.6875e-05
890,0.00530322
891,0.0040254845
892,3.6625e-05
893,0.0
894,0.000319
895,0.00025299999999999997
896,0.002083167
897,0.0017758358000000002
898,0.0
899,0.0
900,0.00131666075
901,0.0110201056
902,0.0020865697999999998
903,1.9999999999999998e-05
904,0.0
905,0.0
906,0.004279920833333333
907,0.01925198183333333
908,0.0
909,0.00023175
910,0.035274909
911,0.0
912,1.80175e-07
913,0.0
914,0.0
915,0.00014030000000000002
916,0.0
917,0.0
918,0.0
919,9.955e-07
920,0.014751932
921,0.015549396799999999
922,8.602500000000001e-06
923,0.1531278075
924,0.0017363735
925,5.5175e-05
926,9.010000000000001e-05
927,9.108e-07
928,0.0
929,0.0002634
930,2.8800000000000002e-05
931,0.002487827
932,0.0
933,0.0
934,0.0
935,0.04078092
936,3.0066666666666665e-05
937,0.012804866250000001
938,0.00011792000000000001
939,0.0
940,0.0010250082499999999
941,9.4725e-07
942,0.0
943,0.0
944,0.000848
945,5.5459999999999994e-05
946,0.0035937262000000003
947,0.000306
948,0.00100994025
949,0.0013645698
950,1.1886e-06
951,0.0
952,0.0
953,5.238150000000001e-05
954,0.0006742
955,0.0
956,0.00027425
957,0.0
958,0.00334537425
959,0.0
960,0.0008682500000000001
961,0.00145118175
962,0.0127553335
963,0.014655454750000001
964,0.0
965,0.0
966,0.0
967,0.0
968,0.00182451875
969,0.0009761662000000001
970,0.00012166666666666667
971,0.0
972,1.304e-05
973,0.00024066666666666667
974,9.285e-05
975,0.0004892736
976,3.16e-05
977,0.007165376333333333
978,0.0
979,0.0
980,0.002032792
981,0.0025613344999999995
982,8.883333333333333e-05
983,0.0
984,0.0
985,0.0044785382
986,0.0
987,0.0
988,0.0
989,0.0
990,0.00011100000000000003
991,0.0
992,0.021925832666666662
993,0.0022416938333333332
994,0.0
995,0.0032304675
996,0.0
997,0.0020908493333333337
998,0.00326793275
999,0.0
1000,0.0
1001,0.010063546999999999
1002,4.356e-06
1003,0.009146119800000001
1004,0.032337765799999994
1005,9.250000000000001e-05
1006,0.002393741
1007,0.0024283208
1008,0.0033482026
1009,0.0
1010,0.0011955332499999998
1011,9.285e-05
1012,0.00122223475
1013,0.0
1014,1.63e-05
1015,0.00083448475
1016,0.0
1017,0.0
1018,0.0
1019,0.0
1020,0.00048125
1021,0.0062430440000000005
1022,0.06390866320000001
1023,0.0
1024,0.001334931
1025,0.00013334
1026,5.44e-06
1027,0.0082162618
1028,0.0
1029,0.03358823825
1030,0.0003359388
1031,0.0174841085
1032,0.0109939392
1033,0.00011999999999999999
1034,3.0066666666666665e-05
1035,0.0044927984
1036,0.0
1037,0.0
1038,0.010795448000000001
1039,0.00069125
1040,0.0
1041,0.00041575000000000005
1042,0.0
1043,0.0
1044,0.00017324999999999998
1045,0.006387817
1046,0.0043195205
1047,0.00020499999999999997
1048,0.0
1049,0.0
1050,5.369999999999999e-05
1051,0.0
1052,0.000848
1053,0.00041768999999999997
1054,0.000132275
1055,0.0
1056,0.00019899999999999999
1057,0.00011119999999999999
1058,0.0
1059,0.0046144868
1060,1.11292e-06
1061,0.0015239695
1062,0.0
1063,0.0
1064,7.586e-05
1065,0.0004141341666666666
1066,0.0013422985
1067,0.0
1068,0.0
1069,0.0
1070,0.0
1071,0.007983551333333333
1072,0.0081154392
1073,0.000163
1074,0.005429242999999999
1075,0.0
1076,0.00014175
1077,0.00816854
1078,0.0
1079,0.00030950000000000004
1080,0.00048125
1081,3.16e-05
1082,0.0
1083,0.0182058355
1084,0.0
1085,0.0043978925
1086,7.42e-05
1087,0.0
1088,0.02227364525
1089,0.0
1090,0.0
1091,0.00302540625
1092,0.0
1093,0.0
1094,0.0
1095,0.0
1096,0.00033099999999999997
1097,0.00103676125
1098,0.00155026475
1099,3.570000000000001e-05
1100,0.0003359388
1101,0.00011260166666666664
1102,0.0036986592
1103,0.0
1104,0.0097385675
1105,0.005788366
1106,0.0023280379999999997
1107,0.013355145000000002
1108,0.008454234599999999
1109,0.016416193333333332
1110,0.017705020000000002
1111,0.0
1112,0.0
1113,0.000599
1114,0.000153725
1115,0.0005625
1116,0.00094569325
1117,0.0
1118,0.0
1119,0.0054953395
1120,0.0
1121,0.0
1122,0.00019906000000000004
1123,0.0
1124,2.552e-06
1125,0.004339793999999999
1126,0.0150290288
1127,0.00261410225
1128,5.326666666666667e-05
1129,0.0
1130,6.932499999999999e-05
1131,0.00013552499999999997
1132,0.01372546625
1133,6.9575e-05
1134,0.0039684475
1135,0.00090825
1136,6.228333333333333e-06
1137,0.0021560482499999997
1138,0.0
1139,0.00015450000000000001
1140,0.007587627749999999
1141,0.0023280379999999997
1142,0.0015292376
1143,0.00016979999999999998
1144,0.0062033004
1145,0.00033140000000000003
1146,0.0
1147,0.011137182399999999
1148,0.0005005000000000001
1149,0.0
1150,0.0
1151,0.004794883
1152,0.0005294
1153,0.004014555600000001
1154,0.000112
1155,0.0003628
1156,0.012902790666666665
1157,0.0
1158,0.0069533847499999996
1159,0.0
1160,0.0018906597499999999
1161,0.0052760685
1162,0.00011200000000000001
1163,0.0001625
1164,0.0
1165,0.0001515
1166,0.000848
1167,0.00045174999999999995
1168,0.0
1169,0.00211426975
1170,0.00017050000000000002
1171,0.014530234166666664
1172,0.0017576337499999998
1173,0.0
1174,5.4325e-05
1175,0.0
1176,0.0008309999999999999
1177,0.00030859999999999997
1178,0.01437798975
1179,8.475000000000001e-06
1180,0.0163772066
1181,0.0
1182,0.01451279375
1183,0.0007041506000000001
1184,3.953333333333334e-06
1185,0.0012667876666666667
1186,0.00021349999999999999
1187,0.00025725
1188,0.0006734814000000001
1189,0.00041575000000000005
1190,0.0060558435
1191,0.0
1192,0.00011103333333333333
1193,0.0
1194,0.0
1195,0.0
1196,0.0
1197,0.0
1198,0.0
1199,0.0
1200,5.1650000000000005e-06
1201,1.7095e-07
1202,1.7095e-07
1203,0.0012074275
1204,0.00026375
1205,0.0
1206,0.0
1207,0.0
1208,0.0
1209,0.0
1210,0.0
1211,0.0
1212,0.0
1213,0.0
1214,0.0
1215,0.0
1216,0.0011222797500000002
1217,4.66675e-05
1218,0.00053344275
1219,0.0
1220,1.6859999999999998e-06
1221,0.0012074275
1222,0.0
1223,0.0
1224,0.00150186675
1225,0.0
1226,0.0
1227,0.0
1228,0.0
1229,0.0
1230,0.0
1231,0.0
1232,0.000848
1233,0.0
1234,0.004912922750000001
1235,0.0
1236,0.006731221799999999
1237,0.0
1238,0.000299
1239,0.0008277499999999999
1240,0.0
1241,3.8599999999999996e-05
1242,0.00011360000000000001
1243,0.0
1244,0.000114
1245,0.0
1246,0.0
1247,0.00223729
1248,0.00059825
1249,0.0029697645000000003
1250,0.015294148600000002
1251,0.0028062095000000002
1252,0.0019585132499999997
1253,0.00016150000000000002
1254,0.0
1255,6.827499999999999e-05
1256,0.0
1257,0.0
1258,0.0
1259,0.096632856
1260,2.29800001342e-05
1261,0.0
1262,0.0
1263,0.00010442499999999999
1264,0.0
1265,0.0026422865000000004
1266,0.0007371999999999999
1267,0.0
1268,0.00221982325
1269,0.009244641000000001
1270,0.0
1271,0.00113976875
1272,0.0
1273,0.0
1274,0.0
1275,0.0
1276,0.0
1277,0.0
1278,0.0
1279,0.0
1280,0.0
1281,0.0
1282,0.0
1283,0.0
1284,5.325e-06
1285,5.325e-06
1286,0.0
1287,0.0
1288,0.0030240217500000005
1289,0.00128370325
1290,0.0374415512
1291,0.000371375
1292,1.1880000000000001e-05
1293,0.00269823525
1294,0.00092181625
1295,0.0
1296,0.0063356865999999986
1297,0.006769162800000001
1298,0.0
1299,0.0002895
1300,5.3325e-05
1301,0.0017059170000000002
1302,0.0
1303,0.0002015
1304,0.0019619605
1305,0.033452787
1306,0.033820049750000004
1307,0.003663001
1308,0.1014712
1309,0.0034838455
1310,0.00567213225
1311,0.002187805
1312,0.0065073992499999995
1313,0.0
1314,2.71e-10
1315,0.0
1316,0.0059915895
1317,0.000101975
1318,0.0
1319,0.0
1320,0.009146119800000001
1321,0.000436
1322,0.0
1323,0.0
1324,0.053742673
1325,0.00221982325
1326,0.01770057625
1327,0.0819021575
1328,0.0034726470000000006
1329,0.0059359650000000005
1330,0.0232774165
1331,0.0216493065
1332,0.026202280499999998
1333,0.0036913957499999997
1334,0.0019287981666666666
1335,0.0008641724
1336,0.003768531
1337,0.002869656
1338,0.011972889399999999
1339,0.00984405725
1340,0.06869402640000001
1341,0.0348751232
1342,0.01307545525
1343,0.0063231462
1344,0.00062825
1345,0.018335722750000002
1346,0.0226272525
1347,4.087499999999999e-06
1348,0.0103106804
1349,0.00072125
1350,0.0025809567499999997
1351,0.0029833238000000002
1352,0.0
1353,0.0550498584
1354,0.0
1355,0.031805508999999996
1356,0.0020796495
1357,0.0538652346
1358,0.017409443750000003
1359,0.0009692774999999999
1360,0.0038690306
1361,0.02088981725
1362,0.005926381999999999
1363,0.000562
1364,0.00463232125
1365,0.0047866032000000005
1366,0.00780755225
1367,0.09159008760000001
1368,0.007670116599999999
1369,0.0005775
1370,0.0032647310000000003
1371,0.007452486499999999
1372,0.020920177599999996
1373,0.0
1374,0.0
1375,0.0
1376,0.0905065716
1377,0.0
1378,0.0
1379,0.004231330199999999
1380,0.0
1381,0.0
1382,0.00446033
1383,0.0017363735
1384,0.05736968183333333
1385,0.0
1386,0.06088549066666666
1387,0.0027973346000000005
1388,0.0386611578
1389,0.000166
1390,0.024031997
1391,0.0009655485000000001
1392,0.0077744369999999995
1393,0.0030104304000000003
1394,0.1396496375
1395,0.1745028875
1396,0.16472114
1397,0.117045701
1398,0.0101795068
1399,0.1697108875
1400,0.0455323324
1401,0.0019326010000000002
1402,0.0
1403,0.004939727499999999
1404,0.00221982325
1405,0.0029319246
1406,0.00151003125
1407,0.00843843925
1408,0.00128939325
1409,0.0337046574
1410,0.18298673000000001
1411,0.0124757232
1412,0.1389328
1413,0.047175829999999995
1414,0.00011100000000000003
1415,0.0
1416,0.033655543999999996
1417,0.0330202505
1418,0.0251983485
1419,0.0046028264
1420,0.0720708155
1421,0.035220066499999994
1422,0.0
1423,0.065168244
1424,0.013737428333333331
1425,0.07402557774999999
1426,0.0010010445
1427,0.0137657986
1428,0.030810362
1429,4.7325e-05
1430,2.552e-06
1431,0.013417621
1432,3.457e-05
1433,0.0
1434,0.0005625
1435,2.5960000000000002e-06
1436,0.01860586775
1437,0.00030675
1438,0.0056880195
1439,0.0121947588
1440,0.008581979
1441,0.0021489385999999997
1442,3.16e-05
1443,0.01035865825
1444,0.0658465776
1445,0.0007296692499999999
1446,0.0009866122
1447,0.00024125
1448,9.019999999999999e-08
1449,0.0241320475
1450,0.041153796
1451,0.0045721598
1452,0.000101975
1453,0.0
1454,0.009532259800000002
1455,0.0014977286
1456,0.0024352246
1457,0.040119576000000004
1458,9.1925e-05
1459,0.040502522
1460,0.00264724475
1461,0.0428312535
1462,0.003797962
1463,0.07584761350000001
1464,0.050695826199999995
1465,0.0146466346
1466,0.0075413684
1467,0.0113192354
1468,0.0
1469,0.000485175
1470,0.004587906
1471,0.0024866974999999997
1472,0.10488112720000001
1473,0.008817491799999999
1474,0.037397798999999995
1475,0.06027173925
1476,0.034250319
1477,0.0024380308
1478,0.00016533333333333333
1479,0.0
1480,0.13571046
1481,0.00162434725
1482,0.0009978715
1483,0.0184141576
1484,0.00036324999999999997
1485,0.0025605922500000003
1486,0.0035662246
1487,0.0
1488,0.0145943852
1489,0.006543400499999999
1490,0.0148176512
1491,1.9875000000000002e-05
1492,0.0959015802
1493,0.003258046
1494,0.0
1495,0.08235291225
1496,0.0
1497,0.00574562475
1498,0.00035404999999999996
1499,0.050112987250000005
1500,0.004339793999999999
1501,0.00531465925
1502,0.005399442999999999
1503,0.00784388225
1504,0.012753658833333334
1505,0.000637
1506,0.0010010445
1507,0.00997016775
1508,0.0008720004
1509,0.00041680000000000005
1510,0.024154112749999998
1511,0.000838
1512,0.0367389646
1513,0.0092558158
1514,0.0037604099999999996
1515,0.00096965425
1516,0.00554994875
1517,0.000585
1518,9.89e-05
1519,0.001048247
1520,0.0018906597499999999
1521,0.00040799999999999994
1522,0.00016979999999999998
1523,6.0624999999999996e-05
1524,0.0
1525,0.060951636600000005
1526,0.000549
1527,0.0
1528,0.000168
1529,0.0021467345999999997
1530,0.037368057
1531,0.0013109525
1532,0.13773139
1533,0.09565459975
1534,0.00326405725
1535,0.007116257500000001
1536,0.06329964225
1537,0.0
1538,0.0
1539,0.0032647310000000003
1540,0.0012617004999999999
1541,0.00228699675
1542,0.0009329999999999999
1543,0.03214700825
1544,0.0093696716
1545,0.0002635
1546,0.000583
1547,0.0
1548,0.0011221536666666666
1549,0.09524294725
1550,0.00251229675
1551,0.0033578310000000004
1552,0.0024219289999999997
1553,0.046500822
1554,1.304e-05
1555,0.00546091675
1556,0.0030041516000000002
1557,0.076375046
1558,0.00020233333333333334
1559,0.0192260465
1560,0.003441011666666667
1561,7.5e-05
1562,0.000562
1563,0.0179319935
1564,0.0421356434
1565,0.0035023627500000002
1566,0.003265169333333333
1567,0.00041775
1568,0.0
1569,0.0018875496000000003
1570,0.018086139
1571,0.12167434399999999
1572,0.0
1573,0.0005707500000000001
1574,0.0
1575,0.12057322799999999
1576,1.4950000000000001e-05
1577,2.3249999999999998e-06
1578,0.0
1579,0.032268561249999994
1580,0.01711747575
1581,0.0
1582,0.007097774333333333
1583,0.001987898
1584,0.00221982325
1585,0.00186115775
1586,0.0
1587,0.10647367599999999
1588,0.0017537179999999998
1589,0.0383883634
1590,0.001999513
1591,0.00040424999999999993
1592,0.0203605958
1593,0.0625452674
1594,0.00010969999999999998
1595,0.06067481883333334
1596,0.00226660275
1597,0.000103725
1598,0.001964329
1599,0.0011206538
1600,0.025063942000000002
1601,0.008813927999999999
1602,6.840000000000001e-05
1603,0.0023862518
1604,0.0214911822
1605,0.0202831462
1606,0.0049240415
1607,0.0011602663333333334
1608,0.0177457518
1609,0.0393165006
1610,0.008234801
1611,0.022097584000000003
1612,0.0
1613,0.0
1614,0.00025725
1615,0.0027821520000000004
1616,0.015409120499999998
1617,0.00451525425
1618,0.0120992056
1619,0.0657420736
1620,0.00264481825
1621,0.1182471612
1622,0.0004146666666666667
1623,0.000567
1624,3.6625e-05
1625,0.00238350775
1626,0.008438726600000002
1627,0.013442279250000001
1628,0.0011417405000000002
1629,0.00822301225
1630,0.01358549925
1631,0.0
1632,0.002324636
1633,7.1925e-05
1634,0.0
1635,0.0079340594
1636,7.782e-06
1637,7.58e-06
1638,0.0
1639,0.0028877589999999997
1640,0.00021452000000037798
1641,0.013870250749999999
1642,1.1133333333333334e-07
1643,3.435e-06
1644,0.006696038
1645,0.0
1646,0.0
1647,0.0
1648,0.0
1649,0.0237864506
1650,0.006574625666666667
1651,2.9779999999999996e-05
1652,3.229999999999999e-05
1653,0.00103676125
1654,0.00978513825
1655,0.0
1656,0.0
1657,0.0
1658,0.0
1659,0.005113296666666667
1660,7.965e-05
1661,0.0
1662,0.0
1663,0.0
1664,0.003206341
1665,0.046794756
1666,0.00191440025
1667,0.0005989999999999999
1668,0.12018297160000002
1669,0.060983921749999996
1670,0.0572715672
1671,0.16842072
1672,0.084970505
1673,0.1543026375
1674,0.036317427
1675,0.047919944000000006
1676,0.004352235249999999
1677,0.06759956339999999
1678,0.018880150000000002
1679,0.0250692552
1680,1.6752499999999999e-07
1681,0.00016424999999999998
1682,0.12668500125
1683,0.0033890609999999996
1684,0.02554833075
1685,0.032909105
1686,0.0059590796
1687,0.05060782716666667
1688,0.1385847275
1689,9.429999999999999e-05
1690,0.00240092
1691,0.11073776725000001
1692,0.01975138875
1693,0.0182446654
1694,0.022288075
1695,0.04258432575
1696,0.0008625
1697,0.0037222856
1698,0.00116594675
1699,0.03488039724999999
1700,0.0293749575
1701,0.00539373925
1702,0.01943870475
1703,0.009207018400000001
1704,0.013381873
1705,0.0029595627500000003
1706,0.007271281
1707,0.041387776666666674
1708,0.00295682775
1709,0.00011485000000000001
1710,0.041891059999999994
1711,0.056060700500000005
1712,0.05677370825
1713,0.0018906597499999999
1714,0.13851764866666666
1715,0.1014490442
1716,0.047194801999999994
1717,0.00201122125
1718,0.0037754679999999997
1719,0.0087586405
1720,0.0136290125
1721,0.002584831
1722,0.0006771224
1723,0.178270904
1724,0.0018906597499999999
1725,0.0225428145
1726,0.0055511885
1727,0.0539593585
1728,0.0062587255
1729,0.09856873000000001
1730,0.0075900688
1731,0.040648821200000004
1732,1.7625e-05
1733,0.0124037362
1734,0.0003848
1735,0.00737406
1736,0.010973487499999999
1737,0.01989818
1738,0.00948132975
1739,0.007501075250000001
1740,0.0266386
1741,0.0499094566
1742,0.00443384075
1743,0.01807233225
1744,0.0755389385
1745,0.0349708
1746,0.0049557126
1747,0.042056557
1748,0.00687307675
1749,0.0324760756
1750,0.003591428166666667
1751,0.0007162500000000001
1752,0.004573056000000001
1753,0.00014
1754,4.3975e-06
1755,0.015082496
1756,0.0222236864
1757,3.9625e-05
1758,0.0
1759,0.00162434725
1760,0.00603358025
1761,0.015576036666666668
1762,0.00015452499999999997
1763,4.8775e-06
1764,0.010808554799999998
1765,0.0008584175999999999
1766,0.00028420400000000003
1767,0.0
1768,0.00649406
1769,0.023406918999999998
1770,0.0019095149999999999
1771,0.0019484118000000002
1772,0.0009172626
1773,0.007197678199999999
1774,0.00091714675
1775,0.0005686795
1776,0.0018817230000000003
1777,0.09537924625
1778,0.0033272605
1779,0.0004894999999999999
1780,0.014510710750000001
1781,0.00162456725
1782,0.0012936904999999999
1783,0.014238482750000002
1784,0.0
1785,0.003953114400000001
1786,1.5425e-05
1787,0.0007825
1788,0.0048173090000000005
1789,0.0
1790,0.0020629315000000002
1791,0.00090225
1792,0.0005817499999999999
1793,0.00116564325
1794,4.7325e-05
1795,0.00019579999999999996
1796,4.7325e-05
1797,4.7325e-05
1798,0.0012490123999999998
1799,0.0207081136
1800,0.000163
1801,0.0014771229999999999
1802,0.0016113122
1803,0.000163
1804,0.0017426025000000002
1805,0.004999057833333333
1806,0.0002466666666666667
1807,0.00020899999999999998
1808,0.010608729999999999
1809,0.016802119333333334
1810,0.0095361035
1811,0.005113979
1812,1.7533333333333332e-07
1813,1.3149999999999998e-07
1814,0.00012625
1815,0.00129421725
1816,0.0019758907499999997
1817,0.0012322552
1818,6.625e-06
1819,0.00231022625
1820,0.0
1821,7.26e-05
1822,0.03916082075
1823,0.004554885599999999
1824,0.000143
1825,0.006468344249999999
1826,0.0077667825
1827,0.0019715356
1828,0.000925
1829,0.0092014544
1830,0.00096435375
1831,0.005175319750000001
1832,8.643333333333334e-05
1833,0.00015249999999999997
1834,0.0406520218
1835,1.6752499999999999e-07
1836,0.0
1837,1.8533333333333335e-07
1838,0.00030825
1839,0.0012419710000000001
1840,0.009213276749999999
1841,0.000258
1842,0.01628314225
1843,0.001817226
1844,0.0021267302499999997
1845,0.004381652333333334
1846,0.0035790623333333336
1847,0.0003177999999999999
1848,0.0012527915
1849,0.0092706725
1850,8.062e-05
1851,0.0006148236
1852,0.0043888672
1853,0.0015065984999999998
1854,0.002544088
1855,0.0208461324
1856,0.0
1857,0.008245458399999999
1858,0.0017173014999999998
1859,0.00539837025
1860,0.00051575725
1861,0.0154510916
1862,0.00039775
1863,0.0012714988
1864,1.255e-05
1865,0.0001565
1866,0.0021932155000000003
1867,0.00453544675
1868,0.001439624
1869,0.00199588725
1870,0.000178
1871,0.015753701250000002
1872,0.00045075000000000003
1873,0.00623018225
1874,1.335e-05
1875,1.335e-05
1876,0.0007225
1877,0.0008158677999999999
1878,0.00024450000000000003
1879,0.0002446
1880,0.004968245499999999
1881,0.00014025
1882,0.0043332374
1883,0.004658137
1884,0.0021520940000000002
1885,0.0021520940000000002
1886,0.005789534999999999
1887,0.0021520940000000002
1888,0.00069125
1889,0.001990201333333333
1890,2.6775e-05
1891,0.00332876575
1892,0.0005755000000000001
1893,9.955e-07
1894,0.00230858225
1895,0.00230858225
1896,4.59e-06
1897,0.0021831985
1898,0.00026475
1899,0.00016150000000000002
1900,1.945e-05
1901,0.013230381400000001
1902,0.00046850000000000006
1903,0.0029697645000000003
1904,0.04227616175
1905,7.025e-05
1906,0.0059174404
1907,0.0004840436
1908,0.004305995
1909,0.00038275
1910,0.00392780525
1911,0.01861371025
1912,0.0087780212
1913,0.000848
1914,0.0009012499999999999
1915,3.1525e-05
1916,0.0057461782
1917,0.0
1918,2.9975e-05
1919,1.63e-05
1920,0.00012252
1921,0.000767456
1922,0.0004892736
1923,0.00045549999999999996
1924,0.00011119999999999999
1925,8.147499999999999e-05
1926,0.0008916429999999999
1927,0.0
1928,0.0
1929,0.0
1930,0.0026942940000000003
1931,0.0018906597499999999
1932,0.002571101
1933,0.00017625
1934,0.006051365750000001
1935,0.010308032500000001
1936,0.0285653574
1937,0.01263770925
1938,3.0066666666666665e-05
1939,0.0053318048
1940,0.003153645
1941,0.0014789934000000002
1942,4.906e-05
1943,1.8750000000000002e-05
1944,3.786e-05
1945,1.48575e-06
1946,0.0004343333333333333
1947,0.0029697645000000003
1948,0.013808456
1949,0.00122223475
1950,0.00122223475
1951,0.000313
1952,0.00019559999999999998
1953,6.131999999999999e-06
1954,0.0021060799999999998
1955,0.0007427499999999999
1956,0.00016725
1957,0.0025809567499999997
1958,0.00264987225
1959,0.0025809567499999997
1960,0.0025809567499999997
1961,0.026938833250000002
1962,0.00126858825
1963,0.0012248305
1964,0.07723366159999999
1965,0.0001625
1966,0.0014749894999999999
1967,1.4366666666666667e-05
1968,0.00525416775
1969,1.7925e-05
1970,0.00369725825
1971,0.0012238652499999998
1972,0.00970980275
1973,0.000306
1974,0.0025654168
1975,0.0144409982
1976,0.012617148000000002
1977,0.000156
1978,0.00584801375
1979,0.00018350000000000002
1980,1.7125e-05
1981,0.0003295
1982,0.00017975
1983,0.000949482
1984,0.00023175
1985,0.00023175
1986,0.0004645
1987,5.7075e-05
1988,0.0024104749999999996
1989,7.586e-05
1990,0.00025925
1991,0.006863608
1992,0.0019570405
1993,0.000101475
1994,9.815e-06
1995,0.0001425
1996,4.955e-05
1997,4.5274999999999996e-05
1998,0.0
1999,1.85e-05
2000,2.274e-05
2001,0.0
2002,0.000163
2003,0.0043088822
2004,3.4700000000000002e-06
2005,0.0007215904000000002
2006,0.0005052500000000001
2007,3.633333333333333e-05
2008,0.0017950013999999998
2009,0.0049770738000000005
2010,0.0013902301999999997
2011,0.0035655108
2012,0.00011535999999999998
2013,0.000144
2014,0.0049573442
2015,0.010371602599999998
2016,0.0005282500000000001
2017,0.00020975000000000003
2018,0.002724141
2019,0.0
2020,4.2449999999999995e-05
2021,0.06516081974999999
2022,0.0020241275000000003
2023,0.0079634964
2024,0.0008809352499999999
2025,2.895e-06
2026,0.0023385771999999997
2027,0.0032661655000000003
2028,0.0019360385000000003
2029,0.0043195205
2030,5.0874999999999997e-05
2031,0.0
2032,0.0021239320000000003
2033,6.58e-05
2034,0.0018906597499999999
2035,0.0
2036,0.0
2037,8.175000000000001e-05
2038,0.009437614
2039,0.0074750706
2040,0.002834494
2041,8.23e-05
2042,6.7375e-06
2043,0.005701306666666666
2044,0.00947551325
2045,0.00027275
2046,0.00211400275
2047,0.003113844
2048,0.012930994500000001
2049,0.0011955332499999998
2050,0.00041900000000000005
2051,0.00039882
2052,0.0003025
2053,0.0
2054,0.018679736333333332
2055,0.007953500499999999
2056,0.00025399999999999994
2057,0.01078778275
2058,1.04e-05
2059,0.00018260000000000002
2060,0.007050311200000001
2061,0.0024642726
2062,0.000196
2063,0.024043705399999997
2064,0.0070564999999999985
2065,8.3225e-05
2066,0.00025725
2067,0.0063442785
2068,0.0
2069,0.0011446286
2070,0.015800615799999997
2071,0.028901286800000002
2072,1.555e-05
2073,0.0033231282
2074,0.0
2075,1.2437499999999999e-05
2076,0.007451134
2077,0.0017175356000000003
2078,0.0090482294
2079,0.0020132425
2080,0.0177536076
2081,0.00364667025
2082,0.00151964625
2083,5.45e-06
2084,0.002781754
2085,0.000118
2086,2.9500097749999998e-05
2087,0.00085425
2088,0.00024375
2089,0.00208157325
2090,0.0006646
2091,0.0035008437500000005
2092,8.2225e-05
2093,5.8899999999999995e-05
2094,0.0
2095,0.0
2096,0.01708146425
2097,0.0037402997499999995
2098,0.0004343333333333333
2099,3.02125e-05
2100,2.58e-05
2101,0.00469786125
2102,0.0
2103,0.00151964625
2104,0.000767
2105,0.0037913609999999996
2106,0.000136475
2107,0.000562
2108,0.000608726
2109,0.0016836371999999998
2110,0.000562
2111,2.3400000000000003e-05
2112,0.00221982325
2113,0.0005228113333333334
2114,0.0
2115,0.0
2116,0.0
2117,4.426666666666666e-05
2118,0.0
2119,4.74e-05
2120,0.0
2121,0.0
2122,0.0
2123,0.0
2124,0.0
2125,0.00339927525
2126,0.0
2127,0.0
2128,0.0
2129,0.00030575
2130,0.0
2131,0.0
2132,0.0
2133,0.0
2134,0.0
2135,0.0
2136,3.8425e-05
2137,0.0
2138,0.0
2139,0.0
2140,0.0
2141,0.0
2142,0.0
2143,0.0
2144,0.00548376325
2145,0.0
2146,0.0
2147,0.0
2148,0.0
2149,0.0
2150,0.0
2151,0.0
2152,0.0
2153,0.0
2154,0.0
2155,0.0
2156,0.0
2157,0.0
2158,0.0
2159,0.00018599999999999997
2160,0.0
2161,0.0
2162,0.000171
2163,0.0037306590000000003
2164,1.2883333333333334e-06
2165,1.2883333333333334e-06
2166,0.0
2167,0.00223066475
2168,0.0011379542
2169,0.0
2170,0.0
2171,0.0
2172,0.00830957075
2173,0.0
2174,0.0
2175,0.0
2176,0.0
2177,0.07132210925
2178,0.0
2179,0.0
2180,0.0
2181,0.0
2182,0.0
2183,0.0
2184,0.0
2185,0.0
2186,0.0
2187,0.0
2188,0.0
2189,0.009146119800000001
2190,0.0018847888
2191,0.00096965425
2192,0.0
2193,0.008044867
2194,0.0015559225
2195,0.00096965425
2196,0.0
2197,0.02790233675
2198,0.0
2199,0.0
2200,0.0
2201,0.0
2202,0.0
2203,0.0
2204,0.00096965425
2205,0.0
2206,0.013846002000000001
2207,0.0
2208,0.0
2209,0.0
2210,0.00096965425
2211,0.0015937518
2212,0.00096965425
2213,0.00096965425
2214,0.0
2215,0.0
2216,0.0
2217,0.0
2218,0.0
2219,0.0
2220,0.0433696312
2221,0.00100314
2222,0.00100613175
2223,0.001199691
2224,0.0
2225,0.0
2226,0.0
2227,0.0
2228,0.0
2229,0.0
2230,0.0
2231,0.0
2232,0.0
2233,0.0
2234,0.0
2235,0.065137764
2236,0.0
2237,0.0
2238,0.0
2239,0.0047827326
2240,0.00122223475
2241,0.0
2242,0.0
2243,0.0027033047499999997
2244,0.0
2245,0.03153739
2246,0.02666319725
2247,2.5775e-05
2248,0.0245067272
2249,0.014322405799999998
2250,0.0
2251,0.00367254925
2252,0.0
2253,0.000102875
2254,0.00192192875
2255,0.0
2256,0.00150186675
2257,0.0087048542
2258,0.0
2259,0.0002245
2260,0.0008203789999999999
2261,0.00221982325
2262,0.0001464
2263,0.0
2264,0.0
2265,0.0
2266,0.0
2267,0.0814322294
2268,0.0106799965
2269,0.00046374999999999997
2270,0.00063825
2271,4.07e-06
2272,0.0
2273,0.0007522500000000001
2274,0.00038452025
2275,0.0
2276,0.0023532860000000004
2277,0.0016972492
2278,1.0735999999999999e-05
2279,0.0
2280,0.0
2281,0.004889537249999999
2282,0.051633159399999996
2283,0.0
2284,0.002034723
2285,0.0
2286,0.0
2287,0.0
2288,0.0
2289,0.0
2290,0.0032647310000000003
2291,0.004775894
2292,0.00048633333333333335
2293,0.0027483038000000004
2294,0.000993639
2295,1.9774e-05
2296,0.0
2297,0.0094332884
2298,0.0020233416
2299,0.0
2300,0.0
2301,0.0038046812499999997
2302,0.000567
2303,0.00429722425
2304,0.00024375
2305,0.0
2306,0.0038965889999999998
2307,0.007869594
2308,0.00029575
2309,2.47925e-05
2310,0.00048125
2311,0.0
2312,0.0
2313,0.0
2314,0.0
2315,0.0
2316,0.0
2317,7.57e-06
2318,0.00024825
2319,0.00030575
2320,0.0
2321,0.00041975000000000004
2322,0.0
2323,0.0
2324,0.0
2325,2.6640000000000002e-05
2326,0.00025725
2327,0.0049225442
2328,0.00525315725
2329,0.031228521000000002
2330,0.0
2331,0.0
2332,0.0
2333,0.0
2334,0.0
2335,0.0
2336,0.0
2337,0.0
2338,0.000332
2339,0.0005859999999999999
2340,0.06724716820000001
2341,0.011845345
2342,0.0
2343,0.0
2344,0.0
2345,0.0
2346,0.0
2347,0.0
2348,8.095999999999999e-08
2349,0.0
2350,0.0
2351,3.832e-05
2352,0.00035380000000000003
2353,0.0
2354,9.218e-05
2355,0.000302
2356,0.00267609725
2357,0.01755141375
2358,0.0
2359,0.0
2360,0.0
2361,0.0
2362,0.0
2363,0.0
2364,0.0
2365,0.0062701006
2366,6.131999999999999e-06
2367,0.000114
2368,0.0
2369,0.0
2370,4.2250000000000004e-05
2371,0.001371328
2372,0.0
2373,0.00162559675
2374,7.964999999999999e-06
2375,0.0
2376,0.0
2377,0.00765062475
2378,0.0
2379,0.014507787166666666
2380,0.0
2381,0.0
2382,0.0
2383,0.0
2384,0.0
2385,0.0
2386,0.0
2387,0.0
2388,0.0
2389,0.0
2390,0.0
2391,0.0
2392,0.00017625
2393,0.000615
2394,0.0
2395,0.0
2396,0.0
2397,0.0
2398,0.0
2399,9.5e-05
2400,0.0
2401,0.0
2402,0.0
2403,0.000557092
2404,0.0013565317499999998
2405,0.0
2406,9.032500000000001e-05
2407,7.996666666666665e-05
2408,0.0
2409,0.0
2410,0.0
2411,0.0
2412,0.0018109786000000002
2413,0.0
2414,1.255e-05
2415,0.0018817001999999999
2416,0.0
2417,0.0
2418,0.0
2419,0.00012054000000000001
2420,0.0
2421,0.0
2422,0.0
2423,7.8125e-05
2424,0.0
2425,0.0
2426,0.0
2427,0.0
2428,0.00034774999999999997
2429,0.000489289
2430,0.0
2431,1.17e-06
2432,0.0024012608
2433,0.00013335999999999998
2434,4.4675e-06
2435,0.0
2436,2.47925e-05
2437,0.0
2438,0.00022874999999999998
2439,0.0018978150000000002
2440,0.039161261249999996
2441,0.0085200955
2442,0.00026375
2443,0.033057908999999996
2444,0.0
2445,0.108413214
2446,0.0
2447,0.0185136935
2448,0.0
2449,0.007195963749999999
2450,2.8725e-05
2451,0.0
2452,0.0
2453,0.0
2454,0.0
2455,0.0
2456,0.0
2457,1.4919999999999999e-06
2458,0.00014316
2459,0.00026366666666666666
2460,0.00725632
2461,0.0054728925
2462,0.00018524999999999998
2463,0.0
2464,0.0
2465,0.0
2466,6.579999999999999e-05
2467,0.009495090500000001
2468,0.00033825
2469,0.0
2470,1.9540000006820004e-05
2471,0.0
2472,0.0
2473,0.0006430986
2474,0.0
2475,0.0
2476,0.0030653817500000003
2477,3.1525e-05
2478,0.0
2479,0.0005646
2480,0.0001565
2481,0.005013369
2482,0.00036525
2483,0.0
2484,0.00031800000000000003
2485,0.0
2486,0.0
2487,0.0
2488,0.0
2489,0.0
2490,0.0
2491,0.0
2492,0.0
2493,0.0
2494,4.835e-07
2495,0.00032275
2496,0.0002145
2497,0.0
2498,0.0
2499,0.00941286625
2500,0.014041832166666665
2501,0.022803221999999998
2502,0.00281985225
2503,0.0
2504,0.0002706
2505,0.0
2506,0.00029449999999999995
2507,0.0
2508,0.00058
2509,0.0
2510,0.0
2511,0.0
2512,0.0
2513,0.0018906597499999999
2514,5.730966666666666e-07
2515,0.0
2516,0.0
2517,0.0017853575
2518,0.0
2519,0.0001515
2520,3.2621999999999994e-05
2521,0.0
2522,0.007081544600000001
2523,0.0
2524,0.00011
2525,0.0
2526,0.00026375
2527,0.0
2528,0.0
2529,0.011610305750000003
2530,0.0
2531,0.0021632562500000004
2532,0.0
2533,0.0
2534,0.0
2535,0.0
2536,0.0
2537,0.0
2538,0.0
2539,0.0
2540,0.000258
2541,0.0
2542,0.0
2543,0.0
2544,0.0
2545,0.0
2546,0.0
2547,0.0
2548,5.5549999999999995e-05
2549,0.0
2550,0.0
2551,0.003556100333333333
2552,0.0032989016666666662
2553,0.0008952680000000001
2554,0.0
2555,0.0
2556,0.0
2557,0.0
2558,0.0
2559,0.00036525
2560,8.3225e-05
2561,0.00150186675
2562,0.0
2563,0.00069125
2564,0.0
2565,2.783e-05
2566,0.00042052040000000005
2567,0.0
2568,0.0012471490000000001
2569,3.8675e-05
2570,0.0
2571,1.2185e-06
2572,0.0
2573,0.0
2574,5.44e-06
2575,0.0
2576,0.0
2577,0.0
2578,0.0047182458
2579,0.0
2580,5.714e-05
2581,0.0021429615000000003
2582,0.0
2583,0.0
2584,0.0017772814999999999
2585,3.0275e-05
2586,0.0
2587,0.0
2588,0.0
2589,0.0012877930000000002
2590,0.0
2591,0.0
2592,0.0023882038
2593,0.00346508425
2594,0.0
2595,0.0
2596,0.0
2597,0.0
2598,0.0
2599,0.000853
2600,0.0
2601,0.0
2602,0.0
2603,0.013325345333333334
2604,0.00031
2605,0.0
2606,0.005857160833333333
2607,0.0
2608,0.0
2609,0.0030873108000000005
2610,0.0
2611,0.0001856
2612,0.0
2613,0.0
2614,0.0002582
2615,0.0
2616,0.0
2617,0.004027879
2618,0.0
2619,0.0
2620,0.00128370325
2621,0.011611255400000001
2622,0.0
2623,0.0
2624,0.0
2625,0.000412
2626,0.00364181
2627,0.0
2628,0.0
2629,0.0001615
2630,0.0
2631,0.0
2632,0.0
2633,0.0
2634,0.00054725
2635,0.0109379065
2636,0.0
2637,0.0
2638,0.0
2639,0.0003935
2640,0.0002672336
2641,0.0392135745
2642,0.0
2643,3.633333333333333e-05
2644,0.0
2645,0.0
2646,0.0
2647,0.0
2648,0.00233886275
2649,0.13009436400000002
2650,0.0
2651,0.0
2652,0.0
2653,0.0
2654,0.0
2655,0.0
2656,0.0
2657,0.0001515
2658,0.0052709095000000004
2659,0.0
2660,0.0265834945
2661,0.0
2662,0.0
2663,0.0
2664,0.00531224
2665,0.00184019175
2666,0.0
2667,5.195e-06
2668,0.0
2669,0.0
2670,0.0
2671,0.00231179225
2672,0.0
2673,0.0
2674,0.00017249999999999996
2675,0.004767331749999999
2676,0.0
2677,0.0
2678,0.0
2679,0.0
2680,0.0
2681,1.555e-05
2682,0.0
2683,0.0051562558000000005
2684,0.02424583675
2685,0.0345896484
2686,0.019614336500000003
2687,0.0
2688,0.05473842275
2689,0.00570713825
2690,5.7025e-05
2691,0.0
2692,0.0
2693,0.003269652
2694,0.0010811785574999999
2695,0.00065150960125
2696,0.0036856566012500006
2697,0.00025100000000000003
2698,0.0
2699,0.0
2700,0.0
2701,0.0011423815
2702,0.0
2703,0.0
2704,0.00014154
2705,0.004618138666666667
2706,0.0
2707,0.0
2708,0.0007145
2709,0.0
2710,0.0
2711,0.0
2712,0.0006837500000000001
2713,0.00041624100000000003
2714,0.0
2715,0.0
2716,0.0
2717,0.0
2718,7.740000000000001e-05
2719,0.0
2720,0.0027223618333333337
2721,1.304e-05
2722,5.2850000000000004e-05
2723,0.0
2724,0.0
2725,0.01844450275
2726,0.002389501
