,D4N
0,4.0
1,0.0
2,0.0
3,0.0
4,7.5
5,3.0
6,1.0
7,0.0
8,0.0
9,6.25
10,2.0
11,4.25
12,2.0
13,0.0
14,1.0
15,1.0
16,0.0
17,0.0
18,0.0
19,16.0
20,1.0
21,2.0
22,3.0
23,2.25
24,1.0
25,0.0
26,8.0
27,0.0
28,0.0
29,0.0
30,1.0
31,6.0
32,0.0
33,1.0
34,7.0
35,25.0
36,1.0
37,1.0
38,0.0
39,8.0
40,0.0
41,2.0
42,4.0
43,1.0
44,1.0
45,0.0
46,0.0
47,0.0
48,1.0
49,2.0
50,2.0
51,0.0
52,5.25
53,13.25
54,23.0
55,11.25
56,3.25
57,0.0
58,1.0
59,0.0
60,3.0
61,0.0
62,2.0
63,0.0
64,0.0
65,4.5
66,0.0
67,30.0
68,2.0
69,1.0
70,2.25
71,5.0
72,1.0
73,1.0
74,0.0
75,0.0
76,0.0
77,3.0
78,6.0
79,0.0
80,0.0
81,29.75
82,7.0
83,0.0
84,14.0
85,1.0
86,1.0
87,2.0
88,5.0
89,0.0
90,0.0
91,0.0
92,0.0
93,0.0
94,3.0
95,0.0
96,1.0
97,1.0
98,2.0
99,1.0
100,1.0
101,2.0
102,0.0
103,1.0
104,1.0
105,1.0
106,0.0
107,1.0
108,3.0
109,0.0
110,0.0
111,0.0
112,3.0
113,0.0
114,0.0
115,1.0
116,2.0
117,2.0
118,2.0
119,0.0
120,0.0
121,1.0
122,1.0
123,0.0
124,0.0
125,5.25
126,0.0
127,3.0
128,2.0
129,3.0
130,4.0
131,4.0
132,1.0
133,0.0
134,1.0
135,0.0
136,62.5
137,5.0
138,0.0
139,0.0
140,3.0
141,1.0
142,6.25
143,4.5
144,0.0
145,1.0
146,1.0
147,0.0
148,1.0
149,5.0
150,0.0
151,21.0
152,2.25
153,0.0
154,0.0
155,7.0
156,15.75
157,3.0
158,1.0
159,13.75
160,11.25
161,5.0
162,2.25
163,4.25
164,5.25
165,2.0
166,4.0
167,1.0
168,2.0
169,0.0
170,7.25
171,6.5
172,0.0
173,8.25
174,1.0
175,0.0
176,2.0
177,16.0
178,9.0
179,1.0
180,0.0
181,0.0
182,1.0
183,1.0
184,4.0
185,0.0
186,6.0
187,3.0
188,4.0
189,0.0
190,9.25
191,0.0
192,0.0
193,2.0
194,1.0
195,0.0
196,1.0
197,4.25
198,4.0
199,3.5
200,0.0
201,1.0
202,5.0
203,0.0
204,0.0
205,0.0
206,2.0
207,0.0
208,0.0
209,3.0
210,0.0
211,15.0
212,2.0
213,9.25
214,0.0
215,0.0
216,0.0
217,0.0
218,8.0
219,2.0
220,0.0
221,1.0
222,0.0
223,0.0
224,1.0
225,1.0
226,1.0
227,0.0
228,12.75
229,2.0
230,8.5
231,1.0
232,2.0
233,1.0
234,6.75
235,7.0
236,1.0
237,0.0
238,24.25
239,1.0
240,0.0
241,1.0
242,0.0
243,7.0
244,5.0
245,0.0
246,7.0
247,4.0
248,2.0
249,9.0
250,1.0
251,0.0
252,35.0
253,1.0
254,0.0
255,11.0
256,0.0
257,1.0
258,1.0
259,2.0
260,1.0
261,7.0
262,2.0
263,8.0
264,9.0
265,0.0
266,3.0
267,7.0
268,1.0
269,2.0
270,1.0
271,2.0
272,1.0
273,0.0
274,0.0
275,1.0
276,1.0
277,1.0
278,1.25
279,32.5
280,19.75
281,0.0
282,14.5
283,1.0
284,1.0
285,0.0
286,4.0
287,4.0
288,0.0
289,0.0
290,0.0
291,0.0
292,9.0
293,0.0
294,1.0
295,5.0
296,1.0
297,0.0
298,10.75
299,0.0
300,0.0
301,0.0
302,0.0
303,1.0
304,0.0
305,10.25
306,3.0
307,8.0
308,2.0
309,0.0
310,0.0
311,1.0
312,2.0
313,1.0
314,0.0
315,1.0
316,2.0
317,28.0
318,0.0
319,0.0
320,0.0
321,2.0
322,0.0
323,0.0
324,2.25
325,9.0
326,1.0
327,26.75
328,8.0
329,0.0
330,0.0
331,1.0
332,2.0
333,2.0
334,1.0
335,2.0
336,0.0
337,0.0
338,0.0
339,4.0
340,2.0
341,8.0
342,5.0
343,3.0
344,17.0
345,1.25
346,12.0
347,0.0
348,0.0
349,1.0
350,2.0
351,0.0
352,8.25
353,1.0
354,0.0
355,0.0
356,1.0
357,1.0
358,1.0
359,1.25
360,1.0
361,0.0
362,0.0
363,1.0
364,2.0
365,0.0
366,1.0
367,0.0
368,2.0
369,1.0
370,3.0
371,0.0
372,0.0
373,0.0
374,15.5
375,0.0
376,5.0
377,3.0
378,2.25
379,0.0
380,31.75
381,0.0
382,0.0
383,0.0
384,46.25
385,1.0
386,0.0
387,0.0
388,6.0
389,4.0
390,0.0
391,0.0
392,40.75
393,0.0
394,0.0
395,0.0
396,0.0
397,0.0
398,0.0
399,0.0
400,41.5
401,0.0
402,0.0
403,0.0
404,0.0
405,0.0
406,0.0
407,0.0
408,0.0
409,0.0
410,0.0
411,0.0
412,0.0
413,0.0
414,0.0
415,0.0
416,0.0
417,0.0
418,27.0
419,1.25
420,0.0
421,6.25
422,3.5
423,0.0
424,0.0
425,0.0
426,13.25
427,20.5
428,9.25
429,0.0
430,0.0
431,0.0
432,0.0
433,0.0
434,0.0
435,0.0
436,0.0
437,0.0
438,0.0
439,0.0
440,0.0
441,0.0
442,0.0
443,0.0
444,0.0
445,4.0
446,0.0
447,1.0
448,1.0
449,3.0
450,2.0
451,1.0
452,0.0
453,0.0
454,0.0
455,0.0
456,1.0
457,0.0
458,0.0
459,0.0
460,0.0
461,4.0
462,1.0
463,0.0
464,2.0
465,2.0
466,2.0
467,61.75
468,0.0
469,0.0
470,0.0
471,0.0
472,0.0
473,28.5
474,1.0
475,0.0
476,0.0
477,0.0
478,0.0
479,1.0
480,1.0
481,3.0
482,0.0
483,4.0
484,0.0
485,0.0
486,1.0
487,2.0
488,0.0
489,1.0
490,5.0
491,30.25
492,1.0
493,1.0
494,0.0
495,1.0
496,1.0
497,1.0
498,2.0
499,0.0
500,0.0
501,0.0
502,2.0
503,6.0
504,2.0
505,2.0
506,3.0
507,0.0
508,0.0
509,0.0
510,0.0
511,1.0
512,4.0
513,0.0
514,0.0
515,0.0
516,3.25
517,0.0
518,0.0
519,3.0
520,3.0
521,0.0
522,0.0
523,3.0
524,0.0
525,1.0
526,0.0
527,1.0
528,1.0
529,6.0
530,0.0
531,2.0
532,1.0
533,13.5
534,0.0
535,0.0
536,4.0
537,0.0
538,6.25
539,1.0
540,0.0
541,5.0
542,0.0
543,35.75
544,24.25
545,3.0
546,3.0
547,5.0
548,2.0
549,3.0
550,0.0
551,5.0
552,9.0
553,1.0
554,1.0
555,1.0
556,0.0
557,4.0
558,12.75
559,0.0
560,2.0
561,0.0
562,0.0
563,0.0
564,1.0
565,1.0
566,2.25
567,2.0
568,0.0
569,3.0
570,0.0
571,0.0
572,3.0
573,0.0
574,0.0
575,3.0
576,0.0
577,1.0
578,0.0
579,3.0
580,2.0
581,8.25
582,0.0
583,1.0
584,1.0
585,1.0
586,1.0
587,1.0
588,0.0
589,1.0
590,0.0
591,2.0
592,0.0
593,0.0
594,3.0
595,0.0
596,3.25
597,0.0
598,0.0
599,0.0
600,22.0
601,0.0
602,2.0
603,1.0
604,1.0
605,2.0
606,1.0
607,3.75
608,0.0
609,1.0
610,0.0
611,1.0
612,11.0
613,1.0
614,1.0
615,1.0
616,0.0
617,1.0
618,1.0
619,1.0
620,2.0
621,6.0
622,1.0
623,0.0
624,1.0
625,1.0
626,2.0
627,0.0
628,0.0
629,0.0
630,2.0
631,0.0
632,6.0
633,1.0
634,1.0
635,0.0
636,28.5
637,1.0
638,5.0
639,0.0
640,7.0
641,3.0
642,6.25
643,3.0
644,0.0
645,1.0
646,3.0
647,1.0
648,0.0
649,2.0
650,1.0
651,0.0
652,1.0
653,1.0
654,1.0
655,1.0
656,1.0
657,0.0
658,2.0
659,2.0
660,2.0
661,1.0
662,0.0
663,1.0
664,27.0
665,1.0
666,0.0
667,0.0
668,0.0
669,0.0
670,2.0
671,10.0
672,4.0
673,4.25
674,18.25
675,0.0
676,1.0
677,1.0
678,8.0
679,2.0
680,0.0
681,1.0
682,1.0
683,1.0
684,3.0
685,0.0
686,16.5
687,3.0
688,1.0
689,0.0
690,0.0
691,5.0
692,1.0
693,0.0
694,0.0
695,0.0
696,0.0
697,2.0
698,1.0
699,0.0
700,0.0
701,5.0
702,5.0
703,1.0
704,2.0
705,0.0
706,1.0
707,16.25
708,1.0
709,1.0
710,5.0
711,2.0
712,1.0
713,4.25
714,1.0
715,1.0
716,1.0
717,1.0
718,1.0
719,1.0
720,0.0
721,0.0
722,33.25
723,6.0
724,3.0
725,0.0
726,1.0
727,1.0
728,9.0
729,1.0
730,3.0
731,1.0
732,22.5
733,3.0
734,0.0
735,0.0
736,2.0
737,4.0
738,24.5
739,0.0
740,0.0
741,1.0
742,2.0
743,1.0
744,4.0
745,6.25
746,0.0
747,0.0
748,1.0
749,3.0
750,4.0
751,1.0
752,1.0
753,6.0
754,2.0
755,8.0
756,1.0
757,4.0
758,1.0
759,7.0
760,2.0
761,1.0
762,0.0
763,0.0
764,0.0
765,4.0
766,1.0
767,0.0
768,75.25
769,0.0
770,4.0
771,1.0
772,0.0
773,0.0
774,3.0
775,1.0
776,1.0
777,1.0
778,1.0
779,2.0
780,4.0
781,1.0
782,2.0
783,0.0
784,0.0
785,7.0
786,4.0
787,1.0
788,3.0
789,1.0
790,1.0
791,1.0
792,1.0
793,13.25
794,1.0
795,1.0
796,1.0
797,1.0
798,1.0
799,2.25
800,0.0
801,1.0
802,1.0
803,1.0
804,1.0
805,1.0
806,14.25
807,0.0
808,3.0
809,2.0
810,1.0
811,1.0
812,0.0
813,3.0
814,1.0
815,0.0
816,1.0
817,1.0
818,1.0
819,0.0
820,0.0
821,3.0
822,0.0
823,0.0
824,0.0
825,27.5
826,2.0
827,1.0
828,1.0
829,1.0
830,0.0
831,0.0
832,3.0
833,19.25
834,0.0
835,1.0
836,0.0
837,1.0
838,0.0
839,4.0
840,1.0
841,1.0
842,8.25
843,2.0
844,0.0
845,2.0
846,0.0
847,3.0
848,0.0
849,7.0
850,2.0
851,1.0
852,1.0
853,2.0
854,2.0
855,1.0
856,0.0
857,15.75
858,0.0
859,1.0
860,4.0
861,2.0
862,0.0
863,1.0
864,0.0
865,62.25
866,1.0
867,5.5
868,1.0
869,1.0
870,1.0
871,3.0
872,1.0
873,1.0
874,2.0
875,8.0
876,1.0
877,1.0
878,3.0
879,0.0
880,0.0
881,2.0
882,1.0
883,1.0
884,7.0
885,1.0
886,1.0
887,1.0
888,3.0
889,1.0
890,6.0
891,8.25
892,1.0
893,0.0
894,1.0
895,1.0
896,3.0
897,7.0
898,0.0
899,0.0
900,2.0
901,6.25
902,1.0
903,1.0
904,1.0
905,0.0
906,8.0
907,10.25
908,0.0
909,1.0
910,12.75
911,1.0
912,1.0
913,0.0
914,1.0
915,2.0
916,0.0
917,1.0
918,1.0
919,1.0
920,8.5
921,12.5
922,1.0
923,71.25
924,1.0
925,1.0
926,2.0
927,1.0
928,0.0
929,1.0
930,2.0
931,2.0
932,0.0
933,0.0
934,0.0
935,21.0
936,1.0
937,6.0
938,1.0
939,0.0
940,2.25
941,1.0
942,0.0
943,0.0
944,1.0
945,2.0
946,2.0
947,1.0
948,1.0
949,3.0
950,1.0
951,0.0
952,0.0
953,1.0
954,2.0
955,0.0
956,1.0
957,0.0
958,3.0
959,0.0
960,1.0
961,1.0
962,6.25
963,7.0
964,0.0
965,0.0
966,0.0
967,0.0
968,2.0
969,2.0
970,1.0
971,0.0
972,1.0
973,1.0
974,1.0
975,1.0
976,1.0
977,2.0
978,0.0
979,0.0
980,1.0
981,2.25
982,1.0
983,0.0
984,1.0
985,2.0
986,0.0
987,0.0
988,0.0
989,0.0
990,1.0
991,0.0
992,8.0
993,1.0
994,0.0
995,5.25
996,0.0
997,1.0
998,2.0
999,0.0
1000,0.0
1001,3.25
1002,2.0
1003,1.0
1004,18.25
1005,1.0
1006,1.0
1007,2.0
1008,1.0
1009,0.0
1010,1.0
1011,1.0
1012,1.0
1013,0.0
1014,1.0
1015,1.25
1016,0.0
1017,0.0
1018,0.0
1019,0.0
1020,1.0
1021,3.25
1022,20.5
1023,0.0
1024,1.25
1025,1.0
1026,1.0
1027,1.25
1028,0.0
1029,10.25
1030,1.0
1031,7.75
1032,4.0
1033,1.0
1034,1.0
1035,2.0
1036,0.0
1037,0.0
1038,6.0
1039,1.0
1040,0.0
1041,1.0
1042,0.0
1043,0.0
1044,5.0
1045,6.25
1046,1.0
1047,4.0
1048,0.0
1049,0.0
1050,2.0
1051,0.0
1052,1.0
1053,2.0
1054,1.0
1055,0.0
1056,1.0
1057,1.0
1058,0.0
1059,13.25
1060,1.0
1061,2.0
1062,0.0
1063,0.0
1064,1.0
1065,2.0
1066,1.0
1067,0.0
1068,0.0
1069,0.0
1070,0.0
1071,3.0
1072,3.5
1073,1.0
1074,4.0
1075,0.0
1076,1.0
1077,4.25
1078,0.0
1079,2.0
1080,1.0
1081,1.0
1082,0.0
1083,12.0
1084,0.0
1085,7.0
1086,1.0
1087,0.0
1088,18.5
1089,0.0
1090,0.0
1091,1.0
1092,0.0
1093,0.0
1094,0.0
1095,0.0
1096,1.0
1097,1.0
1098,3.0
1099,2.0
1100,1.0
1101,1.0
1102,6.0
1103,1.0
1104,5.25
1105,5.0
1106,1.0
1107,2.0
1108,3.5
1109,9.0
1110,4.0
1111,0.0
1112,0.0
1113,1.0
1114,1.0
1115,2.0
1116,2.0
1117,1.0
1118,0.0
1119,5.0
1120,0.0
1121,0.0
1122,1.0
1123,0.0
1124,1.0
1125,1.0
1126,3.0
1127,13.0
1128,1.0
1129,1.0
1130,2.0
1131,1.0
1132,7.25
1133,1.0
1134,7.25
1135,2.0
1136,2.0
1137,2.0
1138,0.0
1139,1.0
1140,4.25
1141,1.0
1142,3.0
1143,1.0
1144,4.0
1145,4.0
1146,0.0
1147,3.75
1148,2.0
1149,0.0
1150,0.0
1151,4.5
1152,2.0
1153,4.0
1154,1.0
1155,2.0
1156,15.25
1157,0.0
1158,5.25
1159,0.0
1160,1.0
1161,2.0
1162,1.0
1163,1.0
1164,0.0
1165,1.0
1166,1.0
1167,1.0
1168,1.0
1169,1.5
1170,1.0
1171,7.75
1172,2.0
1173,0.0
1174,1.0
1175,0.0
1176,1.0
1177,3.0
1178,7.0
1179,1.0
1180,6.0
1181,0.0
1182,6.5
1183,2.5
1184,1.0
1185,1.0
1186,2.0
1187,2.0
1188,1.0
1189,1.0
1190,7.0
1191,0.0
1192,2.0
1193,0.0
1194,0.0
1195,1.0
1196,0.0
1197,1.0
1198,2.0
1199,1.0
1200,3.0
1201,2.0
1202,2.0
1203,1.0
1204,1.0
1205,0.0
1206,0.0
1207,2.0
1208,2.0
1209,2.0
1210,2.0
1211,1.0
1212,1.0
1213,1.0
1214,0.0
1215,0.0
1216,3.25
1217,3.0
1218,3.5
1219,0.0
1220,1.0
1221,1.0
1222,0.0
1223,1.0
1224,1.0
1225,2.0
1226,2.0
1227,0.0
1228,1.0
1229,1.0
1230,1.0
1231,1.0
1232,1.0
1233,2.0
1234,5.25
1235,0.0
1236,14.0
1237,1.0
1238,2.0
1239,3.0
1240,0.0
1241,1.0
1242,1.0
1243,0.0
1244,1.0
1245,0.0
1246,0.0
1247,3.0
1248,4.0
1249,1.0
1250,2.0
1251,6.0
1252,2.5
1253,1.0
1254,0.0
1255,2.0
1256,0.0
1257,0.0
1258,0.0
1259,34.5
1260,1.0
1261,0.0
1262,0.0
1263,1.0
1264,0.0
1265,5.25
1266,3.0
1267,0.0
1268,1.0
1269,4.0
1270,0.0
1271,9.0
1272,0.0
1273,0.0
1274,0.0
1275,0.0
1276,1.0
1277,1.0
1278,2.0
1279,2.0
1280,1.0
1281,3.0
1282,0.0
1283,1.0
1284,2.0
1285,2.0
1286,0.0
1287,0.0
1288,2.0
1289,1.0
1290,20.5
1291,4.0
1292,1.0
1293,1.0
1294,3.0
1295,0.0
1296,4.0
1297,2.0
1298,1.0
1299,1.0
1300,1.0
1301,8.25
1302,0.0
1303,1.0
1304,4.0
1305,32.25
1306,11.0
1307,3.0
1308,29.75
1309,4.0
1310,3.5
1311,4.0
1312,3.25
1313,0.0
1314,1.0
1315,0.0
1316,9.0
1317,1.0
1318,1.0
1319,0.0
1320,1.0
1321,9.0
1322,0.0
1323,1.0
1324,20.5
1325,1.0
1326,20.0
1327,48.5
1328,2.0
1329,7.25
1330,26.0
1331,16.25
1332,10.25
1333,3.0
1334,4.0
1335,3.0
1336,1.0
1337,2.0
1338,14.0
1339,14.0
1340,44.25
1341,34.0
1342,9.0
1343,11.0
1344,3.0
1345,23.0
1346,29.0
1347,3.0
1348,18.25
1349,2.0
1350,1.0
1351,9.0
1352,1.0
1353,24.0
1354,0.0
1355,12.5
1356,5.0
1357,21.75
1358,12.25
1359,7.0
1360,3.0
1361,6.0
1362,3.0
1363,1.0
1364,3.0
1365,4.0
1366,12.0
1367,47.0
1368,7.25
1369,2.0
1370,1.0
1371,6.0
1372,19.25
1373,0.0
1374,0.0
1375,0.0
1376,76.75
1377,0.0
1378,0.0
1379,6.0
1380,0.0
1381,0.0
1382,2.0
1383,1.0
1384,21.75
1385,0.0
1386,15.0
1387,3.0
1388,9.5
1389,3.0
1390,25.0
1391,1.0
1392,3.0
1393,3.0
1394,99.0
1395,89.25
1396,73.5
1397,57.25
1398,2.0
1399,62.0
1400,29.5
1401,3.0
1402,0.0
1403,3.0
1404,1.0
1405,1.0
1406,3.0
1407,9.0
1408,3.0
1409,13.0
1410,89.0
1411,12.0
1412,79.75
1413,18.25
1414,1.0
1415,0.0
1416,21.5
1417,13.0
1418,10.0
1419,3.0
1420,23.5
1421,19.25
1422,0.0
1423,26.75
1424,5.666666666666667
1425,24.5
1426,2.0
1427,10.0
1428,23.0
1429,1.0
1430,1.0
1431,9.0
1432,5.0
1433,1.0
1434,2.0
1435,2.0
1436,10.0
1437,2.0
1438,1.0
1439,7.25
1440,6.25
1441,4.0
1442,1.0
1443,5.0
1444,26.5
1445,2.25
1446,6.0
1447,2.25
1448,1.0
1449,21.25
1450,21.25
1451,5.0
1452,1.0
1453,0.0
1454,5.0
1455,3.0
1456,2.0
1457,31.25
1458,3.0
1459,15.5
1460,4.0
1461,19.5
1462,3.0
1463,23.25
1464,35.0
1465,4.0
1466,6.0
1467,8.25
1468,0.0
1469,5.0
1470,4.0
1471,6.25
1472,57.25
1473,9.0
1474,19.25
1475,20.0
1476,14.0
1477,16.0
1478,1.0
1479,0.0
1480,76.0
1481,1.0
1482,1.0
1483,9.25
1484,2.0
1485,4.0
1486,7.0
1487,0.0
1488,4.0
1489,3.0
1490,9.0
1491,2.0
1492,21.5
1493,1.0
1494,0.0
1495,31.5
1496,0.0
1497,3.25
1498,2.0
1499,49.5
1500,1.0
1501,4.0
1502,5.0
1503,4.5
1504,5.0
1505,1.0
1506,2.0
1507,14.75
1508,4.0
1509,9.0
1510,22.5
1511,1.0
1512,19.0
1513,11.0
1514,6.0
1515,1.0
1516,8.0
1517,2.0
1518,2.0
1519,2.25
1520,1.0
1521,2.0
1522,1.0
1523,1.0
1524,1.0
1525,52.25
1526,6.0
1527,0.0
1528,1.0
1529,5.0
1530,19.0
1531,1.0
1532,76.0
1533,46.25
1534,2.0
1535,2.0
1536,37.25
1537,1.0
1538,0.0
1539,1.0
1540,3.25
1541,2.0
1542,7.0
1543,27.5
1544,5.75
1545,1.0
1546,1.0
1547,0.0
1548,1.0
1549,89.75
1550,7.0
1551,1.0
1552,1.0
1553,14.25
1554,1.0
1555,1.0
1556,11.0
1557,23.5
1558,1.0
1559,10.0
1560,3.0
1561,1.0
1562,1.0
1563,10.0
1564,15.0
1565,3.0
1566,1.0
1567,2.0
1568,0.0
1569,4.0
1570,51.25
1571,35.0
1572,1.0
1573,2.0
1574,1.0
1575,44.25
1576,3.0
1577,1.0
1578,0.0
1579,17.75
1580,15.0
1581,0.0
1582,3.0
1583,1.0
1584,1.0
1585,3.0
1586,0.0
1587,32.0
1588,1.0
1589,23.25
1590,5.0
1591,1.0
1592,17.0
1593,23.25
1594,1.25
1595,48.0
1596,5.0
1597,1.0
1598,3.0
1599,2.0
1600,6.0
1601,4.0
1602,1.0
1603,2.0
1604,26.0
1605,20.0
1606,5.0
1607,2.0
1608,8.25
1609,18.25
1610,19.25
1611,30.0
1612,1.0
1613,0.0
1614,1.0
1615,2.25
1616,16.0
1617,4.0
1618,11.0
1619,23.5
1620,7.0
1621,95.25
1622,3.0
1623,1.0
1624,1.0
1625,4.0
1626,8.0
1627,8.5
1628,4.0
1629,16.0
1630,12.25
1631,0.0
1632,3.0
1633,1.0
1634,0.0
1635,4.0
1636,1.25
1637,2.0
1638,1.0
1639,3.0
1640,1.25
1641,13.0
1642,1.0
1643,2.0
1644,7.0
1645,0.0
1646,0.0
1647,0.0
1648,0.0
1649,7.0
1650,3.25
1651,1.0
1652,1.0
1653,1.0
1654,8.0
1655,1.0
1656,1.0
1657,1.0
1658,1.0
1659,4.0
1660,1.0
1661,0.0
1662,0.0
1663,0.0
1664,7.0
1665,18.25
1666,2.0
1667,5.0
1668,43.0
1669,20.75
1670,23.5
1671,57.5
1672,28.5
1673,74.25
1674,15.0
1675,18.0
1676,3.0
1677,47.5
1678,9.5
1679,10.0
1680,2.0
1681,2.0
1682,54.5
1683,6.0
1684,11.0
1685,31.0
1686,3.0
1687,20.0
1688,66.75
1689,1.0
1690,1.25
1691,33.0
1692,5.0
1693,15.5
1694,7.75
1695,13.5
1696,3.0
1697,6.0
1698,4.0
1699,26.25
1700,16.0
1701,7.0
1702,8.25
1703,12.25
1704,10.25
1705,13.5
1706,6.25
1707,12.75
1708,7.0
1709,2.0
1710,18.0
1711,21.5
1712,34.75
1713,1.0
1714,46.5
1715,34.0
1716,30.75
1717,5.0
1718,6.25
1719,4.0
1720,4.25
1721,3.0
1722,7.0
1723,66.0
1724,1.0
1725,8.0
1726,5.0
1727,16.5
1728,2.25
1729,38.75
1730,5.25
1731,16.25
1732,1.0
1733,8.5
1734,3.0
1735,7.0
1736,7.0
1737,7.25
1738,4.0
1739,6.0
1740,9.5
1741,32.0
1742,7.5
1743,7.25
1744,24.75
1745,13.0
1746,3.0
1747,20.25
1748,8.0
1749,38.25
1750,3.0
1751,5.0
1752,9.0
1753,2.0
1754,1.0
1755,12.25
1756,13.25
1757,1.0
1758,1.0
1759,1.0
1760,7.0
1761,12.75
1762,4.0
1763,1.0
1764,7.25
1765,2.0
1766,2.0
1767,0.0
1768,1.0
1769,9.0
1770,2.5
1771,3.0
1772,5.0
1773,5.0
1774,2.0
1775,2.25
1776,1.0
1777,34.25
1778,2.25
1779,2.0
1780,9.25
1781,7.0
1782,2.0
1783,4.0
1784,0.0
1785,9.0
1786,1.0
1787,1.25
1788,2.0
1789,0.0
1790,2.0
1791,2.0
1792,1.0
1793,2.0
1794,1.0
1795,4.0
1796,1.0
1797,1.0
1798,1.0
1799,9.0
1800,1.0
1801,1.0
1802,2.0
1803,1.0
1804,3.0
1805,4.5
1806,3.0
1807,2.0
1808,7.25
1809,5.25
1810,4.0
1811,6.0
1812,1.0
1813,1.0
1814,2.0
1815,2.0
1816,4.0
1817,4.0
1818,1.0
1819,4.0
1820,0.0
1821,1.0
1822,20.25
1823,2.0
1824,1.0
1825,3.5
1826,2.0
1827,4.0
1828,3.0
1829,3.75
1830,6.0
1831,8.25
1832,1.0
1833,1.0
1834,15.5
1835,2.0
1836,0.0
1837,1.0
1838,2.25
1839,2.0
1840,2.25
1841,1.0
1842,12.0
1843,5.25
1844,6.0
1845,6.0
1846,5.0
1847,3.0
1848,1.0
1849,4.25
1850,2.0
1851,4.0
1852,4.0
1853,3.0
1854,1.0
1855,8.0
1856,1.0
1857,5.75
1858,3.0
1859,4.0
1860,1.0
1861,7.0
1862,10.0
1863,2.0
1864,1.0
1865,1.0
1866,1.25
1867,2.0
1868,2.25
1869,2.0
1870,1.0
1871,6.0
1872,1.0
1873,4.0
1874,1.0
1875,1.0
1876,2.0
1877,8.0
1878,1.0
1879,2.0
1880,7.25
1881,1.0
1882,2.0
1883,2.0
1884,1.0
1885,1.0
1886,1.0
1887,1.0
1888,1.0
1889,1.0
1890,1.0
1891,3.0
1892,2.0
1893,1.0
1894,1.0
1895,1.0
1896,2.0
1897,7.0
1898,1.25
1899,1.0
1900,1.0
1901,5.0
1902,1.0
1903,1.0
1904,18.5
1905,1.0
1906,4.0
1907,3.0
1908,1.0
1909,3.0
1910,3.0
1911,6.0
1912,4.0
1913,1.0
1914,2.0
1915,1.0
1916,2.0
1917,0.0
1918,2.0
1919,1.0
1920,1.0
1921,1.0
1922,1.0
1923,2.0
1924,1.0
1925,1.0
1926,2.0
1927,0.0
1928,0.0
1929,0.0
1930,1.0
1931,1.0
1932,2.0
1933,1.0
1934,1.0
1935,5.0
1936,14.0
1937,8.0
1938,1.0
1939,5.0
1940,1.0
1941,7.0
1942,1.0
1943,1.0
1944,3.0
1945,1.0
1946,1.0
1947,1.0
1948,5.5
1949,1.0
1950,1.0
1951,1.0
1952,4.0
1953,1.0
1954,3.0
1955,2.0
1956,1.0
1957,1.0
1958,2.0
1959,1.0
1960,1.0
1961,21.75
1962,1.25
1963,3.0
1964,25.0
1965,1.0
1966,5.0
1967,1.0
1968,4.0
1969,2.0
1970,6.25
1971,3.0
1972,8.0
1973,1.0
1974,2.25
1975,6.0
1976,7.0
1977,1.0
1978,5.25
1979,1.0
1980,1.0
1981,3.0
1982,1.0
1983,3.0
1984,1.0
1985,1.0
1986,2.0
1987,2.0
1988,5.0
1989,1.0
1990,2.0
1991,2.0
1992,2.0
1993,1.0
1994,1.0
1995,4.0
1996,2.0
1997,1.0
1998,1.0
1999,2.0
2000,1.0
2001,1.0
2002,1.0
2003,7.25
2004,1.0
2005,1.25
2006,1.0
2007,1.0
2008,3.0
2009,9.0
2010,5.0
2011,7.25
2012,1.0
2013,1.0
2014,4.0
2015,1.0
2016,1.0
2017,1.0
2018,1.0
2019,0.0
2020,1.0
2021,25.0
2022,1.0
2023,3.25
2024,1.25
2025,2.0
2026,7.0
2027,3.0
2028,2.0
2029,1.0
2030,1.0
2031,0.0
2032,2.0
2033,1.0
2034,1.0
2035,1.0
2036,1.0
2037,1.0
2038,4.0
2039,8.0
2040,7.25
2041,1.0
2042,1.0
2043,4.0
2044,7.25
2045,3.0
2046,2.0
2047,1.0
2048,6.0
2049,1.0
2050,1.0
2051,2.0
2052,1.0
2053,1.0
2054,1.0
2055,11.25
2056,1.0
2057,8.0
2058,1.0
2059,2.0
2060,3.0
2061,4.0
2062,1.0
2063,14.25
2064,6.25
2065,1.0
2066,1.0
2067,6.5
2068,1.0
2069,5.0
2070,5.5
2071,5.0
2072,1.0
2073,4.0
2074,0.0
2075,2.0
2076,7.0
2077,2.0
2078,6.0
2079,4.0
2080,6.0
2081,7.0
2082,1.0
2083,1.0
2084,2.0
2085,1.0
2086,1.0
2087,2.0
2088,1.0
2089,2.0
2090,2.0
2091,5.0
2092,1.0
2093,1.0
2094,1.0
2095,1.0
2096,16.0
2097,3.0
2098,1.0
2099,2.0
2100,1.0
2101,7.0
2102,1.0
2103,1.0
2104,1.0
2105,1.0
2106,1.0
2107,1.0
2108,2.0
2109,2.0
2110,1.0
2111,1.0
2112,1.0
2113,1.0
2114,0.0
2115,0.0
2116,1.0
2117,1.0
2118,0.0
2119,2.0
2120,0.0
2121,1.0
2122,0.0
2123,0.0
2124,0.0
2125,1.0
2126,0.0
2127,0.0
2128,0.0
2129,1.0
2130,0.0
2131,0.0
2132,0.0
2133,0.0
2134,0.0
2135,0.0
2136,1.0
2137,0.0
2138,0.0
2139,0.0
2140,0.0
2141,0.0
2142,0.0
2143,0.0
2144,8.25
2145,1.0
2146,1.0
2147,0.0
2148,0.0
2149,0.0
2150,0.0
2151,0.0
2152,0.0
2153,0.0
2154,0.0
2155,0.0
2156,0.0
2157,0.0
2158,0.0
2159,2.0
2160,0.0
2161,1.0
2162,1.0
2163,4.25
2164,3.0
2165,3.0
2166,0.0
2167,6.0
2168,7.25
2169,0.0
2170,0.0
2171,0.0
2172,13.75
2173,0.0
2174,0.0
2175,0.0
2176,0.0
2177,112.0
2178,0.0
2179,0.0
2180,0.0
2181,0.0
2182,0.0
2183,1.0
2184,0.0
2185,0.0
2186,1.0
2187,1.0
2188,0.0
2189,1.0
2190,4.0
2191,1.0
2192,0.0
2193,5.25
2194,3.0
2195,1.0
2196,0.0
2197,47.75
2198,0.0
2199,0.0
2200,0.0
2201,0.0
2202,0.0
2203,0.0
2204,1.0
2205,0.0
2206,5.0
2207,0.0
2208,0.0
2209,0.0
2210,1.0
2211,5.0
2212,1.0
2213,1.0
2214,0.0
2215,0.0
2216,0.0
2217,0.0
2218,0.0
2219,0.0
2220,19.25
2221,4.0
2222,7.0
2223,2.0
2224,0.0
2225,0.0
2226,0.0
2227,0.0
2228,0.0
2229,0.0
2230,0.0
2231,0.0
2232,0.0
2233,0.0
2234,0.0
2235,27.25
2236,0.0
2237,0.0
2238,0.0
2239,11.0
2240,1.0
2241,0.0
2242,0.0
2243,9.0
2244,0.0
2245,48.0
2246,35.5
2247,1.0
2248,12.75
2249,10.0
2250,0.0
2251,3.0
2252,0.0
2253,3.0
2254,2.0
2255,0.0
2256,1.0
2257,6.0
2258,0.0
2259,3.0
2260,2.0
2261,1.0
2262,1.0
2263,0.0
2264,0.0
2265,0.0
2266,0.0
2267,25.0
2268,7.25
2269,9.0
2270,9.0
2271,1.0
2272,0.0
2273,2.0
2274,1.0
2275,0.0
2276,1.0
2277,6.0
2278,1.0
2279,0.0
2280,1.0
2281,2.0
2282,25.0
2283,0.0
2284,1.0
2285,0.0
2286,0.0
2287,0.0
2288,0.0
2289,0.0
2290,1.0
2291,2.0
2292,2.0
2293,10.0
2294,2.0
2295,2.0
2296,0.0
2297,9.0
2298,2.0
2299,0.0
2300,0.0
2301,3.0
2302,1.0
2303,2.0
2304,1.0
2305,0.0
2306,4.0
2307,7.0
2308,2.0
2309,1.0
2310,1.0
2311,0.0
2312,0.0
2313,0.0
2314,1.0
2315,1.0
2316,0.0
2317,1.0
2318,3.0
2319,1.0
2320,0.0
2321,2.0
2322,1.0
2323,4.0
2324,0.0
2325,1.0
2326,1.0
2327,1.0
2328,4.25
2329,21.25
2330,0.0
2331,0.0
2332,0.0
2333,1.0
2334,1.0
2335,0.0
2336,0.0
2337,0.0
2338,1.0
2339,1.0
2340,25.5
2341,8.25
2342,0.0
2343,1.0
2344,1.0
2345,0.0
2346,0.0
2347,0.0
2348,1.0
2349,0.0
2350,0.0
2351,2.0
2352,6.0
2353,0.0
2354,2.0
2355,1.0
2356,12.25
2357,7.5
2358,0.0
2359,0.0
2360,0.0
2361,0.0
2362,0.0
2363,0.0
2364,0.0
2365,7.75
2366,1.0
2367,1.0
2368,0.0
2369,0.0
2370,1.0
2371,3.0
2372,0.0
2373,3.0
2374,1.0
2375,1.0
2376,0.0
2377,3.75
2378,0.0
2379,11.25
2380,0.0
2381,0.0
2382,0.0
2383,0.0
2384,0.0
2385,0.0
2386,1.0
2387,1.0
2388,1.0
2389,1.0
2390,2.0
2391,0.0
2392,1.0
2393,2.0
2394,0.0
2395,1.0
2396,1.0
2397,0.0
2398,0.0
2399,1.0
2400,0.0
2401,0.0
2402,0.0
2403,7.0
2404,8.0
2405,0.0
2406,2.0
2407,1.0
2408,0.0
2409,0.0
2410,0.0
2411,0.0
2412,7.0
2413,0.0
2414,1.0
2415,5.0
2416,0.0
2417,0.0
2418,0.0
2419,1.0
2420,0.0
2421,0.0
2422,0.0
2423,1.0
2424,0.0
2425,0.0
2426,0.0
2427,0.0
2428,2.0
2429,8.0
2430,0.0
2431,1.0
2432,1.0
2433,2.0
2434,1.0
2435,0.0
2436,1.0
2437,1.0
2438,4.0
2439,2.0
2440,21.25
2441,10.75
2442,1.0
2443,27.75
2444,0.0
2445,65.25
2446,0.0
2447,15.25
2448,0.0
2449,13.5
2450,1.0
2451,0.0
2452,0.0
2453,0.0
2454,0.0
2455,0.0
2456,0.0
2457,1.0
2458,3.0
2459,1.0
2460,6.0
2461,7.25
2462,1.0
2463,0.0
2464,0.0
2465,0.0
2466,2.0
2467,4.25
2468,2.0
2469,0.0
2470,1.0
2471,0.0
2472,0.0
2473,2.0
2474,0.0
2475,0.0
2476,2.5
2477,1.0
2478,0.0
2479,2.0
2480,1.0
2481,1.25
2482,1.0
2483,0.0
2484,2.0
2485,0.0
2486,0.0
2487,0.0
2488,0.0
2489,0.0
2490,0.0
2491,0.0
2492,0.0
2493,0.0
2494,1.0
2495,1.0
2496,3.0
2497,0.0
2498,0.0
2499,11.5
2500,8.0
2501,5.5
2502,4.0
2503,0.0
2504,2.0
2505,0.0
2506,2.0
2507,1.0
2508,2.0
2509,1.0
2510,2.0
2511,0.0
2512,0.0
2513,1.0
2514,1.0
2515,0.0
2516,0.0
2517,3.0
2518,0.0
2519,1.0
2520,1.0
2521,0.0
2522,13.5
2523,0.0
2524,1.0
2525,0.0
2526,1.0
2527,0.0
2528,0.0
2529,3.0
2530,0.0
2531,5.0
2532,0.0
2533,0.0
2534,0.0
2535,0.0
2536,0.0
2537,0.0
2538,0.0
2539,0.0
2540,1.0
2541,0.0
2542,0.0
2543,0.0
2544,1.0
2545,1.0
2546,0.0
2547,0.0
2548,1.0
2549,0.0
2550,0.0
2551,1.0
2552,8.0
2553,1.0
2554,0.0
2555,0.0
2556,0.0
2557,0.0
2558,0.0
2559,1.0
2560,1.0
2561,1.0
2562,0.0
2563,1.0
2564,0.0
2565,1.0
2566,4.0
2567,0.0
2568,5.0
2569,2.0
2570,0.0
2571,1.0
2572,0.0
2573,0.0
2574,1.0
2575,0.0
2576,0.0
2577,0.0
2578,6.75
2579,0.0
2580,3.0
2581,6.0
2582,0.0
2583,0.0
2584,4.0
2585,1.0
2586,0.0
2587,0.0
2588,0.0
2589,1.25
2590,0.0
2591,0.0
2592,13.0
2593,2.0
2594,0.0
2595,0.0
2596,1.0
2597,0.0
2598,0.0
2599,1.0
2600,0.0
2601,0.0
2602,0.0
2603,5.0
2604,3.0
2605,0.0
2606,8.25
2607,0.0
2608,1.0
2609,13.0
2610,1.0
2611,1.0
2612,0.0
2613,0.0
2614,5.0
2615,0.0
2616,0.0
2617,7.75
2618,0.0
2619,0.0
2620,1.0
2621,7.25
2622,1.0
2623,0.0
2624,1.0
2625,5.0
2626,2.0
2627,0.0
2628,0.0
2629,1.0
2630,1.0
2631,0.0
2632,0.0
2633,0.0
2634,5.0
2635,8.75
2636,0.0
2637,0.0
2638,0.0
2639,2.0
2640,1.0
2641,15.0
2642,0.0
2643,1.0
2644,0.0
2645,0.0
2646,0.0
2647,0.0
2648,1.5
2649,96.75
2650,0.0
2651,0.0
2652,0.0
2653,0.0
2654,0.0
2655,0.0
2656,0.0
2657,1.0
2658,1.0
2659,0.0
2660,18.75
2661,1.0
2662,0.0
2663,1.0
2664,2.0
2665,1.0
2666,0.0
2667,1.0
2668,0.0
2669,0.0
2670,0.0
2671,1.0
2672,0.0
2673,0.0
2674,2.0
2675,3.0
2676,0.0
2677,1.0
2678,1.0
2679,0.0
2680,0.0
2681,1.0
2682,0.0
2683,20.0
2684,17.0
2685,30.75
2686,17.0
2687,0.0
2688,17.5
2689,5.0
2690,1.0
2691,0.0
2692,0.0
2693,5.25
2694,5.75
2695,2.25
2696,3.5
2697,1.0
2698,0.0
2699,0.0
2700,0.0
2701,2.0
2702,0.0
2703,0.0
2704,1.25
2705,6.0
2706,0.0
2707,0.0
2708,4.0
2709,0.0
2710,0.0
2711,0.0
2712,2.0
2713,2.0
2714,0.0
2715,1.0
2716,1.0
2717,1.0
2718,1.5
2719,0.0
2720,5.0
2721,1.0
2722,1.0
2723,0.0
2724,0.0
2725,17.0
2726,3.0
