p6n,w6n
0,0
0,0
0.272842604,0.609356443
0,0
0,0
0,0
0,0
0,0
0,0.020080344
-0.525876582,1.087908119
0,0.416661003
0,-0.0006672
0,0
1.129482156,2.415168002
0,0.025223774
0,-0.122065245
0.037695911,0.558120213
0,0.412972914
0,0.043057641
0,-0.016316307
0.244880446,1.215202726
1.006300439,3.151344997
0.405543924,1.326919423
-0.037272718,0.204673468
0,0.869651382
0.675390202,2.202519389
0,0
0,0.096920817
0.070888825,0.158223253
0,-0.011056401
0,0.206950607
-0.25764885,0.432768015
0.030530431,0.434948834
0.357062416,1.251291308
0,0.148226792
0.1213049,0.422174436
0.395662548,3.111313293
0,0.282834766
0,0.208986552
0,0.28256837
0.628270858,2.466965429
0.612893016,1.703392676
0,0
0.437267656,1.344820971
-0.078477725,0.788385569
0,0.008503769
0.461986747,5.245981078
0,0.10073545
0.236097489,1.516507426
0,0.075738191
0,0
0,0
0,0.734647738
0,0
0.451745324,1.517128222
0,0.056450511
0,-0.042697529
0,2.280431105
0,0
0,0
0,0
0,0
0,0.111516639
0,0.023937702
0,0.092250405
0,-0.077918924
0,0.072361267
0.570554533,0.877995146
2.241847364,3.926041924
0.188964332,1.974091848
0.662649672,2.144710321
0.385400406,0.949472364
0.793748809,5.231598999
0.01159269,0.895157507
0.0589059,0.522850256
0,-0.186613036
0.183676858,1.624517519
0.22505557,1.136508663
0,0.504402126
0,0.499663177
0.059550252,0.940988848
0,0.023211184
0,0.132062153
0,0.050312046
0,0.046784599
0,0.22123387
0,-0.010686395
0,0
0,-0.011674852
0,0.506826269
0,0.518922753
0,0
0,0.282795186
2.976506082,7.515415511
0,0.078716542
0,0
0,-0.115871268
3.853115623,15.38521284
0.140961223,1.277249618
0.081657084,1.019345551
0,-0.04263453
0,-0.073946561
0,0.229310162
0,0.104471142
0.629406997,3.946386007
0.151670996,0.720281887
0,0.063611387
0,0
0,0.287887375
0,0.26863676
0,0.114457092
1.508985336,3.678427627
0,0.613337995
0.202123186,1.024518713
1.313933138,5.59824605
0,0
0,0.18832149
1.33013812,3.845858
0,-0.0416482
0,0.10741843
0,0
0,-0.170793359
1.233381117,3.160009268
0,1.379412497
0.654628573,1.400539641
0,1.430861983
1.011207461,3.902026863
0.114713134,0.769764998
1.110529612,1.94600917
0,0
0,0
0,0.182939932
0,1.093989636
0.199889777,0.75747545
0.573126165,1.577541093
1.387734778,2.949644606
0.41999618,1.645000257
0.166007374,0.590533751
0,0.197298375
0,0.209034601
0,0
0.084371978,0.91319403
0,0.21220992
0,-0.113833903
0,0.750561705
0,0.020746963
0,0.147491704
0,-0.033451719
0.162849507,0.347480575
0,0.074783661
1.81870694,2.21870694
0,0.045230793
0,0.400883275
0.257119296,0.932820694
0,0
0,1.550134437
0,0
0.227173956,0.720575235
0,0.05745835
0,0.635438111
0,0
0.624767567,2.90587191
0.47009335,3.473980234
0,0.058336231
-0.00218348,0.769634688
0,0.394532302
0.220729217,0.568894399
0,0.113464387
0,0.933881707
0.865908632,2.899873931
0,0.294652023
0,0.0839492
0,-0.002678617
0,-0.010222695
1.745281207,6.075395898
0,-0.059829679
0,0
0,0.148506627
0,0.431302922
0.052005128,0.481811723
0.039946454,0.505330885
0.376943235,1.629403821
0.142156874,1.236375595
0,0
0,0.151054968
0,0
0,0
0,0.362210532
0,0.01322182
0,-0.129148785
0,0.034869291
0,0
0,0
0,0
0,1.057327375
0,0
0,0
0,0
0,0.318387765
0,0
1.496084862,11.51688907
0.046877504,0.722765079
0.042924119,1.085585688
0.944924834,6.370986712
0,0.525571174
0,0.508468552
0,0.390162612
0.748115073,2.185304241
-0.116347839,0.12796368
0,0.610144762
0,0
0,0
0,0.576471196
0,0.113292643
0.716643336,2.568139163
0,0.171801608
0,0.365770094
0,0.808270784
0,0.025146536
0,0
0,0.085837265
0,0
0,0.348445637
0.168332013,0.714194296
0,0.032985322
0.244055751,1.108384327
0,0.212464526
0,0
0,0.05638804
0,0
0.78989232,9.49892747
0,0
0.355794507,0.696175181
0,0.199045274
0,0
0.466191754,2.049573718
1.545225015,3.055578911
0,1.556174676
0,0.00620271
0,0.096782542
1.446710482,2.262455514
0,0
0,0
0,0.194563388
0.324706614,2.183401645
0,0.200031485
0,0
0,0.041536592
0,0.150345411
0,0.087131124
0,0.11359063
0,0
5.329142739,8.397099353
0,0.158124193
-0.337375461,3.107226136
0,0.517970133
0.126822719,0.892775847
0,3.527889627
0,0.223337007
0,0
2.639891239,4.580891652
0.690010184,3.03280674
0,0
0,-0.026802874
0,0
1.253448762,2.170839804
0,0.168821111
0,-0.027879164
0.385677722,1.323683191
0,0.180990249
0,0.136613067
0.043935317,0.818544918
0,0.109869475
0,0.017540217
0.140065075,1.292562945
0.765473182,2.823471298
0,0
5.594336411,14.19829744
0.018044517,0.210587408
0.783056185,2.403912468
0.058264899,3.173084362
0,-0.019696012
0.849250545,2.635880631
0,0
0,0.335708487
0,-0.101274423
0.048162474,1.317336766
0,0.4
0,0
0,0
0,0
0.123082538,2.07054478
0,0
0,0.683035384
0,0.140029449
0.028561862,0.706956041
0,0.025460368
0,0.327107917
0.297047583,1.834423955
0.888910775,8.877105044
0,0.540274566
0,-0.104661467
0.21587713,1.25152115
0,0.044989751
0,0.649421857
0.036586095,1.141606392
0,0
0.272569775,1.669131356
0.074166306,0.863362703
0.346422691,1.086544811
0,0.105684025
0,0
1.257242687,1.897794611
0,0.101045545
6.144242641,9.391151806
0.456782636,3.64184286
0,0.162490663
0,-0.035549576
0,0.184512794
0,0
0,0.181400375
0.205316547,2.750313629
2.799028988,5.496754275
0,1.138933712
1.680090764,2.223531681
0,0
0,0.462068709
2.155918468,7.231318686
5.840210711,25.02617232
0,0.018106873
0,0
0,0.161285993
0,0
0,-0.283486716
0,0.04064754
0,0
0,0.432393112
0,0.3456433
0.658870585,1.813798263
0.521497458,1.038386737
0,-0.017429844
0,0.119078572
0.682581275,3.375600531
0.323155889,0.785747478
0,0.145346851
0,0.007528894
0,0.068286317
0,0.091743965
0,-0.115737916
0.72934181,1.690214862
0,0.250398645
0,0
0,-0.029868155
0,0.548939444
0.023087349,0.915052407
0,0.018880328
0,0.178146341
0.430851439,2.368901382
0,-0.003038209
0.121506584,0.57291632
0.333638655,4.950972147
0,0.377339932
1.904352,7.805085516
0,0.172925756
0.885122193,6.817194427
0,0.186112188
1.669645362,2.440246637
0,0.285828879
0,0.182735216
0,0.657342367
0,0.361014148
0.807192699,0.96708588
0,0.097564418
-0.083666529,0.08482818
0,0
0,0
0,0
0,0.083389722
0.119252872,0.483076442
0.82775335,3.561227076
0,0.129179636
0,0.139770397
0,0.262329113
0.137787886,1.744143595
0,0
0,0.454712454
0.938158213,1.80767157
0,0.179202687
0,0.287090123
0,0.300326956
0,0.02456652
0,0.110171
0.082148271,0.621014281
0,0.142021966
1.482632436,3.330229966
0,0.053828622
-0.006455027,0.073603666
0,0.144327667
0,0.412146017
0.019796059,0.263605176
0,0.588490403
0,0
0,0.352718811
0,0.135256287
0,-0.030913463
1.306234711,4.186649018
0,0.073339213
11.8696636,18.33302729
0,0
0,0.731060007
0,0.027712478
2.384860865,5.600539045
0,0.680245056
0.744240291,4.702974426
1.127973993,2.769844249
0,0.063911419
0,-0.084060585
0.545862403,2.599717103
0.090264536,0.835122528
0,0.416491504
0,0
0,0.293087074
0.068303993,0.511397022
0,0.011549307
0,-0.013758148
1.9380855,2.698693815
0,0
0.059481809,0.509191326
0,0
0.964474827,3.312025044
0,0.184393992
-0.104185237,0.828053186
0.014247223,1.086391096
0,0.151225456
0,0.146807268
0,0.151394092
1.306471728,2.678591208
0,0
0,0.343098914
0,0
2.303087638,5.007463469
0,-0.061790941
0,0.228380075
0,0
0,0.571665995
0.486549828,1.767091022
-0.385493533,1.590556067
0.71669331,3.481758638
0,0.084889058
0.053199341,0.467874928
0,0.187577709
0,0.212901747
0.679598385,1.476422633
0,0
0,0.104357937
0,-0.037241866
0,0.259158286
0,-0.070023788
0,0.212667151
0,-0.031030852
0.200789049,1.202981242
0,0.17508967
-0.257402202,1.030798045
0.970264773,3.69758129
0.270839839,1.214234335
0,0.025532595
0,-0.093087809
0.866110557,7.26821254
0,0
0,0
0,-0.011998678
0.531472444,1.820844748
1.703475598,5.040310177
0,0.656904122
0.434516142,3.825725132
0.08472276,0.883978114
-0.144281649,0.050285846
0,0
0.259277728,1.506094897
0.407372656,1.431503332
0,0.010492925
0.669812889,1.334906445
0,0
0,0
0.745781665,5.149490747
0,0.106521713
1.397911103,3.171456992
0,0
0,-0.147802657
0.105028845,1.289947851
0,-0.021382056
0,-0.000927519
0,-0.066836722
0,-0.002801311
0,0.125614926
0,-0.053721872
0,0.124733915
0.043238062,0.755681383
1.758011678,3.358564425
0.404197269,1.440918546
0,-0.092581251
0,0.067036453
0,0.116219301
11.90533584,19.40242996
0,0.897098395
0,0.092223917
0.032398783,0.762372364
0,0.123234467
0,0
0,0
0,0.024082213
0,0.558953127
0.498832572,1.967123968
0,0.04890577
0,0
0,0.03062576
0,0.188356647
0,0.335813243
0.044759049,2.197967588
0,0
0,0.160461652
0,0
0,0.612861602
0,0.069704876
0,0.323858242
0.417382531,1.140899543
0,0.51314797
0,-0.056782035
0,-0.030875597
0,0.098220894
1.658437171,4.301713515
0,-0.109490689
0.06627533,0.32293211
0,0.16114582
0.851978626,1.925167092
0.012867687,1.951742465
2.443582247,7.596483538
5.558849692,6.176785756
0,0.228898565
0.596891671,0.956060962
0,-0.197989232
0,0
0,0
0,0.061646169
0.280705393,1.389572612
0,0.110924696
0,0
0,0.293418391
0,0.568715421
0,0.216663468
0,0.010408151
0.304108637,0.813197681
0,0.573149741
0,0.016712616
24.20253907,32.93226449
0,0.19717253
0,-0.020877639
0.101363838,0.80279672
0.135332897,0.551031745
0,0.117340314
0.143518747,0.424457651
0,0.029487604
0,0.291229207
0,0.202756435
4.238955129,4.791000913
0.13452341,0.712734349
0,0.159822435
0,0.412901676
0.421391155,2.213277171
0.050103988,0.964592165
-0.070992015,0.789671685
0.617825304,1.109163296
0,0.748298477
0.254883433,1.897939612
0,0.830887363
0,0.417741255
1.575006509,6.402053315
0,0.149220564
0.332465759,1.3473859
0.809704613,2.464849417
0,0.14825832
-0.021093343,0.396308696
0,0.29134478
0,0.189651652
0,0.214823642
0,0.120415173
0,-0.062207533
0,-0.041282792
0,-0.012066365
0,0.124563739
0,0
0,0.169772803
0.605068133,1.880648108
1.565899536,2.568171209
0,0
1.388895834,5.296713192
0.157309019,1.174289625
2.064927666,3.587025301
0.493878784,2.572425513
0,0.028391263
0,0.296056639
0.099615449,1.094185035
4.869501182,12.30743762
1.967440033,4.530159415
0,0.022606365
0.091030902,2.944385222
0.71281631,1.791223759
0,0
0,0
0,0.015061058
0,0.052647107
0,0.203620655
0,0.017459715
0,0.069270825
0.333389163,2.284044101
4.415477855,9.897125235
0.326948903,1.890946715
4.452882043,5.900006021
0,0.154393151
0,0
0,0
0.347547298,0.638515376
0,0.225715849
0.451516371,2.923812322
0.578233978,5.174550531
0,0.178485779
0,0.069179949
0,0.299812294
0,0.167488134
0.366339542,4.768056242
0,0.414869202
0,-0.169393877
0.756059845,3.188798643
0,0.27233765
0,0.352495697
0,0.320887238
0.095396165,2.112242265
0,0.156916376
0,0.111840848
0.489338182,4.545392687
4.401922288,7.666156282
0,0
0,0.195025673
0,0.616391451
0,0.43146505
0.34530722,2.214931851
0,0
0,0
0,0.15346815
0,0.379140488
0,0.221177002
0,0.310967856
0,0.162483591
0.341700238,1.675250038
0,0
-0.101954954,1.033407988
-0.045563372,0.924551442
0,0
0,0.121849662
0,1.058512424
0,1.337030649
0,0.361173726
1.036016224,1.518008112
0,0
0,0.223581039
1.929533318,6.049969125
0.11273366,0.757561889
0,0.410812072
0,0.036050757
0,0.285734527
0.989182573,1.280502456
0,0.239039
0,0.085248093
0,0
0,-0.055937101
2.261642601,4.195323611
0.475434143,1.605092386
0,-0.039458832
0,1.292064187
0.277352829,1.769823196
0.606878287,1.197858477
0,-0.069635918
0,0
0,0.121337641
0.197732526,0.457845088
0.228019721,1.297464636
0,0.268107405
6.618461343,6.779209398
0,0.379255309
0.041479683,0.785827384
0,0.085773661
0,-0.117039339
1.303970723,3.595657588
1.250185554,4.238706759
0,-0.052352853
0,0.087253726
0,0
0,0.287508346
0,0
0,0
0.303153378,4.263668497
0,0.020856993
0,0.104188268
0,0.291989199
0.534605084,2.525525908
0,0
1.304107097,5.06382726
0,0.031023396
1.085825677,3.037992375
0,0.040927837
0,0
0,0.856581934
0.117913177,0.443217504
1.188019531,4.099966006
0,2.084667112
0,0.028102826
1.528516573,3.618864649
0.514841285,1.554607761
1.07276014,2.843951186
2.94670456,3.23480649
0,-0.040624665
4.187215669,4.384633557
0,3.657357186
-0.059756932,0.624450879
1.15286614,4.212533624
0,0.509542106
0,0
0,0.173502734
-0.003302961,0.694439422
0,0
0.016178361,1.071815701
0.284070188,0.95127782
0,0.058137689
0.031709324,0.467843684
0.599704439,1.632164516
0,0.706475274
0,0.653828576
0,0
0,0
0,0.069109582
0,0.185031059
0.069608476,1.066072959
0,-0.100098586
0,0.208165701
0,0.762244876
0,-0.085825952
0,0.078911746
0,0
0.199693405,2.116517771
0,0.075276707
0.840319901,2.966587523
0,0.108462043
0,0.44810359
1.158833246,2.355084128
0.465104789,2.124381655
0,0.595599971
0.36248369,1.312036046
0,0.007061243
0,0.165642766
0,0.184477937
0,0.15955198
0,0.348624696
0,0.096543287
0,0.384229463
0,0
-0.005687454,0.241588318
0.104505011,0.662104821
1.722828656,6.468028394
0.341867623,1.16911901
0,0.545603543
0,0
1.408405513,6.642911297
8.000355798,20.85513369
0,0
0,0
0.613143539,1.446270469
0.80423342,1.559949456
0,0.085064674
0,0.230616685
-0.554276483,1.046628507
0,0.237162087
0,0
0,0.241828818
0.982778179,3.575356078
0,1.021199435
0,0
0.315142445,1.0190826
0,0.142271671
1.262655257,2.553096346
0,0.177838774
0,0.190471091
0,0.173350073
0,0.012688134
0,0.027435507
0.07601305,2.301022557
0,0.218554352
0,0.008304258
0,-0.02820281
0,0
0,0
0,0.062886715
0,0
0.927156102,2.521772866
0,0.001894295
0.064608974,0.861931916
0,0.352921517
0,0
0,-0.001167053
0,0.061593166
0.486331007,1.112985982
0,0
0,0.041756347
0.588395604,1.632997446
0,0.056377722
0,0.423296723
0,0.353165388
0,0.752223399
0.335389405,0.993656003
0,0.885836627
0,0.080630832
0,0.715955924
0.658875776,1.90951209
0.12397529,0.628278544
0,0.049789975
0,0
0,0
0.03470449,2.919526338
1.359965017,3.921995536
0,0.431268784
0,0.140525269
0,-0.044247823
0,0
0,0
0,0.157471942
0,0
0,0
1.418982207,2.030021661
0,0.82488103
0,-0.048974916
0,0
0,-0.066373807
0.129496981,1.003203778
0.125380948,0.648659556
0,0
0,0.010980903
8.705529812,14.55138197
0,0.188412331
0.794782255,3.564761734
0,0.137988346
0,-0.074834415
0,0.276425094
0,0.255985675
0,0.055764647
0,0
0.199605515,0.734361992
0,0.1941461
0,0.472421286
0,0
0.369105434,3.060401142
0,0.155570764
0,0
-0.027046083,0.283227211
0,0
0,0.18204716
0.277444482,1.470423107
0,0.157983964
0.129248978,0.905348973
0.191077287,0.872359804
0,0.423914225
0,0
2.432130003,3.268299369
0.121486772,0.615075414
1.294518884,2.341411154
0.563492053,1.840107706
0,0.39295472
0,0.25901713
0,0.210012814
0.961996229,3.551595985
0,0.645683365
0.815870077,4.814864324
0,0
4.905955863,8.123242606
0,0.103901779
0.08466995,0.500408372
-0.062105775,0.200841794
0,0.229421867
0,-0.177442101
0,0.145488904
0.206586211,0.638795666
0.111410738,0.994897124
0,0.416498863
0,0.573023501
0,0
0,0.266233633
0.600058238,3.006457793
0,0.080182806
0,0.347982232
0.469053495,0.676103268
0.241311109,0.898062794
0,-0.019951562
0,0.181047956
0,0.488886925
-0.055901853,1.450415435
0.215821797,0.6631009
0.32179343,1.12669786
0.1271881,0.830573253
0.125568079,0.441533278
0,0.338129691
0,-0.052674183
0,-0.066731626
-0.22755766,0.693187026
0.196462423,1.322207692
0,0.159228206
0,0.232365733
0,0.052275359
1.008111488,2.983205402
0.213709473,1.633797513
0,-0.031378185
0.422758452,2.360898775
0.444794385,1.761505386
0,0
0.17863552,0.972914126
0,0.065097856
0,0.83200463
0,0
0,0.416122713
0,0.329044277
0,-0.143079973
0,0.161460124
0.103128213,0.991732599
0,0.113402223
0,0.391958357
0.103105692,0.655981143
1.168078376,4.999457837
0,0
0,0.036760435
0.043420855,1.298137906
0,0
0,0
0.306495277,1.875484177
0,0.129461841
0,0
0.297669345,0.696974586
0.029956882,1.568946432
0,0.202444692
0,0.198298369
0.258309169,0.726111382
0.125198526,0.744374798
0,-0.119410258
0,-0.261470579
0,0.454180702
0,-0.120771297
0.01125327,1.079480545
0.185695615,1.281806089
0.924418217,4.201374945
0.694462334,3.853400943
0,0.341441806
0.868474527,4.463032082
0,0.168903801
0,0.049191415
-0.041955663,1.256828556
0.256078515,1.356925766
0.409955958,0.963903188
0,-0.005284198
0.051171961,0.417323388
0.243024739,0.985046968
0,0.213287985
2.922688373,5.359004187
0.785285823,3.69918702
0,-0.008749328
0,0
0,-0.078441257
0.737011843,1.993654458
0.083320399,0.41771956
0,0.116422875
0,0.252447416
0,0.046235714
0,0.068117097
0.195189121,2.138003389
0.560118636,3.051069659
0,0.297121624
0.119048598,1.110117245
-0.025249593,1.570532131
0.086087599,0.536422427
0,0.21380683
0,0.20958667
0.315632608,1.629121363
0,0
0,0.421853185
0.855248621,1.888969571
-0.033292647,0.380256424
0.993581397,3.10108449
0,0.012269188
0,0.119762897
0.872080279,2.237544986
1.692012288,2.338781142
0,0
-0.280799815,0.870502303
0,0.207453905
0,-0.04163264
0,0.075475993
0,0.011037461
0,-0.022304193
0,0.071751376
0.38337877,0.667026659
0,0.18558942
0.020699745,0.899034522
0.09883731,1.261077869
0,0
0,0
0,0
0,-0.212234206
-0.000545761,0.277565119
0.323037324,1.416185653
0,0.533311761
0.071065945,0.929617643
0,0.004741782
0,0.162337111
0,0.12275773
0.017184978,0.808872191
0,0.629073694
0,0.262081336
0,0.029231677
0,0.720523043
0.012020295,0.902494726
0,0.227849778
9.057131513,11.23557752
0,-0.307657031
0.111025079,0.984334381
0,0.282200616
-0.14700543,0.450189639
0,0
0,0.148198012
0,0.046996494
0,0.158714101
0,0.153561824
0,-0.038211796
0,0.225935667
0,0.137647414
0.005995494,1.110735293
0,0.494207826
1.420607523,2.796802725
0,0
2.293615834,4.269903084
0,0.649611229
0.741662432,4.670458483
0.269849025,0.653051378
0,0.210203278
0,0.187822225
0.477087194,1.078570555
0,0.342658082
0.653346922,2.172294269
1.045676342,2.15985595
1.122987611,1.49351658
0.003145225,0.630357363
0,0.417469467
0,0.314941122
0,-0.039556633
0,-0.085830273
0,0.543891969
0,-0.095229773
-0.019568139,0.724741256
0,0.31243416
0.175940813,0.44076905
0,0.325120537
0,0
0,0.864721961
0,0.043522535
2.596994843,3.637051012
0,0.16481653
0,-0.123506695
1.931240132,5.858874426
0,0.280509448
0,0
3.160311962,8.37154306
0,0.216191833
0,0
0.237896463,1.822549248
-0.028888376,0.774551204
0.793098999,1.194016383
0,0.374700293
0,0
0,0
0,0
0.364732404,0.909873416
0,-0.081698522
0,0.386827238
0,0.061436202
0.7314096,1.129186433
0,0.473120285
0,0.041878501
0,0.075659439
0,-0.041320677
0.201149593,1.336585523
1.658908928,3.547166211
0,0.262023741
1.313177669,2.167945924
0,0
0,0.115981513
0,0.079400441
0.991820679,1.813393638
0.660418881,1.408198116
1.8693237,5.970694851
0,0.026076726
0,0.3075041
0,0
0.088155577,0.732053764
0,0.199537311
0,0
0,0.175727353
0,0.157271296
0,0.087387052
0,0.147288706
0,0
1.142787715,2.787699879
0,-0.067917016
0,0.202480659
0.323361113,1.215611978
0.554403509,2.415140017
0,0.477009119
0,0
0.027408449,1.332363582
0,-0.040346897
2.753922098,10.15603467
-0.002787738,0.286358829
0.038060758,0.522540746
-0.013260132,1.184131916
2.104857924,6.961749527
0.368852019,2.226017329
0,0
0.112193954,2.859670503
0,0.55201256
0,0.19717253
0,0.172748493
1.906234697,3.85532316
0,0.607042222
0,0.082658943
-0.028400991,0.487127213
0,0.291811208
0.246276507,0.586349246
0.427383648,1.083116762
0.741844743,1.055604785
0,0.203076692
0.743681891,3.922616863
0,0.152684473
0.508834088,2.754760149
0,0.405958046
0,-0.025722041
0.003877624,0.285969309
0,0.188713685
0,0.339711611
0,0.381477244
0.950679402,2.156168121
0,0.138164885
5.221493226,6.478397806
0.446497561,1.22324878
0,0.099691657
0.110023918,2.01281585
0,0.098345473
0,0.145925442
0.664158237,2.593326973
0,0.029557975
0.021866023,0.859580594
0,0.132727979
0,0.309819999
0,0.061478857
0.344106783,1.165525084
0,0.151852236
0,0.020667091
0,-0.075471299
0.353089032,5.216705471
3.114791391,4.67161699
0,0
0,0.305512577
0,0.315158168
0,0
0,0.225720376
0,0.755470437
0,0.261553781
0,0.772572125
0.491545423,1.209139976
0,0.437287381
0,0.233863569
0,0.301029283
0,0.125530011
0,0.494128869
0.226946411,0.619900928
0.280278672,1.465019217
0.770142019,2.689464872
0.925824288,1.272240011
0.313750255,2.694284127
0,-0.150930304
0.151305616,1.97857953
0,0
0,0.362911152
0.409887382,2.748946506
0,0.317696945
0,0.221198809
0.219517488,1.195469325
-0.001912277,0.839007985
0,0
0,-0.025303896
0,0.166484743
0,0.568508458
0,0
3.932031655,7.499220071
0,0
-0.04124445,0.807386492
0.107142687,0.83069983
0,0
0,0.171949771
0,1.559465965
0,0.146528245
0,0
0,0.221720938
0,0.102495431
0.554142503,2.022754113
0,1.102353264
0,0.040638182
0.012757094,0.826543005
0,0
0,0
0,0
0,0
0,0.354338759
0,0.150765033
0,0.150738855
0,0.062329785
0,-0.003362357
-0.042779909,1.243288185
0,0.103412363
0,-0.076400757
0,0.421468836
0,0.477061595
0,0
0,0
0,0.221198809
0,0.118988995
0,0
0,-0.087244106
0,0
0,0.059944911
0,-0.114372456
0,0.08995405
0,0
0,0.568105681
1.045797497,1.365021293
0,0.161441919
0,0.114701883
0,0
0,0.125614199
0,0
0,0
0,0
0,0.631789287
0.624133663,2.837150502
0,0.056457685
0.395114258,2.238690294
0,0.153456355
0,0.248212176
0,-0.090988985
0,0
1.952491104,1.976245552
0,0
0,0.125876742
0,-0.053819132
0,0
0.25013228,1.41465721
1.232182029,2.584937198
0.104929948,0.384098764
0,0.1685713
2.918205206,4.349643185
0.544185962,1.659570283
1.56007899,2.599972055
0.481532629,2.571104207
0,0.209414886
0,0.133043727
0,0.46697436
0,0.141245717
0.342058399,1.339253937
0,0.398845465
0,0
0,0.331513062
0,-0.080243311
0,0
0.41172987,1.47520175
0.068125806,0.867396236
0.403343724,2.376188214
0.562998771,1.221053269
0.275960482,1.331637839
0,0.145766868
0,-0.066209376
0,-0.022949228
0,0
0,-0.008896945
0.006822555,0.35434071
2.008465301,6.210177034
0,0.131432789
0,0.044080185
0.102983955,0.751333248
0.038232988,0.635869664
0,0
0,0
0,0
0,0
0,0.107859413
0,0
0,0
0,0
1.727698099,1.86384905
0,0
0,0
0.204273971,0.786706716
5.515075862,8.967438737
0,0.679703183
0,-0.033295221
-0.092308147,0.825617773
1.246518292,2.814498118
0,0.072783526
0,0
3.617504691,5.645388751
0.057961337,0.673475779
0,0.198416642
0,0.266707121
0,0.247526735
0,0.338921678
0.267271732,0.955170788
0,0
0,0.071924029
0,0.567427749
2.674715045,4.251128862
0.244154595,4.322622877
0.184719052,0.859844708
2.080620431,5.399540309
0,0.981047166
0.037657142,0.352754983
0,-0.156338138
1.522846992,4.430293132
0,0
0.169733162,0.586175905
0.356981656,1.586235031
0.137095915,0.616729549
0,0.061631994
0,1.178931638
0,0.013370954
0,0.038883561
-0.061838465,-0.038414228
0.259665757,0.858581519
0.421174382,4.335029446
0,-0.000928381
0,0.41794643
0.152598577,1.067152354
0,0.068013299
0,0
0,-0.096584423
0,0.811050938
0,0.125694103
0.339573163,1.430834952
0,0
0.901773929,1.235446776
0,0.21371478
0,0.168793797
0,0.79124067
0.477594704,0.903401327
0,-0.015505818
0,0.095941732
-0.002351387,0.804417436
0,0.400429567
0,0
0.100930902,0.568167531
0,0.095674629
0,0.333333333
0.73562007,2.434037098
0,0
0,0
0,0.272534222
0,0.296377412
0.073014841,1.206014946
0,0.130972106
0,0.252054096
0,0.238006343
0,0.296352659
0.015041042,6.233800784
8.7811885,17.50518411
0,0.519117037
0,0.070690136
0,0.726151692
0,0
0,0.289328771
0,0.083097156
0.434543378,0.799881225
0,0.224767604
0,0
0.403190273,0.932492579
-0.136964384,0.225627238
0,0
0,0.425516385
0,0.00561416
0,0.245945221
0.710439173,1.024021209
0.153393178,0.821139698
0,0.010369951
0.120141966,0.784705287
0,0.050763513
0.048151153,0.237183945
0,-0.07437389
0.22325599,1.152062323
0,0
1.156964745,6.882806616
0.04495705,0.447156621
0.67276258,4.475994225
0,0.612784746
0.928407149,4.716129515
0,0.285967363
0,0.112112335
0,0
0.397942445,4.980602825
0,0.143890774
0,0.706801535
0,0
0,0.87202071
0,-0.001919693
0,0.19622326
1.445543792,5.95477152
9.65554578,13.47103152
0.652682686,2.025161412
0,0.076658361
0.000253481,1.138005213
0,0.82585641
0.009671611,0.54130952
2.368300447,12.9250534
0.140882951,1.004988173
0,0
0,0
0,0.044633784
0,0.34650089
0,0.105172368
0,0.165078083
0,0.539689658
0,0
1.704235338,6.140665225
-0.058809578,-0.004045327
1.504063275,5.796679351
0.060679809,0.604760171
0,0.151017383
0,0.324163313
0,-0.056558476
0,0.148996141
0,0.395905822
0,0.702610197
0,0
1.276058576,2.512135731
0,1.138648454
0,0.081302944
0,0
0,0
0.35540122,2.997797535
0.104186322,0.658250932
0,0
0.468803883,1.652544301
3.38328704,13.2505481
0,0.055753296
-0.030699197,0.233691908
0,0.131003761
0,0.02832744
0,0.072109575
1.007311216,5.250923677
2.116816706,6.845425937
-0.093335491,1.001958671
0.283750634,1.08867844
0,0
0,0.184229027
0,0
0.228361351,1.80734484
0.19142752,1.454760419
0,0.158105744
0,-0.027157324
0,0.072603046
0,0
0,0.003530753
0,0.113938164
0,-0.054558202
0,0
0,0.413010934
1.577168004,2.135575752
0,0
0,0.175993675
0,0.324165761
1.021157884,1.696863424
0,0
1.974805469,4.844865502
-0.014653639,0.808751375
0,0.166266772
0,0
0,0.024864701
0,0.047733848
0.028474463,0.258765523
0,0
0,-0.002215924
0.224806421,1.727140228
0,0.350878564
2.129024795,6.804792244
0,0
0,-0.059273726
0,0.461221815
0,1.020683916
0,1.229321862
0.864522935,2.087655877
0,0.536023773
0,-0.184211059
0,-0.091340776
0,-0.098710877
0,0.250072324
0,0.157930361
0,0.060793617
0,0.365812475
0,0
0,-0.104990537
0,0.227473463
0.336886849,4.034800177
1.799030303,3.074138202
1.646395441,8.238600199
0.001839517,0.349703734
0.115788506,0.873411233
0,0
0,-0.064381339
0,0.925871279
0.294142935,0.510491384
0.107167828,0.45153961
0.106847058,0.824218366
0,0.162188682
0,0.000702925
0,-0.047236125
0,0.07156885
0,0.097245919
0,-0.032116244
0,0.135408156
0,0
0,0
0,0
0,0
0,0
0,0.115795534
0,0
0,0
0,0
1.493023331,2.223748923
1.071807046,2.658627593
0.173687641,0.904729619
2.651546906,5.038702305
0,0.271195244
0,0
-0.024482069,0.314321712
0.539192552,1.340598273
0.904864814,2.037986733
0,0
0,-0.047926305
0.010965146,0.726674801
0,0.30341334
0.446311541,1.579673016
0.127278517,0.754182679
0,0
0,-0.007239231
0,-0.098363048
-0.107140736,0.56912578
0,-0.060426527
0.679389062,5.795758639
0,0.223332792
0.374357416,1.222185887
2.632583405,12.68240743
0,-0.106023976
0.167203576,1.426814345
0.763190021,2.279849463
0,0.384354842
0,0.114627747
0.170109721,0.630545738
0.442241151,2.004500547
0.992849044,3.044757465
0,0.0154189
0,-0.013615285
0.083915896,0.999235985
0,-0.152846844
0,0.086339064
0,0
0,0.055136056
0,0.111531892
0,0.250588988
0,0
0.910951297,1.763246984
1.619147084,3.155319052
3.692010368,6.286617478
0.392144851,4.862124544
0,0.056473854
0,0.20986015
0,0.066134899
0,0.256814971
0.070472843,0.591996263
1.008609012,3.84582154
0,0.121942729
0,0.317732816
0.41564976,2.698996872
0,0
0,0.212814195
0,0
0,0
0,-0.019441525
0,0.413456922
0,0.159185545
0.056492503,0.874843353
0,0.080063148
0,-0.023896577
2.444025932,6.532513241
0,0
0,0.141497025
1.438709368,2.231180534
0,0
0,0.18979339
0.616306931,1.514527715
0,0.349468725
0.409846207,0.793029308
0,0.037687592
0,0
0,0.349588084
0,0.031785143
0.176802855,1.147886915
0,0.261431294
0,0
0,0
0,0
0,0.049974935
0,0.562692437
0,0.324822074
0.161959825,1.55491348
0,0.089323327
0,0
0.455056993,2.520011143
0.541092239,2.992018729
0,0.092809986
0.971758678,3.518051756
0,0.053439115
0,0.328162032
0,0.445725903
0,0.353703512
0,-0.081116321
0,0.611932414
0,0.096853535
0.044455476,0.695528577
1.18681932,2.609953888
0,0.614777787
0,-0.201927688
0,0.196635248
0,0
0.048620019,1.717543841
0,0
0,0.059085872
2.187544045,7.502640564
0,-0.056124942
0,0
0,0.110063196
0,0.032053408
-0.012886126,0.209858401
0,0.199888739
0,0
0,-0.032045853
-0.006593295,0.616697404
0,0.005026385
0,0.260724048
0,0.124310851
-0.090590114,0.126805725
0.188477501,0.592429991
0,0.120271957
0,0.060971868
0.854449389,2.984222159
-0.02110276,0.204440085
0,0.10310146
0.42059812,1.111082204
0,0.122487502
1.921538919,3.176252448
0,-0.03224747
1.826229637,4.275983513
0.120879189,2.183349523
0,0.169979584
-0.006667578,0.012178006
0.236599342,1.457504406
0.209003678,0.711518062
0,0
6.914331578,9.660582326
1.96037749,5.955573153
0,0.0513835
0,0.194406099
0.484412442,1.883028346
0.149191735,0.894604625
0,0.147941573
0,0.040933979
0.973414601,4.312091613
0,0.179559898
0.563569746,2.251667931
-0.018975778,0.526438112
0,0.10352799
0,0.047031399
0.888788263,5.719552184
0.184352899,1.031333228
0.23071957,1.004444816
0.228147845,1.257661426
0,0.036349604
0,0.083757947
0.439188716,1.109628967
0.194931136,0.866456349
1.627428853,6.534081894
0,-0.020591611
0,0.070711711
0,0.005873202
0,0.149716474
0,0.084378546
0,-0.026526656
0.051014695,0.522739546
0,-0.007653535
0,0.057863207
0,0
0,0.288833865
0.139168898,0.409097686
0.111329378,1.532004842
1.115886354,2.75665281
0,0.102043289
0,0.158598242
0,0
0,0.068495864
-0.001743388,0.81812652
1.770614344,2.905698328
0,0.175767311
0.04717637,0.955031161
0,0.098248888
0,0.023155074
0,0
0,-0.014120303
0,0.226259087
0.084843139,0.693024259
1.948889269,2.283650132
1.224846393,3.587151876
0.315046516,3.004777269
0,0.529992658
0.066635242,0.192988499
0,0.128842452
0.080578026,1.099916638
0,0.122600051
0,0.37484285
0.259448118,3.211994859
0,-0.007186111
0,0.086425678
0,-0.021348613
0,0
0,0.115725837
0,0.103865488
0.312014828,2.231560922
0.370187889,1.03671976
0.170913276,2.394397736
0.285211423,3.283720229
1.128492614,2.580470535
1.839182479,2.928500195
1.742547199,4.124831324
0.677376875,2.048428492
0.448312417,1.31123122
0,0.125796253
0,0.238768723
0.904578187,4.180078812
0.156832023,1.337109742
0.026768614,0.60528695
0,0.343552157
0.239059694,1.427963398
-0.005330088,0.62655633
0,0.148893827
0,0
0,0.398621251
0,0.052316667
0,0.364302467
0,-0.008239412
0,0.201886575
0.348392307,1.456154907
0,-0.083041793
1.926798997,3.010141539
0,0
0,0.392843364
0.238007979,1.690585695
0,0.010465901
0.003004636,0.531783426
0.097319005,2.379022374
0,0.20270097
0,0.306426206
0.191972023,2.666044331
0.29273881,0.864098945
0,-0.078363257
-0.277453506,2.514748965
0,0.141172258
0,0
1.069329224,2.469947324
0.651493101,4.279054824
0,0.455301507
0,-0.098959633
0,-0.094116823
0,0.251718835
0,0.182443587
0,0.265157941
0,0.45634239
0,0.190154608
0,0.142831038
0,0.242306815
-0.00690035,0.326090407
0,0.345195557
0.409290753,4.17194175
0,0.108465646
-0.015930049,0.295565531
0.603181851,1.789984591
0,-0.093881977
0.049882253,0.337499303
0.216241643,0.673326118
1.225490751,4.697921618
0,0.455353381
0,-0.005321362
0,0.359438143
0,-0.105659219
0.929777614,2.21689333
0,0.174378659
0,0.323342293
0,0.513384571
0,0.009775781
0,0.186986874
0,0.311049266
0,0.082677832
0,0.065925914
0,0.179510694
0,0.329792703
0,0
0,0.071417893
0,-0.084239985
0.193520726,0.676001323
0,0
0.298621605,4.885717114
0,0.135046563
0,-0.09239982
0,0
0,0.09292956
0.196204733,0.830207554
0.177023893,0.824063789
0,0.137952809
0,0.166840535
0.30130094,1.916757581
0,-0.003138849
0.605712855,1.695281192
0,0.182946804
0,0.0932219
0,0.099612363
0,-0.317513746
0,-0.054863491
1.098640581,2.263711255
0,0.262516351
0,0
0.734551819,1.080292172
0,-0.157279528
0,0
0,-0.264634127
0,0.50145995
0.805120433,1.163089846
0,0.023211184
0,0.283506394
-0.016306332,-0.043304857
0.099762121,0.391917324
0,-0.1228809
0.995560783,3.486040462
0.571084014,1.745317803
0,0.392320316
0,0.119070597
0.956975144,1.746451736
0,0.589534926
0,0.515995012
0.833721486,1.55397747
0,0.647247389
2.507629129,4.64503069
0.709003437,1.209408579
0,0
0,0
0,0.464540707
0,0
0.048131996,0.457356013
14.62267009,24.7183104
1.634989172,5.135172868
0.900305708,3.812206568
0,2.248689903
9.478986844,10.69577208
0.368133818,2.221258793
0,0.669801722
0,0.172257096
0,-0.075818907
0,0.117685616
0,-0.107662327
11.82223027,18.22468019
1.382438536,6.153949742
0,0.021516313
0,0.021791629
0,0.225475698
0.605398693,1.454691804
0,0.122484368
0,0.245415463
1.194667598,2.408246385
0,-0.171609306
0,0.114187996
0.259983698,0.971768895
0,-0.155009647
1.504415426,6.046580629
0.428840984,2.135764
0,0
0,-0.118740794
0,0.487342785
0,0.190222398
0,0.093803378
0,0.042134157
2.76444962,2.798891477
0.748505111,2.480663978
0,0.345348471
0,-0.075621023
0,0
-0.082940607,0.44828766
0.885059818,2.399953892
1.031758851,1.337842879
0.52086372,4.504660542
0,0
0,0.203395448
0.199095955,0.998999527
0,-0.017482467
0,0
0,0
0,0.08609742
3.683390635,5.153618382
0,0
0,0
0,0.121885693
0,0.32114886
0,0.203076692
0.069770126,0.660012141
0,-0.14035898
0,0
0.330142372,2.270544212
0.260437879,3.515611863
0,0
4.724782104,5.537717977
0,0.580396587
0,0.485441064
0,0
0,0
0,0
2.851073889,9.329204445
0,0.709835985
0,0.1680341
0.187305214,0.419952296
0.871894394,1.245488399
0,0.033442582
0,0.276535234
0,0.199818124
0,0
0.371641579,1.977706244
0,1.325899009
0,0.157426269
0,0
0,0.246419552
0.04641024,0.818561359
0.048453547,0.952091849
0,0
0,0.333333333
0,0.117840046
0,0.48520478
0,0.2325944
0.434387572,1.689761923
0,0.47762628
0,-0.000947951
0,0.203095908
0.406671828,1.539852892
0,0.202187964
0,0.153257984
0,0.098410033
8.600222127,10.6033166
0.063532336,0.483026191
0,0.2326789
0,0.233053805
0.361477439,0.789031113
3.962420248,4.617445573
0,0.047571778
0,0.165794662
0,0.183164188
0,0.27248578
0,0.31123683
0,0
0,0.067542086
0,0.262288235
0,0.162680793
0,0.502331928
0,0.13183777
0,0.080698635
0,0.273587173
0.174316549,0.569858733
0,0.16596838
0,0
0.492122056,5.067769411
0,0.079855961
0,2.758906955
0.525499109,0.906343111
0,0.202150695
0,0.369778864
0,-0.045965118
0,0.039191918
0,0.400158317
0,-0.184293129
0,0.527779237
0,0
2.326093707,4.208138084
0.029421904,0.34124428
0,0.217557562
0,0
0,0.089545045
0,0.385876941
0.689391714,1.657275379
-0.015368898,0.461794005
0.216637658,1.546537423
0.738901234,1.740287675
0,-0.076046352
0,0.188925735
0,0.169897528
8.7263626,11.31024675
0.226173789,0.573993884
0,0.154175497
0,0.391338373
0,0
0,-0.075865001
0.860764208,3.232141117
0,0.493759691
0,2.299119731
0,0.196001214
0,0
0,0.037536977
0,0.085476771
0.164241222,1.907046503
0.127494237,0.81600938
0.395482356,3.557334324
0,0.04352635
0,1.074561431
0,-0.06862647
0.078899897,0.87074049
0.149444345,1.126783177
0,0.078678403
0.1056443,0.731071923
0,-0.115265705
1.333387516,5.344011164
0,0.180762124
0,0.063723859
0,0.105888151
0.150970336,0.803563188
0,0
0,1.021725854
0,0.026430797
0.05857522,0.877891999
0,0.086890038
0,0
1.198566461,2.648245407
0.401853318,0.967489084
0,0
0,0.114223738
0,0
0,0.086595022
0,-0.069889985
0,0
0,0
0,0
0.424448269,3.070119761
0.050754964,1.071497444
3.302876089,6.847822338
0,-0.081199694
-0.061507422,0.249429734
0.340161611,2.359947611
0,0.223960767
0.087516333,0.874222071
0,0.168066043
0.611995066,1.558575291
0,0.192203358
0,0.120180108
0,0
0,0.309595991
0,0.235669399
0.069501257,0.476011937
0,0.282381562
0,0.23655688
0,0.045550038
0,-0.132561602
0,0
0.082433672,0.590728842
0,0.247636667
0,0.144482565
0,0.037694332
1.125173035,2.384240683
0.579154578,1.125580795
0,0
0,0
0.095856367,1.764046801
0,0.345728024
0,0.4
0,0
0,0
0.899667392,4.07182199
0,-0.040054498
0,0.043131195
0,0.035128242
0,0
0,-0.002993344
0.697393656,4.189489096
0,0
0,0.215301094
0,0
0,-0.02847558
0,0
0,-0.15314281
-0.014458429,0.125422364
1.621437939,2.685939185
0,0
0,0.29833209
0,0.207293301
0,0.630535686
-0.085444581,0.479623337
0.597054098,1.396122236
0,0.533317003
0,0.171898969
2.532007945,8.594915799
0,0
0,1.15376402
1.216326857,6.546286421
0,0.05888116
0,0.527393921
0.638067823,1.018233222
0,0.189998377
1.14403708,3.694459003
1.893406864,3.852610847
0,0
0.756336858,5.627534211
0,0.047412958
0,0.196214378
0.068149154,0.803836407
0,-0.092944704
0,0.147004558
0,0.166190918
0,0.138024255
0,0.206530525
0,0
0,0.349236443
0.186476033,2.019155538
0,0.252467635
0,0.15881817
0,-0.02995873
0,0.178212003
0,0
0,-0.009181685
0,-0.000631345
0,0
0,0
0,0
7.76914613,13.81879251
0,0
0,0
0,0
0.212960009,2.274314698
0,0.154565779
0.097609783,1.109326498
0.462201779,1.365904946
0,0
0,-0.09170186
0.199445142,1.84370223
0,0.191477553
12.94927831,18.18504613
0,0.083261252
1.247740987,1.506818982
6.895206537,7.63339237
0,0
0,0
0,0.141756143
0,0
0.081731821,0.525429195
0,-0.063093453
0.209588813,0.664091699
0,0.122473926
0.052715413,0.48708095
0,0.006179628
0,-0.03995759
0,0.080244354
0,0
2.450883495,3.045491468
0.484764774,3.689703895
0,-0.070190266
0.634788409,2.205621718
1.980396845,1.990198422
0.20579487,2.209541583
0,0
5.28552362,5.944088128
4.147727711,8.703407462
0.466236201,1.453927304
0,0
0,0.296499079
0.144561329,0.597739657
0,0
0,0.313344113
0,0.237312209
2.115114805,6.986707791
0,-0.031912091
0.010191487,0.328147145
0.027218196,0.254758156
0,0.119696003
0,0.064655004
1.250900041,4.689696546
0,0.320103767
0,-0.046672349
0.697450163,1.714355774
0,0.040096894
0,0.273501563
0,0.164265501
0.90268372,9.095001869
0.114794599,0.565814717
0,-0.170702569
0,0.032198379
0.409388148,2.336725491
1.013638772,2.784358017
0.605628033,1.329962169
0.047976725,0.707985333
0,0.320886741
0.249261251,0.816445153
0,-0.132271215
0,0
0,0.491409671
-0.09444483,-0.323259156
0,-0.082164246
0,0.057005684
1.942928983,4.659305623
0,0.093153148
0.198977147,3.670282709
0,0.084769573
0,0.782741826
0,0
0.767807768,3.168002556
1.195977339,3.226235006
0,0
0,0.477501621
0,0.16847403
0,0.115499751
0,0.224665182
3.28664884,4.040962311
0.16701922,1.102789275
0,0.031881163
0.556142265,1.333524426
0,0.049800686
0.157606553,0.279477932
0,0.163105891
0.251619716,1.334977305
0,-0.007276595
0.367564937,0.811559439
0.896530606,2.00434226
0,0.148198012
0,0.021995631
0.807148834,4.207031618
-0.435301975,3.191479912
0,0.143624984
0,0.123677626
0,1.802694261
1.726677734,5.154213428
0.081419556,0.76835147
1.581187017,2.707594166
0,0.379420929
0,0
0,0.229291314
0,-0.105878776
0,2.339578088
0,0.010460866
0,-0.004161808
0,1.425778564
-0.023163911,0.223630657
0,0.458134043
0.709945684,2.210361305
1.439349498,2.892166324
0.062611224,1.162089259
0,0.174930851
0,0.115922365
0.258692787,0.992352623
0,1.005039542
0,0.091813102
0,0.212834334
1.66194579,2.443553866
10.38892105,16.86042365
0,0.035867764
0.020897361,0.497169625
3.861633812,5.830796455
0,0.186567355
0,0
0,0.624391424
0.17577536,0.506994796
0,0.048249299
0,0.238823367
0,0.462291438
0,0.1245223
0,0
0,0
0,0
0,0
0,0
0.724604323,1.97844158
0,0.054669127
0,0
0.869053747,2.97595476
0,0.536035076
0,-0.087070669
0.197287268,1.19728912
0,0.956840403
0,-0.109811065
0,0.603080468
0,0.123087874
0,0.019798396
0,0.117415206
0,-0.165068975
1.12565571,4.208579652
0.441849731,0.795347655
0,0
0,0
0,0
1.474258874,3.729267976
0.471115554,0.928793061
0,0.018421641
0,0
0,0.041812375
1.691909179,2.655060403
0,0
0,0.052045391
0,-0.060854547
0,0.28610218
0,-0.111846679
0,0
0.244193796,1.334581821
0.115840471,0.901136724
9.501362387,23.42972586
0,0.009017229
0.341942758,2.407038048
0,0.048225598
0,0.016953484
0,0
0,0.113329984
0,0.147024607
0,0.4201779
-0.015564275,0.914791053
0,0.486528201
0.359515078,0.993776572
0,0.350121459
0.029906075,0.475373132
0,0.036281875
0,0.045581586
0,0.807393692
0,0.123278048
0,-0.076048309
0,0
0,0
0,0.07531876
0,0.073371297
1.269589195,7.039509396
0,0.20335798
0,0.258890462
0,0
0,0.079140239
0.125775656,0.780032516
0.302922164,1.3692803
0.038253794,1.035816232
0.303399816,0.792473998
0,-0.07251521
0,0.633412326
0.30052711,2.049137303
1.368359633,2.174066163
0,-0.054414719
0,0.339718203
0.790915389,2.595963167
0,0
0,0
-0.105761098,0.288343736
0,0.120985021
0,0.080941913
0,0.18866339
0,0
0,-0.336934834
0.868224064,1.423363162
0.480245448,4.15206812
0.373402379,2.567619543
0,0
0.412454855,0.766708374
0,-0.024238025
0,0.161948491
0,0.415123782
0.653744398,1.757945421
0.517589852,1.527401212
0.460136318,2.421542247
0,0.051821849
0.521927033,1.961023563
0,0.072562204
0,0.305632701
0.78999499,2.588236567
0,0.382697799
0.067555024,1.122779837
0.14864685,1.115540276
0,-0.255356895
1.343957351,1.930334082
0,0.022946635
0,0.343207384
0,0.156129973
0,0.105069362
0,0
0,0.138671952
0.294307032,0.66535748
0.197001941,1.183188842
0,0.19813605
0,0.122366476
0.347833048,3.065895409
0,0.190888302
0,0.017165899
0,-0.067097301
0,0.128919931
0,0.058899297
0,0.232061377
0,0.174563775
0,0.43817525
0,-0.118043962
0.735292611,4.064220495
0.133275846,0.913269054
0.048179634,1.141046581
0,0.193571003
0.130080241,0.647997198
0.02522225,1.794150964
0,0.052913303
0.609669886,1.375674749
0,-0.096848082
0,0.153973134
0,0.171243784
-0.06064675,0.009414215
0.19759481,1.358526793
0,0
0,0.127765544
-0.231424382,-0.149000781
0.757984515,1.195630122
0,0.32411362
0,0.033063312
0,0
0,0
0,0
0,0
0,0
0.109546124,0.954622975
-0.000787891,0.615578119
0.955335957,3.171950132
0,0.429153534
0,0.23488825
0.470601003,1.350325469
0.807995681,1.645152555
0.060851923,0.574960197
0,0.022550239
0,0.153632016
0,0.392964486
0,-0.064154683
0,0.167716759
0,0
0.566001565,1.515669014
0,-0.10538564
0,0.07952663
0.207060498,0.404656289
-0.10070248,0.355906159
0,0.128411268
0,0.033210499
1.221906451,3.127705875
0,0
0,0.332282141
0,0.104168689
0,0
0,0.086161289
0,0.175950004
0,0.199831212
0,0
0,0
0,1.196244803
0,0.247948771
0,0
0,0
0.133333333,0.703539344
1.065461086,2.773190443
0,0.993218223
0.996125837,2.022380808
0.148760943,0.76469216
0.382303412,4.184312508
0,0
3.645641742,4.244788876
0.184969475,1.20228274
0,0.54566488
0,1.784851654
0,-0.111805814
0,-0.014155555
0,0.38894278
2.358908956,9.217240895
0,0.301825849
0.251378235,0.975486428
0,0.314904462
0,0
0.555186238,1.506505057
-0.037979625,0.057209281
0,0.013974544
0,-0.188005852
2.044089342,5.996020947
0,1.663348546
0,0.268580404
0,0.434308939
0.168145356,0.340817223
0.340104289,0.94546237
0,0
0,-0.127060071
0,0.001521985
0,0.098720125
0.345083702,1.409028324
0,0
0,0.550386924
0.060973383,2.312841847
0.506418024,1.099607519
1.285907694,2.248730863
0,0
0,0.050144994
0,0.628006477
-0.086319754,0.656814409
0,-0.009498879
0,0.299230892
0.268003761,1.370941672
0,0.031731531
0,0.456330219
0,-0.050830586
0,0.310628255
0.369606593,2.766261471
0,-0.071526637
0,0
6.214644039,12.40137673
0,0.145744854
0,-0.094210955
0,0.316889597
1.150269012,2.853627218
0,0.12637016
2.347292665,5.850225582
0,0
0,0.395284054
0.524187523,1.449842534
0.592082476,2.128840955
0,0
0,0.433381901
0,0.227075568
0,0.200233029
0,-0.052158298
0.329804692,0.75954579
0.597742533,3.06026889
0,0
0.012391192,0.924606941
0.200856702,1.05941073
0.131943995,0.790498949
0,0.312496752
0,0.046546418
0.317665357,2.581947955
0,0.081934591
0,0.330174536
1.221273434,4.767895258
0,0.053296812
0,0.263882758
0,-0.064154683
0.096191149,2.239870735
0,0.025294513
0.257604533,0.860809239
3.025935683,6.992609179
0.066804359,0.468552494
0.034498332,2.118992313
0,0.300046631
0,0
0.145182701,0.956142937
0.946419482,3.338523248
0,0
0,-0.053869224
0.882349252,1.656488744
0,0.08702057
0.640375414,4.062281152
0,0
-0.046722882,2.161111943
0,0.1237009
0.349582245,4.858934342
0,-0.047210981
0,0.07901549
0,0
0,0.016437443
0.464086689,0.925377401
1.634971264,6.115638913
0,0.02558978
0.165840663,0.969356779
0.0484344,2.459249216
0,-0.037433022
0,0
0,0
0,-0.076864757
0,-0.001131348
0.381670952,1.020159546
0,0.127494053
0,0
0.096216054,1.327734169
0,0.673268303
0,0
0.230650787,2.056075041
0,0
0,0.181507839
0,0
0,0.022726396
0,0
0.622423061,2.840546837
0,0.060836367
0,0
0,-0.099656436
0,0.295874713
0,0.143880062
0,0.055340347
0,0.945626967
0,0
0,0.100872817
-0.019149385,0.754773909
0,0.052557878
0,-0.140776173
0,0.12921963
0,0
0,0.208304608
0.922836937,1.784676409
-0.029746455,0.323999614
0,0.091127977
0,0.189512349
0.933840782,3.586562057
0,0.112686627
0,0.37646645
0,0.117057729
0,0
0,-0.025372085
0.215388273,2.06425706
0,0.095862292
1.085749808,2.179714716
0,0.07071578
0,0
0.163932475,1.121430713
0,0
0.004745997,0.365689928
0,0.148087497
0.188578273,1.447967825
0,0
0,0.205361571
0,0.378016506
0,-0.00923259
0,0.169200643
0,0.088376361
0,0
0,0.117685616
0.640408268,1.605114459
0,0.047412523
-0.071368322,0.138496414
0.372288572,0.881619599
0,0.310902677
0,0
0,0
0,0
0,0.094876681
4.271897505,5.512452663
0,0.274288041
0,0
0.466253315,0.876063678
0.55964747,0.986147234
3.119858629,6.52954225
0,0
0,0
0.698909049,2.310211739
0,0.044800649
0,-0.037018501
0,0.078252053
0,0.580804626
0.644388752,2.002041144
0,0
0,0.387079757
0,0.199727088
0,0.087020478
0,0.065442265
0.363754363,4.341540337
0,-0.077885185
0,0
0,0.150223929
0,0
0,0
0,0
0,-0.034184111
0,0.223385965
0,0.239296659
0.330277065,0.810364324
0,0.113603152
0.039663522,0.862599853
0,-0.090106877
0,-0.013705767
0,-0.16141695
0,0.37766094
1.196961921,3.283716752
0.331288432,1.177374435
0,0
1.476426394,10.2411392
0,0
0,0
0,0.147216159
0.509961864,1.931169946
0,0
0.307858614,1.230676734
0.081286132,1.039715248
0,0.030396405
0,0.254388949
0.596973129,1.060523166
0.036972997,0.821002255
0.138720457,0.723419186
0,0.178744722
-0.18401659,0.171646406
0,0.242466716
0,0.059800989
2.195325887,6.013501841
0.13294956,2.031042674
3.543911498,4.906213073
0.942223925,3.21896058
0,0.259410846
-0.066676122,2.050199139
0,0.083139254
0,0.783828806
0.015945587,2.079639394
0,0
0,0
0.859270622,1.736432083
0.936236164,3.743599764
0.122796456,2.639035291
0,0.060904314
0,0
0,0.704303328
0.006574174,0.430063681
0,0.088236169
0,0.009396879
0,0.328009138
-0.045537292,0.20555672
0.122121829,1.452584041
0.29662932,12.00150875
0.268692162,0.747191314
0.705863787,3.942998565
0,0
0,0.247044593
0,0
0,0.225133784
0,0
0,0
0.308807852,0.4953107
0.578567943,1.236673124
0,0.338129691
0,0.112115314
0,0.439467507
0,-0.060655871
0,0.115537966
0,0
0.155002014,1.03601217
0.012563841,1.459260115
0.181363414,0.508387433
0,0.712788246
0,-0.021714844
0.446697774,2.164782178
0,0.296017374
0,0
0.195097742,6.738193224
0,0.074839709
0,0
0,0.326278489
0,0.111708449
0,0
0,0.024123276
0,-0.022949228
0,-0.115891107
0,1.711139241
0,0.16046142
-0.013389602,0.47149064
0,0.155204209
0,0.333333333
0,0.198849385
0.111038032,0.723139022
0,0
0,0.12151994
0,0.114403791
0,0.200053929
0.203861688,1.295753744
0,0.196504183
0.646747287,1.069803354
0,0.191750456
0,0.25902096
0,0
0,0.043003652
0,0.129836772
0,0.182485798
0,0.161188562
0,0.195309504
0.35692856,0.647231528
0.022048535,1.204702541
0,0.167997599
0,0.015179018
0,0.297831281
0.229935572,1.246950899
0.932056056,3.815543242
3.342656806,4.5203428
0,0.107225255
0,-0.047186301
0.225810624,2.028595506
2.37901416,3.499704991
3.003916951,4.662611135
0,0.028028287
0,0
0,0.084307907
1.05692871,3.901668123
0,0.200865178
0,-0.056384433
3.534683282,3.600674974
0.303614879,2.887755847
0,0.249787692
0,0
0,0.37525087
0,0
0.269038952,0.849089457
0,0.09340968
0,0.207402243
0,0
0,1.598909607
0,0.50535821
0,0
0,0.275617825
0,0.119285859
1.140075335,2.402444369
0,0.142775353
0,0.026455915
0.185218266,0.886536534
0,-0.046308903
0.163647098,0.595854818
0,-0.044467052
0,0.022550693
0,0.054408723
0.201232918,0.719279666
0,-0.004447913
0,-0.07754441
0,0.975141299
0.308243928,1.535351514
-0.029482732,0.24179013
0.385424173,4.077860138
0,0
0.04995368,0.591680286
0,0.077145331
0,-0.043775533
0,0.304619971
0.970502431,3.115344538
0,0
1.500237751,5.686768723
0,0
0,-0.052670693
0,0.298745203
0,-0.120184675
0.727727453,1.856623659
0,0.440024502
0,0.003228402
0,0
0,0.71520487
0,0.311585509
0.233296309,0.849823446
0.609084701,3.707295459
0,1.129323765
0,0.115562425
0,0
0,-0.030907105
0,0.092874923
0.000365277,0.301756987
-0.160566936,0.026130772
0,0.217577277
0,-0.209759986
0,0
1.22211459,5.38209903
0,0.180553669
1.99247959,1.996239795
0.196759369,0.721295425
0,0
0,0
0.157762059,1.673481981
0,0.177084048
0,0
0,0.201728367
0.191789352,1.828740207
0,0
1.783988414,2.250792461
0,0.164615464
0.238469154,0.755744338
0,0.289285974
0,0
0,0.073725284
0,0
0,0.31904714
0,0.915401663
0.80861264,1.303124063
0,0.195207086
0,0
0.319447164,1.303257329
0,0.045813983
1.999763734,5.712351898
0.184547261,1.154181037
0,0.283530187
0,0.050504519
0.383379508,1.317666596
0,0.186792497
0,0.168743648
0.314035427,2.786039638
0,0.260380522
0,0.150576076
0,0.369885799
2.095132791,3.115882272
6.586840405,8.385770984
1.112456222,2.46053141
0,0.297850052
0,0.197456194
0,0
0,-0.170750161
0,0.12072716
0,0
0,-0.027069887
1.048427543,3.271886981
0.218666253,0.653580208
0,0.027548309
0,-0.024082202
0,0.42323796
-0.250100986,0.1993579
0,0.223481429
0,0.247025452
0,0
0.011925444,1.215144747
0,0.451307298
0,0.166895807
0,0.140531055
0.090266944,1.095826564
2.103817837,3.493578947
0.719232131,3.974579183
-0.115155439,0.319625806
0,0.298973028
0,0.125488207
0,-0.001618318
0,-0.034224556
0,0.019769105
0,0.4
2.290601687,2.84267161
0,0.296214707
0,0.021442099
0,0
0,0.089827438
0,0.128863735
0,0.155501423
0,0.254402949
0,0.415123782
0,0.384127593
0.077983079,1.370457878
0,-0.006323241
0,0.619010569
0.683498219,1.698415011
0,0.096617754
0,0.206123819
0,0.09487548
0,0.040712927
0.199857572,1.072796787
0,0.095557862
0.042913241,1.29877523
0,-0.031619661
0,0.143648543
0.077980418,0.257539053
0,0
0,0.344896824
0.866630049,2.403655924
0,0.230054174
0.411762796,0.786133598
0,0.138083852
0,0
0,0
0,0
0,-0.068164055
0,0.102288506
0,-0.023295864
0,-0.010628203
0,0.259574342
0.004699444,1.267741697
1.6251792,4.510947517
0,0.187519055
0,0.385621508
0,0.11169973
0,0.030612248
0,0
0.295086575,1.703240416
0,0.208442099
0.05728564,0.574304882
0,0
0,0.367505061
0,0
0.589889375,1.701647112
0.034130515,0.181433841
0,-0.026097715
0,-0.036952027
0,0.695431062
3.798398073,4.190224759
3.244801225,11.13070996
0,0.376679043
0.231252499,0.978332875
0.185159659,2.027915455
0.015982595,0.413539819
0,0.229037773
0,-0.049880694
0.080079801,0.696821568
0,0.083650588
0.040106323,1.588138113
0.49563115,1.399782859
0.271598697,0.886162314
0,0.293349475
0,0.05881911
0,0.412146017
0,-0.152104198
0,0
0.034459644,2.401447154
0,0
0,0.291875708
0,-0.181033033
0,-0.09803759
0,0.172748493
0.453325734,1.330215133
0,0.575398243
0,0.096108299
2.17543717,2.952166721
0,0.079886547
0.414807692,0.906423195
0,0.279764372
0,0.075190038
0,0.153853784
0,0.260253251
0,0
0.46455588,1.731125755
0,0.096942582
0,-0.015959329
0,0
0.032343235,0.84963444
0,0.055257996
0,0.080569109
0,0
1.585720809,1.751558607
0,0.075540488
0,0.324783279
0,0.181625651
18.56283506,25.81404132
1.567340844,2.622860051
0.242366845,1.068880727
0,-0.037491241
0,0.399541719
0.008280437,0.722640816
0,0.238423441
0,0.466673129
0,-0.003405724
0,0.221651629
0,0.318689963
0,1.315971072
0,0.107911197
0.052716855,0.507155095
0,0
0.204086616,0.513804924
0,0.893618282
0,0.176358024
-0.039779121,0.464425346
0,-0.019339776
0,0.209241951
0,0.298941485
0,0.035858295
0.124254223,0.559194717
1.198503747,2.176332698
0.238588808,0.788051045
0.050705198,0.503951948
2.902726358,5.507271412
0,0
0,0.324697769
1.500357497,5.225253407
0,0.468794729
0.075569244,0.699917845
0,0.264997067
0,0.138161121
0,0.416766431
0.008372926,0.570888706
0,0
-0.165411483,1.286147438
-0.180418555,0.812638547
0,0
0,0
0,0
0,0.825384684
0.83165271,2.110253209
0,0.093570981
0,0.082239691
0,0.120180108
0,0.414158628
0,0.019794537
0.673632159,1.90102637
2.405112738,5.169545004
0,0.108532669
0,-0.186928211
0,0
0,0.150576076
0,0.02807827
0,0.534950107
0,0.241146214
0,-0.074737711
0,0.190249851
0.113225561,0.494156463
0,0.931070107
0,0.269988839
0,0.056773899
0,0
0,-0.162060091
0,-0.116802126
0,0.131146333
0,0
-0.016631056,0.370820223
0,0
0,0
2.777146094,3.797792091
0,0.452090937
1.199832027,2.25071829
0,0.111752437
0.072494639,0.574425227
0,0
0,0
0.989990023,1.823165121
-0.301136302,0.64034232
0,0.24544026
0,0.068231809
0,0.585058612
0.268328851,2.516183966
0,0.608508181
0,0.139170588
0.751616587,2.436837556
0.708539452,1.756645581
0,0.174043173
0,-0.016881243
0.113887518,0.798476415
1.397891137,4.381822255
0,0.242141712
0,0
0,-0.014444333
0,0.252332316
0.487788314,0.960202466
0,0.095286439
0.220521476,1.131630394
-0.010261938,0.43427726
0,0.128818517
0,0.236232314
0,0
-0.266095814,0.405482174
0,-0.109192745
0,-0.057420346
0,0
0.305388892,0.697974416
0,0.126295766
0,-0.039800468
0,0
0,0.22970502
0.500833385,1.060965096
0,0.103957031
0,0.080714878
0.802910328,1.887891083
0,0.717724462
0,-0.033439634
0.103093443,2.474137369
0,0.272579607
0,0.339853028
0,0.060787359
-0.051717188,0.230251546
0,0
0,0.157318216
0,0.514164805
0,0.415920852
0,0.147196772
0.939264779,2.509121396
0,0.498854028
0,0
10.21924223,17.6014976
0,0.809404417
0,0
0,0.008438184
0.330744878,2.615556419
0.340331231,1.183841036
-0.004284139,0.393100736
0.137674068,0.634056857
-0.062492544,-0.020157105
0,1.140046
0,0.017405839
-0.004973901,0.353234795
0,0.193407928
0.035214506,0.233390593
0,0
0,0.097760322
0.845773467,1.958757034
0,0.199106551
-0.190946646,0.623924015
0.889077361,5.308585438
0.206156792,0.881790851
0,0.152643239
0,0.041878501
0,0.173128221
0.421358275,2.333872926
0.154402542,1.210410413
0,-0.055299978
0.497731886,1.300945672
1.459082754,2.279724195
0,0.249527046
0,0
0,0
0,-0.02899672
0.161922782,1.838977227
0,0.022978667
0.171125839,4.83918094
0.819536602,2.284058023
0.450422054,3.476798096
0,0.102310443
0,0.47854442
0,0
0,-0.090738457
0,-0.179297074
0,0.317303787
0,0.300566391
0,-0.105362682
0.567865681,3.649188206
0,0.100616942
3.646775445,4.177590016
0,0
0.312019143,1.230541566
0,0.040758412
0,0.150683765
0,1.662443049
0,-0.043987628
0,0.039528449
0,0.084187874
0,0.102009558
0,0
0,0.152819712
0,0
0,0.013432536
0.153263702,0.706485301
0,0.126089446
0,0.28900485
2.939620697,8.342479278
0.149384295,2.242810762
0,0
0,0.366487253
0,0.053864298
0,-0.027143355
0,0.310448479
0,0.034000073
0,0
0.234732591,0.79804784
0,0
0.082922621,0.952082624
0,0.091696806
0,0
0.482354413,1.360250982
0,0.028527302
0,0.347701904
0,-0.012261718
0,0
5.169396051,12.17467716
1.216071526,2.783949043
0,0.047914598
0,0
0.889132805,8.786746028
0,0.293469404
0.091491554,0.301892193
0,0.15669648
0,0.274810593
1.742150545,3.269333813
0,0.195125408
0,0
0.017280305,0.432871897
0.201665712,3.2401403
3.629043988,4.208334333
0,0.046546418
0,0
0.673068042,5.444419625
3.087630641,6.542076198
0,0.222461296
0,-0.091810964
1.516975695,2.550180141
0,0
0,-0.084710304
0,0.130889749
0,0.122145053
0,0.239918242
0.475750193,1.437061594
0.664341014,1.04369614
0.024251233,0.552661989
0,0
0.020582884,0.400435865
0,0.006038768
1.266805558,2.142030676
0,0.01845729
0,0.536100635
0.343288131,0.575433838
0,0.239879117
0,0.170074588
0,0.199902555
0,0
0,0.012796889
0,0.780382574
1.361469048,4.397694506
0,0.312304673
0,-0.025391717
0,0.106083859
0,0.341013404
0,0.254611076
0,0
1.423808858,3.53381034
0,0.104610734
0,0.274749163
0.002627817,0.353885561
0,0.255985675
0.389375227,1.194870697
0,0.233269537
0,0.379792569
0,0.914619999
0,-0.062770584
0,0.829529402
-0.007614501,0.724216324
0,0.269223023
0,0.233535534
0,0.47857634
0,0.776214977
0,0
0,0.00540502
0,0.151649418
0,0
0,0.239119412
0,0.011549307
0,0
0,0
0,0
0.71740936,10.23463415
0,-0.155310428
0.505355777,2.655628243
0,0.626291801
0.772775045,1.572186668
0,0.440025512
0,0
0.589128748,1.153451129
0.622701951,3.618318499
0.16987985,0.750407649
0,0.590747619
0,-0.150368732
0,0.382646729
2.918188018,3.839603914
0.88340797,2.96465108
2.525367101,3.323424622
0.98251952,4.332578134
0,0.010655926
0,-0.017328486
0,0.008230146
0.704922389,2.006716009
0,0.252623073
0.607527291,1.161538223
-0.002236658,4.538699434
0,-0.148493886
0,0.280670689
2.996402648,8.79710696
0.440707688,2.284078864
3.528769004,7.347598746
0,0.184313686
0,0
0,0.173134066
1.335357003,4.483006992
0,0.127703139
0,0.25
0,-0.053450478
0,0
0.07624242,0.916505367
0,0.423253317
0,0.498834832
0,-0.035173211
0,0.098086128
0.710879084,4.813492511
0,-0.044140023
0,0.392658131
0,0
0,0.172882787
1.239144307,3.343105233
0,0.005210039
0,0.102131
0,-0.103438881
0,-0.250539871
-0.033506783,0.493846425
0,0.124790316
0.099748023,0.80657648
0,0.111428074
0,-0.034507098
-0.074043714,0.32727121
0,0.26107972
0,0.05581315
0,0
0.343944085,1.06259151
0,0.222455607
0,0.025327301
0,-0.029502331
0,0.070162611
0,0
0,0.221193359
1.556306227,3.985633876
0,0.416549736
1.568800842,3.287612185
0,0.257370662
0,0.022716136
0.355909619,2.318124178
0,2.252618589
0.35246036,1.628478803
0,0.598546738
0,0
0,-0.045131573
2.671794789,7.861643992
0,0
0,0.16665874
0,0
0,0
0.731507842,1.752846399
-0.041281038,0.277358977
0,0.184132893
0.139815006,1.824795809
0,0
0.353930495,0.799222564
0,0.124404329
0,0.583552076
0,0.095218383
0.131042303,0.331459251
0,0.077578309
0,0
0,-0.026303984
0,0
0,-0.215727355
0,0
1.459399259,2.562455075
0,0.626572585
4.970782165,12.2032161
0.000950851,1.365282164
0,0.123234467
-0.164791143,0.425119808
0,0.297296622
0,0.285149961
0,0.096999596
0,0.093029232
0,0.585949492
3.67597505,5.548199633
0.262316893,1.038036129
0,1.040764314
0,0.142254223
0,0
0,0.070234463
0,0.10613486
0,0
0.039105126,0.206145261
0,-0.051422636
-0.052375311,0.173578
0,0.07600664
-0.118036835,1.492638359
0,0.627581161
0.047586288,0.492089532
0,0.256824367
0,0.078167535
0,1.524024059
0,0.259410846
2.720593144,3.866200452
0,-0.029474074
0,0
0,0.071926258
0,0.157142856
0,0.378663073
0,0
0,0.00384454
0.518289599,1.195308749
1.628475089,3.666147744
0,0.167491234
0.671287543,1.460702163
0,0.060067607
1.199158988,6.890363919
0,0.429212174
-0.038647831,0.561098175
0,0.20297111
0.015095356,0.349993754
0,0.107396519
0.184461868,1.028280947
0.108854654,0.634450039
0.167078471,2.399511732
0,0.156331636
0,-0.033085736
0,0.984346091
0,0.382911286
0,0.02803353
1.820929068,5.471802276
0.125547273,1.046636416
0,0.500719971
0,-0.067058414
0,0.642297844
0.179107281,1.5530189
0,0.067212284
0,0.283635728
0.068067823,6.27616128
0,0.204151729
1.740479617,2.958186064
0.825048845,1.412524423
0,-0.03219716
0.017853035,0.598279036
0.353229184,2.659722312
0,0
0,0.149071445
0,0.133236655
0,0.301340637
0,0
0,0.135444409
0,-0.137204864
0,-0.037377457
0,0.218624494
0,-0.07873025
0.118333447,0.482395015
0,0.496568605
0.305973799,1.032608893
0,0.449642359
0,0
1.643680632,3.613781821
0,0.140740857
0.329608925,0.931313741
0,0.204898589
0,0.573613777
1.035616506,2.080873025
0.005019808,2.423337722
0,0.293087074
0,0.269945463
0,0.029968101
0,0.217305942
0,0.457840272
0,0.119684238
0,0.694741917
0,0.103781018
0,0
0,0.087146922
0,0.186789287
0.022491042,0.318488155
0.686155902,1.543870874
0,-0.132628316
0,0.05638684
0.392854911,1.281064905
0,0.148070931
0.072646107,0.742227684
0.381949111,1.045418103
0.036241774,1.132631577
0,0
0.847447135,2.544021622
0.636194496,3.945446329
0.212229798,2.023604567
0,0.011832689
0,0
0,0
0,0
0,0.14531542
0.671169282,1.248465981
0.067450103,1.076108258
0,1.270087566
0,0.00872394
0,0.329708754
0,-0.03921151
0.173454372,1.141426546
1.379228389,8.495783558
0.407106418,1.888540301
0.01236182,1.409876508
0,0.09384022
0,0.420734936
0,0
0,-0.139639154
0,0.11622749
0.120803848,1.162844117
0,0
0.954629959,1.298735168
0,0
0,0
0,0
0,0.071967546
0,0
0.136049391,0.541899871
0,0
0,0.326210845
0.168059455,2.166339417
0,0.415907645
0,0
1.871350786,2.227161064
0.171297673,1.070944862
0,-0.027573623
1.039254187,2.984438068
0.58916131,1.232751697
0,0.235767838
0,0.167900861
0.279907052,0.558461782
0.175871321,0.705564081
0,0.224267814
0,0.384730388
0,0.157965645
0,0.163751749
0,0.420910394
0.982593079,3.593749651
0,0.24262545
0,1.080730672
0.222058549,1.187806046
0,0.109783772
0.036913218,1.137269127
0,0.136518851
0,-0.004155065
0,0.007410785
0,0
0,0.645360835
0.403287664,2.742219592
0.199905179,2.374093283
0,0.238548218
0,0
0,0.24457191
0,0.180607955
0,1.041506334
0,0.070500081
0,0.097061115
0.52663248,4.107103549
0,0
0,0.227957
0,0.319117329
0.286696444,1.113687154
0,0
0,0
0,0
0,0
0.081339698,2.672635507
0,0
0,0
0,0.632381079
0,0.023558259
0,-0.069375926
0,0.165151806
0,0.386230612
0.110463654,0.797781801
0,0.057397761
0,0.42619549
0.224032688,0.713308426
-0.09175782,0.968842227
0.098512095,0.747002144
0.330228088,0.969395902
0,0.024529567
0,0
0,0.053318321
2.23432527,7.332126923
-0.094304005,0.140549039
0,-0.103413892
0.017716409,0.351609709
0,0.253604757
0,-0.040674946
0,0
0.920081735,1.643864646
0.302650077,1.137362062
0,0.071355655
0,0
0.966516864,9.13302807
0,0.338424305
17.709649,26.47684059
-0.11794194,0.33978714
0,0.116959628
0.107817089,1.039623611
0.256065404,0.782426731
0,0.051694069
0,-0.05542074
0,0
0.108901182,3.00296465
0.482565577,3.373746734
0,0.00272885
0,0.15341415
0,0.146659588
0.015207047,1.11901972
0,-0.012809916
0.759037682,2.031884794
0,0.051851281
0,0.130277029
0,0
0,0.074592713
0,0.028237969
0.050480827,0.507677209
0,0.201345186
0.202701472,0.616108695
1.057329016,2.610183053
0,0.166238082
0.169353229,1.713099171
0,0
0,-0.119294482
0,0.036049392
0,0
0,0.252896347
0,0
0.425557008,0.906471969
0,0.420206046
3.113825575,6.496303608
0.074759595,0.525998107
0,0.249522975
0,0.249522975
0,0.084351016
0,0.04399647
0,0.061112727
-0.038170229,0.189649958
0,0.211987828
0,0.751407891
0,0.43430817
0.004715563,3.336910104
0.217679409,1.877265644
4.752808776,13.15041385
0,0
0,-0.068850718
0.800739563,2.398491944
0,-0.033024213
1.381806229,5.769806468
0.183789716,1.045458057
0,0.017196476
0,0.029646712
0,0.653394941
0,0.26865985
0.063317914,0.407414487
1.542321852,5.935178182
0.899085381,1.491546419
1.869296878,3.611935259
0.55997844,1.191456126
0,0.378256971
0,0
0,0.126064871
0,0
0.730598785,1.061686601
0,0.304544635
0,-0.209216317
0,1.134070923
0,0.19090015
0,0
0,0.578537172
0,0.199088867
0,0.285646019
4.392316783,5.576565556
0,0.299499632
1.007165933,3.404372013
0,0.037233634
0,0.099534024
0,0.363107765
0.716989908,2.340150175
0.113842198,0.535979226
0,0.186569954
0,0.5449412
0,0.073443455
0,0.454653609
0.343879589,1.444259646
0,0.111604289
0.737876731,1.23902186
0,0.085271469
0,0.253755545
-0.001800525,0.784452805
-0.050674028,0.417725544
0,0.027443206
0.549806196,1.549500853
0,0
0,0
0,0.302826506
0,0.161030774
0,0.418521308
0,0.082285945
0,0.27415142
0,0.152918717
0,0.133763063
0,0.182690223
0,0
0,0.357478302
0.205485499,0.389923959
0,0
-0.020047221,0.166947968
0.14203836,0.971320653
0,0.403430789
0,0.234853019
0,0.5
0.428166406,1.410302627
0.05529784,0.813746844
0.542936897,1.283783084
0,0.160881978
0.135934961,0.732371657
0,0.05453171
0,0.650520019
0,0.133603441
0.324815561,2.110386338
0,0.334906968
0,-0.168508297
0,0.261730927
0,0
0,0.122741928
0,0.149792754
1.905016775,6.488480656
0.218102698,1.650142738
1.791102168,5.434528353
0.395341906,1.881895675
-0.182474018,0.238808735
0,-0.11403237
0,0.037739693
0,-0.07496267
0.539911641,2.427845934
0.020675088,0.479417093
0,0.332330805
0,0.714886984
1.18972592,1.881985856
0,0.141455031
1.815229144,4.427215506
0,0
0.371026585,2.065670683
0,0.257983593
0,0.012876634
0,0.328520478
0.101717767,0.967281825
0.728634934,2.612471172
0,-0.009441191
0,0.172042789
0,0.50739691
0.719072883,3.022230272
0,0.769079771
0,0.381285493
0,0.432142764
0,0.760003456
0,0.163948799
0,-0.006136132
0,0
0.205232301,0.775203647
0.161271864,1.179048823
0,0.322407379
0,0
0,0.241259085
0,0.17332561
-0.137145349,0.572335362
0.22465188,1.380872827
0,-0.007077407
0,0.136520463
0,-0.025536845
0.31925638,1.321558575
0,0.416479713
0.162992224,0.91698812
0,0.172117457
0.315304914,2.460563422
0.535166131,0.981510668
0.144779473,0.613332269
0.312403059,1.060887908
0,0.143135407
0,0.120494743
0.526028184,1.266621073
0,0.162416019
0,0
0.207826576,0.790511129
0,0.334234788
0,0.400733145
0.353415534,1.717200486
0,0.040054253
6.458180414,10.97008261
0,0.421477551
0,0.269563961
0,0.209035429
-0.006150169,0.801982733
0,0.332488603
0.13849278,0.597271641
0,0
0,0.417034406
0,0.36172493
0,0.562631073
0,0.220541206
0,0
0.173575346,2.067700155
0,0
0,0.258203632
0,0.653541637
1.52031235,7.879197737
4.268694857,7.014946594
0,0.696205347
0.136971758,0.597150605
3.148752682,3.793084262
0.524236205,0.958491801
0,0.211601621
0,0
0,-0.07403825
0,0.147571974
0,0.161899051
0.022516375,2.185040235
0,0
0,0
0.336270613,1.542919149
6.518386837,8.576997709
0,-0.095800937
0.132783568,1.392415394
0,0.589717981
0.891820945,2.50643017
0,0
0,0.113034614
0,0
0,0
0,0.323165198
0,0.273665621
0,0
0,0
0.405500241,2.893077754
0,0
0,0
0.031106673,0.952297215
0.238695566,1.436750131
0,0.660466148
0,-0.197181547
0.007030547,1.191418597
0,0.41013547
0,0.323751613
0,0.470796655
0.084979862,3.69094271
0.214563812,0.607782968
0,0
0,0.194859964
0,0
0,0
0,0.246917623
0,0.242865639
0,0.153976957
0.267510024,1.257552205
0.00735423,0.371969917
0.131671379,1.139184815
0,0.222756631
0,0.19533821
0.291501944,1.24244072
0,0.243117475
0.072799976,0.926154353
0,0
0,-0.014265135
0,0
-0.017506723,0.470360669
0,-0.107198319
0.106057891,1.501497028
0.425428902,0.886134669
0.070669268,0.756945228
17.29969328,25.99762026
1.526119042,1.721328611
0,0.169294193
0.417930304,4.354200696
0,0
0,0.105425444
0,0.229846903
0,0.197076652
0.163078732,3.38152478
0,-0.010096924
0,0.146979049
0,0
2.63214966,2.714027322
0.430367518,1.445709531
0,0.029374664
1.003457835,2.133570851
0,0
0,0
0.281131528,0.669950513
0.573647478,2.403641464
-0.025492124,0.450801176
-0.010424103,0.258386754
0,0.177256243
0.012505116,1.209823448
-0.026547807,0.432173324
0,0.443895761
0.001825778,0.822112576
0.106647692,0.800640531
-0.119227901,1.431987274
0,-0.060496382
0,0.669520983
0.038428376,0.662991717
0.727415609,1.361962261
0.250218532,0.69169023
0,0.077485099
0.609469165,1.770477131
0.570052807,2.204350771
0,0.243244339
0,0
0,0.045222853
0.06265055,0.741472812
1.146739948,4.854100023
0,0.032321229
11.81249749,17.56232246
0,0.682356801
1.368551237,3.938587661
0.163232554,0.728585277
0.334574334,1.542811749
0,0
0,0.140019674
0,0.072838337
2.080013021,2.889400722
0,0.202571314
1.081405537,1.873316824
-0.032678311,0.788507168
0.003388734,0.505752042
0,-0.055562163
1.246109354,2.671204233
0,0.40814848
4.439357694,9.194342574
0,0.113910531
0,0.049262367
0,0
0,-0.000406691
0.061926562,0.348024973
0.419309561,2.625724592
0,0
0,0
0,-0.103438881
0,0.030630777
0,0.386866798
0,0.236605874
0,0.12751931
0,-0.007822681
0.687502847,1.915995908
0,0.075608394
2.125679798,2.326231747
-0.003715771,0.688918881
0,0.867535574
0.056893421,0.469550343
0,0.214001814
0,0.192333991
0,0.199446687
0,0.035106731
0,0
0.034360212,0.514087964
0,0.133957073
0,-0.004378478
0,0.023720226
1.240511416,2.053568549
0,0.228102424
0,0
0,0.232924191
0.221162872,2.965913855
0,0
2.335065011,6.908490329
0.03332683,0.558471246
0,0.448720275
0,0.273715415
0,0.134772229
3.589677758,5.183724353
0.875706259,2.659206404
0,1.432986966
0,0
0,0.114033371
0,0.131261698
6.617245704,24.21701655
0,0
0,0.075171555
0,0.112273374
0,0.031881163
0,0
0,0.572408748
0,-0.007425985
-0.016808965,0.490016935
0.37858824,1.717704496
0,0.140337812
0,-0.041881228
0,0
-0.036759499,0.704129809
5.173249158,9.904827726
0,0
0,-0.121873997
0,0.040528828
0,0.273947846
0,-0.100510126
0.994907226,2.16101294
0,0.120814269
0.103610505,0.609219428
0,-0.143539107
0,-0.011315814
0,0.121885693
0,0.25
0,0.410039118
0.206981964,1.494430899
0,-0.02309392
0,0.111291294
0.138808514,0.885085851
0,0.221115806
0,0.604924649
0,0
0.226501464,1.252410832
0.116091441,0.648083175
0,0.167015859
8.392048462,8.935049374
0,0.352009411
0,0.237339973
0,-0.017756795
0.221307663,1.700511459
0,-0.142472919
0.388855573,1.175060126
0,0.409339722
0,0
0,0.004881198
0.132901728,1.352326797
2.778411396,9.360917491
0,0.044338166
0,0.001272759
1.039111557,1.206643302
-0.116608474,0.704808957
0.969719291,1.741455173
0,0.086438544
0,0.075834689
0,0.344855462
0,-0.07605709
0,0.099363635
0,0
0,0.209280222
1.295198393,2.781460889
0.901688679,2.620514157
0.205090288,1.10216416
0,-0.021878866
0,0.32487461
0,0.251265096
0,0.281899481
0.310825583,1.551097901
0,-0.068151377
0,0.521213335
0,-0.019444426
0,0.117699908
0,0.411449534
0,0
0,0.224599042
-0.017104069,-0.036343768
0,0.036301635
0,0.164028006
0,0.439601462
0,0
0,0
0,0.147010899
0,-0.042838615
0.81196346,2.94859544
1.103919804,3.534160411
0,0
2.194655458,4.52965476
0,0.057005684
0,0.347041106
-0.205524016,0.212281939
0,-0.089984951
1.207148058,3.866545818
0,0.073989574
0,0.125885334
0,0.13954222
0.325410417,0.604694825
0.275327373,3.111198212
0.643157498,2.77847654
0.765326176,1.148854109
-0.03968304,0.465342207
0.662321873,1.672451241
0,0.539086273
-0.139145157,0.301824318
0,0
0,0.000702925
-0.017401462,3.883743
0,-0.001494029
0,-0.073982218
0,0.029321439
0,0.115432937
0.012146495,0.714049757
0,0
0,0.431607262
0,0
0,0.167351724
0,0.057345959
0.949603909,3.633538845
0,0.200405834
0,0
0,0.15408353
0,0
0,0.210847342
0,0
0,0
7.061755483,8.553494399
0,0.207991849
0,-0.004353626
0,0.074721418
0.676895535,1.905070737
0,0.062258706
0,0.059730994
0.752695148,2.387944122
0,0.174209087
0.437541511,1.707487169
0.438700385,0.927610095
0,0.063723859
0.502805125,1.749066675
0,0
0,0
0,0.161390889
0,0.08434385
-0.064459242,0.540245433
0,0.07586848
0,-0.03238611
0,0.023322157
0,0.185609091
0,-0.633937524
0,0.304085973
0,0.145910195
0.103361085,0.832776779
-0.020284067,0.210497576
0,0.066076315
0,0
1.03827803,2.283134426
0,0
0,0.262007073
0,-0.133501625
0,-0.129729359
0,0.451219599
0,0.079412911
0,0
0,0.127434585
0,1.312324677
0.00595112,0.291252909
0,0.100937793
0,0.015671201
0,0.845386579
0,0.412893593
1.05149889,3.703079742
2.58118936,5.437715582
1.566229195,1.699781264
0,0.691741282
0,0.05181914
0,0.656436638
0,-0.040122317
0,0.252464199
0,-0.038465647
0,-0.048895119
0.014724419,0.145199853
0,0.122163691
0.384387184,1.024947594
0,0.117411618
0,0.311226283
0,0.157189567
0,0.110063754
-0.062312986,0.103728082
0,0
0,-0.026321514
0,0.240254734
0.031838785,-0.009261829
0,0.087307617
-0.000784777,0.775720914
0.6410104,4.271966516
0.451480932,1.319919451
0,0.515423692
0,0
0,0.156223718
0.445251714,1.78392654
0,0.393383961
-0.013078027,0.697719909
0.664062802,1.058645386
0,0.35470029
0,0.27791742
0.614631112,0.997610454
0,0.335219698
0.14351288,0.902295502
0,0.119831026
0,0.983825443
9.596281896,11.0451505
0,0.070533738
0,0
0,-0.066393119
0,0.867854682
0,0.072813833
0,0
0,0.167473808
0,0.118514628
0,0.015779746
0.014398437,0.474345396
0,0
0,0.912224818
0.931162992,4.976768748
0,0.16764316
0,0.067859562
0.425876116,1.709708269
0,1.178954643
0,-0.138309851
0,0
1.02647952,2.950593766
0,0
0.01189013,0.265739173
0.339152134,7.177640868
0,0.142254223
0,0
0,0.143277762
1.241941424,1.772924373
0.7170401,1.962777743
0.106832528,0.537163612
0,0.423967962
0,0.278423121
0,0.241004786
-0.009870642,0.815825965
1.041487916,2.631281043
0.334375385,2.164373028
1.556772953,2.592353063
0,0.16546915
0,-0.043282033
0,0.092327015
3.453283891,5.70533961
0.06223355,1.124841089
0,0.188132233
0,0
0.171659785,1.947832447
0,0
0,0.170948278
0,0
0,0.444832848
0,0.242928284
0,0.161586687
1.233837479,3.634095185
0,0.307846849
0,0.11990376
2.076367868,5.195924824
0,-0.053073503
0,0.297374536
0,0
0,0
0,0.648359309
0,0.119512775
0,0.01056184
0,0.157182276
0,0
0,-0.179102349
0,0.407149471
0,0.032822147
0,-0.019060599
-0.128967407,0.805704115
0,0.062340237
0,0
0,0
0,0.236786627
0.498688118,1.333384946
0.591162439,4.785117227
0,-0.054837783
0.328517492,0.997114759
0,0.055398554
0,0.042508441
0.101374976,1.625267296
0,0.31617434
0,0
0,1.161173726
0.012860457,1.359468745
0,0.06576377
0,1.04368877
0,0.577255652
0.938060532,3.157787549
1.560333011,6.026667876
1.749874185,6.48547979
0,0.142621331
0,0.127703139
0,0.063365392
2.59299404,7.259504956
0,0.002045878
2.571578813,3.449966104
0,0
0,0.323161753
1.543647227,3.365570639
0,0.023618558
0,0.352350186
0.158947235,1.497101604
0.536402787,2.557756888
0,0.110817382
0,0
0,-0.08655819
0,0
0,0
0,0.07095373
4.061086979,5.171542351
0,0
0,0
0.133351806,0.86498933
0,-0.021095867
0,0
0,0.424317123
0,-0.019819268
0,0.094646326
0,0.17153189
0,0.122810568
0.764630492,2.61136588
0.733258052,3.217957699
0,0.374793332
0,0.331252629
0,0
0,0.118523248
0,0
0,0.716791002
0,0
0,1.152100546
0,0
0,0
0,-0.139862844
0.464280314,0.900821421
0,0.474109332
0,0.029160102
0.075066863,1.497450009
0,0.633513481
0.142220652,1.624036428
0.725106752,2.605401384
0,0.298214997
0.459817385,0.939544671
0,0.701680752
0,0.162603051
0.070838967,0.373729002
0,3.151460078
0,0.366464055
0,0.318804654
0,0.231060007
0,0.130746802
0,0.448478924
0.186889451,0.603980731
1.65504878,2.589758956
0.193603571,0.585180662
0,-0.009979195
0,0.238895881
0,0.346493309
4.872722685,13.24319108
0.696583426,1.17355864
0,0.898469837
0,0.385357634
0,0
0.102375076,0.525126919
0,0.064303445
0,0.021016078
0.183252104,1.424793908
0,-0.044355361
0,0.167842943
0,-0.157433118
0,-0.018195103
0,0
0.00544765,0.880974446
0.006033691,0.442712029
0,0.488280594
0,0.008654971
0.356961308,3.929575362
0.463834377,0.8203511
0,0.186522771
0,0.357072002
0,0.046848591
0.661161584,2.328953831
0,0.274206434
0,-0.137744832
0.119007024,1.996097523
0,0.404785339
0,0.24882671
-0.005185896,0.13559496
0,0.403833902
0,0.613777885
0,0.364414944
1.963867485,6.704286302
0,0.200398434
0,0
0,0.505263054
0,0.144542268
0.719118058,1.762878572
0,-0.194750391
0.347809784,1.513406113
0,0.10095753
0,0.181074541
0.071902053,0.630019623
-0.022181912,0.343930209
0,0.223191243
0,0.069730101
0,0
0,0.103504672
0.278021759,0.695807172
6.874465808,9.502948122
0.869494819,2.253420327
0,0
3.149239538,10.34041571
0,0
0,0.093351968
0,0.472871477
1.45685359,2.923041121
0,0.157396528
0,0.5699042
0.84657108,2.280228266
0,2.129188882
0,0.066720878
0,0
0,-0.045109207
0.645040419,1.426470279
0.807789454,4.333288397
0,0.129895089
0.452282748,2.31979063
0,0.098021655
-0.062649854,0.024084254
0,-0.026204372
0,0
0,0
0,0.044818232
1.557918133,2.335889612
1.531107922,2.36606214
0,0
0,0.268821614
0,0.077244015
0,0
1.919823507,7.081953522
0,0.244404308
0,0.17974144
0.298432217,0.646473419
-0.048340013,-0.097211154
0,0
0.078766571,0.511490557
0.166421702,1.427847145
0.093936019,1.271527493
0,0
0,0.017677057
0.477758969,1.071692798
0,0.134131718
0.315178872,1.683947577
0,-0.170788312
0,-0.116479633
0,0
0.227847721,1.530073629
0,-0.064298188
0,0.413264816
0,0.437969942
0.266614411,1.144806273
0.354270884,1.517831827
0.432849197,0.804570981
1.980652052,6.99581416
0,0.252880014
0,0
0,0
0,0.298034875
0,0.050340846
0,0.259461345
0.023545498,0.333175128
0,0.106881816
0.137915267,0.919550045
0.182993382,0.814011025
0,0.124669582
0,0.474205347
0,0.117234281
0,0.5680802
0,0.331961173
0,0.489154775
0,0.231320732
4.972237225,7.507458
3.061558524,4.437456257
0,0.067827101
0,0.024082213
2.043718699,4.059246861
0,0.116648969
0.167640705,4.450189983
0.50495336,0.840691877
0,-0.18392621
0,0.139645574
1.341577229,2.138640842
0,0.159294519
0,0.306471192
0,-0.00362983
0,0
4.931341522,7.525186188
0,0.100976803
0,0.243131471
0.075906958,0.430257867
0.328800214,2.035331775
0,0
-0.022478109,0.568782896
0.301478073,1.276677808
0.735395002,2.84962278
0,0.009942193
0,0.153749717
0,0.162226202
0,0.051694099
0,0.416248368
1.639821225,3.466957659
0,0.219937796
0,0.15660755
0,0
-0.14845381,3.270307031
0.190752002,1.442955441
0,0
0,0.399523849
1.273588612,3.304959417
0.134876333,0.830231557
0,0
0.550219884,2.119364105
4.161227472,5.10488083
2.55972806,5.059871006
0,0.187215955
0,-0.075508933
0.207921601,1.496879294
0,0.345884171
0,-0.035401692
0.056012448,0.567631232
0.049233298,0.571303302
1.064257497,1.984389899
0,0.269286616
7.203229818,10.99209295
0,0.133937779
0,0
-0.132609523,0.099171937
0.867381791,3.34297046
0.7986959,1.302879793
0,0.320290092
0,0.164614573
0,0.316239773
-0.048515979,0.488499899
0,0.084769573
0,0
0,0
0,0.04610871
0.414083041,2.837723811
0,0.098484584
0,0
0,1.772730892
0,0.301440476
0.949038395,1.804513334
0,0
0,0.120670389
0,1.369419996
0,0.075698428
0,0.255938175
0,0
0.550361139,1.809847109
0,0.198395134
0,0.20165401
0.170179494,2.170766185
0,0.464209142
2.135072288,3.863067382
0,0.436951442
0,0
0,0.191992087
0,0.213062176
0,0.073596573
0,0
0,0.789237021
0,0.018117261
-0.003856661,0.320079604
0.909413837,1.348726261
0,0
0,0.182090986
0,0.072242721
0.329901904,0.987906994
0,-0.050374463
0.184832058,0.917389154
0,0.731519697
0.201720391,1.236809943
0,-0.008286883
0.582210767,2.25424809
0.041524552,0.339169052
0,-0.051600365
0,0.509105303
0,-0.003954567
0,0
0,0.146916501
0.90861486,1.120533773
2.633069536,4.675220479
0,-0.235430933
0,-0.04042168
0,0.057844386
0,0
0,0.052174716
0,0.172117457
0.020557306,1.028852055
0,0.002497024
0.004162058,0.148464012
0,0
0,1.00236862
0,0
0,0.333013975
0,0.050641943
0,0
6.014289456,8.947647003
0.176868112,1.723607569
0,0.168772409
0,0.049378847
0,-0.047236125
0,0.153481399
0,0.476950603
0.003908615,1.114213541
0,0.239195813
0.345925142,0.786218072
0.031333292,0.401943207
0,0
0.072695413,2.232911198
0,-0.029802634
0,0.099646962
0,0.143607905
0,0.246966077
0,-0.015327768
0,0.202480659
0,0
0,0.154150975
0,-0.055335378
0,0.307551764
0,0
0,0
0.362240336,1.196777255
0,0.352060061
0,0.217811091
0,0
0.084820851,1.504756988
0.054804899,0.421707683
0,0.697227604
0,0
0,-0.053789767
0,0.207587738
0,-0.027907513
0,0.088410345
0.345841598,1.375638801
0.429911148,1.510492333
2.447088753,5.633134436
0,0
0.411290798,1.035778669
0.396929145,1.253741629
-0.308762291,0.406726659
0,0.227029384
0,0.212206621
-0.086546103,1.106060123
0,0.070559296
0,0.234695141
0,0.072418667
0,0.492358756
-0.098133994,0.441306322
0,0.086189576
0,0.117699085
0.08582247,1.493408519
0,0.057413536
0,-0.076131898
0,0.081019768
0,0.410289078
0.592393452,1.323531563
0,0.14254327
0.357247503,2.623541372
11.70660109,19.19112352
-0.067001767,1.546081082
0,0.288352858
-0.072329238,1.031071736
0,0
0.139314044,2.000284434
0,0.518304893
0,0.178060954
0,0
0,0.064188342
0,-0.002746391
0,0.221862158
0,0.070998193
0,0.140907527
0,0.145907043
0.11886391,1.769588449
0,0.063295295
0,-0.165023374
0,0.213375492
0,0.034771853
0,-0.018407339
0,0
0.521640661,3.148538339
0,0.02832744
0,0.384917107
0,0.104252162
0,-0.062652839
3.297832806,9.794734087
0,-0.080879849
1.143624518,1.440526589
-0.009771885,0.472626857
0.549095184,1.216957451
0.027319354,0.574952844
0.129909335,0.785600995
3.981446918,4.620054931
0,0
0,0.26795339
0.199735654,0.712904457
0,0.387655157
0,0.114457306
0,0
5.611957945,10.49549771
0.759667071,2.185760741
0,-0.281070593
0,0.182735216
0,0
0.059665585,0.420461094
0,-0.035820594
2.245101146,3.159730362
0,0.002398677
0,0.073049555
0.513930125,1.896113616
0,0.453148035
0,0.103946802
0,0
0,0.224279167
0,0.712414504
0.138774945,1.272309618
0,0.164160943
0,0
0,0.119147076
0.425070706,1.743542657
0,0.088867947
0.484261175,0.970788362
0,0
0,0.47240697
0,0.034206801
0.591317546,1.164447404
0.847546295,3.088674595
0.059087338,0.591459991
1.995032211,4.745403664
0,0.157160603
-0.004892611,0.404633636
0.154243802,1.38517093
0,-0.065640025
1.261426299,2.558075495
0,0.294534056
0,0.443643268
0,0
0,0
0,0
0,0.078446203
0,0.372931221
-0.734079773,1.30599448
0.280029912,1.460787757
0.344724717,4.156803769
0,0.00168577
0,0.316759219
0,0
0,0.439679084
0,0
0.236048643,0.928003973
0,0.305961657
0.784107266,2.331691318
0.508894485,1.386923792
0.52275538,3.43696603
0,0.284689249
0.045965119,0.590460913
0,0.173556837
0,0.340700483
0.508007756,1.328401128
0,0
0,1.007467863
-0.077418329,0.310985974
0,-0.161335386
0,0
-0.027716291,0.352105032
0,-0.001514915
0.272056922,1.570972629
0,0.098208494
0,0
0,0.25282921
-0.056138287,0.684692606
0,-0.208658897
0,0
1.409906235,4.292560634
0,0.379707133
0.811334537,2.396697879
0.408690087,1.64984825
0,0.451307298
0,0
0,0.084165666
0,-0.042459754
0.156299423,0.743445579
0,0
0,0.176274802
0,0.192485302
-0.004931297,0.328568352
0.23382533,1.382567231
0,0
0,0.130101353
0,0
0,0.01703188
0.523888368,2.680901585
2.499812392,12.27689232
0,0.077594299
0,0.353082972
0,0.066963104
0.779380954,2.054321822
0,0.074903207
2.569179841,3.527701288
0.747209498,1.513308915
0.290707727,1.344819991
0,0.497526884
0,0.116219301
0,0.051267857
1.745918265,2.752156037
0.045222335,0.561881752
0,0.469756499
0,0
0,0
0,-0.059943201
0,0.286541328
0,0.378097095
0.929030545,2.678002442
0,0.174957386
0,0.255389249
0,0
0,0.057613538
0,0.218199333
0,1.049106716
1.66697725,7.570152149
0,0.13741067
2.737184757,4.680874451
0,0.057294195
0,0
0,0.15792085
0.08858759,0.627061402
0,0.084427394
0,0.082006108
0,-0.114082528
0,0.19494249
0,0.184938677
-0.136766194,0.926439201
0.057661249,0.57086362
0,0.112138698
0,0
0,0
0,0
0,0.268590021
0.810684842,2.434245901
0.373371131,0.958544827
0.445537312,1.813728497
0,0.212814195
0,0
0.04759924,1.642091283
0.413368812,2.505402423
0,-0.071463943
0,0
0,-0.014540051
0.671889078,2.115454923
0,0.627314659
1.279287322,2.324500674
0.754669669,1.259981309
0,0.330201242
0,-0.105943565
0,0
0,0.036903788
1.165628463,3.379266469
-0.16171022,1.117879588
0,0
0,0
-0.010966568,0.333231356
0,0.177970804
0.273981313,0.864940868
0,0
0,-0.036898412
0,0.335451792
1.552210822,5.079984045
0,0
0,0.088741943
0,-0.080356809
0,0.571734861
17.11609535,25.93018522
0.055237312,0.973719575
0.633896407,1.798357587
2.028187307,3.615203005
0,0.236715341
0,-0.068029312
0.571105122,1.572088921
0.149129377,1.218149109
0.137864138,0.654741289
0.102577225,0.922612655
0.01880559,0.268027154
0,-0.013758148
0,0.539342453
0,0.109672417
0.370442511,1.093003322
0,0
0.598295494,1.33936155
0,0.226129671
0.013662022,0.228352467
3.935659871,8.44955382
0,-0.036845445
0,0.15321056
0,0.300285569
0,-0.022507194
0,1.006966873
0,0.377481161
0.042527569,0.553398221
0,0.204535492
0.100843078,0.906496819
0.322976689,1.365330428
0,0.262226924
0.287844173,0.670369783
0,0.164512989
0,0.240272449
0,0
0,0
0,0.130991295
0,0
0,-0.010012148
0,0.42375635
0.24026023,1.693904302
0,0.050894928
0.277601094,2.278021797
0,-0.062646691
0,0
0,0.024012955
0,-0.010652657
0,0.097257946
0,0.028657807
0,0.382442638
0.152945507,0.457834994
0.054538743,1.257144012
-0.178978874,0.592141744
0,0.234658243
0,0.018561756
2.969598336,12.39069245
1.016874546,2.573191084
0.589817722,0.966393897
0.100303728,0.528778987
0,0.142403466
0,0
0,0.147295636
0,0
0,0.204066932
0,0.287367617
0.166190949,1.442566043
0,0.444751367
1.388598139,2.874466857
-0.051742774,0.517979829
0.167361847,0.670909424
0,0.57824461
-0.76531518,3.132680889
2.454921192,5.044255512
12.16703902,23.08578596
-0.020402592,0.579027794
0,0.411300013
0,0.11256527
0,0
0.205670793,2.053204056
0,0
0.25802953,2.826853724
1.991767704,3.565566198
0,0.499641047
0,0.000753088
0,-0.087259924
0,0.471504446
0,0.077918635
0,0.154345027
0.107347804,0.527873632
0,-0.035949536
0,0.048840472
0.175805132,1.197190692
0,0.179987096
0,0
0,0.390292876
0,0.075171994
0,0
0,0
1.412491211,2.720432346
0,0
0.309730331,1.7315128
1.71395861,1.844176289
2.106959708,2.844114888
0,0
0,0.043563451
0,0
0,0.045233526
0.081173937,4.216017114
0,0
0.388262752,2.075317801
0,0.146430939
0.403882507,1.076619101
0,0
0.36589373,1.443366266
0,1.874126566
1.390592928,2.650451095
0,0.471544553
0.226406864,0.700369581
0,0.815735115
0,0.055337348
0.330514385,1.411476729
0,0.402664703
0.059595337,1.159181119
0,0.268120949
-0.04858489,0.856248656
0,0.242633736
0.688817221,1.751418147
0,0.082384743
0,0.05583315
-0.871283716,2.260388123
-0.121179047,0.458274628
-0.019594318,0.161456971
0.31583174,2.377925543
0.573875953,2.61048726
0,0.221865538
0,0.616687139
-0.027859016,0.377408147
1.940195424,4.405202532
0,0.251719529
0,0.537566692
2.707060401,3.210710117
0,0.441439617
0.034078625,0.332684319
0.194067233,0.549178481
0.67827835,1.98833157
0.216567277,0.966035436
0,0
