p5n,w5n
1.457573876668778,2.485261302049886
0.0,0.0
0.0,0.0
0.0,0.0
-0.03299213196630872,2.276807236124024
0.0,1.343420225278272
0.0,0.43415404877413505
0.0,0.0
0.0,0.0
0.0,2.8011771751554297
0.0,0.45450597915838936
0.0,1.6123509894891277
0.0,0.9737820616472345
0.0,0.0
0.0,0.08781645351142288
0.0,0.47228110511579724
0.0,0.0
0.0,0.0
0.0,0.0
0.0,5.749352447279072
0.0,0.5
0.0,0.5836570554719417
0.0,1.0159403934391336
0.0,1.0980602229074619
0.0,0.5
0.0,0.0
0.1732043015513468,3.630554485486236
0.0,0.0
0.0,0.0
0.0,0.0
0.0,0.23830857786123544
0.0,2.6891543880814304
0.0,0.0
0.0,0.5
1.5481000198401422,3.952687554042085
3.547642828844441,12.481421508219025
0.0,0.4413904918880288
0.0,0.4413904918880288
0.0,0.0
0.2873184109854659,3.574918379184907
0.0,0.0
0.0,0.5997197482045571
0.6365597440146546,2.029834473503031
0.0,0.16874685663797037
0.0,0.4197173078878911
0.0,0.0
0.0,0.0
0.0,0.0
0.0,0.36611872269897805
1.3105740692541703,1.6552870346270852
0.0,0.6910684427529723
0.0,0.0
1.5045059033241095,3.1136529609994694
2.0907862384063556,6.725650089170666
1.255097446387358,9.983176462341763
1.7331224401586227,5.753541838233839
-0.02077553204897999,0.9663756689683944
0.0,0.0
0.0,0.13233904835146545
0.0,0.0
1.0,1.7972230529252173
0.0,0.0
0.0,0.7065373928271079
0.0,0.0
0.0,0.0
0.6972674454728212,2.296660600527572
0.0,0.0
1.783463868734391,9.215793530199665
0.0,0.3333333333333333
0.0,0.41589654389029035
1.697374774456615,1.8820207205616408
0.9129300460658734,2.7819273718213853
0.0,0.49985865461001594
0.0,0.5
0.0,0.0
0.0,0.0
0.0,0.0
0.0,0.6803652701322166
0.0,2.92921814335149
0.0,0.0
0.0,0.0
6.682436212285762,17.33827829949312
0.9866666666666667,3.5120405412002498
0.0,0.0
3.1001399015923687,7.336880104075483
0.0,0.2903583606405558
0.0,0.4988545624859267
0.0,0.9619219387575615
0.0,2.1003474514422895
0.0,0.0
0.0,0.0
0.0,0.0
0.0,0.0
0.0,0.0
0.0,0.7034809854824623
0.0,0.0
0.0,0.4578241751255292
0.0,0.29536773243861764
0.0,0.718109028094051
0.0,0.38097473857807734
0.0,0.5
0.0,0.8529595562738471
0.0,0.0
0.0,0.4778845162630926
0.0,0.4384298165904045
0.0,0.4384298165904045
0.0,0.0
0.0,0.4575496454021038
0.8044181888021443,1.8044181888021442
0.0,0.0
0.0,0.0
0.0,0.0
0.0,1.1909698513020657
0.0,0.0
0.0,0.0
0.0,0.46319647964206956
0.0,0.9263929592841391
0.0,0.8674710863815402
0.0,0.7590633028499516
0.0,0.0
0.0,0.0
0.0,0.4131843486801211
0.0,0.3626058514284638
0.0,0.0
0.0,0.0
1.1358345793878262,2.847779439183768
0.0,0.0
0.0,1.3788955542990493
0.0,0.88229731536703
2.382331291345346,2.6911656456726734
1.6996657013333518,2.7440097236758616
2.1387305998920096,2.9704596016790936
0.0,0.4407207602102723
0.0,0.0
0.0,0.33449051167045657
0.0,0.0
3.0784150767774365,28.638727823364768
1.3843681302256268,2.9546366744490475
0.0,0.0
0.0,0.0
0.0,1.5
0.0,0.5
1.0869717960463574,2.755241212837415
0.7774066806260468,2.303812637908107
0.0,0.0
0.0,0.2727977157007701
0.0,0.5
0.0,0.0
0.0,0.12339981130014577
0.0,1.5179256682487463
0.0,0.0
3.633019660089992,10.237478317655789
0.3,1.0467135176521802
0.0,0.0
0.0,0.0
0.802789808514279,3.0238702129479025
2.2338455233894603,7.662992041551034
0.0,0.8498542161940648
0.0,0.1912455694762625
0.9547094026203349,5.34992351060371
0.18770946706821726,5.202428113024535
0.6957916799308379,2.335379180670822
0.13333333333333333,0.9881639506503026
0.45632227688389265,2.021006470347256
1.5724582449727253,3.1076501758438413
0.0,0.966428121188209
1.4913291443409085,2.3817875934359636
0.0,0.3656824000909432
0.0,0.7440081879512392
0.0,0.0
0.5565951032522798,3.2070474678404643
0.22195781872003364,2.0826515237698584
0.0,0.0
1.5982082247421499,4.517268910068214
0.0,0.4550646837400187
0.0,0.0
0.0,0.934380358555526
5.610847772542242,9.934212957349066
3.1968222362158434,5.221659376564556
0.0,0.47662486395904224
0.0,0.0
0.0,0.0
0.0,0.5
0.0,0.5
2.45192437942249,3.195329894078136
0.0,0.0
2.5061253011327658,3.88432272031253
0.8793111510196047,1.8083613029424825
0.585474492382881,2.1349413154143453
0.0,0.0
0.3125260556635808,2.1080170371790174
0.0,0.0
0.0,0.0
0.0,0.6243038851053015
0.0,0.4492525145962297
0.0,0.0
0.0,0.34593344381862196
0.0,1.7507342425988583
0.8751761166342122,1.8866165240659796
1.6651699387744834,2.3018958689020574
0.0,0.0
0.0,0.421336589897335
0.697658736357547,2.5309829537239685
0.0,0.0
0.0,0.0
0.0,0.0
0.0,0.9346782081320975
0.0,0.0
0.0,0.0
0.9346782081320975,1.9326810674301207
0.0,0.0
3.4484870264220446,8.60285119384179
0.0,0.9307084296373332
0.5521688212339496,3.9889714282122406
0.0,0.0
0.0,0.0
0.0,0.0
0.0,0.0
1.7451734780277897,3.936358776200348
0.0,0.9783568554796526
0.0,0.0
0.0,0.17565510138552415
0.0,0.0
0.0,0.0
0.0,0.39020976357565607
0.0,0.397424615578962
0.0,0.5
0.0,0.0
1.6499185342353286,5.505474367850525
0.0,1.0
0.8242774543318221,4.451795250128297
0.0,0.3814830556787424
0.0,0.7629661113574848
0.0,0.4125330787548952
1.4313590303026635,3.771824384100441
1.1400715263429901,3.878522953507461
0.0,0.47371267177139026
0.0,0.0
1.6383910384170122,11.514976877616341
0.0,0.23020710824055368
0.0,0.0
0.0,0.3061848177068448
0.0,0.0
0.0,3.2074954368638884
0.44411780470021,2.337291189030179
0.0,0.0
0.4596880406894634,2.439109695327846
0.37145945682045667,1.3769571634639446
0.0,0.8545028760705268
0.23932897351008076,3.7722706302456857
0.0,0.4948290787293065
0.0,0.0
2.7150585033991828,16.644409973107614
0.0,0.43024936845877376
0.0,0.0
1.8442362948184006,5.669085820759112
0.0,0.0
0.0,0.38998241604577055
0.0,0.34253015264044373
0.0,0.7720259865915191
0.0,0.4138039427815552
0.5617317714189758,2.8909311670138833
1.1880301660165853,1.4940150830082926
0.9888278090225743,2.753730040389751
0.20630725668305,3.9584151488184127
0.0,0.0
0.7270241620083224,1.6429807150702462
0.4894114907339661,2.2042064560599117
0.0,0.3337302239377329
0.0,0.9233091635911025
0.0,0.3732329775984373
0.0,0.7747842983048994
0.0,0.28691507753476697
0.0,0.0
0.0,0.0
0.0,0.5
0.0,0.5
0.0,0.5
0.0,0.45126848038860484
8.637327125035288,17.816918081970098
2.4872784175494083,9.999954042283607
0.0,0.0
0.10899273120997713,2.791466663240235
0.0,0.34738549534259966
0.0,0.4477508551233408
0.0,0.0
0.0,1.2046341461370131
0.0,1.4547424848700303
0.0,0.0
0.0,0.0
0.0,0.0
0.0,0.0
3.3353993341575103,5.81813897006458
0.0,0.0
0.0,0.2985906585300454
0.3154691869355452,2.338597183348754
0.0,0.11385346019279545
0.0,0.0
0.03583243199354112,4.513822723331264
0.0,0.0
0.0,0.0
0.0,0.0
0.0,0.0
0.0,0.39020976357565607
0.0,0.0
0.16759150666472147,3.8077704540829105
0.0,0.5
1.2175193114937708,3.9689649703677117
0.0,0.5154645805856738
0.0,0.0
0.0,0.0
0.0,0.1506662863838838
0.0,0.833687330625207
0.0,0.43256096857854615
0.0,0.0
0.0,0.4909825388552642
0.0,0.9011263620466607
7.093386812831075,15.121743485053148
0.0,0.0
0.0,0.0
0.0,0.0
0.0,0.6203059082818864
0.0,0.0
0.0,0.0
0.0,0.6890640665334086
1.648453255693445,4.409559619562565
0.0,0.4385099282607815
1.64561297912578,12.178004552785387
0.609808520920819,2.679442065045612
0.0,0.0
0.0,0.0
0.0,0.43145111047516876
0.0,0.5118350407256415
0.0,0.9404216165809254
0.0,0.5
0.0,1.0
0.0,0.0
0.0,0.0
0.0,0.0
0.6666666666666665,2.333333333333333
2.0,2.0
2.84746660790969,4.829279819267989
0.786819316601903,2.493042045755292
0.0,1.2695491812701027
3.515575738451723,9.431927377580594
0.0,0.5949386981826218
3.3258921810210595,7.116053034863837
0.0,0.0
0.0,0.0
0.0,0.3430453421766052
0.0,0.9371863546725396
0.0,0.0
1.7203364025123324,4.532216731635745
0.0,0.22700828507058218
0.0,0.0
0.0,0.0
0.0,0.2611881297957061
0.0,0.31933525443887634
0.0,0.4299112876877945
0.0,-0.08690943254797143
0.0,0.05808658609135432
0.0,0.0
0.0,0.0
0.0,0.42474859160262557
0.0,0.06854906942410063
0.0,0.0
0.0,0.4746934909131091
0.0,0.0
0.0,1.0
0.0,0.3801871320771305
0.0,0.684172205879792
0.0,0.0
0.0,0.0
0.0,0.0
0.6820701098837112,4.300387284168669
0.0,0.0
0.36510355412027684,2.2154531253253977
0.0,1.3438654265353986
0.0,0.7994588899802091
0.0,0.0
8.110312297877641,16.058593810130656
0.0,0.0
0.0,0.0
0.0,0.0
11.484806753894503,22.15072961444079
0.0,0.27409301345368814
0.0,0.0
0.0,0.0
1.4553311249518028,3.0412555893682827
0.0,1.5894110085315112
0.0,0.0
0.0,0.0
4.491458582774836,19.83777728863258
0.0,0.0
0.0,0.0
0.0,0.0
0.0,0.0
0.0,0.0
0.0,0.0
0.0,0.0
5.042685749564838,21.251247120590268
0.0,0.0
0.0,0.0
0.0,0.0
0.0,0.0
0.0,0.0
0.0,0.0
0.0,0.0
0.0,0.0
0.0,0.0
0.0,0.0
0.0,0.0
0.0,0.0
0.0,0.0
0.0,0.0
0.0,0.0
0.0,0.0
0.0,0.0
4.077067191743691,14.222983364248552
0.0,0.4980974185211915
0.0,0.0
0.6974701074534329,3.004886203722203
0.9245498424601933,1.8801054404737656
0.0,0.0
0.0,0.0
0.0,0.0
1.3734492719855118,3.3538821121660845
0.18892974668022858,2.373091838663748
0.5948751031943936,1.3785338964405052
0.0,0.0
0.0,0.0
0.0,0.0
0.0,0.0
0.0,0.0
0.0,0.0
0.0,0.0
0.0,0.0
0.0,0.0
0.0,0.0
0.0,0.0
0.0,0.0
0.0,0.0
0.0,0.0
0.0,0.0
0.0,0.0
0.0,0.6666666666666667
0.0,0.0
0.0,0.46476408518785817
0.0,0.5
1.709081623803958,2.2908567218971347
0.0,0.1873540134604985
0.0,0.09367700673024924
0.0,0.0
0.0,0.0
0.0,0.0
0.0,0.0
0.0,0.27718178799185766
0.0,0.0
0.0,0.0
0.0,0.0
0.0,0.0
2.243760009760129,2.976139629424194
0.0,0.46826063498425385
0.0,0.0
1.8696870535514598,1.9348435267757296
1.9348435267757296,1.9674217633878648
1.9348435267757296,1.9674217633878648
6.011310317163777,25.964718247417256
0.0,0.0
0.0,0.0
0.0,0.0
0.0,0.0
0.0,0.0
6.417389072875134,14.641456408886967
0.0,0.4844566422303183
0.0,0.0
0.0,0.0
0.0,0.0
0.0,0.0
0.0,0.43962993404281825
0.0,0.24617348411952622
0.0,1.0084072280592298
0.0,0.0
0.599265307678014,1.8366237153032237
0.0,0.0
0.0,0.0
0.0,0.4655204104517771
1.6149304920091783,1.8074652460045892
0.0,0.0
0.0,0.34577219944949666
0.0,2.258171741033885
9.373304805349534,18.199101779082497
0.0,0.30325615790485166
0.0,0.4850003995757051
0.0,0.0
0.0,0.0551923293324864
0.0,0.01352948402739497
0.0,0.36611872269897805
0.0,0.1119047525777308
0.0,0.0
0.0,0.0
0.0,0.0
2.0,2.0
2.6121883424010806,4.080299261971996
2.0,2.0
0.0,0.7826350390379323
0.5600451320974896,1.276088060553608
0.0,0.0
0.0,0.0
0.0,0.0
0.0,0.0
0.0,-0.006122372539940378
1.6005086578767282,2.668141551721347
0.0,0.0
0.0,0.0
0.0,0.0
0.0,1.1105807007619712
0.0,0.0
0.0,0.0
0.0,1.2665597882875734
0.0,1.2068198120770015
0.0,0.0
0.0,0.0
0.0,1.0576212055612844
0.0,0.0
0.0,0.2616098457047916
0.0,0.0
0.0,-0.12218534281160799
0.0,0.4921909747374439
1.3951564791940323,3.13321649226461
0.0,0.0
0.0,0.5548355162951673
0.0,0.5
0.3854951212395582,5.929530422125723
0.0,0.0
0.0,0.0
0.0,1.9459546040924767
0.0,0.0
2.0,3.7233205130826357
0.0,0.5
0.0,0.0
0.2439738428158348,1.657232858958043
0.0,0.0
4.870967072156294,15.836362001511219
3.7027853467990313,10.951622321289346
0.0,1.196808384259785
0.0,1.3335447771409341
0.0,0.8125385710653307
0.0,0.7607804420387098
0.0,1.308493082127935
0.0,0.0
1.9269021357646352,3.114349977274069
0.0,3.7030037024489473
0.0,0.5
0.0,0.24058779419137485
0.0,0.5
0.0,0.0
1.078481072063406,2.2843882747617754
0.6233992009555985,5.712458074136688
0.0,0.0
0.0,0.8211372540950526
0.0,0.0
0.0,0.0
0.0,0.0
0.0,0.24058779419137483
0.0,0.44371289071683473
0.0,0.84613083726606
0.0,0.5550579355102137
0.0,0.0
0.0,1.2423526211681608
0.0,0.0
0.0,0.0
0.0,1.5
0.0,0.0
0.0,0.0
0.0,1.3953445474624295
0.0,0.0
0.0,0.3793176085538568
0.0,0.0
0.0,1.1967901100020437
0.0,0.8233200775993501
0.5873838744018329,3.2259766032678483
0.0,0.0
0.0,0.42721681673245404
0.0,0.41078651525419707
0.0,0.41078651525419707
0.0,0.3986407439362355
0.0,0.42581979201126535
0.0,0.0
0.0,0.5
0.0,0.0
0.0,0.5408458508601268
0.0,0.0
0.0,0.0
0.8647940797790523,1.8218884489813327
0.0,0.0
0.0,1.1208594602596222
0.0,0.0
0.0,0.0
0.0,0.0
0.8562633296968112,9.011505204854188
0.0,0.0
0.0,0.9148365084338339
0.0,0.5
0.0,0.2202677834060528
0.0,1.0
0.0,0.4332122895512812
0.0,1.3972230529252172
0.0,0.0
0.0,0.23488528979218481
0.0,0.0
0.0,0.27623677510444133
0.0,4.155182534874952
0.0,0.3195745853576806
0.0,0.21144844990870942
0.0,0.07524357587601532
0.0,0.0
0.0,0.28574744972292476
0.0,0.1477725296692565
0.0,0.16666666666666666
0.0,0.9153221049931883
1.6576632766635246,3.551665356881095
0.0,0.4448786398680598
0.0,0.0
0.0,0.47588789865983394
0.0,0.38694558770119614
0.0,0.6748044978150908
0.0,0.0
0.0,0.0
0.0,0.0
0.8298506449850056,1.4149253224925027
0.0,0.0
0.0,2.4758188581517167
0.0,0.39687256561712747
0.0,0.4778398260935563
0.0,0.0
2.9621819738713744,13.611436102428092
0.0,0.49908561590567385
0.0,2.0793683402153724
0.0,0.0
0.838183874754634,3.7031109717250184
0.0,1.4246185859090295
0.655921670982073,2.8230063447352225
0.0,0.8784423851814281
0.0,0.0
0.0,0.4976055893997932
0.0,0.3718166612390944
0.0,0.03219345182251261
0.0,0.0
0.0,0.8088177658887241
0.0,0.5
0.0,0.0
0.0,0.5
0.0,0.4069301595577574
0.0,-0.016433615405461954
0.0,0.4467076651840876
0.0,0.3770664577842129
0.0,0.0
0.0,0.8434202252782722
0.0,0.9704670298791667
0.0,0.33752198113288956
0.0,0.27359763983898305
0.0,0.0
0.0,0.21700454959835333
1.067512799810859,7.712246034285333
0.0,0.34577219944949666
0.0,0.0
0.0,0.0
0.0,0.0
0.0,0.0
0.0,0.7287676860725572
1.838685931039782,5.040010079101501
0.0,1.0141790406811348
0.0,1.6463942917720051
0.21069128869132364,6.613784709537164
0.0,0.0
0.0,0.47112363568887183
0.0,-0.31006230002417895
0.3160180929648605,2.2832339303325995
0.0,0.6357301855670381
0.0,0.0
0.0,0.16285104035572265
0.0,0.5
0.0,0.5
0.0,1.5
0.0,0.0
2.165657804229479,8.30857869042321
0.7008956598334976,1.6587198349590266
0.0,0.16666666666666666
0.0,0.0
0.0,0.0
0.0,1.161144849692088
0.0,0.20794226960921908
0.0,0.0
0.0,0.0
0.0,0.0
0.0,0.0
0.0,0.8454608146821807
0.0,0.2695491812701028
0.0,0.0
0.0,0.0
0.0,2.020567971744319
0.8730272200602835,2.703235268263326
0.0,0.31299207210521285
0.0,0.8449294167724377
0.0,0.0
0.0,0.11176376066438906
0.25455410712236193,7.064784537865753
0.0,0.34580436785924434
0.0,0.5
0.3391087016828115,2.2007613751384034
0.0,0.9578241751255293
0.0,0.27122414937588063
2.50942108387727,3.282329289397441
0.0,0.4743247882822651
0.0,0.388620457991523
0.0,0.39465747595812894
0.0,0.46757837263074364
0.0,0.46807548794047377
0.0,0.4776148970735148
0.0,0.0
0.0,0.0
3.4879815794148272,14.093720725437189
0.0,1.6980087728953457
0.0,1.3430925935020535
0.0,0.0
0.0,0.2327855699120444
0.0,0.3120843197488479
1.0929308324769136,4.407545964950878
0.0,0.3044427036135128
0.0,1.058816057345787
0.0,0.2856082854032397
7.170453831539433,13.955371614584402
0.0,1.1823050292274149
0.0,0.0
0.0,0.0
1.5873784873918502,1.793689243695925
0.0,1.316357023998917
5.378850362078601,13.553550717770657
0.0,0.0
0.0,0.0
0.0,0.4656043952583529
0.0,0.9604456634638512
0.0,0.5
0.0,1.8459529638117083
0.44333333333333336,3.047892570396705
0.0,0.0
0.0,0.0
0.0,0.04270729300500459
0.0,0.6668808314531987
0.0,1.4767383794079172
0.0,0.5
0.0,0.3807227204494364
0.0,1.5260393179396696
0.0,0.8755844448705214
0.6253977747716768,3.9464683507124336
0.0,0.40367260690828033
0.0,1.8069818203794388
0.0,0.12976333148773095
0.0,2.904935643416059
0.0,0.4013053700981291
0.0,0.36733389739255295
0.0,0.0
0.0,0.0
0.0,0.0
0.4678057941427879,1.9399278421914565
0.0,0.15208830198616782
0.0,0.0
31.640864676358746,48.98125039359483
0.0,0.0
1.76528543397718,2.283321526435602
0.0,0.5
0.0,0.0
0.0,0.0
0.0,1.1673104853319771
0.0,0.23153722974583513
0.0,0.09923616781684294
0.0,0.12268456135580892
0.0,0.3497683191632508
0.0,0.7209539822930648
0.0,1.6822267786961944
0.0,0.5
0.0,0.5821508899658048
0.0,0.0
0.0,0.0
0.0,1.3303075486249334
0.047837941457314195,0.4768471577052759
0.0,0.4395974227947084
0.0,1.101647640449204
0.0,0.3025708383605391
0.0,0.5
0.0,0.32061943825921013
0.0,0.16666666666666666
3.306136638335091,7.885315463917735
0.0,0.499147359680571
0.0,0.4319539802870289
0.0,0.3025708383605391
0.0,0.3401513983179397
0.0,0.5
0.0,0.9836980989931664
0.0,0.0
0.0,0.4074136071202689
0.0,0.2999280099303068
0.0,0.30211787431625486
0.0,0.2782820053103728
0.0,0.4398105949351012
0.8486316363524935,4.875523843288363
0.0,0.0
0.3465857039456708,1.2390492877904802
0.0,0.4117984184337993
0.0,0.421336589897335
0.0,0.357246743715014
0.0,0.0
0.8106923310410619,1.7320289209383968
0.0,0.25548756241084425
0.0,0.0
0.0,0.4372014468410523
0.0,0.3773676055625793
0.0,0.4011949726751277
0.0,0.0
0.0,0.0
0.0,1.1186256810982138
0.0,0.0
0.0,0.0
0.0,0.0
3.386120833271948,12.193765634686883
1.221578158102142,1.6107890790510713
0.0,-0.006697539740621589
0.0,0.3088037026063299
0.0,0.24776515863170184
0.0,0.0
0.0,0.0
0.0,0.8690089513167865
1.10776163008663,7.282273468580027
0.0,0.0
0.0,0.31359047439768395
0.0,0.0
0.0,0.4673391040660487
0.0,0.0
0.0,1.6277301867782334
0.0,0.2127129334405074
0.0,0.5
0.2678880227803927,2.890025054589562
1.6720485744209124,1.8360242872104564
0.0,0.0
0.0,0.9317439627282587
0.0,0.0
0.0,1.266424723469634
0.0,0.0
2.598853596657267,4.341099418116088
0.0,0.6416662622120131
0.0,0.34342022527827215
0.0,0.4476975311673511
0.0,0.7712241493758806
0.0,0.4924950345813325
0.0,0.4075005112682348
0.0,0.0
1.3930450972678812,5.1669889573002425
0.0,0.0
0.0,0.4762882380362533
0.0,1.808434636695917
0.0,1.0
0.0,0.0
0.0,0.4846463361306236
0.0,0.0
5.636800175647344,29.98448177799468
0.0,0.5
0.0,2.4702084290337027
0.0,0.5
0.0,0.16874685663797034
0.0,0.3360242872104562
0.0,1.1521340736503203
0.0,0.39877750032181386
0.0,0.1486864340362495
0.0,0.6881945631934474
0.45074641723991216,3.6232335705058416
0.0,0.3730286262301263
0.0,0.033987768271865594
0.0,1.361069566897205
0.0,0.0
0.0,0.0
0.0,0.6866783499441768
0.0,0.5
0.0,0.5
0.0,3.2304756417127662
0.0,0.4270345592491104
0.0,0.41793514705527157
0.0,0.41793514705527157
0.0,0.8432497678266511
0.0,0.42981330009376995
1.322678699763447,3.2918475182506937
0.0,3.38635912552418
0.0,0.5
0.0,0.0
0.0,0.3301075387836703
0.0,0.3301075387836703
0.0,1.0975412012566566
0.0,2.0213434582000405
0.0,0.0
0.0,0.0
0.0,0.6345773203819767
1.2345482866398403,2.8035416763104357
0.0,0.4997510508505812
0.0,0.2420602187672217
0.0,0.18054468533482187
0.0,0.0
0.7448059568737534,3.1292024172911446
2.4882777279912247,4.932011349917626
0.0,0.0
0.0,0.5
1.5516345349633867,5.974894093472511
0.0,0.1769966230812039
0.0,0.35456413088741123
0.0,0.0
0.0,0.1506662863838838
0.0,0.8946732976822169
0.0,0.0
0.0,0.4398105949351012
0.0,0.4310519742423538
0.0,0.3887202656315993
0.4882678668036663,3.2909143420352835
0.5979227899322354,4.375450660344924
0.0,0.5
15.824435558718623,40.599590367930865
0.0,0.5
0.0,0.4001118633447538
0.0,0.7650130682077851
0.0,0.5
0.0,0.0
0.0,0.4974771441397857
0.0,0.8773676055625792
0.0,0.9023007090227833
0.0,0.0
0.0,0.0
0.0,0.0
1.9612683601646836,9.576608883102754
0.0,0.5
0.12847800095074394,1.0982195291599801
0.0,0.49878840429028826
0.0,0.0
0.0,0.5610087599151355
0.0,0.40549769437328254
0.0,0.0
0.0,0.0
0.0,0.41963464186503574
1.7066559802610848,1.8533279901305424
0.0,0.8857967265210507
0.0,0.5
0.0,0.4492563152151847
0.0,1.0572353585890721
0.0,0.4661295868722105
0.0,0.0
0.0,0.0
0.0,0.5
0.0,0.9478813821676919
0.0,0.0
0.0,0.3596787785079746
0.0,0.0
0.0,1.288076287160767
0.0,0.0
0.0,0.4456017479782721
0.0,0.16175724884838966
0.1366268647058863,1.6038812625243692
0.3484811250046751,3.046241803766272
0.0,0.0
0.0,0.0
0.0,0.0
0.0,0.0
0.0,0.9013492452336213
0.0,0.4142985250257265
0.0,0.36524200353979874
0.0,0.0
0.0,0.4261665925691135
0.0,-0.1832058214820637
0.0,0.33279447398248974
0.0,0.48628244232733764
0.0,0.419286709933154
0.0,0.3203676951188279
0.0,0.0
0.0,0.0
0.0,0.4647615263961485
0.0,0.5184016188861259
0.0,0.39855642398951957
0.0,0.0
0.0,0.3579771606585483
0.0,0.4363081064978836
0.0,0.0
0.0,0.0
0.0,0.0
0.0,0.0
0.0,0.1677113878661566
0.0,0.0
1.3154021700775744,4.134702030810465
0.0,0.5
0.0,0.0
0.0,2.0529676214561983
0.0,0.0
0.0,0.34009413472814165
0.0,0.7202131121577032
0.0,0.0
0.0,0.0
0.9056430352506462,1.8665134858136618
0.0,0.9205330458518265
0.0,0.3380735178828937
1.3048033289479695,7.260084713738858
0.0,0.16289664932498565
0.0,-0.10130672747981777
0.0,0.7669666448867211
0.0,0.4975093288607071
0.0,0.0
0.0,0.43455162426390254
0.0,0.5
0.0,0.388620457991523
0.0,0.0
0.0,0.34102137415867323
0.0,0.4507321698720226
0.0,0.0
0.0,0.0
0.0,0.0
0.0,0.0
0.0,0.4530112557151302
0.0,1.37527709342893
2.4497913374720497,9.67564412569555
0.0,0.0
0.26666666666666666,0.5305563862585505
0.0,0.33589139198658313
0.0,0.5
0.0,0.418277087432931
0.0,0.0
2.69794280502395,5.705420469009623
0.0,0.49038792503351464
0.25795900637325003,2.330379209863416
1.414884510173828,2.5248345862061576
0.0,0.4211583467764772
0.0,0.40610576933794607
0.0,0.8927830611938731
0.0,0.0
0.0,0.0
0.8160660454240908,2.8074823200220145
0.0,0.4368960561647697
0.0,0.0
0.0,0.39398143717663875
0.0,0.0
0.0,0.0
0.0,2.0590808477520928
0.714365158333681,2.8157014638656648
0.0,0.3903997254473974
0.6100661938694716,2.068118866268262
0.0,0.0
0.0,0.0
0.0,0.8005852955426069
0.0,0.0
0.0,0.3698508746481447
0.0,0.822583707453013
0.0,0.10292608019811611
0.0,0.0
0.0,0.411294569552121
0.0,0.4976646855223317
0.0,0.0
0.48044732679624325,3.8816534508305844
0.0,0.4017733028575689
0.0,0.5928894455469802
0.0,0.0
0.0,0.0
0.0,0.4707670500351665
0.0,0.6380976498331594
0.0,0.24041506187307027
0.0,0.0
0.0,0.0
0.0,0.0
0.0,0.0
0.30091131173680724,1.1585742752551833
0.6560438923475598,1.1079700467489908
0.0,0.5
0.033647602588029124,0.7205621359991925
0.0,0.0
0.0,0.2994330618279748
1.4546734136322623,2.3691910396408926
0.0,0.0
0.0,0.9396299340428182
0.0,0.4468203740804363
0.0,0.5
0.0,0.0
1.1158345154912463,6.019576626089866
0.0,0.0
0.24699829736615958,3.035874555476288
0.0,0.3863296422609657
0.0,0.0
0.548039508875567,7.3899444972621335
0.0,0.0
0.0,0.0
0.0,0.37445003296287005
0.0,0.0
0.0,0.0
0.0,0.0
0.0,0.0
0.0,0.08029390403051198
0.0,0.4042752016103086
0.0,1.5
0.0,0.17947588285791566
0.0,0.48819976818708266
0.0,0.4921827470548793
0.44812508273069085,2.525866209943858
0.0,0.5
0.48,2.6359689666367787
0.4473287379790644,2.644657475958129
0.0,0.5
0.0,0.15735679607945874
-0.07631901539680928,0.5603172408491399
0.75,4.560891357453942
1.6167308993320728,2.545881507832388
0.0,0.0
0.0,0.0
0.0,0.2727977157007701
0.0,0.3869827898478989
0.0,1.0
0.0,0.7906890949248596
0.0,0.32826562002968784
0.0,0.0
0.0,2.214733785860851
0.0,0.0
0.0,0.0
0.0,0.1393244171286736
0.0,0.0
0.0,0.41584126490391327
0.0,0.5
2.6279354215629587,2.8139677107814793
0.16848704411122153,4.770158546924543
0.0,-0.017257054624773845
0.0,0.1769966230812039
1.027651714628051,1.5138258573140255
0.0,0.22173138652161994
0.36344012852317176,3.1526717901401606
0.0,0.5
0.0,3.2473368412990995
0.0,0.9667817929028939
0.0,0.39790287914615424
1.101988345855643,1.3994866514094473
0.0,0.0
0.0,0.4201146408889055
0.6999999999999998,2.373404444841788
0.0,0.5
0.0,0.7133404045346486
0.0,0.3869863149193804
0.0,1.8705695201813093
0.0,1.8385220802347835
0.0,0.0
0.0,1.163144787562009
1.5752277924420788,1.7876138962210395
0.0,0.0
0.0,0.0
0.0,1.8276763771135645
0.0,0.8555939392280628
0.0,1.3031954675293165
0.0,-0.38222651087412873
0.0,0.9323535183953894
0.05268001023623784,4.2828506660535215
0.0,0.0
1.2819424692891066,2.8533785654182084
0.0,0.0
0.0,0.2972230529252172
0.0,0.458698958515936
0.0,0.39461210540236913
0.0,0.35794700436476157
0.0,0.0
0.0,0.5
0.0,0.5
0.0,0.26665206791381396
0.0,0.4777186112431959
0.14654119736933022,0.6140031798990689
0.0,0.11888876214787056
0.34766504946724763,2.491649693436994
0.0,0.7593888256562484
0.0,0.0
0.0,0.28923676454841524
0.0,0.0
0.0,0.5
0.0,1.2339151642294108
0.0,2.8220972970081126
0.0,0.35631318148828134
0.0,1.4198446042480417
0.0,0.0
0.0,2.566672746072217
-0.07026540272280829,0.8061231665661074
0.0,0.18247505742873044
0.0,0.11854203622018106
0.0,0.5235997220674419
0.0,0.5793889342534744
0.0,0.4674416674683033
0.0,0.33194107498182585
1.898421213326874,4.364298486656978
0.0,0.0
0.0,0.7071546027384612
0.0,0.0
0.0,0.0
0.0,0.40373262300229457
0.0,0.0
0.0,0.5
0.0,1.0
0.0,0.5
2.0,2.5
2.0,2.0
2.0,2.0
0.0,0.43962993404281825
0.0,0.5
0.0,0.0
0.0,0.0
0.0,0.8353737109028417
0.0,0.8353737109028417
0.0,0.8353737109028417
0.0,0.8353737109028417
0.0,0.41768685545142087
0.0,0.3697612793294635
0.0,0.3697612793294635
0.0,0.0
0.0,0.0
1.827736301093157,2.054959592432185
1.3749999999999998,1.9579229254300632
1.441309075273289,2.0816056487963412
0.0,0.0
0.0,0.40346818877294705
0.0,0.4659520753124632
0.0,0.0
0.0,0.5
0.0,0.5
1.7362869000982972,1.8681434500491485
1.5035990969374124,1.7517995484687063
0.0,0.0
0.0,0.5
0.0,0.5
0.0,0.5
0.0,0.5
0.0,0.5
1.376077695785857,1.6880388478929285
0.0,2.4907017698191907
0.0,0.0
0.15552395114960188,5.647977230019263
0.0,0.2925538834670054
0.0,0.17018612612651
0.0,1.247765158631702
0.0,0.0
0.0,0.4446848810836787
0.0,0.4930679400810458
0.0,0.0
0.0,0.31165208392319615
0.0,0.0
0.0,0.0
0.6952426663491166,1.542863999523675
2.400602390764881,2.9538385724567493
0.0,0.18819456319344727
1.8389007194376006,1.9194503597188004
0.0,1.201489377320507
0.08148908029493468,0.2370419614697764
0.0,0.23697791691403455
0.0,0.0
0.0,0.5714948994458495
0.0,0.0
0.0,0.0
0.0,0.0
6.419163376567836,16.470816333464164
0.0,0.4085084687142313
0.0,0.0
0.0,0.0
0.0,0.39467329768221676
0.0,0.0
0.29837970977170636,2.2844767884182415
0.7203931308418365,1.644038033352404
0.0,0.0
0.0,0.43228917513176823
1.0780672042941561,2.3289039301592718
0.0,0.0
1.7504741318977104,4.6297694378260985
0.0,0.0
0.0,0.0
0.0,0.0
0.0,0.0
0.0,0.5
0.0,0.5
0.0,1.0
0.0,1.0
0.0,0.5
0.0,1.5
0.0,0.0
0.0,0.5
2.0,2.0
2.0,2.0
0.0,0.0
0.0,0.0
0.0,0.888620457991523
0.0,0.3906057323691246
1.1828974000316859,8.53585216237921
0.0,1.4913334296538254
0.0,0.3240229443218483
0.0,0.2943374520654473
0.0,1.0494369667196985
0.0,0.0
0.0,1.588304545523487
0.0,-0.12995156867216692
0.0,0.1976070303084777
0.0,-0.007979721084419616
0.0,0.4659520753124632
0.0,3.659026112005781
0.0,0.0
0.0,0.32061943825921013
0.8333333333333333,2.3326883753672605
2.1479903317263753,14.925172461054444
1.6888888888888887,5.982905982905983
0.0,1.4653194235976958
8.864293303785164,18.09947040523137
0.0,1.9142099509809505
0.22688824302981417,1.6611872637615335
0.0,1.298951959260793
0.11068100517115602,1.5759788659217584
0.0,0.0
0.0,0.4991029583888256
0.0,0.0
0.0,2.4915906734873645
0.0,0.5
0.0,0.4131843486801211
0.0,0.0
0.0,0.17728076876337337
0.0,3.469357973618064
0.0,0.0
0.0,0.46595207531246324
0.5668429628697406,5.880884613244184
0.0,0.39754753501649603
4.171917805089739,11.355793733387552
8.696515695382706,25.20961734310792
0.0,0.8075432201567038
0.6666666666666666,3.346515042907535
2.2832026202961084,12.3129875002644
5.090957078966474,9.824566528459
0.34699852606194187,2.2269965983890545
0.937442106611466,1.937442106611466
0.0,1.2594607746355564
0.0,0.94350995980394
0.0,0.4543773575443946
0.0,0.9413989491659714
2.102190240573758,7.100477953936263
2.0573314080548424,7.212978674235477
2.0560051149318355,13.797311259653451
2.3611484545135144,14.88904286052487
1.2063898949003256,4.956527171475453
2.069127756026783,4.451361627511767
0.9438055713889966,1.9438055713889966
1.8533033747017629,11.15718667280539
1.6809341571792402,13.037004587490781
0.0,0.9871455773227769
2.168533925670385,8.076380549410876
1.583526536033212,1.7917632680166058
0.0,0.35150675508767615
0.8708802461451842,3.4783486878903616
0.0,0.3806155623154187
6.431507216253399,13.491544222592367
0.0,0.0
2.6099319691401437,6.906737247160923
1.893226441233822,3.1893262595688334
0.8045017215948157,8.489493226929975
2.8948885944984717,7.051031000392683
3.9545738465597706,5.392374803273427
0.0,1.3629541780497068
0.4478075921292037,2.7057046273126852
0.0,1.5
0.0,0.5
0.0,1.3080663726776196
0.0,1.1503498331141884
2.3525539838869336,6.443566408678249
12.98958806093039,26.545706094919296
0.5614150854615574,3.0407040871905195
0.0,0.9307084296373332
0.0,0.46642812118820903
0.31810113422356184,2.3508342633835193
1.3311047130863796,8.270000103159258
0.0,0.0
0.0,0.0
0.0,0.0
6.044207136508755,23.285798977963115
0.0,0.0
0.0,0.0
0.0,2.234074472241883
0.0,0.0
0.0,0.0
0.0,0.9009797454521115
0.0,0.5
1.1158017032700729,4.575469730113724
0.0,0.0
0.5768638292402137,4.002114517570366
0.6368010572849138,1.5962260338749288
0.8223072630249989,1.991426038739053
1.0584102596672926,1.8084102596672929
5.974014180887985,13.949894919768607
0.0,0.40452961475870025
0.0,1.3136246530564832
0.0,0.8494596311410467
10.240149877582368,48.52750423042535
19.812813525179006,49.38125836768308
15.04667507078888,39.69253271749984
9.765092918930542,29.59066284254852
1.5201193166981395,1.76005965834907
23.382968786425714,40.075655808711254
7.535820299631079,15.966478127141652
0.0,1.2358511207365441
0.0,0.0
0.0,1.377777636531615
0.0,0.4575496454021038
0.0,0.44564757925453236
0.0,1.2145741903126472
1.420347898992827,4.73493643680785
0.0,0.8243540519923803
0.6331608341802736,5.829261781732915
22.230190840923836,51.15624225714119
0.0,3.4074375997485453
8.366369239156203,39.272335788331134
0.1342425006812272,2.482338840810251
0.0,0.24058779419137485
0.0,0.0
0.2132586830574669,2.18758375128504
1.8405106256169603,6.279192672034073
-0.2426540771697927,0.8482853351756591
0.0,1.1776901284223826
4.5678822652452125,13.185476372275739
7.226472930350996,12.483229620268983
0.0,0.0
-0.13167860408710338,2.246092990175886
-0.022065685802570244,0.5418190136583068
0.2849048310743437,3.4110923217286278
1.5944461058504344,1.7972230529252173
0.6038622403573483,3.690305411221403
0.9422262941976796,10.763867561824105
0.0,0.1821840820368966
0.0,0.4971140221628126
1.2293195322391046,4.391939541772016
0.0,1.5149443756125625
0.0,0.5
0.0,0.9673391040660487
0.0,0.5387152556532298
1.1185748358823426,4.839511320035318
0.0,1.0
0.0,0.4999999999999999
1.706393021317178,3.8418804926508927
0.6417864851341231,2.821051178600551
1.1720711119856275,2.4451631514137793
0.0,0.5
0.0,2.2543732924618936
4.5621471731263625,12.637784309618795
0.0,0.9302058989504607
0.26894449183313485,2.3953965655000906
1.460375716891709,1.7419349262524224
0.0,0.3998377927022477
3.0327517513103266,11.090799937665702
4.066851031296567,11.520663794569696
0.2994330618279748,1.8032878453254706
0.0,0.2537849909694942
0.0,0.0
0.0,1.7547667573200634
0.0,1.3019077989842092
0.0,0.9203322847601806
4.264957927637833,15.974522903321262
0.0,1.5
0.19408469065902018,1.8800938387639565
0.0,1.9476975311673512
-0.026265165250201478,2.25403561848934
1.0,2.0
5.170788364204232,13.059050880788437
1.545825743621774,14.182453045355697
1.07999786896113,2.1867926252963166
0.6197044469455621,2.56941731636656
0.28393806074658745,3.2800880135357176
0.0,0.0
1.2666666666666666,3.033333333333333
0.0,1.5620605393920481
0.9399773203663793,3.0546351189309826
12.489936171495598,28.936627177869944
3.4802724828487315,5.765091542565366
1.1198830478371673,9.005662767364115
0.19757565774743516,2.1517451736282727
1.5424525192817522,6.538039724627646
0.0,3.6556635941642432
0.0,0.04608946423451915
0.0,0.0
15.327601236392473,41.569233041246484
0.0,0.33053484625528495
0.0,0.19726431701455244
0.996433606731381,4.391419778508534
0.0,0.5980146772665254
0.0,1.9307084296373334
0.2548919606350079,3.0099447227326825
0.0,0.0
0.11395533713258446,1.3689699753850593
0.0,0.8553385218088808
1.6249661823619506,4.0765216142168565
0.0,0.6631663267651791
8.373462290609478,13.50086252628779
0.0,0.4201146408889055
0.0,0.0
4.838462041065215,16.45556837670384
0.0,0.0
0.08189836262425224,1.4866507614285873
0.0,0.6041581504905694
5.885789338233707,24.695626168306983
0.0,0.4999999999999999
0.0,1.881279927600085
0.0,2.3247770166906263
0.45338303107906547,1.7050867527402123
0.05024025344769658,1.2112780223511694
0.0,0.3824554105554073
1.5944461058504344,1.7972230529252173
0.26153846153846155,6.037260934193131
0.0,1.5574545772221864
0.0,3.4068632528562075
2.213084102678929,11.417891222547803
0.0,0.19726431701455244
1.120081653738972,7.529469553492378
0.972420385087722,4.995332312006416
1.145561690937381,3.3413302673388117
0.0,0.09435876991966588
1.061836189018182,3.659642290278588
0.0,0.1873540134604985
2.0,2.0
0.17264072277669326,0.2492943147682733
0.0,0.13347437537632514
0.0,0.8330830808493553
0.0,0.4170629387923882
0.0,0.1016897923335934
0.0,0.45067234417459917
2.732023436929169,22.048730736400802
0.805849329242837,2.6655371017751213
0.0,0.0
0.0,0.2080902567062406
0.8502052063448213,2.195437275038104
2.0331306345672786,9.315041912435795
0.0,0.5
19.36587726975711,44.25075866903215
4.075963016598812,22.69345293704385
0.0,0.6417017882783471
0.0,0.17479615955578137
9.48123505123588,22.675756883699357
0.0,0.47112363568887183
0.0,0.0
0.0,0.466428121188209
0.9333333333333332,2.0640721507924127
0.0,0.9600917014005766
0.30207546184430323,2.80717224055608
1.4264045615422567,12.7937199457366
0.523976291508537,2.3342029867499585
0.0,0.42355264544724214
0.0,0.43813508640297083
0.0,0.0
0.0,0.17185436908023188
9.304374646025874,43.64355047799474
0.0,2.864507093177518
0.0,0.06156831139196269
0.0,0.15937724152893856
4.0521768926579815,8.354635228373047
0.0,0.4058900256844903
0.0,0.13547486690178287
2.8955003703641964,6.223751969037664
3.7968555114396687,10.483642727415628
0.0,0.07680996407555524
1.3182917244626668,3.410604042983761
0.0,0.5716151521343396
0.0,0.4173138165730359
0.0,0.5
1.425801567257449,5.4379456057960684
1.1116848086129358,3.8713050726884304
0.11055118718060268,0.8149149556235897
0.0,0.19636495325496955
1.6225535823381008,1.8112767911690504
0.0,0.0
-0.1682633243458825,0.6151688017109062
4.507164102048295,24.630895075419442
7.247010708100362,16.926458327042273
0.0,0.08781645351142288
0.0,0.8147337858608509
0.0,0.3579771606585483
12.318434698442863,24.859524079196134
0.0,0.9566366938304766
0.0,0.291958549546619
0.0,0.0
2.216185018312187,8.944612373332678
0.0,6.424890450347877
0.0,0.0
0.0,1.225756352219553
0.0,0.28867296733886305
0.0,0.2614346433686985
0.0,1.377199493750266
0.0,0.0
5.886831544092983,14.788103480241233
0.0,0.23833831156765395
3.4343909532004053,10.767112454392631
0.0,0.9531304231455803
0.0,0.33231786542748665
1.3421534281958223,7.7595590385354685
3.0845222458666623,8.19580934408403
0.0,0.43552952744652185
5.8501249000619255,21.83128597277221
0.37333972135689036,2.4966794427137806
0.0,0.46678179290289395
0.0,0.5449296792217845
0.0,0.901267092357753
0.3708682273216991,1.6782122881162789
0.6442854141254728,2.299761454521542
0.0,0.41589654389029035
0.0,0.9773545620307779
0.6978082613265537,11.53870849204524
1.1366007288997373,6.703446120786362
0.716201758853307,2.1332604196159806
0.0,0.8368929565671637
1.1225329259002081,4.039437552443056
0.7713007914335662,5.601797349012231
0.0,8.512121207606015
4.5416724537274265,15.667892884642356
0.0,0.3801871320771305
0.0,0.0
0.0,0.5
0.0,0.7420821326870252
1.120138433612347,7.804980118039024
0.0,1.948932949385815
1.9517194691582156,5.601135396686
4.63578106682115,12.41995577954249
1.2334050554228975,3.600370621553496
13.477369673205743,46.305601046850505
0.0,1.473450134600664
0.0,0.5
0.0,0.5
0.0,1.5559381527119533
0.5619224151200454,3.253268838495926
1.2305072879691754,4.342541635773578
0.6666666666666665,2.2107009388959122
3.8327068626916962,8.59687264135643
2.5052209420415954,6.791446020200963
0.0,0.0
0.0,1.1406067339225345
0.0,0.4596123889326463
0.0,0.0
0.1364066035067077,1.4505364400123646
0.0,0.3320233000013483
0.0,-0.0884497013849487
0.0,0.04086226588109753
0.0,1.3820329419506183
0.4,0.793929002958737
5.992140031192659,8.944148057634262
0.0,0.47617988809600914
0.0,0.8790795988030314
0.5016189689664563,2.1989256170887765
0.0,0.0
0.0,0.0
0.0,0.0
0.0,0.0
1.4261387767859024,3.7558153645369785
0.0,0.7863519703592492
0.0,0.4416441141171618
0.0,0.38226162460654645
0.0,0.5
0.44544549248361553,3.5535963016709724
0.0,0.4999999999999999
0.0,0.4942873384081861
0.0,0.4942873384081861
0.0,0.2864549246953979
0.0,1.5136461189217485
0.0,0.5
0.0,0.0
0.0,0.0
0.0,0.0
1.4484701156780644,3.804020533844246
-0.03353564079454937,1.6707859332455148
0.0,0.29563252175086974
0.5333333333333333,2.4629403892307633
13.684082808013168,26.02815890450737
4.710959601465197,11.15405326370555
5.007507834321545,11.982461496345104
17.459301063297314,30.604199219514236
5.123303731685219,13.977807140454214
11.222095932327978,38.458889661455665
-0.3352169146681,1.1503523279586858
-0.2428844067193595,2.841294495777012
0.0,1.4424159012421747
4.58832217622348,21.824872608891717
0.26959169547736733,3.5111355190279965
0.7922339822271985,4.009664541152051
1.76528543397718,1.88264271698859
0.0,0.37845053305181214
7.727124024842499,27.527635268253484
1.2963524664029502,3.1712569226275513
0.5892359273571661,3.13701911131611
4.991498177657907,13.891771952265461
2.213945774361504,2.606972887180752
4.722908332240873,10.407400492024472
9.0255666328347,33.6969914570231
0.0,0.4422596342180684
0.0,0.28278368440564694
8.470902224862813,19.651946900164347
1.0857873230616941,2.5313889409657286
2.6155197583493277,7.703731709959433
1.3893910346180538,4.113944092898032
3.300769864550334,7.81374074745653
0.0,1.4354195593663768
0.22009820097651572,2.0817218418187258
0.0,2.0
1.200079792497347,12.285490435447123
5.3602868621363395,9.97420991040277
0.0,2.5922698352063307
0.23328805473563743,3.927304415908002
1.0341737069000925,3.6695216773150605
2.9355586602573176,5.433441790006384
1.4767127653417862,5.365429317463667
1.2538160153559845,3.0546826536342513
-0.29048524903584394,0.03795838821567119
0.4333842653523588,3.3507618489787925
0.0,0.49918779439300404
1.5804769204759619,8.442938248540806
2.025596469592282,10.61292496870554
5.777854605685806,18.259217961736397
0.0,0.047398370872963475
8.646563143367066,19.75582043775389
5.257343407603717,13.933668015900906
2.8978736658851076,14.932838695765142
0.7153746560140046,2.449151103262114
0.8716407806864017,3.0373560668887882
0.0,2.0
1.1025231626318983,2.322444684226961
0.0,1.234059580395172
0.0,1.6714056492102238
16.5082163878484,36.07570828434374
0.0,0.2972230529252172
0.025485509024960565,1.043837396402341
1.5211977416334563,3.181545601466211
1.4259461655811012,7.946516947124887
0.11098118756507272,0.8218995418232413
6.49784767522483,16.542894506949118
0.3330420689509902,2.1466726024463503
1.0621937684294962,4.971673444821709
0.0,0.5
0.4774106365385305,3.4862841625112773
0.0,1.3536725499789093
0.27521392594760286,3.0982091896386637
0.4612759902540994,2.639725174446474
-0.010090808425915771,1.1286839187928384
3.333333333333333,3.6666666666666656
0.0,2.7661779719308193
0.07111133173781592,1.1687570993690626
1.790200353176703,13.527389130652415
0.650180117283634,3.738086696721136
0.0,2.154633886907315
4.3214465563620035,13.29233264334241
-0.5707461390718284,1.3540465364365606
0.6997816060249182,1.5091597596920043
2.0395511393108006,10.20650700906703
0.0,2.372737439032077
2.157984105843343,16.703051527058612
0.0,0.8922586965295206
1.055826041961598,2.774541312639637
1.253102135800187,4.7547201424936905
0.0,1.0
0.0,0.5
1.707369345122607,6.648813613462835
2.7082030047067356,7.2230436244719955
0.0,0.3794906300089883
0.0,0.2622038166855373
0.0,0.3930038497553287
0.3333333333333333,3.359067516812304
1.917147849752774,4.9915733256909
0.0,1.7895659700237019
0.0,0.44597106076687903
3.140543010393231,4.909461345139422
0.0,0.852822638400957
0.0,0.9173144235057202
0.0,0.0
0.0,0.20414198718894477
0.9825881356415515,4.543565808024921
0.05702131600714205,0.6100303554984841
0.0,1.271236969564242
0.8238413516588426,2.217219837085087
0.48683877081806176,2.6650454862593067
0.11612958332423198,0.8734668308941036
0.0,0.4192088185611398
0.0,0.460189564897005
6.103220682760226,18.12203352048514
-0.013856052966761668,0.3342307819714954
0.0,0.9762882380362534
0.029629629629629627,4.088335828562234
0.0,3.34303151200283
0.0,0.9762882380362534
1.0203139040018017,2.346965928638663
0.0,0.0
1.3372247183701353,3.600128801651434
0.0,0.18699123250431116
0.0,0.5569463354245702
0.0,0.33333333333333337
0.0,0.0
0.0,1.0
0.0,1.0
0.0,0.4303605035469009
0.0,0.580711347090435
0.0,0.3626058514284638
0.391495626663265,1.2277968027644917
0.0,0.25632854078422274
0.0,0.3626058514284638
0.0,0.4089439964184657
0.7246066796853745,3.183345758786275
0.0,0.12944508554652173
0.0,0.25922316614580565
0.0,0.6192021086387857
0.0,0.2695491812701028
0.0,1.307547764981067
0.0,1.2263615818670541
0.0,0.5456510201659441
0.0,0.8923627769681926
1.209050035050712,3.535220143057505
0.0,0.11728116619632416
0.0,1.5347011447179084
0.09061938681639312,1.3095719883566581
0.0,0.2782820053103728
0.0,0.3257468662104689
0.0,0.6313542525618919
0.0,0.312010538243661
0.0,1.0578092522688358
0.0,1.5847233838256323
0.0,0.4704670298791669
0.0,1.7463048672099781
0.0,0.0
0.0,0.3530815533512068
4.224667391984559,10.298286537371245
0.0,0.9791478277922648
0.0,0.49831071434028046
0.0,1.363889719591884
0.0,1.0
0.0,1.745350482844278
0.0,1.2910271640351136
0.5504073756064751,1.4313378577097737
3.3561526332328966,4.6780763166164485
0.4220932909267095,3.6064970009030084
0.0,0.2778198398968408
0.0,0.31165208392319615
1.4919213949040206,6.627789144391779
1.5305708679543595,1.76528543397718
0.0,0.0
0.0,0.14441070997736283
0.0,0.953360959761109
0.0,0.10266037428632602
1.8,1.9333333333333336
0.0,0.5
2.4834740306306236,6.739689188071064
0.4629505841046161,2.626572731683015
1.2420328908056955,3.2376736719326322
0.20957287515417655,2.0141004657955746
0.0,1.9029557493498728
0.0,1.2697782478144024
0.0,0.17836450573220036
3.2068247332008655,3.6240755579626898
0.0,0.8485748356124272
0.0,1.6117994643989448
1.0253853281490235,2.063153787208528
0.0,1.1049569353641877
0.0,0.5
0.7575208619544898,3.6555885042428207
0.0,0.4976055893997932
0.0,1.6818040186704721
0.0,1.1361680125432745
0.2941266809018508,1.300847912220642
0.0,0.2844625068010299
0.572778803126673,3.212657740568621
0.0,4.366096489580613
0.0,0.6854188099727426
0.0,0.4408087458823856
0.0,0.46678179290289395
0.0,0.4934250347339099
0.0,0.966428121188209
0.0,0.9256419241211592
0.0,0.6592050909219529
0.0,0.10251561584256826
0.0,2.9600917014005765
0.0,0.23766637965495468
0.6442854141254726,2.2165944967866826
0.0,0.3957243857019194
0.0,0.30860054834410483
0.0,0.8316181624948819
0.7680555136238998,3.2149948984888552
0.0,0.43787488435216115
0.0,0.47722156884107986
0.07619047619047618,2.81277909886407
0.0,0.4999999999999999
0.0,0.7986937250918287
0.0,0.6934946858659716
0.0,0.2607991396160282
0.0,0.2607991396160282
0.0,0.37629306719365907
0.0,0.2607991396160282
0.0,0.37885553347340967
0.0,0.3342306696681271
0.0,0.22976606461707885
0.32783618167857753,1.2540402417114236
0.0,0.8467389873854877
0.0,0.3533399149739681
0.0,0.39605941568397646
0.0,0.31622239564451826
0.0,0.34428382024697607
0.3953003894030773,3.1787962184845435
0.0,0.45016637559847394
0.0,0.47588789865983394
0.0,0.4628769040753503
0.28649238605043525,1.8695545621777279
0.0,0.42361306600411347
0.0,0.4098481008611456
2.9724915331297206,9.741411560498856
0.0,0.2995992880429642
0.7891406545746869,2.268132556012075
0.8821710131419993,1.873286677222744
0.0,0.21525589480060173
0.0,1.4786579470201615
0.361723347131306,1.2329143605192308
1.2000000000000002,3.5600917014005757
0.0,1.0908501400614679
0.0,0.5
0.0,1.0
0.0,0.3728517632883202
0.0,0.9009113699500586
0.0,0.0
0.0,0.7850485646201867
0.0,0.43962993404281825
0.0,0.4681860154337863
0.0,0.2016340883244307
0.0,0.42127832307535196
1.5438706663850337,1.771935333192517
0.0,0.49899807654410344
0.0,0.4287093486029906
0.0,0.5834258916374786
0.0,0.0
0.0,0.0
0.0,0.0
0.0,0.16666666666666669
0.0,0.13246773588352126
0.0,0.7989704286889083
0.0,0.23020710824055368
0.0,0.3270902110581971
0.8879643943395866,2.3649223324753583
0.05618191432242563,3.421796921527684
0.6133333333333333,3.916288238036253
0.0,0.22372748285571709
0.5026402686540744,2.2058368849769723
0.0,0.5
0.4265853940755916,2.6747506944057537
0.0,0.499093899748938
0.0,0.1881945631934473
0.0,1.0261747189697001
0.0,0.2800225660487448
0.0,0.2993042185131432
0.0,0.4281140650169111
0.0,2.1439308411509006
0.0,0.21902758654488333
0.0,0.1913358692903551
0.0,0.5
0.0,1.7726840631250251
0.0,0.48561494299497293
0.0,1.1729180298450514
0.0,0.907413607120269
0.0,0.4601215808236079
0.0,0.43455162426390254
0.0,0.44525798820153906
0.0,0.5
0.0,0.5
2.398905958244613,9.958221270064714
0.39999999999999997,0.8
0.9224059379643308,1.9224059379643308
1.3539570789004949,6.521194939335535
0.0,0.29376831993766706
0.9672758121319512,2.771107657647695
0.0,0.44095438235098094
0.0,1.4011694143817746
0.0,0.6127354608751533
0.0,1.945462697929529
0.0,1.259773443526294
0.0,3.372889445089682
0.0,0.33602428721045613
0.12448734970541635,1.009186385308069
0.7111081278457416,2.9251518202005777
3.5421310269916035,4.928491932010157
0.0,0.21074732369341082
0.0,2.219357701251107
0.0,0.29144852857646714
0.0,0.5
0.0,1.107069825707367
0.0,0.5
0.0,1.1769046362555706
0.0,0.5
0.0,0.4595518244492732
0.0,0.9435772811354791
0.0,0.8065674007296822
0.0,2.326898232467954
0.0,0.4982100218358544
0.0,0.7749498434873511
0.0,0.8535035271371925
0.0,0.36463994429451346
0.0,0.4673391040660487
0.0,0.46742176338786495
0.0,1.3495745431589832
0.0,0.7959691656709551
0.0,0.3401513983179397
0.0,0.4310519742423538
0.0,0.7881473744827019
0.0,0.42364490251056763
0.0,0.499147359680571
0.0,0.5
1.5899291948527767,3.382972414357596
0.0,0.5
0.0,0.35782939787772705
0.0,0.3197296937633284
0.0,0.07478370399557549
0.9292749695909339,1.8264023383103507
1.8400673159780532,4.475426647693481
1.4175458523355173,2.6393805259165215
0.0,2.161945866194529
0.0,0.4058990258004352
0.0,0.11423771968189182
0.0,1.7253339425250758
0.0,0.3386531511564241
0.0,0.4035417623670362
0.0,0.5
0.0,-0.18926441400333097
0.0,0.0
0.0,0.44390667112785354
5.129554803195711,13.368429046924135
0.0,0.31768245491627745
0.698543353278752,1.6318868803172997
0.0,0.24431460678605837
0.0,0.8998377927022476
0.7916777452515321,3.4569771351041787
0.0,1.0825603051531185
0.0,0.8173547256371864
0.0,0.5
0.0,0.3426243432597574
0.0,0.0
0.0,0.8279999621063292
0.0,0.42704507957707927
0.0,0.12426053079167451
0.0,-0.08638732805183899
0.0,0.34580436785924434
0.0,0.37227542468143354
0.5300266620632657,1.9234133195231302
0.8856921269836511,3.7733805325668106
0.3484989681240337,2.203973727344695
0.0,0.20836925830904673
0.0,0.36213659672861753
0.3194192319354009,1.145795514569768
1.3319297092653097,3.9557922309132123
0.0,0.8858608591071327
1.7239069512261485,1.861953475613074
0.0,0.487027420628731
0.8342008978872311,2.3306027419346003
0.0,0.43455162426390254
0.0,0.3646111003822166
0.0,0.3682333995316214
0.0,0.3626356333034453
0.0,0.32826562002968784
0.0,-0.14319001340506768
0.42666666666666664,5.169583287907121
0.0,0.14441070997736283
0.803521805666971,4.3098062572851195
0.0,0.1996642828855112
0.0,0.8123474473043946
0.0,1.165272647847739
0.0,1.6283215632593895
0.0,0.24541617628488593
0.6630139216088666,4.205914248809607
0.9682499367026962,2.4736120291592063
0.0,0.5
0.0,0.5
0.3525154031807368,2.87149192371058
0.0,0.4777186112431959
0.44362529736521283,2.3365422482628384
1.7599939323432217,2.9979396859358216
0.11238863773867987,1.4005789205096741
0.0,0.5
0.611870086772518,1.867595318862147
0.0,0.0
0.0,0.9424159012421747
3.5349893076450223,5.182520927428033
1.3353447799290632,1.6676723899645318
1.096074531589138,3.0794286459980866
0.0,1.5279630068540755
0.9592436006576133,2.3461442946394655
2.5738286223310265,4.534726465648788
0.0,0.46009170140057665
0.0,0.2080902567062406
0.0,0.7547352111251586
0.0,0.015236301093157267
0.0,0.21702678384989646
0.0,0.7321080878276761
0.0,0.4999999999999999
0.0,0.9600917014005766
0.0,0.7167909983225419
4.5266445478428725,4.763322273921435
0.0,0.4714637135944525
0.0,0.14149226573393453
0.0,0.45067234417459917
0.0,0.3430453421766052
1.4929594772159838,8.277740599976687
0.9361509758809475,1.9042264638214212
0.0,0.5
0.0,0.7426049263238814
0.0,0.5
6.5266445478428725,6.7633222739214345
0.0,0.2925538834670054
0.0,0.46009170140057665
0.0,0.38237759408593774
0.0,-0.10948532092226904
0.0,0.5
0.0,0.43228917513176823
0.0,0.8081080366649172
1.678288963464588,1.8391444817322942
0.0,0.5
0.0,0.5
0.0,0.5
0.0,0.16993032986503476
0.0,0.0
0.0,0.0
0.0,0.3806155623154187
0.0,0.3427793192364002
0.0,0.0
0.0,0.6976969438525511
0.0,0.0
0.0,0.46595207531246324
0.0,0.0
0.0,0.0
0.0,0.0
0.0,0.10020885102119456
0.0,0.0
0.0,0.0
0.0,0.0
0.0,0.3790009922182872
0.0,0.0
0.0,0.0
0.0,0.0
0.0,0.0
0.0,0.0
0.0,0.0
0.0,0.5
0.0,0.0
0.0,0.0
0.0,0.0
0.0,0.0
0.0,0.0
0.0,0.0
0.0,0.0
1.7404761904761905,4.837229797583956
0.0,0.41768685545142087
0.0,0.1912455694762625
0.0,0.0
0.0,0.0
0.0,0.0
0.0,0.0
0.0,0.0
0.0,0.0
0.0,0.0
0.0,0.0
0.0,0.0
0.0,0.0
0.0,0.0
0.0,0.0
0.0,0.954825098573217
0.0,0.0
0.0,0.40373262300229457
0.0,0.42532503567919394
0.5916280710743107,2.1677231037281555
1.6949478885412474,2.237485227294996
1.6949478885412474,2.237485227294996
0.0,0.0
0.8291477340099925,2.240560986887364
2.8481803478839707,4.483750830940799
0.0,0.0
0.0,0.0
0.0,0.0
0.6525964737223082,5.310985102669258
0.0,0.0
0.0,0.0
0.0,0.0
0.0,0.0
19.596935569173475,60.37296415418054
0.0,0.0
0.0,0.0
0.0,0.0
0.0,0.0
0.0,0.0
0.0,0.4999999999999999
0.0,0.0
0.0,0.0
0.0,0.4999999999999999
0.0,0.4999999999999999
0.0,0.0
0.0,0.3555877108115837
0.37284903565485017,1.7828450743471695
0.0,-0.10828371497103637
0.0,0.0
0.0,1.0780902554176346
0.8876111427779936,1.5745020791395719
0.0,0.13018932154434024
0.0,0.0
2.702213294467629,21.427194452664178
0.0,0.0
0.0,0.0
0.0,0.0
0.0,0.0
0.0,0.0
0.0,0.0
0.0,0.2972230529252172
0.0,0.0
0.46722112520972575,2.235588993452943
0.0,0.0
0.0,0.0
0.0,0.0
0.0,0.06895140376940831
0.38796789368044926,1.8886751599116185
0.0,0.19029675859879291
0.0,0.04301310988820679
0.0,0.0
0.0,0.0
0.0,0.0
0.0,0.0
0.0,0.0
0.0,0.0
0.8604402524892306,3.0832362523959556
0.5314820352834781,2.0034081495468707
0.43240768430840576,3.415419433554869
0.0,0.554484771963295
0.0,0.0
0.0,0.0
0.0,0.0
0.0,0.0
0.0,0.0
0.0,0.0
0.0,0.0
0.0,0.0
0.0,0.0
0.0,0.0
0.0,0.0
3.662322825161321,13.619104688712687
0.0,0.0
0.0,0.0
0.0,0.0
0.16231376351733118,4.751236546478397
0.0,0.2823305780362003
0.0,0.0
0.0,0.0
1.2703443865275992,3.937019631390406
0.0,0.0
3.630529678818168,22.67851234657332
1.1836390011567017,16.196112421659997
0.0,0.2023707612266148
1.200523980380017,5.223442179294272
2.5189302680882952,5.583980953726932
0.0,0.0
1.91401407539305,2.457007037696525
0.0,0.0
0.0,1.4302376377437596
0.0,0.77478468399746
0.0,0.0
0.0,0.4468203740804363
2.3597226468183963,3.8707405339849146
0.0,0.0
0.0,1.2873282142009381
0.0,0.8718556776291267
0.0,0.5
0.0,-0.19616239991944498
0.0,0.0
0.0,0.0
0.0,0.0
0.0,0.0
3.3178061993701933,10.978125241992252
1.2899827721814445,3.4545965279704816
2.534947854073259,5.297629512602727
1.3726267058799801,4.433352792257752
0.0,0.4674217633878649
0.0,0.0
0.0,1.0
0.0,0.23755382203646214
0.0,0.0
0.0,0.4496877148797309
0.0,2.140413999731687
0.0,0.4924473658632034
0.0,0.0
0.0,0.33355710697698493
0.0,1.0
0.8689557761700797,7.167212990642852
0.0,0.0
0.0,0.19713911137418932
0.0,0.0
0.0,0.0
0.0,0.0
0.0,0.0
0.0,0.0
0.0,0.3565587026349313
0.0,0.8075477649810668
0.0,0.8032561579048518
1.4894088613829222,5.06038114165717
0.0,0.7402850869180968
0.0,0.8332676562311134
0.0,0.0
0.28097373161658445,2.488696587530643
1.0417916983330666,1.5208958491665334
0.0,0.0
0.0,0.0
1.8575062187734173,2.4287531093867085
0.0,0.4999999999999999
0.0,0.7818464161662538
0.0,0.5
0.0,0.0
0.5672482798979738,2.1842057531802945
0.0,3.323939005259587
0.0,0.7712241493758807
0.0,0.5
0.0,0.42202515392902623
0.0,0.0
0.0,0.0
0.0,0.0
0.0,0.4994335159404598
0.0,0.4994335159404598
0.0,0.0
0.0,0.27559592143479233
0.0,1.110897044043251
0.0,0.3640945653413333
0.0,0.0
0.0,0.8527635058807848
0.0,-0.0180536092338448
0.0,0.6443828272688285
0.0,0.0
0.0,0.44797964254053635
0.0,0.5
0.0,0.4289793550866096
0.0,1.8319723037887148
1.084137616186825,9.166378511023593
0.0,0.0
0.0,0.0
0.0,0.0
0.0,0.25568279013862405
0.0,0.25568279013862405
0.0,0.0
0.0,0.0
0.0,0.0
0.0,0.3878973735918162
0.0,0.2915202957365345
1.514601791058934,6.848084801529742
0.8256745191919561,3.8900871680778506
0.0,0.0
0.0,0.4987076570445784
0.0,0.4987076570445784
0.0,0.0
0.0,0.0
0.0,0.0
0.0,0.35653062231112986
0.0,0.0
0.0,0.0
1.746256955884224,1.8731284779421116
0.9724511955735775,2.721707533451807
0.0,0.0
1.6755672479158936,1.837783623957947
0.0,0.3359675738830214
2.161093702995342,6.424650792982362
0.29607819521970785,3.3091738617405655
0.0,0.0
0.0,0.0
0.0,0.0
0.0,0.0
0.0,0.0
0.0,0.0
0.0,0.0
1.4288079419352662,3.231296682596459
0.0,0.4953058521134464
0.0,0.5
0.0,0.0
0.0,0.0
0.0,0.5
0.0,1.4823581133595567
0.0,0.0
0.0,1.1760610750806877
0.0,0.4241481210448663
0.0,0.2864549246953979
0.0,0.0
0.1286386077038733,0.7864837469103441
0.0,0.0
1.0767960190341657,4.522879117588563
0.0,0.0
0.0,0.0
0.0,0.0
0.0,0.0
0.0,0.0
0.0,0.0
0.0,0.4999999999999999
0.0,0.4999999999999999
0.0,0.4999999999999999
0.0,0.4999999999999999
0.0,0.9999999999999998
0.0,0.0
0.0,0.16956069306124916
0.0,0.8190500093710437
0.0,0.0
0.0,0.48636072019687565
0.0,0.48636072019687565
0.0,0.0
0.0,0.0
0.0,0.39076678651364427
0.0,0.0
0.0,0.0
0.0,0.0
1.206422677022356,2.5671612529374737
1.3425912571355731,3.3963805503431166
0.0,0.0
0.0,0.7462340146467806
0.0,0.22902371807392727
0.0,0.0
0.0,0.0
0.0,0.0
0.0,0.0
0.8809156627147523,2.6682952025738516
0.0,0.0
0.0,0.5
0.21371903704995177,1.7560731908962193
0.0,0.0
0.0,0.0
0.0,0.0
0.0,0.4781759115151882
0.0,0.0
0.0,0.0
0.0,0.0
0.0,0.4444742475343556
0.0,0.0
0.0,0.0
0.0,0.0
0.0,0.0
0.0,0.658115218071462
2.1551023055967953,4.312524245655749
0.0,0.0
0.0,0.057963074925037966
0.0,0.4979344268832972
0.0,0.9674217633878648
0.0,0.3943193805628347
0.0,0.0
0.0,0.45551589897197076
0.0,0.18054468533482187
0.0,1.9424159012421747
0.0,0.7972230529252172
1.3110468029310332,10.095627827109926
0.5222222222222221,5.26691698456217
0.0,0.5
8.861216610204002,17.555403606288742
0.0,0.0
12.757513753302053,32.89025725439576
0.0,0.0
6.699911707634693,10.773358556042833
0.0,0.0
6.880154270934381,9.911935081082687
0.0,0.3992685823968758
0.0,0.0
0.0,0.0
0.0,0.0
0.0,0.0
0.0,0.0
0.0,0.0
0.0,0.4429736916621027
0.0,0.908924009122081
0.0,0.4393841833378914
0.3130532144742455,2.8925053781144627
1.2664864765262414,3.7432272274828025
0.0,0.44040042229227827
0.0,0.0
0.0,0.0
0.0,0.0
0.0,0.10266037428632602
0.0,2.0096215713695864
0.0,1.0
0.0,0.0
0.0,-0.15097625550992166
0.0,0.0
0.0,0.0
0.0,0.8587172364757674
0.0,0.0
0.0,0.0
0.22222222222222224,1.1621683769133482
0.0,0.5
0.0,0.0
0.0,0.9236962214347564
0.0,0.3085003344188637
0.0,0.3769580525787395
0.0,0.4160230494687207
0.0,0.0
0.0,0.9267517635685962
0.0,0.0
0.0,0.0
0.0,0.0
0.0,0.0
0.0,0.0
0.0,0.0
0.0,0.0
0.0,0.0
0.0,0.0
0.0,0.37365553292131964
0.0,0.2879451712736846
0.41324235652577457,1.1543382811566807
0.0,0.0
0.0,0.0
0.2544562210231594,5.147692129642432
1.1849982376094375,3.4676607361745573
2.409670918428707,3.4401973516761393
0.0,1.19387842206317
0.0,0.0
1.7650560817004384,1.8825280408502192
0.0,0.0
0.0,0.5631123229048847
0.0,-0.11330898019558386
1.1792298572042228,1.5896149286021113
0.0,0.11227500558134645
0.0,-0.0010339746142374318
0.0,0.0
0.0,0.0
0.0,0.2972230529252172
0.0,0.35306924042939664
0.0,0.0
0.0,0.0
0.0,1.1024344027233037
0.0,0.0
0.0,0.2418391073074119
0.0,0.4849279316371877
0.0,0.0
0.0,5.507435329443467
0.0,0.0
0.0,0.5
0.0,0.0
0.0,0.39607147497748924
0.0,0.0
0.0,0.0
0.4092057736831757,1.287284539108261
0.0,0.0
0.0,1.5025147719794185
0.0,0.0
0.0,0.0
0.0,0.0
0.0,0.0
0.0,0.0
0.0,0.0
0.0,0.0
0.0,0.0
0.0,0.3303682641532624
0.0,0.0
0.0,0.0
0.0,0.0
0.0,0.06422822834504377
0.0,0.06422822834504377
0.0,0.0
0.0,0.0
0.0,0.20846779535121346
0.0,0.0
0.0,0.0
0.0,-0.12459157746524946
1.48427197519833,3.251701816517442
0.0,0.22108434096412305
0.0,0.0
0.0,0.0
0.0,0.0
0.0,0.0
0.0,0.0
0.0,0.5
0.0,0.2780174694745326
0.0,0.44467836681478845
0.0,0.0
0.0,0.2649193469061858
0.0,0.0
0.0,0.4536902777504343
2.8356629583450337,3.3863260567796987
0.0,0.0
0.0,2.06632150073944
0.0,1.0
0.0,0.0
0.0,0.5
0.0,0.0
0.0,0.0
0.0,0.20453390570830648
0.0,0.0
0.0,0.0
0.0,0.0
0.2665916259063981,2.336233207493366
0.0,0.0
2.2427329039041033,2.621366451952052
2.300160737093207,3.807870590443577
0.0,0.0
0.0,0.0
0.0,1.9036726069082803
0.0,0.4448498586121212
0.0,0.0
0.0,0.0
0.0,0.0
0.0,0.3958180040032942
0.0,0.0
0.0,0.0
4.362670761985439,7.736876930718417
0.0,0.8964275747143422
0.0,0.0
0.0,0.0
0.0,0.1976070303084777
0.0,0.0
0.0,0.0
0.0,0.29019123711111044
0.0,0.0
0.0,0.0
0.0,0.0
0.32999124636343524,1.796889821696525
0.0,1.4022652901635948
0.0,0.0
0.13324277613794155,2.434843199875168
0.0,0.0
0.0,0.3803633406968362
2.0681475387775654,5.0925199241400065
0.0,0.3803633406968362
0.0,0.3850095928724093
0.0,0.0
0.0,0.0
0.0,2.213458681474136
0.0,0.0
0.0,0.0
0.0,2.5577738651485307
0.0,0.0
0.0,0.0
0.0,0.4427028356622259
1.1718245729944343,3.45047309421568
0.0,0.5
0.0,0.0
0.0,0.5
2.3726318199903114,3.515855133849083
0.0,0.7607991396160282
0.0,0.0
0.0,0.0
0.0,0.34938645585915157
0.0,-0.1888968081293235
0.0,0.0
0.0,0.0
0.0,0.0
0.5166666666666666,2.7583333333333333
0.5166666666666666,4.294312933393743
0.0,0.0
0.0,0.0
0.0,0.0
1.0310571359637806,1.4155285679818903
0.0,0.4403759796500698
0.8279871711323672,6.760089962644332
0.0,0.0
0.0,0.30325615790485166
0.0,0.0
0.0,0.0
0.0,0.0
0.0,0.0
0.19999999999999998,0.7666666666666666
5.430171538225136,27.010435810611995
0.0,0.0
0.0,0.0
0.0,0.0
0.0,0.0
0.0,0.0
0.0,0.0
0.0,0.0
0.0,0.191222583247515
0.0,0.5
0.0,0.0
0.5322974358011701,8.507137252097257
0.0,0.47175839547986953
0.0,0.0
0.0,0.47175839547986953
0.0,0.6830204540517956
0.0,0.4448078490980783
0.0,0.0
0.0,0.395549324433068
0.0,0.0
0.0,0.0
0.0,0.0
0.0,0.43070842963733325
0.0,0.0
0.0,0.0
0.0,0.7054198237113358
0.5962898070846521,1.5400825291868767
0.0,0.0
0.0,0.48824533232671374
0.0,0.48824533232671374
0.0,0.0
0.0,0.0
0.0,0.5
0.0,0.0
3.7673947441822735,9.403275606435853
6.919677327788719,11.093741040098134
8.135201818304644,16.785777726287886
7.384492628576881,11.808166628062917
0.0,0.0
4.852846562330287,10.367226722817787
1.0,2.6226845613558085
0.0,0.3899852621239203
0.0,0.0
0.0,0.0
0.05404186629008164,2.0838941726252598
1.6604393350016824,2.443720134933803
1.7499999999999998,1.8788090752732893
1.7062233364170296,2.011871841478964
0.0,0.4538271600509388
0.0,0.0
0.0,0.0
0.0,0.0
0.0,0.5085781645533467
0.0,0.0
0.0,0.0
0.0,0.5239455096263272
0.0,0.48084432835691937
0.0,0.0
0.0,0.0
0.0,1.383114419817218
0.0,0.0
0.0,0.0
0.0,0.0
1.1896581856216093,1.5948290928108046
0.0,0.8574349453242526
0.0,0.0
0.0,0.5
0.0,0.5
0.0,-0.08638732805183899
0.05802819239704406,0.525362089789597
0.0,0.0
0.2537799278845411,1.4758372122420957
0.0,0.3621574740361238
0.0,0.2631622787672664
0.0,0.0
0.0,0.0
4.87075069573554,10.315624089583821
3.0,3.0
