,DC
0,0.0
1,0.0
2,5.2
3,1.0
4,0.0
5,0.0
6,0.0
7,0.0
8,1.0
9,5.4
10,1.0
11,2.0
12,5.2
13,10.0
14,4.6
15,1.0
16,10.6
17,4.0
18,2.0
19,1.8
20,11.6
21,13.2
22,8.0
23,6.2
24,4.8
25,10.8
26,2.25
27,1.0
28,4.8
29,1.0
30,3.0
31,5.8
32,3.8
33,7.4
34,1.2
35,3.0
36,21.6
37,1.75
38,1.0
39,4.0
40,12.4
41,5.0
42,0.0
43,6.8
44,24.8
45,1.6
46,19.0
47,1.8
48,14.2
49,1.0
50,0.0
51,1.0
52,5.8
53,0.0
54,5.0
55,1.0
56,1.8
57,6.0
58,0.0
59,0.0
60,0.0
61,0.0
62,3.0
63,1.0
64,1.0
65,2.0
66,1.0
67,2.6
68,9.8
69,15.8
70,13.5
71,4.2
72,27.6
73,10.2
74,8.6
75,2.0
76,26.8
77,9.4
78,2.0
79,8.2
80,5.8
81,3.8
82,3.8
83,1.0
84,1.8
85,3.6
86,1.0
87,1.0
88,1.0
89,2.8
90,2.0
91,12.4
92,1.6
93,16.8
94,2.8
95,0.0
96,1.0
97,96.4
98,6.6
99,8.4
100,1.0
101,1.0
102,1.4
103,2.0
104,24.0
105,4.6
106,1.4
107,1.0
108,1.0
109,3.4
110,2.4
111,12.0
112,2.0
113,9.6
114,61.8
115,0.0
116,1.0
117,15.2
118,1.0
119,5.2
120,1.6666666666666667
121,2.0
122,9.8
123,5.8
124,6.0
125,15.6
126,14.8
127,5.4
128,6.25
129,0.0
130,0.0
131,1.0
132,6.0
133,4.0
134,9.4
135,12.0
136,21.4
137,5.0
138,4.6
139,1.2
140,0.0
141,16.6
142,2.6
143,1.8
144,3.0
145,1.0
146,3.2
147,1.0
148,4.4
149,2.0
150,3.0
151,2.0
152,2.0
153,2.6
154,11.0
155,5.6
156,6.0
157,4.8
158,2.0
159,1.6
160,0.0
161,7.2
162,40.0
163,2.0
164,6.6
165,4.8
166,2.0
167,1.0
168,3.0
169,11.6
170,2.0
171,1.0
172,1.0
173,1.0
174,51.6
175,1.0
176,0.0
177,2.6
178,2.8
179,15.8
180,9.0
181,18.8
182,10.4
183,0.0
184,1.0
185,0.0
186,0.0
187,2.2
188,3.8
189,1.0
190,1.0
191,0.0
192,0.0
193,8.4
194,11.0
195,0.0
196,0.0
197,0.0
198,3.2
199,0.0
200,49.0
201,18.0
202,36.0
203,91.6
204,1.6
205,2.2
206,2.0
207,7.8
208,3.6
209,4.4
210,0.0
211,0.0
212,3.0
213,2.0
214,21.4
215,1.8
216,2.4
217,10.2
218,1.0
219,0.0
220,1.8
221,1.6
222,6.0
223,5.8
224,1.0
225,8.8
226,3.4
227,1.0
228,1.0
229,4.4
230,48.4
231,0.0
232,5.6
233,7.2
234,0.0
235,9.8
236,7.6
237,8.8
238,1.0
239,1.25
240,4.4
241,1.25
242,0.0
243,3.0
244,25.8
245,1.0
246,34.0
247,4.0
248,2.0
249,1.0
250,2.6
251,0.0
252,17.6
253,2.0
254,19.4
255,3.6
256,6.2
257,14.0
258,5.6
259,1.0
260,11.2
261,15.4
262,0.0
263,1.0
264,0.0
265,4.4
266,5.2
267,2.6
268,6.6
269,1.0
270,2.0
271,7.0
272,1.0
273,2.8
274,12.6
275,17.8
276,0.0
277,58.6
278,8.4
279,15.6
280,35.75
281,1.0
282,21.8
283,0.0
284,9.6
285,1.0
286,8.2
287,1.0
288,0.0
289,1.0
290,0.0
291,10.0
292,1.0
293,2.0
294,2.6
295,7.0
296,1.0
297,6.0
298,15.75
299,59.4
300,3.2
301,2.0
302,14.8
303,2.8
304,3.6
305,8.6
306,1.0
307,16.0
308,10.2
309,4.0
310,3.0
311,2.2
312,3.8
313,1.6
314,16.4
315,14.2
316,2.0
317,3.0
318,2.8
319,0.0
320,2.0
321,19.0
322,13.0
323,6.0
324,3.0
325,0.0
326,1.8
327,54.2
328,209.6
329,3.0
330,1.5
331,2.0
332,1.0
333,2.0
334,3.0
335,0.0
336,3.0
337,4.6
338,8.8
339,2.0
340,2.8
341,1.0
342,17.8
343,5.0
344,1.0
345,1.0
346,1.8
347,2.0
348,1.0
349,14.8
350,2.6
351,0.0
352,2.4
353,2.0
354,4.4
355,1.0
356,2.0
357,14.0
358,1.0
359,9.2
360,54.2
361,2.0
362,39.6
363,2.0
364,63.4
365,2.6
366,4.2
367,4.6
368,1.0
369,10.0
370,6.8
371,1.6
372,1.0
373,6.8
374,0.0
375,0.0
376,1.0
377,1.0
378,2.0
379,41.2
380,2.6
381,1.0
382,1.0
383,11.4
384,1.0
385,6.6
386,3.8
387,1.0
388,2.0
389,3.0
390,1.2
391,1.0
392,4.4
393,1.2
394,17.0
395,2.0
396,2.2
397,1.0
398,1.0
399,5.6
400,1.8
401,0.0
402,2.0
403,1.8
404,1.0
405,18.2
406,1.0
407,31.0
408,0.0
409,2.6666666666666665
410,3.0
411,27.2
412,4.0
413,28.8
414,10.6
415,1.0
416,1.0
417,6.0
418,9.0
419,1.0
420,1.0
421,1.0
422,7.4
423,1.6
424,1.0
425,4.0
426,0.0
427,16.4
428,0.0
429,20.6
430,1.0
431,28.2
432,8.8
433,1.0
434,1.0
435,5.8
436,11.0
437,3.8
438,2.6
439,1.0
440,11.0
441,3.0
442,1.8
443,2.0
444,2.0
445,10.4
446,13.2
447,22.6
448,1.0
449,5.6
450,1.6
451,3.0
452,8.2
453,0.0
454,1.0
455,1.0
456,3.0
457,1.0
458,2.0
459,1.0
460,9.2
461,1.8
462,7.0
463,12.8
464,12.0
465,5.0
466,2.0
467,69.0
468,0.0
469,0.0
470,1.8
471,6.25
472,19.8
473,4.6
474,49.4
475,11.2
476,4.8
477,2.4
478,6.6
479,32.0
480,1.0
481,3.6
482,2.6
483,0.0
484,19.6
485,2.0
486,13.2
487,27.75
488,1.0
489,8.4
490,1.0
491,1.8
492,3.4
493,2.0
494,1.0
495,2.0
496,2.5
497,11.8
498,7.2
499,5.0
500,2.6
501,1.0
502,1.0
503,32.6
504,3.8
505,7.8
506,22.6
507,1.0
508,0.0
509,0.0
510,1.0
511,8.8
512,15.6
513,1.0
514,3.0
515,1.0
516,4.0
517,1.8
518,17.2
519,3.0
520,1.8
521,3.0
522,7.0
523,1.0
524,2.0
525,4.0
526,3.4
527,2.0
528,2.0
529,1.0
530,8.2
531,1.0
532,6.0
533,2.4
534,10.2
535,7.4
536,35.4
537,8.0
538,1.0
539,1.8
540,3.8
541,0.0
542,0.0
543,4.6
544,8.0
545,2.0
546,0.0
547,1.8
548,2.0
549,3.0
550,1.0
551,4.2
552,3.2
553,2.0
554,50.6
555,2.6
556,1.0
557,7.0
558,2.6
559,2.0
560,4.8
561,1.8
562,2.0
563,1.8
564,6.4
565,7.6
566,1.4
567,3.8
568,19.4
569,11.4
570,8.0
571,4.0
572,13.0
573,15.6
574,3.0
575,3.0
576,38.6
577,1.4
578,8.8
579,15.6
580,3.2
581,5.0
582,5.0
583,1.0
584,6.0
585,6.8
586,2.0
587,3.0
588,1.0
589,2.8
590,0.0
591,4.6
592,14.8
593,6.0
594,1.0
595,25.0
596,9.4
597,11.2
598,9.4
599,1.0
600,4.8
601,13.2
602,28.2
603,15.4
604,1.0
605,50.0
606,4.0
607,0.0
608,0.0
609,1.0
610,1.0
611,2.4
612,1.0
613,1.0
614,32.6
615,39.0
616,22.6
617,8.6
618,1.2
619,0.0
620,0.0
621,3.4
622,2.0
623,24.2
624,40.0
625,5.2
626,1.25
627,1.0
628,2.0
629,63.8
630,2.8
631,1.0
632,9.0
633,7.0
634,7.2
635,4.8
636,21.8
637,3.0
638,1.2
639,39.8
640,13.8
641,0.0
642,1.0
643,1.6
644,4.2
645,17.2
646,2.0
647,2.25
648,1.0
649,5.6
650,4.8
651,2.0
652,1.0
653,9.6
654,0.0
655,11.0
656,4.8
657,0.0
658,1.6
659,4.6
660,6.4
661,1.0
662,2.25
663,0.0
664,1.0
665,22.4
666,3.0
667,4.8
668,1.4
669,1.0
670,2.0
671,1.8
672,2.0
673,0.0
674,1.0
675,20.4
676,7.0
677,1.8
678,19.0
679,33.4
680,2.0
681,1.0
682,0.0
683,6.0
684,4.0
685,10.4
686,2.2
687,7.0
688,2.0
689,7.6
690,3.0
691,1.0
692,25.4
693,23.4
694,1.2
695,1.0
696,0.0
697,3.2
698,0.0
699,1.6
700,43.75
701,5.0
702,3.75
703,2.0
704,12.0
705,0.0
706,38.0
707,2.4
708,16.8
709,1.0
710,1.0
711,13.4
712,4.2
713,33.0
714,21.8
715,1.0
716,27.6
717,7.6
718,24.2
719,4.0
720,1.8
721,5.0
722,16.0
723,8.6
724,31.4
725,8.8
726,0.0
727,1.0
728,11.0
729,0.0
730,15.8
731,6.0
732,2.0
733,11.2
734,13.0
735,2.0
736,2.0
737,0.0
738,0.0
739,1.4
740,2.0
741,12.4
742,1.0
743,1.0
744,4.0
745,1.0
746,3.5
747,0.0
748,26.333333333333332
749,3.8
750,25.0
751,2.0
752,9.4
753,5.0
754,11.8
755,4.2
756,8.0
757,2.0
758,2.4
759,3.8
760,20.4
761,1.0
762,1.0
763,6.8
764,1.0
765,2.2
766,4.4
767,16.4
768,5.2
769,6.4
770,0.0
771,26.0
772,48.2
773,5.0
774,1.0
775,6.0
776,6.2
777,1.0
778,1.8
779,13.8
780,1.0
781,0.0
782,3.8
783,27.8
784,10.8
785,0.0
786,6.6
787,1.0
788,10.4
789,3.0
790,3.0
791,1.0
792,2.0
793,1.0
794,27.2
795,2.4
796,1.0
797,1.0
798,0.0
799,0.0
800,1.0
801,2.0
802,7.0
803,1.0
804,11.6
805,4.4
806,0.0
807,1.0
808,2.0
809,3.6
810,0.0
811,1.0
812,7.2
813,1.0
814,1.0
815,1.0
816,2.0
817,4.2
818,4.6
819,1.0
820,4.0
821,6.8
822,5.8
823,5.2
824,1.0
825,6.6
826,54.8
827,17.0
828,3.0
829,2.6
830,1.8
831,0.0
832,3.0
833,2.0
834,1.0
835,0.0
836,4.0
837,5.2
838,1.0
839,1.0
840,1.0
841,6.2
842,6.8
843,0.0
844,1.6
845,25.0
846,1.0
847,6.2
848,2.8
849,1.0
850,1.0
851,1.0
852,5.8
853,0.0
854,5.8
855,1.8
856,3.6
857,4.5
858,13.2
859,5.8
860,0.0
861,4.8
862,0.0
863,1.75
864,9.8
865,1.0
866,3.8
867,4.8
868,3.2
869,1.3333333333333333
870,5.6
871,5.8
872,5.0
873,6.0
874,2.0
875,2.0
876,1.0
877,15.0
878,4.0
879,37.75
880,3.25
881,16.0
882,1.4
883,9.8
884,2.0
885,1.2
886,1.0
887,2.8
888,1.8
889,9.0
890,2.0
891,5.0
892,2.5
893,4.8
894,9.6
895,2.2
896,2.0
897,4.4
898,11.4
899,2.8
900,2.0
901,8.8
902,24.8
903,6.0
904,7.0
905,10.4
906,4.0
907,1.0
908,1.0
909,2.2
910,2.0
911,12.0
912,2.6
913,2.6
914,2.8
915,33.4
916,12.6
917,1.0
918,7.8
919,14.8
920,8.0
921,6.75
922,1.0
923,2.0
924,13.2
925,1.0
926,2.2
927,2.0
928,2.0
929,20.6
930,4.8
931,2.6
932,2.6
933,30.0
934,3.2
935,2.0
936,20.0
937,0.0
938,32.0
939,8.4
940,1.2
941,2.75
942,2.8
943,20.4
944,2.4
945,1.8
946,4.8
947,3.6
948,3.6
949,3.0
950,3.0
951,1.0
952,13.0
953,8.4
954,16.8
955,29.8
956,2.8
957,16.2
958,1.0
959,1.0
960,18.0
961,12.8
962,3.6
963,2.0
964,12.2
965,11.0
966,1.0
967,13.6
968,13.6
969,1.0
970,8.0
971,1.0
972,17.4
973,8.6
974,1.6
975,4.2
976,1.0
977,1.0
978,11.6
979,11.4
980,4.2
981,26.0
982,19.4
983,9.6
984,1.0
985,2.2
986,9.6
987,0.0
988,3.6
989,6.4
990,6.2
991,10.0
992,1.0
993,7.0
994,7.6
995,4.6
996,2.0
997,23.2
998,1.0
999,1.0
1000,1.8
1001,3.0
1002,1.0
1003,2.0
1004,2.0
1005,2.0
1006,25.4
1007,18.4
1008,0.0
1009,0.0
1010,0.0
1011,1.0
1012,7.2
1013,6.0
1014,1.8
1015,10.6
1016,3.0
1017,1.0
1018,2.0
1019,8.4
1020,3.0
1021,1.0
1022,1.0
1023,6.8
1024,14.2
1025,5.0
1026,18.0
1027,1.0
1028,13.2
1029,2.2
1030,4.0
1031,1.0
1032,1.0
1033,2.0
1034,2.0
1035,1.0
1036,1.0
1037,1.4
1038,1.8
1039,9.0
1040,3.6
1041,15.8
1042,1.2
1043,8.0
1044,4.0
1045,14.8
1046,3.6
1047,1.0
1048,1.0
1049,8.2
1050,11.2
1051,10.6
1052,12.2
1053,2.0
1054,28.6
1055,2.0
1056,3.0
1057,2.0
1058,1.4
1059,4.8
1060,1.0
1061,35.4
1062,2.6
1063,3.0
1064,2.2
1065,1.2
1066,4.8
1067,1.0
1068,6.0
1069,3.0
1070,1.0
1071,40.5
1072,1.4
1073,0.0
1074,36.6
1075,2.0
1076,0.0
1077,11.8
1078,16.4
1079,3.6
1080,2.0
1081,0.0
1082,0.0
1083,7.0
1084,5.6
1085,1.0
1086,2.0
1087,1.0
1088,3.0
1089,3.8
1090,1.8
1091,2.0
1092,4.0
1093,6.0
1094,14.6
1095,2.6
1096,4.4
1097,0.0
1098,2.2
1099,2.0
1100,5.2
1101,3.0
1102,14.6
1103,1.8
1104,2.0
1105,1.0
1106,11.8
1107,1.0
1108,0.0
1109,5.6
1110,1.0
1111,1.0
1112,1.0
1113,5.2
1114,13.0
1115,2.0
1116,1.6
1117,13.0
1118,7.0
1119,8.0
1120,0.0
1121,30.0
1122,2.0
1123,67.6
1124,4.4
1125,4.0
1126,5.6
1127,46.8
1128,8.4
1129,1.0
1130,13.0
1131,2.0
1132,1.0
1133,1.0
1134,13.6
1135,3.0
1136,1.0
1137,2.6
1138,2.4
1139,5.2
1140,2.6
1141,1.6
1142,1.0
1143,31.0
1144,2.6
1145,15.8
1146,9.4
1147,1.0
1148,9.8
1149,2.0
1150,3.0
1151,3.8
1152,16.25
1153,1.0
1154,10.6
1155,1.8
1156,1.0
1157,9.4
1158,1.0
1159,1.0
1160,8.6
1161,2.0
1162,8.2
1163,2.0
1164,1.0
1165,1.0
1166,10.0
1167,1.8
1168,1.6
1169,1.0
1170,34.0
1171,7.6
1172,0.0
1173,1.8
1174,5.4
1175,0.0
1176,4.0
1177,11.6
1178,2.6
1179,5.0
1180,4.8
1181,2.0
1182,3.6
1183,3.0
1184,1.0
1185,2.0
1186,3.0
1187,10.8
1188,9.2
1189,2.0
1190,11.8
1191,2.0
1192,26.0
1193,1.0
1194,2.8
1195,16.2
1196,3.0
1197,1.0
1198,7.6
1199,6.0
1200,1.0
1201,9.2
1202,6.2
1203,8.0
1204,1.0
1205,15.6
1206,6.0
1207,3.0
1208,11.2
1209,2.0
1210,1.0
1211,9.0
1212,3.0
1213,1.0
1214,2.25
1215,3.8
1216,15.4
1217,4.8
1218,1.0
1219,19.6
1220,1.0
1221,0.0
1222,1.0
1223,0.0
1224,3.0
1225,1.8
1226,1.0
1227,1.8
1228,1.0
1229,28.0
1230,1.8
1231,1.0
1232,2.0
1233,2.4
1234,2.2
1235,1.0
1236,1.0
1237,5.0
1238,1.0
1239,1.4
1240,1.0
1241,1.0
1242,1.0
1243,1.0
1244,0.0
1245,19.5
1246,2.0
1247,1.4
1248,5.2
1249,1.0
1250,1.0
1251,7.8
1252,0.0
1253,1.0
1254,7.8
1255,19.2
1256,1.4
1257,13.2
1258,1.8
1259,3.0
1260,1.0
1261,0.0
1262,2.0
1263,1.0
1264,1.8
1265,5.0
1266,1.0
1267,5.0
1268,6.4
1269,17.2
1270,2.2
1271,9.0
1272,7.0
1273,5.6
1274,16.2
1275,1.0
1276,1.0
1277,2.5
1278,2.0
1279,6.4
1280,2.0
1281,0.0
1282,4.0
1283,2.0
1284,0.0
1285,15.6
1286,2.0
1287,5.2
1288,3.8
1289,10.6
1290,1.0
1291,1.0
1292,1.0
1293,8.0
1294,5.6
1295,5.0
1296,29.4
1297,3.0
1298,1.0
1299,3.4
1300,5.6
1301,0.0
1302,0.0
1303,1.0
1304,1.0
1305,1.0
1306,0.0
1307,0.0
1308,0.0
1309,2.0
1310,1.0
1311,0.0
1312,5.8
1313,15.6
1314,3.0
1315,3.8
1316,8.2
1317,8.333333333333334
1318,1.0
1319,1.0
1320,18.2
1321,5.0
1322,1.0
1323,1.2
1324,4.0
1325,4.8
1326,4.0
1327,1.0
1328,3.0
1329,6.5
1330,13.0
1331,94.0
1332,3.0
1333,16.6
1334,4.6
1335,6.0
1336,2.8
1337,21.0
1338,0.0
1339,12.6
1340,17.8
1341,5.8
1342,1.0
1343,5.0
1344,1.0
1345,3.0
1346,8.6
1347,7.8
1348,17.6
1349,1.4
1350,4.4
1351,10.8
1352,2.2
1353,0.0
1354,1.8
1355,6.0
1356,1.0
1357,10.8
1358,0.0
1359,2.4
1360,2.0
1361,1.0
1362,8.0
1363,2.0
1364,1.0
1365,2.0
1366,4.6
1367,3.2
1368,2.0
1369,7.0
1370,2.8
1371,1.0
1372,7.8
1373,1.4
1374,0.0
1375,9.8
1376,1.4
1377,9.4
1378,1.0
1379,4.2
1380,6.4
1381,2.8
1382,53.0
1383,40.0
1384,2.8
1385,2.6
1386,2.6
1387,0.0
1388,1.0
1389,1.0
1390,1.8
1391,4.0
1392,10.0
1393,3.8
1394,7.6
1395,2.6
1396,14.0
1397,1.0
1398,1.0
1399,3.6
1400,11.4
1401,1.0
1402,7.5
1403,3.0
1404,9.4
1405,1.6
1406,7.8
1407,1.0
1408,24.8
1409,6.0
1410,35.6
1411,3.8
1412,26.4
1413,4.6
1414,2.0
1415,0.0
1416,50.4
1417,2.4
1418,8.4
1419,1.0
1420,6.4
1421,3.2
1422,1.2
1423,45.6
1424,21.0
1425,4.0
1426,1.0
1427,14.0
1428,3.0
1429,4.8
1430,98.2
1431,8.0
1432,0.0
1433,0.0
1434,1.2
1435,4.6
1436,2.6
1437,3.5
1438,3.8
1439,1.4
1440,28.6
1441,1.8
1442,22.8
1443,7.6
1444,1.0
1445,2.6
1446,1.0
1447,2.0
1448,2.0
1449,13.2
1450,0.0
1451,9.6
1452,5.6
1453,2.0
1454,0.0
1455,0.0
1456,31.0
1457,5.6
1458,0.0
1459,10.6
1460,47.0
1461,2.6
1462,11.6
1463,1.0
1464,1.0
1465,1.0
1466,43.0
1467,26.4
1468,28.6
1469,2.6
1470,0.0
1471,1.0
1472,37.0
1473,11.75
1474,22.0
1475,1.8
1476,1.0
1477,1.0
1478,0.0
1479,1.0
1480,1.0
1481,1.0
1482,0.0
1483,1.0
1484,4.0
1485,0.0
1486,2.0
1487,2.0
1488,5.0
1489,1.0
1490,21.6
1491,9.6
1492,5.8
1493,0.0
1494,1.8
1495,2.0
1496,4.6
1497,0.0
1498,1.0
1499,25.4
1500,3.0
1501,32.2
1502,24.4
1503,4.0
1504,3.2
1505,4.0
1506,4.0
1507,8.6
1508,3.0
1509,5.8
1510,2.0
1511,1.0
1512,5.0
1513,2.2
1514,1.0
1515,8.6
1516,0.0
1517,1.0
1518,1.6
1519,47.0
1520,12.4
1521,64.0
1522,5.6
1523,12.0
1524,0.0
1525,1.0
1526,6.0
1527,3.8
1528,6.2
1529,6.0
1530,1.2
1531,1.0
1532,1.0
1533,1.0
1534,2.0
1535,1.2
1536,1.0
1537,0.0
1538,0.0
1539,0.0
1540,0.0
1541,7.0
1542,1.0
1543,0.0
1544,0.0
1545,0.0
1546,3.6
1547,11.2
1548,4.8
1549,16.2
1550,1.0
1551,0.0
1552,7.4
1553,4.8
1554,12.2
1555,1.0
1556,1.0
1557,4.8
1558,2.8
1559,11.0
1560,3.8
1561,1.0
1562,1.0
1563,2.6
1564,20.6
1565,2.0
1566,62.6
1567,1.6
1568,4.8
1569,87.6
1570,1.0
1571,7.8
1572,8.2
1573,1.0
1574,1.0
1575,10.4
1576,8.0
1577,12.6
1578,1.0
1579,2.0
1580,20.4
1581,3.6
1582,2.0
1583,0.0
1584,1.0
1585,3.0
1586,2.2
1587,3.0
1588,9.6
1589,11.2
1590,18.6
1591,44.0
1592,1.8
1593,1.8
1594,1.0
1595,1.0
1596,15.4
1597,31.6
1598,2.0
1599,2.0
1600,8.0
1601,1.0
1602,1.0
1603,7.0
1604,2.0
1605,1.0
1606,2.0
1607,1.0
1608,6.6
1609,1.0
1610,1.0
1611,29.4
1612,1.0
1613,2.6
1614,6.2
1615,0.0
1616,1.0
1617,6.2
1618,2.0
1619,2.0
1620,1.0
1621,0.0
1622,2.0
1623,1.0
1624,11.8
1625,1.0
1626,0.0
1627,1.0
1628,1.0
1629,1.0
1630,8.2
1631,1.8
1632,16.4
1633,1.0
1634,1.0
1635,24.8
1636,20.0
1637,1.0
1638,23.4
1639,1.0
1640,4.4
1641,3.6
1642,3.0
1643,2.0
1644,8.6
1645,1.0
1646,10.4
1647,12.4
1648,4.4
1649,1.75
1650,1.0
1651,0.0
1652,6.6
1653,0.0
1654,1.0
1655,33.8
1656,3.0
1657,1.0
1658,2.4
1659,1.0
1660,5.2
1661,1.0
1662,0.0
1663,2.6
1664,9.4
1665,1.0
1666,4.6
1667,2.0
1668,5.0
1669,3.6
1670,8.8
1671,2.0
1672,17.2
1673,1.6
1674,2.0
1675,5.8
1676,2.6
1677,6.0
1678,1.8
1679,10.0
1680,19.2
1681,1.0
1682,17.8
1683,6.0
1684,4.2
1685,1.0
1686,16.0
1687,29.0
1688,2.0
1689,1.0
1690,15.0
1691,12.2
1692,1.0
1693,1.8
1694,20.4
1695,2.0
1696,7.2
1697,6.0
1698,1.0
1699,1.0
1700,58.8
1701,4.0
1702,7.6
1703,15.6
1704,4.6
1705,1.8
1706,5.6
1707,10.4
1708,67.0
1709,1.0
1710,1.0
1711,1.0
1712,1.0
1713,1.2
1714,2.0
1715,6.0
1716,1.0
1717,1.0
1718,0.0
1719,2.6
1720,3.2
1721,6.0
1722,12.4
1723,1.0
1724,1.0
1725,2.0
1726,3.0
1727,19.4
1728,11.0
1729,1.8
1730,16.4
1731,1.0
1732,5.0
1733,0.0
1734,1.0
1735,2.0
1736,5.6
1737,3.0
1738,14.2
1739,31.6
1740,4.4
1741,2.4
1742,1.0
1743,6.0
1744,5.4
1745,5.2
1746,39.4
1747,1.0
1748,1.0
1749,2.0
1750,0.0
1751,1.25
1752,1.0
1753,43.8
1754,4.0
1755,7.0
1756,19.8
1757,10.0
1758,12.0
1759,18.2
1760,18.8
1761,4.2
1762,2.0
1763,2.0
1764,38.2
1765,14.6
1766,6.4
1767,2.6
1768,20.8
1769,8.4
1770,1.0
1771,0.0
1772,4.0
1773,1.0
1774,2.6
1775,1.5
1776,2.0
1777,5.0
1778,1.0
1779,6.2
1780,1.0
1781,2.8
1782,14.6
1783,2.0
1784,5.4
1785,11.2
1786,1.0
1787,3.6
1788,25.0
1789,7.0
1790,1.8
1791,8.4
1792,2.4
1793,0.0
1794,10.0
1795,16.6
1796,2.0
1797,1.0
1798,2.0
1799,4.2
1800,1.8
1801,1.8
1802,4.4
1803,3.4
1804,7.8
1805,1.0
1806,3.8
1807,2.8
1808,18.4
1809,2.8
1810,3.4
1811,7.2
1812,1.0
1813,9.6
1814,6.0
1815,17.6
1816,5.8
1817,3.0
1818,2.8
1819,3.0
1820,7.4
1821,1.0
1822,2.8
1823,3.6
1824,1.0
1825,1.0
1826,2.0
1827,1.0
1828,1.0
1829,2.0
1830,2.6
1831,0.0
1832,1.2
1833,1.0
1834,5.0
1835,1.2
1836,65.2
1837,1.75
1838,1.0
1839,0.0
1840,1.0
1841,4.6
1842,5.6
1843,2.8
1844,1.0
1845,23.0
1846,1.0
1847,6.4
1848,1.0
1849,2.8
1850,3.0
1851,7.2
1852,2.8
1853,8.0
1854,1.8
1855,0.0
1856,3.0
1857,1.0
1858,0.0
1859,4.0
1860,3.0
1861,2.8
1862,1.0
1863,2.0
1864,4.0
1865,5.0
1866,2.0
1867,23.4
1868,4.0
1869,1.0
1870,1.6
1871,3.0
1872,2.0
1873,3.4
1874,3.6
1875,3.2
1876,14.0
1877,4.4
1878,0.0
1879,10.6
1880,5.2
1881,0.0
1882,9.6
1883,50.2
1884,26.6
1885,29.2
1886,10.0
1887,14.6
1888,19.8
1889,2.6
1890,3.2
1891,1.8
1892,1.6
1893,2.0
1894,31.4
1895,26.6
1896,2.0
1897,1.0
1898,3.2
1899,5.4
1900,1.0
1901,2.0
1902,15.0
1903,1.0
1904,1.0
1905,6.4
1906,1.6
1907,34.0
1908,18.2
1909,0.0
1910,1.0
1911,4.0
1912,1.0
1913,1.0
1914,1.0
1915,3.0
1916,5.0
1917,4.6
1918,1.0
1919,0.0
1920,3.0
1921,8.6
1922,4.0
1923,34.4
1924,0.0
1925,2.0
1926,6.0
1927,3.0
1928,0.0
1929,0.0
1930,1.0
1931,8.6
1932,0.0
1933,1.0
1934,1.0
1935,1.0
1936,1.0
1937,4.2
1938,1.6
1939,0.0
1940,11.0
1941,13.0
1942,0.0
1943,7.6
1944,2.0
1945,3.0
1946,2.0
1947,0.0
1948,0.0
1949,27.6
1950,5.8
1951,2.6
1952,3.8
1953,3.4
1954,1.0
1955,1.8
1956,1.6
1957,0.0
1958,16.0
1959,5.6
1960,2.8
1961,2.0
1962,1.0
1963,7.2
1964,6.2
1965,1.5
1966,1.0
1967,2.0
1968,9.2
1969,1.0
1970,9.0
1971,2.0
1972,6.8
1973,2.0
1974,5.2
1975,2.8
1976,4.0
1977,1.0
1978,15.2
1979,6.2
1980,1.0
1981,2.0
1982,1.8
1983,6.4
1984,1.0
1985,2.8
1986,3.8
1987,2.2
1988,2.6
1989,0.0
1990,1.0
1991,2.0
1992,2.0
1993,2.4
1994,2.2
1995,1.8
1996,1.0
1997,2.8
1998,3.0
1999,0.0
2000,56.6
2001,1.0
2002,22.0
2003,2.8
2004,3.0
2005,2.8
2006,1.8
2007,1.0
2008,4.4
2009,1.0
2010,3.6
2011,1.0
2012,11.8
2013,4.6
2014,2.6
2015,0.0
2016,1.0
2017,2.0
2018,6.2
2019,8.4
2020,12.0
2021,7.4
2022,1.8
2023,1.8
2024,1.0
2025,16.6
2026,3.0
2027,1.75
2028,9.2
2029,3.6
2030,1.0
2031,15.2
2032,4.25
2033,31.75
2034,2.8
2035,1.0
2036,1.6
2037,2.4
2038,17.333333333333332
2039,4.6
2040,42.2
2041,2.6
2042,3.0
2043,1.0
2044,12.2
2045,14.6
2046,3.0
2047,4.6
2048,1.8
2049,25.8
2050,1.4
2051,1.0
2052,1.8
2053,6.2
2054,1.0
2055,4.0
2056,2.5
2057,14.8
2058,1.0
2059,8.6
2060,7.0
2061,3.8
2062,1.0
2063,1.0
2064,0.0
2065,1.0
2066,4.0
2067,2.0
2068,0.0
2069,0.0
2070,47.0
2071,12.2
2072,28.6
2073,1.0
2074,6.8
2075,20.8
2076,1.8
2077,2.0
2078,4.0
2079,4.0
2080,1.0
2081,1.0
2082,0.0
2083,5.0
2084,3.0
2085,4.6
2086,2.6
2087,2.2
2088,2.8
2089,5.0
2090,1.0
2091,6.8
2092,3.0
2093,1.0
2094,1.0
2095,11.0
2096,2.0
2097,0.0
2098,0.0
2099,15.4
2100,4.6
2101,1.0
2102,0.0
2103,0.0
2104,33.6
2105,2.0
2106,4.0
2107,3.6
2108,1.0
2109,1.0
2110,40.2
2111,0.0
2112,1.0
2113,0.0
2114,1.0
2115,1.0
2116,2.0
2117,12.8
2118,6.0
2119,5.8
2120,1.0
2121,1.6
2122,3.0
2123,4.6
2124,5.4
2125,6.2
2126,2.8
2127,53.2
2128,0.0
2129,5.2
2130,15.8
2131,3.0
2132,7.8
2133,2.0
2134,1.4
2135,17.6
2136,30.0
2137,0.0
2138,80.0
2139,2.0
2140,2.0
2141,13.2
2142,3.0
2143,4.0
2144,1.0
2145,1.75
2146,1.0
2147,0.0
2148,2.0
2149,22.2
2150,4.4
2151,1.8
2152,4.0
2153,1.0
2154,0.0
2155,1.0
2156,1.6
2157,0.0
2158,2.0
2159,1.0
2160,25.8
2161,1.0
2162,0.0
2163,2.8
2164,12.6
2165,1.0
2166,10.8
2167,7.4
2168,0.0
2169,1.0
2170,6.6
2171,2.0
2172,29.2
2173,1.0
2174,2.0
2175,9.6
2176,1.0
2177,0.0
2178,1.0
2179,0.0
2180,3.4
2181,1.0
2182,2.8
2183,6.2
2184,8.0
2185,2.0
2186,2.6
2187,3.0
2188,0.0
2189,5.0
2190,46.0
2191,2.0
2192,9.4
2193,2.0
2194,12.8
2195,0.0
2196,7.0
2197,17.0
2198,5.0
2199,0.0
2200,1.0
2201,7.4
2202,1.0
2203,2.0
2204,2.8
2205,35.2
2206,1.0
2207,14.2
2208,4.8
2209,4.8
2210,1.0
2211,36.2
2212,2.8
2213,1.0
2214,10.2
2215,3.0
2216,1.8
2217,2.8
2218,142.8
2219,6.4
2220,1.0
2221,1.0
2222,7.0
2223,13.6
2224,5.8
2225,6.4
2226,6.0
2227,5.4
2228,1.8
2229,1.0
2230,2.0
2231,6.0
2232,2.8
2233,1.75
2234,20.4
2235,2.0
2236,32.6
2237,1.8
2238,5.8
2239,0.0
2240,23.2
2241,19.0
2242,0.0
2243,2.0
2244,2.0
2245,2.0
2246,1.25
2247,6.0
2248,5.0
2249,1.0
2250,8.4
2251,1.0
2252,5.6
2253,1.0
2254,18.4
2255,1.8
2256,2.6
2257,7.6
2258,1.0
2259,4.2
2260,31.6
2261,21.8
2262,2.0
2263,3.0
2264,8.8
2265,15.2
2266,5.8
2267,6.8
2268,4.0
2269,0.0
2270,3.0
2271,12.0
2272,11.2
2273,2.0
2274,2.4
2275,8.4
2276,4.8
2277,3.8
2278,15.2
2279,7.0
2280,14.2
2281,1.0
2282,1.6
2283,6.6
2284,5.2
2285,2.0
2286,2.2
2287,4.4
2288,31.8
2289,2.0
2290,10.2
2291,22.6
2292,1.0
2293,0.0
2294,4.4
2295,2.8
2296,3.8
2297,2.0
2298,2.0
2299,2.0
2300,0.0
2301,0.0
2302,0.0
2303,0.0
2304,0.0
2305,7.2
2306,1.0
2307,1.2
2308,15.6
2309,3.6
2310,2.0
2311,11.6
2312,4.6
2313,1.0
2314,5.0
2315,1.0
2316,1.0
2317,1.0
2318,1.0
2319,32.8
2320,2.0
2321,0.0
2322,0.0
2323,1.0
2324,21.4
2325,4.2
2326,3.6
2327,0.0
2328,2.4
2329,6.6
2330,0.0
2331,1.0
2332,1.0
2333,3.0
2334,1.6
2335,1.0
2336,6.0
2337,11.8
2338,83.4
2339,1.0
2340,11.4
2341,1.2
2342,1.0
2343,1.0
2344,2.0
2345,1.0
2346,5.6
2347,22.4
2348,2.0
2349,3.2
2350,2.0
2351,5.2
2352,2.6
2353,1.0
2354,4.6
2355,1.0
2356,2.0
2357,0.0
2358,0.0
2359,1.6
2360,2.6
2361,62.8
2362,5.0
2363,5.0
2364,0.0
2365,2.0
2366,20.4
2367,6.4
2368,8.0
2369,3.0
2370,1.0
2371,3.4
2372,16.6
2373,4.8
2374,1.6
2375,2.6
2376,8.0
2377,0.0
2378,0.0
2379,6.6
2380,1.0
2381,1.0
2382,1.6
2383,0.0
2384,4.6
2385,3.0
2386,22.0
2387,25.2
2388,0.0
2389,2.2
2390,1.0
2391,1.0
2392,1.0
2393,5.0
2394,10.4
2395,20.0
2396,3.2
2397,10.4
2398,1.0
2399,3.6
2400,8.6
2401,5.0
2402,4.2
2403,9.8
2404,2.6
2405,4.6
2406,1.0
2407,3.6
2408,1.0
2409,3.0
2410,2.0
2411,5.2
2412,5.6
2413,11.4
2414,2.6
2415,2.0
2416,25.6
2417,7.0
2418,1.0
2419,1.4
2420,1.0
2421,1.0
2422,1.0
2423,1.0
2424,3.6
2425,3.0
2426,21.6
2427,10.2
2428,31.6
2429,1.0
2430,5.8
2431,14.8
2432,2.4
2433,6.6
2434,4.2
2435,2.0
2436,1.0
2437,3.0
2438,13.6
2439,1.0
2440,1.0
2441,10.4
2442,2.0
2443,1.3333333333333333
2444,1.0
2445,0.0
2446,0.0
2447,0.0
2448,0.0
2449,0.0
2450,9.6
2451,8.8
2452,14.0
2453,2.0
2454,8.6
2455,9.6
2456,5.0
2457,23.2
2458,2.0
2459,1.8
2460,1.0
2461,1.0
2462,2.0
2463,1.0
2464,3.2
2465,4.4
2466,1.0
2467,3.6
2468,5.0
2469,1.2
2470,1.0
2471,8.6
2472,0.0
2473,1.0
2474,1.0
2475,0.0
2476,2.0
2477,1.0
2478,1.0
2479,0.0
2480,1.0
2481,7.0
2482,2.0
2483,0.0
2484,0.0
2485,4.6
2486,13.6
2487,9.6
2488,9.2
2489,2.0
2490,47.8
2491,0.0
2492,6.0
2493,8.8
2494,5.2
2495,14.8
2496,2.8
2497,1.6
2498,4.8
2499,58.6
2500,1.8
2501,2.0
2502,2.0
2503,9.0
2504,4.4
2505,8.2
2506,3.0
2507,1.0
2508,16.4
2509,23.0
2510,2.0
2511,4.0
2512,6.4
2513,11.8
2514,1.0
2515,1.0
2516,6.4
2517,1.0
2518,12.2
2519,2.0
2520,2.0
2521,17.25
2522,7.2
2523,5.0
2524,1.0
2525,2.2
2526,9.8
2527,12.2
2528,2.8
2529,1.8
2530,12.6
2531,3.0
2532,3.2
2533,3.0
2534,3.0
2535,18.8
2536,1.0
2537,3.4
2538,24.6
2539,5.4
2540,2.0
2541,2.0
2542,13.8
2543,1.8
2544,20.6
2545,1.2
2546,2.0
2547,8.2
2548,11.6
2549,0.0
2550,2.6
2551,4.2
2552,3.0
2553,3.0
2554,3.6
2555,28.8
2556,3.2
2557,10.8
2558,6.2
2559,12.0
2560,1.2
2561,1.0
2562,36.0
2563,2.0
2564,1.0
2565,27.4
2566,3.8
2567,1.4
2568,1.0
2569,22.4
2570,2.8
2571,5.4
2572,13.6
2573,5.2
2574,20.4
2575,1.6
2576,0.0
2577,7.0
2578,28.4
2579,0.0
2580,1.0
2581,4.0
2582,1.0
2583,38.8
2584,0.0
2585,32.4
2586,1.0
2587,31.4
2588,1.0
2589,1.0
2590,1.0
2591,2.0
2592,3.4
2593,28.6
2594,1.0
2595,7.2
2596,14.25
2597,1.0
2598,2.0
2599,0.0
2600,1.0
2601,1.0
2602,4.75
2603,3.0
2604,4.25
2605,7.0
2606,3.8
2607,1.0
2608,25.0
2609,1.0
2610,1.75
2611,1.0
2612,1.0
2613,1.0
2614,8.2
2615,1.6
2616,1.0
2617,3.8
2618,3.6
2619,1.0
2620,1.8
2621,7.4
2622,1.0
2623,1.0
2624,10.8
2625,1.0
2626,3.0
2627,1.0
2628,1.0
2629,1.0
2630,4.0
2631,6.0
2632,2.0
2633,1.0
2634,20.2
2635,1.0
2636,1.0
2637,1.0
2638,1.0
2639,1.0
2640,13.4
2641,1.4
2642,15.2
2643,1.0
2644,0.0
2645,7.8
2646,0.0
2647,2.6
2648,1.0
2649,19.0
2650,0.0
2651,1.3333333333333333
2652,3.0
2653,1.0
2654,2.0
2655,1.0
2656,0.0
2657,1.0
2658,7.0
2659,1.0
2660,4.0
2661,5.0
2662,7.0
2663,0.0
2664,0.0
2665,0.0
2666,3.0
2667,8.0
2668,1.0
2669,0.0
2670,6.0
2671,3.0
2672,15.8
2673,0.0
2674,14.5
2675,16.4
2676,1.5
2677,1.0
2678,1.0
2679,2.0
2680,8.2
2681,0.0
2682,15.2
2683,1.6
2684,2.0
2685,1.0
2686,53.0
2687,1.8
2688,0.0
2689,1.5
2690,0.0
2691,0.0
2692,0.0
2693,3.6
2694,1.6
2695,3.0
2696,5.8
2697,1.0
2698,24.4
2699,1.2
2700,1.2
2701,4.2
2702,1.0
2703,12.4
2704,4.0
2705,0.0
2706,71.0
2707,0.0
2708,1.0
2709,2.2
2710,8.0
2711,1.0
2712,7.4
2713,13.4
2714,1.8
2715,2.6
2716,3.0
2717,3.8
2718,5.0
2719,2.6
2720,7.0
2721,2.8
2722,8.0
2723,17.2
2724,10.0
2725,8.2
2726,23.6
2727,1.8
2728,25.0
2729,2.0
2730,4.0
2731,10.6
2732,1.0
2733,0.0
2734,5.0
2735,25.8
2736,30.8
2737,1.0
2738,1.0
2739,13.6
2740,8.8
2741,2.0
2742,3.0
2743,2.0
2744,4.0
2745,16.8
2746,214.8
2747,3.4
2748,17.4
2749,3.25
2750,1.0
2751,0.0
2752,1.0
2753,0.0
2754,1.0
2755,2.0
2756,4.0
2757,1.0
2758,2.6
2759,2.4
2760,1.0
2761,1.6
2762,6.0
2763,9.8
2764,13.6
2765,3.6
2766,4.2
2767,1.6
2768,12.5
2769,2.0
2770,1.0
2771,48.6
2772,1.0
2773,1.0
2774,1.0
2775,1.0
2776,1.8
2777,1.4
2778,1.0
2779,4.0
2780,8.0
2781,1.0
2782,4.0
2783,2.0
2784,1.8
2785,2.0
2786,15.2
2787,2.0
2788,4.2
2789,3.8
2790,1.8
2791,11.2
2792,1.4
2793,1.8
2794,1.0
2795,1.0
2796,0.0
2797,1.0
2798,1.0
2799,4.0
2800,2.0
2801,1.6
2802,2.0
2803,27.2
2804,1.0
2805,1.0
2806,3.8
2807,7.4
2808,20.6
2809,7.0
2810,4.6
2811,4.8
2812,13.8
2813,8.4
2814,8.0
2815,2.0
2816,5.0
2817,1.0
2818,14.8
2819,3.0
2820,2.6
2821,4.0
2822,13.0
2823,7.8
2824,0.0
2825,4.8
2826,0.0
2827,4.8
2828,1.4
2829,1.0
2830,0.0
2831,17.2
2832,2.0
2833,0.0
2834,1.0
2835,1.0
2836,10.4
2837,1.2
2838,1.0
2839,4.2
2840,1.0
2841,4.0
2842,1.0
2843,2.2
2844,1.0
2845,4.0
2846,1.0
2847,1.0
2848,7.0
2849,7.0
2850,2.6
2851,16.0
2852,15.4
2853,8.0
2854,2.6
2855,1.6
2856,2.8
2857,17.8
2858,1.0
2859,21.8
2860,0.0
2861,1.0
2862,2.0
2863,2.4
2864,9.8
2865,4.0
2866,1.0
2867,1.0
2868,3.4
2869,3.0
2870,7.0
2871,19.4
2872,5.6
2873,1.0
2874,10.8
2875,1.0
2876,1.0
2877,4.6
2878,3.0
2879,2.8
2880,4.0
2881,0.0
2882,30.4
2883,1.8
2884,2.0
2885,5.8
2886,1.0
2887,16.0
2888,21.8
2889,1.0
2890,1.0
2891,1.0
2892,15.6
2893,1.8
2894,3.6
2895,1.0
2896,3.8
2897,3.8
2898,0.0
2899,4.8
2900,3.2
2901,4.8
2902,3.6
2903,2.0
2904,1.0
2905,0.0
2906,8.2
2907,1.8
2908,38.4
2909,23.2
2910,1.0
2911,1.0
2912,8.4
2913,1.0
2914,1.0
2915,16.6
2916,1.2
2917,2.0
2918,3.75
2919,6.2
2920,13.0
2921,12.4
2922,4.8
2923,1.0
2924,1.0
2925,1.0
2926,2.0
2927,45.0
2928,2.0
2929,17.8
2930,4.0
2931,2.4
2932,2.8
2933,1.8
2934,14.0
2935,1.0
2936,1.0
2937,1.0
2938,10.8
2939,1.0
2940,2.6
2941,1.0
2942,9.6
2943,7.0
2944,24.6
2945,4.4
2946,2.2
2947,2.0
2948,2.0
2949,2.0
2950,2.0
2951,1.0
2952,4.0
2953,5.0
2954,2.0
2955,1.0
2956,1.0
2957,1.0
2958,2.8
2959,4.6
2960,1.0
2961,3.4
2962,10.4
2963,1.0
2964,2.6
2965,8.8
2966,1.0
2967,7.4
2968,2.2
2969,1.0
2970,12.6
2971,3.8
2972,5.4
2973,2.0
2974,1.0
2975,3.2
2976,7.2
2977,3.8
2978,8.6
2979,2.8
2980,4.8
2981,1.4
2982,0.0
2983,0.0
2984,1.0
2985,1.0
2986,1.6
2987,2.8
2988,1.0
2989,2.0
2990,13.0
2991,15.2
2992,1.0
2993,2.0
2994,2.8
2995,1.0
2996,1.0
2997,10.0
2998,2.0
2999,6.2
3000,0.0
3001,3.0
3002,1.0
3003,7.0
3004,5.0
3005,4.8
3006,1.0
3007,2.0
3008,5.0
3009,40.4
3010,4.0
3011,7.0
3012,9.0
3013,6.2
3014,1.8
3015,1.0
3016,5.0
3017,1.0
3018,19.6
3019,6.0
3020,3.0
3021,2.6
3022,1.0
3023,1.0
3024,1.0
3025,0.0
3026,15.8
3027,0.0
3028,3.4
3029,1.0
3030,2.6
3031,1.0
3032,4.6
3033,12.4
3034,1.0
3035,4.6
3036,1.0
3037,4.0
3038,1.0
3039,1.0
3040,1.25
3041,1.0
3042,1.0
3043,6.0
3044,1.0
3045,1.0
3046,0.0
3047,2.0
3048,1.0
3049,1.0
3050,0.0
3051,2.0
3052,1.0
3053,2.0
3054,1.0
3055,40.6
3056,7.0
3057,6.0
3058,1.0
3059,1.2
3060,18.6
3061,1.0
3062,7.0
3063,1.0
3064,2.0
3065,1.0
3066,4.0
3067,2.0
3068,4.8
3069,0.0
3070,4.8
3071,5.0
3072,2.0
3073,7.0
3074,3.0
3075,3.0
3076,3.8
3077,1.8
3078,3.0
3079,6.2
3080,4.0
3081,7.6
3082,11.0
3083,0.0
3084,2.0
3085,16.0
3086,1.6
3087,12.2
3088,1.0
3089,4.0
3090,3.6
3091,12.0
3092,1.0
3093,14.2
3094,3.2
3095,7.5
3096,5.5
3097,4.0
3098,1.6
3099,11.4
3100,1.0
3101,2.0
3102,1.0
3103,3.0
3104,3.0
3105,5.0
3106,12.4
3107,2.0
3108,1.8
3109,2.25
3110,1.0
3111,2.0
3112,4.6
3113,2.0
3114,1.0
3115,1.8
3116,5.0
3117,7.5
3118,2.0
3119,1.0
3120,1.0
3121,1.0
3122,1.0
3123,8.6
3124,0.0
3125,3.0
3126,0.0
3127,0.0
3128,6.6
3129,1.6
3130,4.0
3131,3.8
3132,9.4
3133,1.0
3134,0.0
3135,3.0
3136,2.0
3137,2.0
3138,1.0
3139,2.0
3140,10.0
3141,6.0
3142,1.0
3143,17.6
3144,11.8
3145,1.6
3146,2.0
3147,9.0
3148,19.6
3149,1.0
3150,0.0
3151,1.0
3152,2.0
3153,1.6666666666666667
3154,1.0
3155,9.8
3156,7.8
3157,1.0
3158,2.0
3159,0.0
3160,3.0
3161,1.0
3162,1.0
3163,35.0
3164,3.6
3165,1.0
3166,2.0
3167,0.0
3168,2.0
3169,6.2
3170,1.0
3171,1.2
3172,6.8
3173,3.2
3174,1.0
3175,11.6
3176,2.8
3177,1.0
3178,1.6
3179,2.8
3180,0.0
3181,1.8
3182,6.8
3183,1.0
3184,1.0
3185,9.6
3186,3.8
3187,0.0
3188,35.0
3189,2.0
3190,0.0
3191,2.0
3192,21.0
3193,6.4
3194,4.8
3195,3.6
3196,6.2
3197,7.6
3198,1.0
3199,9.0
3200,1.0
3201,3.0
3202,2.6
3203,2.0
3204,7.6
3205,2.8
3206,2.0
3207,44.6
3208,12.4
3209,4.8
3210,1.0
3211,1.0
3212,9.6
3213,6.2
3214,2.0
3215,7.6
3216,8.4
3217,3.4
3218,3.8
3219,0.0
3220,1.0
3221,13.0
3222,1.0
3223,18.8
3224,15.4
3225,22.4
3226,2.0
3227,4.0
3228,1.0
3229,2.8
3230,1.0
3231,3.8
3232,2.2
3233,1.0
3234,14.6
3235,3.2
3236,5.0
3237,0.0
3238,6.4
3239,1.0
3240,1.5
3241,5.8
3242,4.2
3243,2.0
3244,1.0
3245,2.8
3246,0.0
3247,1.2
3248,0.0
3249,2.0
3250,7.2
3251,1.0
3252,2.0
3253,34.6
3254,15.0
3255,0.0
3256,1.8
3257,1.8
3258,1.0
3259,2.8
3260,3.0
3261,0.0
3262,3.8
3263,0.0
3264,5.8
3265,1.0
3266,1.0
3267,3.8
3268,1.0
3269,2.8
3270,1.0
3271,1.6
3272,31.8
3273,9.6
3274,2.2
3275,1.0
3276,55.6
3277,2.0
3278,9.4
3279,2.0
3280,1.0
3281,7.6
3282,2.6
3283,0.0
3284,3.2
3285,75.4
3286,6.4
3287,1.0
3288,0.0
3289,17.6
3290,15.0
3291,2.0
3292,2.0
3293,10.0
3294,0.0
3295,2.0
3296,1.0
3297,1.0
3298,1.0
3299,6.0
3300,6.2
3301,6.4
3302,0.0
3303,4.6
3304,2.0
3305,6.0
3306,1.0
3307,6.4
3308,4.2
3309,10.5
3310,1.0
3311,1.0
3312,2.4
3313,1.2
3314,3.0
3315,13.8
3316,2.0
3317,1.0
3318,2.0
3319,3.0
3320,1.8
3321,0.0
3322,12.6
3323,1.0
3324,20.6
3325,4.0
3326,1.0
3327,6.8
3328,1.4
3329,3.0
3330,8.6
3331,4.0
3332,2.0
3333,5.0
3334,2.2
3335,6.2
3336,3.6
3337,4.6
3338,0.0
3339,1.0
3340,1.0
3341,0.0
3342,5.0
3343,1.0
3344,0.0
3345,1.0
3346,10.4
3347,79.2
3348,1.8
3349,16.4
3350,9.6
3351,5.0
3352,4.0
3353,0.0
3354,4.0
3355,24.8
3356,3.0
3357,2.4
3358,1.0
3359,3.8
3360,6.0
3361,16.2
3362,5.0
3363,16.8
3364,1.0
3365,1.0
3366,1.0
3367,4.8
3368,2.8
3369,2.4
3370,57.4
3371,2.0
3372,1.0
3373,36.0
3374,15.2
3375,17.6
3376,1.6
3377,54.666666666666664
3378,2.2
3379,13.0
3380,1.0
3381,1.0
3382,1.0
3383,0.0
3384,11.25
3385,5.0
3386,4.2
3387,1.0
3388,4.0
3389,61.8
3390,1.0
3391,2.0
3392,0.0
3393,3.6
3394,17.0
3395,5.0
3396,1.0
3397,1.0
3398,2.6
3399,7.6
3400,6.8
3401,8.0
3402,4.0
3403,1.4
3404,8.4
3405,2.0
3406,2.6
3407,0.0
3408,7.4
3409,4.0
3410,1.0
3411,2.0
3412,1.0
3413,0.0
3414,1.0
3415,15.6
3416,1.0
3417,14.6
3418,2.0
3419,3.0
3420,8.8
3421,13.4
3422,11.0
3423,2.0
3424,3.6
3425,1.0
3426,28.8
3427,0.0
3428,1.0
3429,1.5
3430,0.0
3431,5.4
3432,4.0
3433,2.0
3434,15.6
3435,0.0
3436,5.8
3437,3.0
3438,2.8
3439,1.0
3440,11.8
3441,1.0
3442,0.0
3443,1.0
3444,0.0
3445,10.2
3446,0.0
3447,6.4
3448,5.8
3449,29.8
3450,21.4
3451,1.0
3452,3.2
3453,2.0
3454,2.75
3455,1.0
3456,2.8
3457,7.2
3458,10.0
3459,5.8
3460,17.2
3461,1.0
3462,0.0
3463,3.0
3464,1.2
3465,0.0
3466,3.0
3467,1.0
3468,6.6
3469,1.0
3470,6.8
3471,3.0
3472,2.8
3473,5.0
3474,1.0
3475,7.2
3476,1.0
3477,6.0
3478,1.0
3479,0.0
3480,1.2
3481,1.0
3482,2.0
3483,0.0
3484,1.0
3485,4.0
3486,10.8
3487,1.4
3488,7.6
3489,2.0
3490,62.4
3491,16.8
3492,6.6
3493,4.8
3494,10.6
3495,1.0
3496,8.4
3497,7.4
3498,9.0
3499,16.6
3500,2.0
3501,4.0
3502,3.0
3503,1.0
3504,24.2
3505,7.8
3506,5.6
3507,3.8
3508,2.0
3509,23.6
3510,1.8
3511,6.4
3512,76.0
3513,1.0
3514,8.2
3515,2.8
3516,2.0
3517,18.4
3518,71.0
3519,1.8
3520,1.6
3521,4.6
3522,5.6
3523,1.0
3524,1.6
3525,1.6
3526,1.0
3527,2.8
3528,1.0
3529,4.4
3530,2.0
3531,7.6
3532,3.5
3533,2.0
3534,13.0
3535,4.0
3536,5.25
3537,1.0
3538,2.0
3539,8.8
3540,18.4
3541,1.0
3542,2.8
3543,1.0
3544,1.0
3545,2.8
3546,3.0
3547,4.6
3548,2.0
3549,0.0
3550,3.6
3551,1.0
3552,5.0
3553,7.4
3554,2.2
3555,2.0
3556,6.0
3557,1.0
3558,11.0
3559,8.0
3560,5.4
3561,0.0
3562,9.6
3563,22.0
3564,14.8
3565,3.0
3566,1.0
3567,1.0
3568,0.0
3569,1.8
3570,4.0
3571,16.6
3572,7.6
3573,2.6
3574,1.0
3575,2.0
3576,3.6
3577,116.4
3578,9.2
3579,9.2
3580,1.6
3581,6.4
3582,1.0
3583,1.0
3584,1.5
3585,7.6
3586,9.0
3587,2.0
3588,0.0
3589,1.0
3590,3.5
3591,1.0
3592,27.6
3593,3.6
3594,0.0
3595,5.4
3596,15.75
3597,1.0
3598,0.0
3599,3.0
3600,13.8
3601,2.8
3602,11.6
3603,7.0
3604,4.4
3605,2.0
3606,3.6
3607,4.4
3608,2.8
3609,2.0
3610,1.0
3611,1.0
3612,2.4
3613,23.6
3614,1.0
3615,7.8
3616,9.4
3617,2.0
3618,11.6
3619,1.0
3620,7.6
3621,3.0
3622,1.0
3623,2.0
3624,20.2
3625,18.6
3626,1.0
3627,3.0
3628,2.8
3629,1.3333333333333333
3630,4.0
3631,1.0
3632,1.4
3633,42.4
3634,1.8
3635,1.6
3636,4.0
3637,5.6
3638,0.0
3639,1.6
3640,0.0
3641,0.0
3642,15.2
3643,0.0
3644,0.0
3645,3.0
3646,1.0
3647,2.0
3648,3.0
3649,3.2
3650,5.8
3651,1.0
3652,3.4
3653,4.6
3654,6.4
3655,5.0
3656,2.6
3657,1.0
3658,1.0
3659,1.0
3660,48.0
3661,2.6
3662,2.0
3663,6.4
3664,1.0
3665,1.0
3666,0.0
3667,4.0
3668,8.8
3669,1.0
3670,0.0
3671,116.2
3672,6.0
3673,49.2
3674,9.0
3675,2.0
3676,8.6
3677,9.2
3678,4.2
3679,1.0
3680,16.6
3681,45.4
3682,18.4
3683,1.0
3684,3.0
3685,5.8
3686,21.4
3687,1.0
3688,8.0
3689,1.4
3690,2.2
3691,1.0
3692,1.0
3693,1.0
3694,3.8
3695,1.2
3696,5.0
3697,7.0
3698,2.0
3699,16.0
3700,1.0
3701,2.0
3702,1.2
3703,0.0
3704,2.0
3705,0.0
3706,3.8
3707,5.4
3708,13.4
3709,9.2
3710,1.8
3711,1.8
3712,1.0
3713,1.0
3714,1.0
3715,4.0
3716,1.0
3717,10.8
3718,5.25
3719,82.2
3720,15.8
3721,62.0
3722,0.0
3723,1.0
3724,5.6
3725,1.0
3726,23.4
3727,29.2
3728,1.0
3729,1.0
3730,2.0
3731,1.0
3732,11.6
3733,32.2
3734,4.8
3735,7.6
3736,4.8
3737,2.0
3738,0.0
3739,1.0
3740,0.0
3741,2.0
3742,11.0
3743,5.0
3744,15.0
3745,1.8
3746,1.0
3747,2.0
3748,2.4
3749,2.0
3750,8.8
3751,4.6
3752,25.6
3753,1.6
3754,2.0
3755,2.0
3756,22.8
3757,4.8
3758,3.8
3759,3.0
3760,1.0
3761,1.0
3762,10.4
3763,1.0
3764,5.0
3765,1.5
3766,1.8
3767,11.0
3768,5.2
3769,1.0
3770,6.0
3771,2.0
3772,1.0
3773,1.6
3774,1.0
3775,3.4
3776,1.8
3777,3.8
3778,1.0
3779,3.8
3780,1.8
3781,22.0
3782,3.0
3783,2.0
3784,1.0
3785,5.0
3786,10.4
3787,1.75
3788,1.0
3789,1.0
3790,11.4
3791,5.0
3792,6.8
3793,2.6
3794,14.4
3795,1.75
3796,1.4
3797,2.0
3798,34.0
3799,2.0
3800,1.0
3801,2.6
3802,1.0
3803,2.8
3804,2.4
3805,22.6
3806,22.2
3807,23.6
3808,8.0
3809,3.0
3810,1.0
3811,2.0
3812,1.0
3813,8.6
3814,4.4
3815,1.75
3816,7.0
3817,3.0
3818,2.0
3819,10.0
3820,0.0
3821,6.8
3822,4.8
3823,2.8
3824,3.4
3825,10.2
3826,14.2
3827,1.0
3828,2.8
3829,2.0
3830,19.6
3831,3.0
3832,1.6
3833,2.0
3834,7.8
3835,1.0
3836,2.0
3837,0.0
3838,3.8
3839,6.4
3840,5.6
3841,1.0
3842,1.0
3843,1.6
3844,6.8
3845,12.2
3846,2.0
3847,1.0
3848,2.4
3849,5.6
3850,1.0
3851,9.8
3852,1.0
3853,14.4
3854,2.0
3855,5.0
3856,6.0
3857,1.2
3858,1.0
3859,5.6
3860,2.0
3861,1.0
3862,10.6
3863,2.0
3864,3.8
3865,9.6
3866,1.0
3867,21.6
3868,3.25
3869,1.0
3870,3.0
3871,11.0
3872,1.8
3873,4.6
3874,3.0
3875,3.8
3876,3.2
3877,3.0
3878,1.0
3879,0.0
3880,15.0
3881,0.0
3882,3.0
3883,4.0
3884,24.4
3885,15.4
3886,2.0
3887,4.0
3888,5.0
3889,3.8
3890,5.25
3891,0.0
3892,1.0
3893,1.0
3894,1.0
3895,16.4
3896,1.0
3897,1.0
3898,4.0
3899,12.6
3900,2.2
3901,6.0
3902,6.6
3903,19.4
3904,10.0
3905,4.0
3906,0.0
3907,0.0
3908,5.0
3909,4.0
3910,3.4
3911,2.8
3912,15.2
3913,0.0
3914,0.0
3915,14.6
3916,8.0
3917,4.4
3918,2.0
3919,31.8
3920,4.2
3921,1.8
3922,2.0
3923,26.6
3924,10.6
3925,0.0
3926,1.4
3927,0.0
3928,9.2
3929,1.0
3930,4.2
3931,1.0
3932,9.4
3933,2.6
3934,11.6
3935,1.0
3936,1.0
3937,12.6
3938,7.6
3939,7.0
3940,0.0
3941,1.0
3942,1.0
3943,13.8
3944,3.0
3945,13.5
3946,4.2
3947,4.0
3948,46.6
3949,2.0
3950,1.0
3951,33.8
3952,0.0
3953,1.5
3954,5.0
3955,1.8
3956,18.8
3957,1.0
3958,2.0
3959,0.0
3960,3.0
3961,9.2
3962,4.0
3963,6.8
3964,1.0
3965,0.0
3966,2.6
3967,16.8
3968,14.4
3969,10.0
3970,1.0
3971,17.0
3972,13.2
3973,6.8
3974,19.2
3975,11.0
3976,30.8
3977,2.6
3978,2.0
3979,2.8
3980,3.2
3981,5.0
3982,1.0
3983,12.8
3984,9.6
3985,7.0
3986,0.0
3987,1.4
3988,15.6
3989,17.8
3990,1.0
3991,29.4
3992,3.0
3993,11.0
3994,11.4
3995,30.6
3996,0.0
3997,2.4
3998,1.0
3999,5.0
4000,1.5
4001,5.0
4002,11.0
4003,9.2
4004,1.0
4005,7.666666666666667
4006,4.4
4007,19.2
4008,1.0
4009,1.8
4010,13.0
4011,1.0
4012,2.8
4013,11.0
4014,0.0
4015,0.0
4016,1.0
4017,1.0
4018,1.0
4019,1.8
4020,1.0
4021,2.0
4022,16.8
4023,1.2
4024,3.0
4025,6.4
4026,4.0
4027,7.6
4028,2.0
4029,2.8
4030,1.0
4031,1.2
4032,1.0
4033,33.8
4034,1.0
4035,2.0
4036,1.0
4037,5.6
4038,3.0
4039,0.0
4040,3.0
4041,10.0
4042,0.0
4043,16.4
4044,4.4
4045,1.0
4046,3.6
4047,1.0
4048,10.4
4049,12.6
4050,8.6
4051,0.0
4052,3.0
4053,3.0
4054,154.2
4055,0.0
4056,1.0
4057,2.4
4058,1.0
4059,2.0
4060,3.0
4061,1.0
4062,4.2
4063,6.2
4064,1.0
4065,1.6
4066,0.0
4067,7.4
4068,20.4
4069,2.0
4070,3.4
4071,1.0
4072,1.0
4073,1.0
4074,6.6
4075,1.6
4076,6.6
4077,5.2
4078,6.8
4079,1.0
4080,1.0
4081,1.0
4082,5.0
4083,2.4
4084,1.0
4085,5.6
4086,1.0
4087,2.4
4088,0.0
4089,9.8
4090,10.8
4091,2.0
4092,10.6
4093,2.8
4094,4.8
4095,1.0
4096,22.6
4097,3.0
4098,4.6
4099,3.0
4100,1.0
4101,2.0
4102,6.8
4103,29.4
4104,1.0
4105,3.0
4106,2.0
4107,23.6
4108,6.0
4109,2.0
4110,2.0
4111,1.0
4112,2.0
4113,7.4
4114,0.0
4115,5.4
4116,7.0
4117,8.4
4118,15.2
4119,1.0
4120,5.2
4121,2.6
4122,2.8
4123,9.4
4124,2.6
4125,2.8
4126,1.0
4127,1.0
4128,2.0
4129,0.0
4130,1.0
4131,5.8
4132,2.0
4133,3.4
4134,2.0
4135,18.8
4136,0.0
4137,3.0
4138,1.0
4139,13.4
4140,12.8
4141,1.0
4142,21.4
4143,1.0
4144,1.0
4145,2.4
4146,1.0
4147,15.4
4148,1.8
4149,1.2
4150,2.0
4151,3.0
4152,24.2
4153,10.2
4154,3.0
4155,17.8
4156,6.8
4157,2.2
4158,3.0
4159,2.0
4160,1.0
4161,24.2
4162,1.6
4163,1.0
4164,1.0
4165,1.8
4166,7.6
4167,1.0
4168,2.0
4169,0.0
4170,1.2
4171,4.0
4172,19.4
4173,2.8
4174,3.25
4175,3.0
4176,0.0
4177,1.0
4178,8.75
4179,1.0
4180,12.0
4181,1.0
4182,2.0
4183,1.0
4184,7.8
4185,1.0
4186,1.8
4187,10.0
4188,1.8
4189,6.0
4190,3.6
4191,1.0
4192,9.6
4193,2.8
4194,0.0
4195,4.8
4196,1.0
4197,7.2
4198,1.0
4199,2.0
4200,1.0
4201,1.0
4202,4.6
4203,2.0
4204,1.0
4205,22.4
4206,3.6
4207,1.0
4208,0.0
4209,10.4
4210,0.0
4211,2.8
4212,3.0
4213,2.0
4214,3.0
4215,1.8
4216,0.0
4217,1.0
4218,5.0
4219,8.8
4220,2.0
4221,1.0
4222,3.0
4223,2.8
4224,20.0
4225,14.0
4226,2.0
4227,2.0
4228,2.0
4229,5.5
4230,1.4
4231,1.0
4232,1.0
4233,1.0
4234,9.0
4235,4.0
4236,2.4
4237,1.0
4238,1.8
4239,5.0
4240,2.0
4241,4.8
4242,0.0
4243,2.0
4244,2.6
4245,6.2
4246,1.0
4247,10.2
4248,32.4
4249,8.2
4250,11.4
4251,1.0
4252,2.0
4253,4.6
4254,2.0
4255,7.0
4256,2.8
4257,2.6
4258,3.0
4259,3.6
4260,3.0
4261,10.2
4262,1.8
4263,5.4
4264,15.6
4265,1.0
4266,0.0
4267,1.6
4268,4.4
4269,2.0
4270,1.0
4271,1.2
4272,5.2
4273,1.0
4274,4.6
4275,3.6
4276,2.0
4277,14.2
4278,2.0
4279,2.0
4280,10.6
4281,4.0
4282,1.5
4283,1.0
4284,17.4
4285,0.0
4286,17.0
4287,41.8
4288,1.0
4289,0.0
4290,2.0
4291,4.0
4292,16.4
4293,4.0
4294,2.4
4295,5.0
4296,1.0
4297,2.0
4298,8.0
4299,23.6
4300,6.8
4301,1.0
4302,1.8
4303,1.8
4304,9.6
4305,10.6
4306,1.0
4307,0.0
4308,6.75
4309,0.0
4310,1.0
4311,8.8
4312,7.8
4313,1.0
4314,1.0
4315,17.0
4316,5.8
4317,1.8
4318,21.0
4319,1.6
4320,1.0
4321,1.0
4322,0.0
4323,10.6
4324,1.0
4325,2.0
4326,1.6
4327,0.0
4328,1.8
4329,3.0
4330,3.0
4331,2.0
4332,15.6
4333,1.0
4334,1.0
4335,2.0
4336,1.0
4337,7.2
4338,27.2
4339,2.0
4340,3.8
4341,1.0
4342,1.0
4343,11.8
4344,1.0
4345,8.0
4346,3.0
4347,9.4
4348,1.8
4349,5.4
4350,10.6
4351,24.4
4352,57.2
4353,30.8
4354,1.0
4355,1.0
4356,1.6
4357,20.6
4358,1.0
4359,5.0
4360,0.0
4361,1.0
4362,18.6
4363,1.0
4364,1.0
4365,10.0
4366,19.6
4367,2.8
4368,1.0
4369,1.4
4370,0.0
4371,0.0
4372,1.0
4373,9.0
4374,1.0
4375,0.0
4376,14.0
4377,1.0
4378,3.0
4379,3.0
4380,1.0
4381,1.6
4382,1.0
4383,1.0
4384,20.8
4385,33.4
4386,5.8
4387,3.2
4388,0.0
4389,6.8
4390,0.0
4391,4.4
4392,14.4
4393,8.8
4394,2.0
4395,0.0
4396,2.0
4397,2.8
4398,3.0
4399,3.0
4400,12.8
4401,5.8
4402,5.0
4403,24.6
4404,2.0
4405,3.6
4406,6.0
4407,1.0
4408,3.6
4409,18.4
4410,1.0
4411,3.2
4412,1.0
4413,1.0
4414,2.0
4415,2.8
4416,5.0
4417,7.0
4418,2.0
4419,3.75
4420,3.8
4421,41.0
4422,2.0
4423,2.0
4424,2.8
4425,1.75
4426,3.0
4427,1.75
4428,1.0
4429,7.6
4430,2.8
4431,2.0
4432,1.0
4433,2.2
4434,1.0
4435,8.0
4436,11.4
4437,2.6
4438,1.6
4439,31.4
4440,2.8
4441,2.0
4442,5.0
4443,1.75
4444,7.8
4445,2.0
4446,3.0
4447,20.2
4448,2.0
4449,2.6
4450,2.4
4451,1.0
4452,2.0
4453,3.8
4454,22.0
4455,2.6
4456,2.0
4457,2.6
4458,1.8
4459,7.4
4460,3.0
4461,9.6
4462,1.0
4463,1.0
4464,7.4
4465,7.4
4466,2.0
4467,2.0
4468,0.0
4469,1.0
4470,1.6
4471,18.6
4472,11.8
4473,0.0
4474,38.2
4475,0.0
4476,2.0
4477,3.0
4478,8.6
4479,2.0
4480,9.2
4481,8.4
4482,13.0
4483,1.0
4484,1.0
4485,1.0
4486,3.0
4487,13.0
4488,1.0
4489,12.5
4490,2.0
4491,4.8
4492,1.0
4493,1.0
4494,0.0
4495,1.0
4496,3.8
4497,4.0
4498,0.0
4499,3.0
4500,1.0
4501,1.8
4502,42.0
4503,1.0
4504,2.4
4505,5.0
4506,5.8
4507,4.0
4508,6.0
4509,16.0
4510,8.8
4511,1.0
4512,1.0
4513,3.6
4514,1.0
4515,4.6
4516,5.0
4517,2.0
4518,2.0
4519,19.8
4520,1.0
4521,3.0
4522,4.0
4523,6.5
4524,4.6
4525,4.4
4526,51.8
4527,2.0
4528,4.0
4529,0.0
4530,2.2
4531,1.8
4532,3.6
4533,9.0
4534,1.0
4535,5.4
4536,5.0
4537,2.0
4538,8.6
4539,2.8
4540,6.4
4541,1.0
4542,2.6
4543,1.0
4544,13.0
4545,8.0
4546,2.6
4547,1.4
4548,10.0
4549,2.0
4550,34.6
4551,6.8
4552,1.25
4553,1.0
4554,4.0
4555,1.0
4556,5.0
4557,1.0
4558,1.0
4559,13.2
4560,1.0
4561,1.0
4562,3.0
4563,13.2
4564,3.0
4565,13.2
4566,9.0
4567,8.6
4568,1.0
4569,2.8
4570,1.0
4571,3.0
4572,1.0
4573,12.6
4574,3.6
4575,1.0
4576,3.2
4577,10.6
4578,7.2
4579,1.0
4580,2.0
4581,15.2
4582,6.8
4583,0.0
4584,15.0
4585,9.2
4586,20.0
4587,1.0
4588,1.0
4589,13.4
4590,3.2
4591,2.4
4592,7.2
4593,9.6
4594,7.0
4595,1.0
4596,21.0
4597,2.0
4598,0.0
4599,3.0
4600,5.8
4601,3.0
4602,2.0
4603,1.0
4604,1.0
4605,13.4
4606,3.0
4607,0.0
4608,0.0
4609,1.0
4610,11.8
4611,2.8
4612,0.0
4613,5.6
4614,1.0
4615,4.0
4616,1.0
4617,1.0
4618,16.6
4619,1.0
4620,3.8
4621,3.0
4622,9.0
4623,1.0
4624,1.4
4625,16.0
4626,1.0
4627,7.0
4628,3.0
4629,0.0
4630,1.0
4631,3.6
4632,3.4
4633,1.0
4634,5.5
4635,1.0
4636,14.2
4637,2.4
4638,0.0
4639,1.8
4640,1.0
4641,5.2
4642,1.0
4643,10.8
4644,4.6
4645,8.8
4646,1.8
4647,9.8
4648,1.6
4649,1.0
4650,2.8
4651,1.0
4652,0.0
4653,2.6
4654,2.0
4655,16.4
4656,3.0
4657,1.0
4658,1.0
4659,1.0
4660,2.6
4661,1.0
4662,24.0
4663,1.0
4664,6.2
4665,0.0
4666,6.0
4667,0.0
4668,6.2
4669,1.0
4670,0.0
4671,15.0
4672,9.0
4673,1.8
4674,1.0
4675,1.0
4676,1.6
4677,4.8
4678,6.6
4679,2.2
4680,2.6
4681,3.0
4682,16.0
4683,10.2
4684,2.0
4685,3.0
4686,2.0
4687,3.0
4688,1.5
4689,1.0
4690,0.0
4691,1.0
4692,1.0
4693,7.2
4694,0.0
4695,0.0
4696,4.0
4697,1.0
4698,1.0
4699,0.0
4700,9.0
4701,3.8
4702,5.0
4703,5.0
4704,1.8
4705,1.0
4706,2.0
4707,1.2
4708,4.8
4709,8.0
4710,11.6
4711,2.2
4712,3.8
4713,14.2
4714,9.0
4715,2.8
4716,5.6
4717,36.0
4718,1.0
4719,2.0
4720,1.0
4721,5.6
4722,3.0
4723,1.0
4724,2.0
4725,21.0
4726,4.8
4727,3.0
4728,2.0
4729,3.0
4730,4.0
4731,1.0
4732,22.0
4733,34.6
4734,6.8
4735,2.0
4736,2.6
4737,0.0
4738,18.6
4739,2.6
4740,6.0
4741,1.0
4742,3.0
4743,1.0
4744,1.0
4745,1.8
4746,3.4
4747,2.0
4748,18.4
4749,2.0
4750,2.0
4751,1.0
4752,1.6
4753,1.0
4754,0.0
4755,25.6
4756,1.0
4757,2.8
4758,4.6
4759,2.0
4760,49.0
4761,4.0
4762,4.5
4763,6.6
4764,5.0
4765,7.4
4766,6.2
4767,6.0
4768,0.0
4769,3.0
4770,5.0
4771,1.0
4772,1.0
4773,3.0
4774,24.2
4775,10.2
4776,2.2
4777,1.4
4778,0.0
4779,2.0
4780,1.0
4781,5.0
4782,1.0
4783,1.0
4784,6.2
4785,1.0
4786,1.0
4787,0.0
4788,1.6
4789,8.0
4790,6.2
4791,1.0
4792,0.0
4793,2.0
4794,14.8
4795,1.0
4796,4.6
4797,1.0
4798,4.0
4799,1.0
4800,3.6
4801,19.8
4802,4.0
4803,11.0
4804,1.0
4805,4.8
4806,14.2
4807,2.0
4808,4.0
4809,2.0
4810,3.0
4811,0.0
4812,0.0
4813,0.0
4814,2.0
4815,2.0
4816,9.8
4817,8.2
4818,44.0
4819,2.4
4820,2.8
4821,1.0
4822,3.0
4823,0.0
4824,19.2
4825,14.2
4826,17.4
4827,5.6
4828,23.4
4829,2.6
4830,4.0
4831,1.8
4832,2.8
4833,4.0
4834,0.0
4835,2.6
4836,16.8
4837,1.0
4838,1.0
4839,11.8
4840,1.0
4841,6.6
4842,1.0
4843,0.0
4844,1.0
4845,13.0
4846,2.0
4847,0.0
4848,17.2
4849,4.6
4850,11.4
4851,9.6
4852,1.0
4853,1.0
4854,1.0
4855,2.4
4856,2.4
4857,0.0
4858,3.8
4859,1.0
4860,11.0
4861,5.6
4862,0.0
4863,1.8
4864,0.0
4865,1.75
4866,13.5
4867,55.2
4868,1.6
4869,2.0
4870,2.0
4871,7.8
4872,1.0
4873,6.2
4874,3.0
4875,11.2
4876,2.0
4877,3.8
4878,1.0
4879,4.6
4880,4.4
4881,4.0
4882,1.0
4883,0.0
4884,1.8
4885,2.0
4886,1.0
4887,13.0
4888,2.0
4889,2.8
4890,1.6
4891,1.3333333333333333
4892,2.8
4893,6.8
4894,42.0
4895,1.8
4896,9.2
4897,1.0
4898,33.5
4899,2.6
4900,8.4
4901,1.0
4902,1.0
4903,1.2
4904,5.6
4905,1.5
4906,13.8
4907,6.2
4908,1.0
4909,0.0
4910,0.0
4911,1.0
4912,2.8
4913,7.4
4914,12.2
4915,10.4
4916,1.0
4917,0.0
4918,20.2
4919,29.8
4920,1.0
4921,1.6
4922,1.0
4923,20.2
4924,4.2
4925,4.0
4926,2.0
4927,2.8
4928,3.2
4929,2.0
4930,1.0
4931,16.4
4932,3.0
4933,0.0
4934,0.0
4935,3.2
4936,1.0
4937,1.8
4938,1.0
4939,1.0
4940,2.4
4941,13.0
4942,0.0
4943,2.0
4944,1.0
4945,4.6
4946,43.8
4947,12.0
4948,10.8
4949,10.2
4950,3.2
4951,1.0
4952,9.6
4953,10.2
4954,10.6
4955,4.2
4956,4.4
4957,1.0
4958,5.6
4959,1.0
4960,4.0
4961,0.0
4962,3.0
4963,1.2
4964,10.0
4965,20.0
4966,1.0
4967,1.8
4968,5.8
4969,2.6
4970,4.0
4971,4.0
4972,3.0
4973,1.0
4974,19.8
4975,5.8
4976,3.6
4977,1.6
4978,1.8
4979,1.0
4980,1.0
4981,0.0
4982,2.0
4983,0.0
4984,1.0
4985,2.0
4986,7.8
4987,1.0
4988,11.2
4989,1.0
4990,0.0
4991,1.0
4992,1.0
4993,2.0
4994,3.8
4995,9.6
4996,4.8
4997,6.2
4998,2.0
4999,2.4
5000,1.4
5001,66.8
5002,12.2
5003,3.6
5004,10.8
5005,1.0
5006,0.0
5007,3.0
5008,1.0
5009,1.0
5010,1.0
5011,6.2
5012,1.0
5013,9.0
5014,5.6
5015,11.4
5016,7.4
5017,14.0
5018,22.0
5019,54.4
5020,26.0
5021,1.0
5022,1.0
5023,1.0
5024,15.0
5025,1.0
5026,22.4
5027,16.6
5028,3.6
5029,2.0
5030,1.0
5031,6.8
5032,1.0
5033,4.6
5034,4.2
5035,1.0
5036,1.0
5037,4.0
5038,2.2
5039,0.0
5040,5.0
5041,1.4
5042,0.0
5043,0.0
5044,6.0
5045,0.0
5046,8.6
5047,2.0
5048,5.0
5049,0.0
5050,1.8
5051,0.0
5052,2.2
5053,38.25
5054,1.0
5055,16.4
5056,2.0
5057,5.0
5058,0.0
5059,6.8
5060,11.6
5061,6.8
5062,1.6
5063,4.0
5064,7.333333333333333
5065,1.0
5066,7.0
5067,1.0
5068,17.0
5069,3.5
5070,8.0
5071,3.0
5072,8.8
5073,1.8
5074,1.0
5075,29.6
5076,3.0
5077,6.8
5078,17.4
5079,22.6
5080,3.0
5081,4.4
5082,5.8
5083,9.6
5084,4.0
5085,3.0
5086,4.6
5087,6.8
5088,4.0
5089,4.2
5090,15.6
5091,9.6
5092,0.0
