,NC
0,0.0
1,0.0
2,3.94333328
3,0.0
4,0.0
5,0.0
6,0.0
7,0.0
8,0.0
9,2.68
10,0.0
11,0.0
12,0.32
13,2.2539682799999996
14,0.0
15,0.0
16,1.2702380999999998
17,0.0
18,0.0
19,0.0
20,1.1899767
21,2.4885713799999998
22,1.8166666599999999
23,0.123809528
24,0.0
25,1.50714288
26,0.0
27,0.0
28,0.9333333400000001
29,0.0
30,0.0
31,1.0
32,0.7333333599999999
33,0.314285724
34,0.0
35,1.0
36,6.36264582
37,0.0
38,0.0
39,0.0
40,1.2606061
41,0.7
42,0.0
43,1.3466666799999998
44,2.3083758600000004
45,0.0
46,12.1284206
47,0.0
48,2.0383150399999996
49,0.0
50,0.0
51,0.0
52,0.0
53,0.0
54,2.95
55,0.0
56,0.0
57,0.0
58,0.0
59,0.0
60,0.0
61,0.0
62,0.0
63,0.0
64,0.0
65,0.0
66,0.0
67,0.8
68,3.79111116
69,4.301202720000001
70,2.0452380750000003
71,1.2
72,1.29963564
73,0.132222222
74,1.89015874
75,0.0
76,1.9189789599999998
77,1.52555558
78,0.0
79,0.22142857999999999
80,2.40999998
81,0.0
82,0.0
83,0.0
84,0.0
85,0.0
86,0.0
87,0.0
88,0.0
89,0.0
90,0.0
91,1.6310806
92,0.0
93,3.1738095399999997
94,0.0
95,0.0
96,0.0
97,24.0461228
98,1.9
99,0.273809528
100,0.0
101,0.0
102,0.2
103,0.0
104,1.80026034
105,0.56666668
106,0.0
107,0.0
108,0.0
109,0.60000002
110,0.0
111,2.5806061000000002
112,0.0
113,1.17500004
114,9.3701857
115,0.0
116,0.0
117,1.6524326999999999
118,0.0
119,0.24000000000000005
120,0.0
121,0.0
122,2.8035714599999997
123,0.0
124,1.6199999999999999
125,2.5208333
126,1.8133333999999999
127,0.45333334000000003
128,0.5499999999999999
129,0.0
130,0.0
131,0.0
132,0.0
133,1.3333334
134,2.1880953
135,3.87626256
136,3.02098606
137,0.37
138,0.0
139,0.0
140,0.0
141,0.425363416
142,0.43333334
143,0.0
144,0.0
145,0.0
146,0.0
147,0.0
148,0.63333334
149,0.0
150,2.0
151,0.0
152,0.0
153,1.8666666800000002
154,0.4
155,0.0
156,0.8
157,0.53333334
158,0.0
159,0.0
160,0.0
161,6.7476191
162,2.1910783200000004
163,0.0
164,0.36000000400000004
165,0.0
166,2.0
167,0.0
168,0.0
169,2.54083082
170,0.0
171,0.0
172,0.0
173,0.0
174,4.98661934
175,0.0
176,0.0
177,0.0
178,0.0
179,1.8508484199999997
180,0.25
181,2.53693378
182,0.21414141400000003
183,0.0
184,0.0
185,0.0
186,0.0
187,0.0
188,0.0
189,0.0
190,0.0
191,0.0
192,0.0
193,1.01349212
194,0.469642875
195,0.0
196,0.0
197,0.0
198,0.0
199,0.0
200,2.40516608
201,0.456184058
202,0.49144752199999997
203,5.74495906
204,0.0
205,0.0
206,0.0
207,1.18095244
208,0.8000000199999999
209,0.0
210,0.0
211,0.0
212,0.0
213,0.0
214,5.21368466
215,0.0
216,0.0
217,0.9344655580000001
218,0.0
219,0.0
220,0.0
221,0.0
222,0.0
223,1.08
224,0.0
225,1.1864285799999998
226,1.20000004
227,0.0
228,0.0
229,0.48
230,4.073775400000001
231,0.0
232,0.5833333
233,0.0
234,0.0
235,1.0318182
236,4.9219047400000004
237,0.0
238,0.0
239,0.0
240,2.99999998
241,0.0
242,0.0
243,0.0
244,2.32184852
245,0.0
246,0.71942296
247,0.6666667
248,0.0
249,0.0
250,0.0
251,0.0
252,6.40313618
253,0.0
254,8.553581699999999
255,0.0
256,1.44000002
257,0.0
258,0.0
259,0.0
260,5.3073231000000005
261,1.9510145200000004
262,0.0
263,0.0
264,0.0
265,2.8333333400000003
266,0.0
267,0.6
268,1.44000004
269,0.0
270,0.0
271,0.5790476339999999
272,0.0
273,0.0
274,2.9470996
275,5.081320799999999
276,0.0
277,15.0933784
278,0.27142858
279,2.54666672
280,1.4590735
281,0.0
282,6.25280606
283,0.0
284,0.61666666
285,0.0
286,0.308333332
287,0.0
288,0.0
289,0.0
290,0.0
291,4.72690472
292,0.0
293,0.0
294,0.0
295,1.24
296,0.0
297,0.16
298,1.2039377075000002
299,2.64245998
300,0.0
301,0.0
302,0.69032966
303,0.0
304,0.40000001999999996
305,0.47857143999999996
306,0.0
307,2.5294387
308,0.26880952599999997
309,0.6666667
310,0.0
311,1.2
312,2.66666668
313,0.0
314,6.4704548399999995
315,0.37142856
316,0.0
317,0.0
318,2.8
319,0.0
320,2.0
321,5.53861896
322,4.766161639999999
323,0.0
324,3.0
325,0.0
326,0.0
327,12.3400462
328,27.402660200000003
329,0.0
330,0.0
331,0.0
332,0.0
333,0.0
334,0.0
335,0.0
336,0.0
337,0.56666668
338,1.43809526
339,2.0
340,0.0
341,0.0
342,4.13710012
343,0.78666668
344,0.0
345,0.0
346,0.0
347,0.0
348,0.0
349,3.85837906
350,0.0
351,0.0
352,0.0
353,0.0
354,1.8
355,0.0
356,0.0
357,3.5897435200000003
358,0.0
359,0.523809522
360,2.3506886600000003
361,0.0
362,7.902736680000001
363,0.0
364,4.26460358
365,0.0
366,2.7
367,0.0
368,0.0
369,0.0
370,0.0
371,1.2
372,0.0
373,0.37333333599999996
374,0.0
375,0.0
376,0.0
377,0.0
378,1.6
379,4.15318088
380,0.0
381,0.0
382,0.0
383,0.98200466
384,0.0
385,0.12666666000000001
386,3.06666664
387,0.0
388,0.0
389,0.0
390,0.0
391,0.0
392,0.60000002
393,0.0
394,4.06658002
395,0.0
396,0.2
397,0.0
398,0.0
399,0.20000000399999998
400,0.0
401,0.0
402,0.0
403,0.0
404,0.0
405,5.15739452
406,0.0
407,12.9930032
408,0.0
409,0.0
410,0.0
411,13.5227012
412,0.0
413,10.9057084
414,6.3333335
415,0.0
416,0.0
417,6.0
418,0.83166668
419,0.0
420,0.0
421,0.0
422,0.3
423,0.0
424,0.0
425,2.0
426,0.0
427,0.399813262
428,0.0
429,5.39462794
430,0.0
431,1.55522608
432,2.09968256
433,0.0
434,0.0
435,0.0
436,3.5130159599999997
437,2.3499999799999998
438,0.0
439,0.0
440,3.5785713999999995
441,0.0
442,0.0
443,0.0
444,0.0
445,1.9032034599999998
446,4.63149856
447,5.9937412199999995
448,0.0
449,0.27999999999999997
450,0.0
451,0.0
452,1.084761914
453,0.0
454,0.0
455,0.0
456,0.0
457,0.0
458,0.0
459,0.0
460,0.7466666799999999
461,0.0
462,3.6666666599999997
463,2.12156564
464,1.057575744
465,0.0
466,0.0
467,3.1577684599999998
468,0.0
469,0.0
470,0.0
471,2.78571425
472,4.5541336999999995
473,0.0
474,2.22812256
475,0.38601732
476,0.94666666
477,0.0
478,0.36000000399999993
479,1.19319
480,0.0
481,2.93333332
482,0.0
483,0.0
484,1.18126086
485,0.0
486,4.045642138
487,1.147993075
488,0.0
489,0.144444444
490,0.0
491,0.0
492,0.0
493,0.0
494,0.0
495,0.0
496,0.0
497,0.32878788400000003
498,2.0142856399999998
499,0.5833333
500,0.0
501,0.0
502,0.0
503,11.843900199999998
504,0.0
505,0.0
506,1.18724144
507,0.0
508,0.0
509,0.0
510,0.0
511,0.26666666799999994
512,3.54229554
513,0.0
514,0.0
515,0.0
516,0.0
517,0.0
518,0.717316852
519,0.0
520,0.0
521,0.0
522,0.247619056
523,0.0
524,0.0
525,2.1666667
526,0.0
527,0.0
528,0.0
529,0.0
530,1.16666668
531,0.0
532,0.16
533,0.26666668
534,2.1407143
535,4.9142855
536,7.202280400000001
537,6.0
538,0.0
539,1.2
540,0.0
541,0.0
542,0.0
543,0.0
544,2.5714285
545,0.0
546,0.0
547,0.0
548,0.0
549,0.0
550,0.0
551,0.63333336
552,0.0
553,0.0
554,24.999061599999997
555,0.0
556,0.0
557,0.09
558,0.6
559,0.0
560,0.97
561,0.0
562,0.0
563,0.0
564,4.4799999999999995
565,0.914285722
566,0.0
567,0.0
568,2.07556284
569,0.73333334
570,2.05714288
571,0.6666667
572,0.61666666
573,1.3892490599999998
574,0.0
575,0.0
576,5.487502340000001
577,0.0
578,0.5333333499999999
579,4.3144112
580,0.0
581,0.75
582,0.0
583,0.0
584,0.0
585,0.0
586,0.0
587,0.0
588,0.0
589,0.0
590,0.0
591,0.0
592,2.4555811000000003
593,3.2600000199999997
594,0.0
595,9.7250794
596,0.864682546
597,7.0068182000000006
598,7.804047399999999
599,0.0
600,0.0
601,0.39984461400000004
602,5.61314574
603,5.337622179999999
604,0.0
605,2.2965476600000003
606,2.0
607,0.0
608,0.0
609,0.0
610,0.0
611,0.0
612,0.0
613,0.0
614,3.77541274
615,7.6594340999999995
616,2.23083396
617,5.057142799999999
618,0.0
619,0.0
620,0.0
621,0.86666668
622,0.0
623,3.60076032
624,2.44750826
625,0.0
626,0.0
627,0.0
628,0.0
629,3.2316926799999997
630,0.0
631,0.0
632,1.0
633,0.638095222
634,0.0
635,0.08
636,0.893045528
637,0.0
638,0.0
639,2.25379344
640,4.7479222199999995
641,0.0
642,0.0
643,0.0
644,0.1
645,1.86176554
646,0.0
647,0.0
648,0.0
649,0.0
650,0.0
651,0.0
652,0.0
653,1.7461111600000003
654,0.0
655,2.6950000000000003
656,2.03333334
657,0.0
658,0.0
659,0.0
660,0.0
661,0.0
662,1.166666675
663,0.0
664,0.0
665,9.1300347
666,1.0
667,0.1
668,0.0
669,0.0
670,2.0
671,0.0
672,0.0
673,0.0
674,0.0
675,8.564930100000002
676,3.5
677,0.0
678,0.0
679,1.2268944199999998
680,2.0
681,0.0
682,0.0
683,0.0
684,0.6666667
685,2.06111112
686,0.0
687,6.6666665
688,0.0
689,0.22857144
690,0.0
691,0.0
692,4.3433133
693,3.1567217800000003
694,0.0
695,0.0
696,0.0
697,0.6
698,0.0
699,0.0
700,3.0926912250000003
701,0.0
702,0.750000025
703,0.0
704,1.64698408
705,0.0
706,7.427667852000001
707,0.0
708,3.04695466
709,0.0
710,0.0
711,0.0
712,1.63333334
713,6.2168247999999995
714,0.0
715,0.0
716,6.6278966
717,2.9371427999999997
718,8.6955281
719,3.3333333000000005
720,0.0
721,5.0
722,0.0
723,0.39000000399999996
724,5.8235687800000004
725,0.0
726,0.0
727,0.0
728,0.943499278
729,0.0
730,1.17266806
731,1.12
732,0.0
733,0.15042735200000001
734,2.6357481600000003
735,0.0
736,0.0
737,0.0
738,0.0
739,0.0
740,0.0
741,0.731948072
742,0.0
743,0.0
744,0.0
745,0.0
746,0.0
747,0.0
748,2.465899266666667
749,0.0
750,3.9736316200000004
751,0.0
752,0.39777778
753,1.5
754,1.06666662
755,0.0
756,1.024127
757,0.0
758,0.0
759,0.0
760,0.77268116
761,0.0
762,0.0
763,0.20571429000000002
764,0.0
765,0.26666668
766,0.9666667199999999
767,2.0950000199999996
768,1.24
769,0.0
770,0.0
771,2.7260337999999997
772,9.125816799999999
773,0.0
774,0.0
775,1.7166666200000003
776,2.3133333199999995
777,0.0
778,0.0
779,1.97333332
780,0.0
781,0.0
782,0.0
783,3.03527944
784,0.0
785,0.0
786,0.72000002
787,0.0
788,4.09506496
789,0.0
790,0.0
791,0.0
792,0.0
793,0.0
794,1.614102326
795,0.0
796,0.0
797,0.0
798,0.0
799,0.0
800,0.0
801,0.0
802,1.4533333
803,0.0
804,0.555353538
805,0.43333334
806,0.0
807,0.0
808,0.0
809,0.8000000199999999
810,0.0
811,0.0
812,1.8861904800000004
813,0.0
814,0.0
815,0.0
816,0.0
817,1.23333338
818,0.0
819,0.0
820,0.0
821,2.38666664
822,1.66285712
823,0.0
824,0.0
825,0.0
826,0.4426885080000001
827,13.0172618
828,0.0
829,0.0
830,0.0
831,0.0
832,3.0
833,0.0
834,0.0
835,0.0
836,2.0
837,0.320000016
838,0.0
839,0.0
840,0.0
841,1.6300000000000001
842,1.6095237999999998
843,0.0
844,0.0
845,9.179234
846,0.0
847,0.45
848,0.0
849,0.0
850,0.0
851,0.0
852,0.0
853,0.0
854,1.1199999999999999
855,0.0
856,0.0
857,0.4125
858,0.6983682840000001
859,0.0
860,0.0
861,0.7333333200000001
862,0.0
863,0.0
864,2.9294444
865,0.0
866,2.1
867,0.27999999999999997
868,0.0
869,0.0
870,2.72
871,0.42000000000000004
872,1.5
873,1.07333334
874,0.0
875,0.0
876,0.0
877,2.25288594
878,0.0
879,3.8665233
880,0.0
881,5.13863264
882,0.0
883,0.8191269800000001
884,2.0
885,0.0
886,0.0
887,0.0
888,1.6
889,0.5476190599999999
890,0.0
891,0.26
892,0.0
893,0.0
894,7.4654758
895,0.0
896,0.0
897,1.3
898,1.60121212
899,0.0
900,0.0
901,0.28987013599999994
902,1.83828058
903,0.46666668
904,1.32571434
905,0.781428582
906,0.6666667
907,0.0
908,0.0
909,0.0
910,2.0
911,1.98454548
912,0.0
913,0.0
914,0.0
915,3.7047631200000004
916,1.114335668
917,0.0
918,4.37333314
919,1.24006328
920,0.0
921,0.48749999999999993
922,0.0
923,0.0
924,2.13649106
925,0.0
926,0.0
927,0.0
928,0.0
929,0.632184634
930,0.0
931,0.0
932,1.4
933,6.1532892
934,0.66666668
935,0.0
936,0.845885938
937,0.0
938,1.60958185
939,0.27999999999999997
940,0.0
941,0.0
942,1.2
943,4.34437138
944,0.0
945,0.0
946,0.9366666800000001
947,0.96666668
948,3.06666666
949,0.0
950,0.0
951,0.0
952,0.192857142
953,2.3416665599999997
954,1.49805848
955,4.2693719
956,0.0
957,9.3256426
958,0.0
959,0.0
960,2.15011676
961,1.55620878
962,2.73333334
963,0.0
964,0.18333333599999999
965,1.16060604
966,0.0
967,3.16769236
968,1.2440559800000002
969,0.0
970,0.0
971,0.0
972,3.5761624
973,0.892857148
974,1.2
975,0.0
976,0.0
977,0.0
978,1.11798978
979,1.3704761600000002
980,0.43333334
981,1.8727511
982,3.6358286800000004
983,0.46666667000000006
984,0.0
985,0.0
986,3.0757936399999997
987,0.0
988,0.60000002
989,2.8761905400000005
990,0.76
991,5.663888920000001
992,0.0
993,0.0
994,2.09238098
995,2.3666667
996,2.0
997,2.7111895
998,0.0
999,0.0
1000,0.0
1001,0.0
1002,0.0
1003,0.0
1004,1.6
1005,0.0
1006,0.9835131520000001
1007,0.587416442
1008,0.0
1009,0.0
1010,0.0
1011,0.0
1012,0.358333336
1013,3.22
1014,0.0
1015,0.24939394199999998
1016,0.0
1017,0.0
1018,0.0
1019,0.35
1020,0.0
1021,0.0
1022,0.0
1023,1.02857144
1024,2.2941666599999997
1025,0.0
1026,10.1145452
1027,0.0
1028,2.2000732999999997
1029,0.2
1030,0.6666667
1031,0.0
1032,0.0
1033,0.0
1034,0.0
1035,0.0
1036,0.0
1037,0.0
1038,0.0
1039,1.58095238
1040,0.0
1041,5.975522000000001
1042,0.4
1043,2.4761906000000002
1044,0.0
1045,9.891168799999999
1046,0.86666668
1047,0.0
1048,0.0
1049,1.3222222399999999
1050,1.1597669080000002
1051,3.5844444800000006
1052,1.49222446
1053,2.0
1054,0.780342896
1055,0.0
1056,0.0
1057,0.0
1058,0.0
1059,0.0
1060,0.0
1061,1.2457143199999998
1062,0.0
1063,1.0
1064,0.4
1065,0.0
1066,0.4
1067,0.0
1068,2.8
1069,0.0
1070,0.0
1071,9.037148250000001
1072,0.0
1073,0.0
1074,10.892135399999999
1075,0.0
1076,0.0
1077,3.8950721600000002
1078,2.3270651599999996
1079,2.4
1080,0.0
1081,0.0
1082,0.0
1083,0.0
1084,0.17142858
1085,0.0
1086,0.0
1087,0.0
1088,3.0
1089,0.0
1090,0.0
1091,0.0
1092,0.0
1093,0.4
1094,3.77408482
1095,0.0
1096,3.8
1097,0.0
1098,0.0
1099,0.0
1100,3.3400000000000007
1101,2.0
1102,2.1583333199999997
1103,0.0
1104,0.0
1105,0.0
1106,0.9429293
1107,0.0
1108,0.0
1109,0.0
1110,0.0
1111,0.0
1112,0.0
1113,4.16333322
1114,4.77333334
1115,0.0
1116,0.0
1117,0.27666666400000006
1118,0.75333332
1119,0.0
1120,0.0
1121,0.35094699799999995
1122,0.0
1123,9.1020723
1124,0.63333334
1125,1.3333334
1126,2.96
1127,8.06180806
1128,0.786031784
1129,0.0
1130,0.320634936
1131,0.0
1132,0.0
1133,0.0
1134,5.34510822
1135,0.0
1136,0.0
1137,1.4
1138,0.6
1139,0.85
1140,0.8
1141,1.2
1142,0.0
1143,2.593769306
1144,0.0
1145,5.470692700000001
1146,0.0
1147,0.0
1148,0.04
1149,0.0
1150,0.0
1151,0.0
1152,6.889709175
1153,0.0
1154,6.15000014
1155,0.4
1156,0.0
1157,0.180555552
1158,0.0
1159,0.0
1160,3.94880958
1161,0.0
1162,2.17142864
1163,0.0
1164,0.0
1165,0.0
1166,2.5033333200000003
1167,0.0
1168,0.0
1169,0.0
1170,11.996360999999998
1171,3.5238095799999996
1172,0.0
1173,0.0
1174,0.0
1175,0.0
1176,0.0
1177,0.0
1178,0.0
1179,0.0
1180,1.8
1181,0.0
1182,0.46666668
1183,1.0
1184,0.0
1185,0.0
1186,1.0
1187,1.6211111199999997
1188,4.05555554
1189,2.0
1190,5.5854546
1191,0.0
1192,2.12561328
1193,0.0
1194,0.0
1195,2.6168326399999997
1196,0.0
1197,0.0
1198,2.27523802
1199,1.6
1200,0.0
1201,0.144444444
1202,0.0
1203,0.0
1204,0.0
1205,4.51073594
1206,0.0
1207,2.0
1208,0.26341991800000003
1209,0.0
1210,0.0
1211,0.0
1212,0.0
1213,0.0
1214,0.0
1215,0.0
1216,3.38972526
1217,0.0
1218,0.0
1219,0.6003174600000001
1220,0.0
1221,0.0
1222,0.0
1223,0.0
1224,0.0
1225,0.0
1226,0.0
1227,0.0
1228,0.0
1229,0.626130194
1230,0.0
1231,0.0
1232,0.0
1233,0.0
1234,0.0
1235,0.0
1236,0.0
1237,0.0
1238,0.0
1239,0.0
1240,0.0
1241,0.0
1242,0.0
1243,0.0
1244,0.0
1245,4.653943775
1246,2.0
1247,0.0
1248,0.0
1249,0.0
1250,0.0
1251,1.7200000000000002
1252,0.0
1253,0.0
1254,0.0
1255,3.0467389000000002
1256,0.0
1257,1.4453146799999999
1258,0.0
1259,0.6
1260,0.0
1261,0.0
1262,2.0
1263,0.0
1264,0.0
1265,0.0
1266,0.0
1267,0.5
1268,2.45333332
1269,0.61060191
1270,0.0
1271,4.565000100000001
1272,0.6666667
1273,2.23666664
1274,1.7372850800000001
1275,0.0
1276,0.0
1277,0.0
1278,0.0
1279,0.7466666799999999
1280,0.0
1281,0.0
1282,0.0
1283,0.0
1284,0.0
1285,2.9590870000000002
1286,2.0
1287,0.50666668
1288,0.7333333599999999
1289,1.30247472
1290,0.0
1291,0.0
1292,0.0
1293,0.2857143
1294,0.0
1295,1.0333333599999999
1296,5.416557060000001
1297,0.0
1298,0.0
1299,0.66666668
1300,0.32
1301,0.0
1302,0.0
1303,0.0
1304,0.0
1305,0.0
1306,0.0
1307,0.0
1308,0.0
1309,2.0
1310,0.0
1311,0.0
1312,0.6799999999999999
1313,6.18
1314,0.0
1315,0.0
1316,1.7392857400000001
1317,2.4642856666666666
1318,0.0
1319,0.0
1320,4.06206146
1321,0.5
1322,0.0
1323,0.0
1324,0.40000001999999996
1325,0.0
1326,1.3333334
1327,0.0
1328,0.0
1329,0.0
1330,7.545406175
1331,11.2605599
1332,0.7
1333,2.91089128
1334,0.066666668
1335,1.65333334
1336,0.0
1337,3.6474583800000007
1338,0.0
1339,0.6795804440000002
1340,1.1097619
1341,1.4000000000000001
1342,0.0
1343,0.0
1344,0.0
1345,0.0
1346,0.67857144
1347,0.59523812
1348,0.5565846499999999
1349,0.0
1350,0.0
1351,0.8177777799999999
1352,0.0
1353,0.0
1354,0.0
1355,0.0
1356,0.0
1357,2.0710606
1358,0.0
1359,1.6
1360,0.0
1361,0.0
1362,0.5969230640000001
1363,2.0
1364,0.0
1365,0.0
1366,0.7666666799999999
1367,0.0
1368,0.0
1369,0.180952388
1370,0.0
1371,0.0
1372,4.6380955
1373,0.0
1374,0.0
1375,0.0
1376,0.0
1377,0.32428572
1378,0.0
1379,0.0
1380,0.0
1381,0.0
1382,0.05670226925
1383,9.5893292
1384,0.0
1385,0.0
1386,0.0
1387,0.0
1388,0.0
1389,0.0
1390,1.6
1391,0.6666667
1392,0.22222222
1393,1.26666672
1394,1.08571432
1395,0.6
1396,0.21772894799999998
1397,0.0
1398,0.0
1399,0.8000000199999999
1400,0.31222222
1401,0.0
1402,0.25
1403,0.0
1404,0.24047619200000003
1405,0.0
1406,1.0476191
1407,0.0
1408,1.52813092
1409,0.72
1410,4.3578242199999995
1411,0.0
1412,1.7682336199999997
1413,0.0
1414,0.0
1415,0.0
1416,1.3363594600000002
1417,0.0
1418,0.0
1419,0.0
1420,0.6399999999999999
1421,0.0
1422,0.0
1423,5.78398694
1424,10.5546912
1425,0.6666667
1426,0.0
1427,2.7938095
1428,0.0
1429,1.06666668
1430,21.8875518
1431,0.420000008
1432,0.0
1433,0.0
1434,0.0
1435,0.0
1436,0.0
1437,0.0
1438,0.0
1439,0.0
1440,6.2938002
1441,0.2
1442,4.620172940000001
1443,0.25142857999999996
1444,0.0
1445,0.1
1446,0.0
1447,0.0
1448,0.0
1449,0.082051286
1450,0.0
1451,4.05793646
1452,0.0
1453,0.0
1454,0.0
1455,0.0
1456,1.8780163399999998
1457,1.33666668
1458,0.0
1459,1.30857146
1460,4.60327162
1461,0.0
1462,1.8351515199999997
1463,0.0
1464,0.0
1465,0.0
1466,3.9339991799999994
1467,8.9783692
1468,2.22863046
1469,1.4
1470,0.0
1471,0.0
1472,2.832925
1473,0.310256415
1474,1.082223726
1475,0.0
1476,0.0
1477,0.0
1478,0.0
1479,0.0
1480,0.0
1481,0.0
1482,0.0
1483,0.0
1484,2.0
1485,0.0
1486,0.0
1487,0.0
1488,1.5866666600000001
1489,0.0
1490,5.04573856
1491,1.33412698
1492,0.0
1493,0.0
1494,0.0
1495,0.0
1496,0.2
1497,0.0
1498,0.0
1499,1.3472850799999998
1500,0.0
1501,11.092003
1502,0.34215673399999996
1503,0.0
1504,0.0
1505,0.0
1506,0.0
1507,4.5638888600000005
1508,0.0
1509,0.0
1510,0.0
1511,0.0
1512,0.0
1513,0.0
1514,0.0
1515,0.24000000000000005
1516,0.0
1517,0.0
1518,0.0
1519,2.6963234
1520,1.8937995399999998
1521,5.666463433333333
1522,0.16
1523,2.25897438
1524,0.0
1525,0.0
1526,0.0
1527,0.53333336
1528,0.566666672
1529,1.36
1530,0.0
1531,0.0
1532,0.0
1533,0.0
1534,0.0
1535,0.0
1536,0.0
1537,0.0
1538,0.0
1539,0.0
1540,0.0
1541,0.0
1542,0.0
1543,0.0
1544,0.0
1545,0.0
1546,2.00000002
1547,3.1797979599999997
1548,0.4
1549,7.986898999999999
1550,0.0
1551,0.0
1552,0.817142868
1553,1.33333334
1554,6.19127712
1555,0.0
1556,0.0
1557,1.53333334
1558,0.0
1559,2.1066666599999997
1560,0.3
1561,0.0
1562,0.0
1563,0.0
1564,0.9972209400000001
1565,0.0
1566,5.39092408
1567,0.0
1568,0.53333334
1569,16.639540000000004
1570,0.0
1571,0.30999999999999994
1572,2.08333332
1573,0.0
1574,0.0
1575,0.72166666
1576,5.6461905
1577,2.0614285800000003
1578,0.0
1579,0.0
1580,0.6111894019999999
1581,0.0
1582,0.0
1583,0.0
1584,0.0
1585,0.0
1586,0.0
1587,0.0
1588,1.18333334
1589,5.81477636
1590,9.032682
1591,1.08857314
1592,0.0
1593,0.0
1594,0.0
1595,0.0
1596,1.5333333599999999
1597,10.069504599999998
1598,0.0
1599,0.0
1600,0.5714286
1601,0.0
1602,0.0
1603,2.10208335
1604,2.0
1605,0.0
1606,0.0
1607,0.0
1608,1.372857154
1609,0.0
1610,0.0
1611,6.4098774800000005
1612,0.0
1613,0.0
1614,4.2666667
1615,0.0
1616,0.0
1617,2.0866666599999997
1618,0.0
1619,2.0
1620,0.0
1621,0.0
1622,0.0
1623,0.0
1624,0.635858574
1625,0.0
1626,0.0
1627,0.0
1628,0.0
1629,0.0
1630,0.15714286
1631,0.0
1632,0.851617628
1633,0.0
1634,0.0
1635,4.33289122
1636,1.86092336
1637,0.0
1638,4.19449352
1639,0.0
1640,0.33333334
1641,0.0
1642,0.0
1643,0.0
1644,0.0
1645,0.0
1646,0.848701312
1647,2.09913922
1648,0.0
1649,0.0
1650,0.0
1651,0.0
1652,3.9866665999999995
1653,0.0
1654,0.0
1655,2.97706858
1656,0.0
1657,0.0
1658,0.0
1659,0.0
1660,0.49333334000000006
1661,0.0
1662,0.0
1663,0.0
1664,0.116363638
1665,0.0
1666,0.0
1667,0.0
1668,0.4
1669,0.63333334
1670,0.23333332
1671,0.0
1672,3.8365043200000004
1673,1.2
1674,0.0
1675,2.72
1676,0.6
1677,2.6399999999999997
1678,0.0
1679,2.3821427999999996
1680,0.975528976
1681,0.0
1682,1.236908548
1683,0.4
1684,0.7666666799999999
1685,0.0
1686,8.4699998
1687,8.03945678
1688,0.0
1689,0.0
1690,2.25127456
1691,0.89222834
1692,0.0
1693,0.0
1694,2.80475822
1695,0.0
1696,0.925
1697,0.866666668
1698,0.0
1699,0.0
1700,4.4399804199999995
1701,2.53333334
1702,1.2190476799999999
1703,1.93147102
1704,0.0
1705,0.0
1706,2.2
1707,1.5571428600000001
1708,8.04775874
1709,0.0
1710,0.0
1711,0.0
1712,0.0
1713,0.0
1714,0.0
1715,0.7
1716,0.0
1717,0.0
1718,0.0
1719,0.0
1720,0.4
1721,3.2
1722,2.18842496
1723,0.0
1724,0.0
1725,0.0
1726,0.0
1727,1.145201612
1728,2.6731481
1729,0.0
1730,0.23648460000000004
1731,0.0
1732,0.0
1733,0.0
1734,0.0
1735,0.0
1736,0.8800000000000001
1737,2.0
1738,3.51011352
1739,1.136308208
1740,0.0
1741,0.4
1742,0.0
1743,0.30666666800000003
1744,0.0
1745,0.8000000179999999
1746,2.51716322
1747,0.0
1748,0.0
1749,0.0
1750,0.0
1751,0.0
1752,0.0
1753,3.0429480399999997
1754,0.6666667
1755,5.799999899999999
1756,0.661211368
1757,3.5768253800000003
1758,3.780303066666667
1759,4.210132740000001
1760,2.3429079999999995
1761,0.7
1762,0.0
1763,0.0
1764,3.04303908
1765,1.713171832
1766,0.407619056
1767,0.0
1768,1.8400331
1769,0.25
1770,0.0
1771,0.0
1772,0.0
1773,0.0
1774,0.0
1775,0.0
1776,0.0
1777,3.0
1778,0.0
1779,5.4666667
1780,0.0
1781,0.8
1782,2.05659618
1783,0.0
1784,1.31333334
1785,0.20111111199999998
1786,0.0
1787,0.40000001999999996
1788,0.9285376999999999
1789,0.86666668
1790,0.0
1791,7.6476188600000015
1792,0.0
1793,0.0
1794,2.5285713999999997
1795,1.12428574
1796,0.0
1797,0.0
1798,0.0
1799,0.0
1800,0.0
1801,0.0
1802,0.0
1803,0.0
1804,0.0
1805,0.0
1806,0.60000002
1807,0.0
1808,8.7590532
1809,0.0
1810,1.00000004
1811,1.52
1812,0.0
1813,0.34666666999999995
1814,0.64
1815,9.2288266
1816,0.20000000399999998
1817,0.0
1818,0.0
1819,0.0
1820,1.65904764
1821,0.0
1822,0.0
1823,0.0
1824,0.0
1825,0.0
1826,0.0
1827,0.0
1828,0.0
1829,0.0
1830,0.0
1831,0.0
1832,0.0
1833,0.0
1834,0.6
1835,0.0
1836,3.1325930800000004
1837,0.0
1838,0.0
1839,0.0
1840,0.0
1841,1.5
1842,0.663333344
1843,0.0
1844,0.0
1845,1.9983397879999998
1846,0.0
1847,0.37333333599999996
1848,0.0
1849,0.0
1850,0.0
1851,0.0
1852,0.0
1853,2.857143
1854,0.0
1855,0.0
1856,1.0
1857,0.0
1858,0.0
1859,0.0
1860,0.0
1861,1.2
1862,0.0
1863,0.0
1864,0.53333336
1865,0.5
1866,0.0
1867,4.5560541
1868,3.3333333000000005
1869,0.0
1870,0.0
1871,1.0
1872,0.0
1873,0.0
1874,0.8000000199999999
1875,0.0
1876,3.1952503199999995
1877,1.8
1878,0.0
1879,0.0
1880,0.0
1881,0.0
1882,0.24960317399999998
1883,16.5636154
1884,7.81435178
1885,3.0144045200000003
1886,0.0
1887,10.327106599999999
1888,3.197527159999999
1889,0.0
1890,0.0
1891,0.0
1892,0.0
1893,0.0
1894,13.1283876
1895,11.242542
1896,0.0
1897,0.0
1898,0.40000001999999996
1899,1.28
1900,0.0
1901,0.0
1902,2.55056782
1903,0.0
1904,0.0
1905,1.16
1906,0.0
1907,6.49983574
1908,3.58641646
1909,0.0
1910,0.0
1911,0.0
1912,0.0
1913,0.0
1914,0.0
1915,3.0
1916,5.0
1917,0.16
1918,0.0
1919,0.0
1920,1.0
1921,3.8511905200000007
1922,1.56666668
1923,2.20233698
1924,0.0
1925,0.0
1926,1.3333334
1927,0.0
1928,0.0
1929,0.0
1930,0.0
1931,3.996428499999999
1932,0.0
1933,0.0
1934,0.0
1935,0.0
1936,0.0
1937,1.7000000200000003
1938,0.0
1939,0.0
1940,0.5199999999999999
1941,8.153776500000001
1942,0.0
1943,4.81428584
1944,0.0
1945,0.0
1946,0.5
1947,0.0
1948,0.0
1949,4.12534622
1950,0.0
1951,0.0
1952,1.26666672
1953,1.4
1954,0.0
1955,0.0
1956,0.0
1957,0.0
1958,1.2972630200000002
1959,0.0
1960,0.0
1961,0.0
1962,0.0
1963,0.260952388
1964,1.6066666600000001
1965,1.0
1966,0.0
1967,0.0
1968,0.2920635
1969,0.0
1970,1.39333332
1971,0.0
1972,0.0
1973,0.0
1974,0.9600000000000002
1975,0.0
1976,0.60000002
1977,0.0
1978,9.257857000000001
1979,0.41333334399999994
1980,0.0
1981,0.0
1982,1.6
1983,5.48000002
1984,0.0
1985,0.0
1986,0.0
1987,0.0
1988,0.0
1989,0.0
1990,0.0
1991,0.0
1992,0.0
1993,0.0
1994,0.0
1995,0.0
1996,0.0
1997,0.8
1998,0.0
1999,0.0
2000,4.15093186
2001,0.0
2002,0.0
2003,1.2
2004,0.0
2005,0.0
2006,0.0
2007,0.0
2008,0.8
2009,0.0
2010,0.0
2011,0.0
2012,5.5109623999999995
2013,0.43333334
2014,0.0
2015,0.0
2016,0.0
2017,0.0
2018,2.6666666599999997
2019,0.42380952799999994
2020,0.64715732
2021,1.4428572000000002
2022,0.0
2023,0.0
2024,0.0
2025,9.5481144
2026,1.2
2027,0.0
2028,0.0
2029,0.0
2030,0.0
2031,5.1384981199999995
2032,0.0
2033,1.19025305
2034,0.0
2035,0.0
2036,0.0
2037,0.0
2038,1.6399267666666664
2039,1.13333336
2040,1.9440714
2041,0.0
2042,0.0
2043,0.0
2044,0.6899999800000001
2045,0.8571428659999999
2046,0.0
2047,0.56666668
2048,0.0
2049,7.25466534
2050,0.0
2051,0.0
2052,0.0
2053,1.02666668
2054,0.0
2055,0.0
2056,0.0
2057,0.44413544399999993
2058,0.0
2059,1.2399999999999998
2060,1.3466667199999998
2061,0.9
2062,0.0
2063,0.0
2064,0.0
2065,0.0
2066,0.0
2067,0.0
2068,0.0
2069,0.0
2070,2.79851304
2071,1.34898988
2072,14.8885268
2073,0.0
2074,0.7333333200000001
2075,1.3342022800000002
2076,0.0
2077,2.0
2078,0.0
2079,0.8333332999999999
2080,0.0
2081,0.0
2082,0.0
2083,0.0
2084,0.0
2085,1.29999996
2086,0.0
2087,0.0
2088,0.0
2089,0.0
2090,0.0
2091,1.02333334
2092,0.0
2093,0.0
2094,0.0
2095,3.69
2096,2.0
2097,0.0
2098,0.0
2099,0.31229741800000005
2100,0.0
2101,0.0
2102,0.0
2103,0.0
2104,7.461265559999999
2105,0.0
2106,0.0
2107,0.0
2108,0.0
2109,0.0
2110,8.143526840000002
2111,0.0
2112,0.0
2113,0.0
2114,0.0
2115,0.0
2116,0.0
2117,0.04
2118,2.30333336
2119,0.42000000000000004
2120,0.0
2121,0.0
2122,0.0
2123,1.46666668
2124,1.1233333479999998
2125,0.24000000000000005
2126,0.0
2127,8.868480100000001
2128,0.0
2129,0.0
2130,1.035310476
2131,0.0
2132,0.291666668
2133,2.0
2134,0.0
2135,4.2901541199999995
2136,7.5542283999999995
2137,0.0
2138,8.847899
2139,0.0
2140,0.0
2141,0.5208791319999999
2142,0.0
2143,0.0
2144,0.0
2145,0.0
2146,0.0
2147,0.0
2148,0.0
2149,2.80140514
2150,0.0
2151,0.0
2152,0.0
2153,0.0
2154,0.0
2155,0.0
2156,0.0
2157,0.0
2158,0.0
2159,0.0
2160,8.904886999999999
2161,0.0
2162,0.0
2163,0.0
2164,3.22272728
2165,0.0
2166,0.36333333
2167,0.9542857220000001
2168,0.0
2169,0.0
2170,0.36000000399999993
2171,0.0
2172,14.723724399999998
2173,0.0
2174,2.0
2175,7.873809560000001
2176,0.0
2177,0.0
2178,0.0
2179,0.0
2180,0.7
2181,0.0
2182,0.8
2183,0.21333333599999998
2184,0.6785714
2185,0.0
2186,0.0
2187,0.0
2188,0.0
2189,2.5
2190,3.9969470799999995
2191,0.0
2192,2.87777774
2193,2.0
2194,4.058741299999999
2195,0.0
2196,5.6666665
2197,4.62708872
2198,2.8
2199,0.0
2200,0.0
2201,0.886666684
2202,0.0
2203,0.0
2204,0.13333334
2205,14.039228
2206,0.0
2207,0.27008658799999996
2208,0.43333334
2209,0.0
2210,0.0
2211,4.6214771599999995
2212,0.40000001999999996
2213,0.0
2214,3.1378570399999997
2215,0.0
2216,0.0
2217,0.6
2218,12.152269480000001
2219,0.85333334
2220,0.0
2221,0.0
2222,5.45999994
2223,4.23290594
2224,1.36666672
2225,0.380000004
2226,0.0
2227,1.35333334
2228,1.6
2229,0.0
2230,0.0
2231,0.4
2232,0.0
2233,0.0
2234,5.855945960000001
2235,0.0
2236,1.25834833
2237,0.0
2238,0.0
2239,0.0
2240,5.6856912799999995
2241,4.2386725
2242,0.0
2243,0.0
2244,0.0
2245,0.0
2246,0.0
2247,3.6
2248,0.5
2249,0.0
2250,0.89722224
2251,0.0
2252,0.29333333999999994
2253,0.0
2254,3.51513584
2255,0.0
2256,2.3
2257,1.23333336
2258,0.0
2259,0.0
2260,5.884492140000001
2261,8.54705976
2262,0.0
2263,0.0
2264,0.34920636
2265,1.86906592
2266,0.74
2267,2.68333338
2268,0.0
2269,0.0
2270,0.0
2271,0.0
2272,0.0
2273,0.0
2274,0.0
2275,0.16428572
2276,0.4
2277,0.0
2278,3.8875053
2279,5.4000001
2280,0.674175824
2281,0.0
2282,0.0
2283,2.95999998
2284,0.27999999999999997
2285,0.0
2286,0.0
2287,1.20000004
2288,11.012290799999999
2289,0.0
2290,0.770194808
2291,9.1901184
2292,0.0
2293,0.0
2294,0.0
2295,0.8
2296,0.53333336
2297,0.0
2298,0.0
2299,0.0
2300,0.0
2301,0.0
2302,0.0
2303,0.0
2304,0.0
2305,0.95619052
2306,0.0
2307,0.0
2308,5.61496642
2309,0.40000001999999996
2310,0.0
2311,0.9125757800000001
2312,0.0
2313,0.0
2314,0.0
2315,0.0
2316,0.0
2317,0.0
2318,0.0
2319,6.60656874
2320,1.6
2321,0.0
2322,0.0
2323,0.0
2324,4.682234339999999
2325,1.65
2326,0.0
2327,0.0
2328,0.0
2329,3.0
2330,0.0
2331,0.0
2332,0.0
2333,0.0
2334,0.0
2335,0.0
2336,0.34285716
2337,0.23571427800000003
2338,18.8543238
2339,0.0
2340,3.2211472
2341,0.0
2342,0.0
2343,0.0
2344,0.0
2345,0.0
2346,0.8799999999999999
2347,0.51404965
2348,0.0
2349,1.3
2350,0.0
2351,0.09
2352,0.0
2353,0.0
2354,0.0
2355,0.0
2356,0.0
2357,0.0
2358,0.0
2359,0.0
2360,0.0
2361,8.7017744
2362,4.833333333333333
2363,0.0
2364,0.0
2365,0.0
2366,0.86022346
2367,1.03333332
2368,0.144444444
2369,1.0
2370,0.0
2371,0.0
2372,2.3666248599999995
2373,3.2
2374,0.0
2375,0.0
2376,1.1161905600000002
2377,0.0
2378,0.0
2379,1.08
2380,0.0
2381,0.0
2382,0.0
2383,0.0
2384,0.0
2385,3.0
2386,1.4551587000000001
2387,3.20863812
2388,0.0
2389,1.4
2390,0.0
2391,0.0
2392,0.0
2393,0.5
2394,1.194761892
2395,1.28486844
2396,0.0
2397,2.9173015999999996
2398,0.0
2399,0.0
2400,4.98571444
2401,0.51333334
2402,0.3
2403,2.3846681
2404,0.0
2405,1.7
2406,0.0
2407,0.0
2408,0.0
2409,0.0
2410,0.0
2411,0.0
2412,0.8799999999999999
2413,0.8844155880000001
2414,0.0
2415,0.0
2416,2.032988062
2417,0.0
2418,0.0
2419,0.0
2420,0.0
2421,0.0
2422,0.0
2423,0.0
2424,0.0
2425,0.0
2426,1.45686444
2427,0.61999998
2428,1.83445672
2429,0.0
2430,0.78
2431,0.188809528
2432,0.0
2433,2.3
2434,0.0
2435,0.0
2436,0.0
2437,0.8
2438,2.77301586
2439,0.0
2440,0.0
2441,1.16222224
2442,2.0
2443,0.0
2444,0.0
2445,0.0
2446,0.0
2447,0.0
2448,0.0
2449,0.0
2450,0.80666666
2451,0.2
2452,3.14384612
2453,0.0
2454,0.0
2455,1.9380953
2456,1.9
2457,0.374673442
2458,0.0
2459,0.0
2460,0.0
2461,0.0
2462,0.0
2463,0.0
2464,0.66666668
2465,0.0
2466,0.0
2467,0.8000000199999999
2468,1.05
2469,0.0
2470,0.0
2471,1.58571428
2472,0.0
2473,0.0
2474,0.0
2475,0.0
2476,0.0
2477,0.0
2478,0.0
2479,0.0
2480,0.0
2481,0.0
2482,0.0
2483,0.0
2484,0.0
2485,0.066666668
2486,3.973253960000001
2487,0.18333333200000002
2488,1.7216666799999998
2489,2.0
2490,2.50974106
2491,0.0
2492,4.8
2493,0.29436508
2494,0.0
2495,0.0
2496,0.0
2497,0.0
2498,0.0
2499,6.854629640000001
2500,0.0
2501,2.0
2502,0.0
2503,0.9833333499999999
2504,2.8
2505,0.32055555199999997
2506,0.0
2507,0.0
2508,4.38328482
2509,0.8487013000000001
2510,0.0
2511,0.0
2512,0.600000028
2513,2.5785653
2514,0.0
2515,0.0
2516,0.066666668
2517,0.0
2518,1.04523812
2519,0.0
2520,0.0
2521,0.123161765
2522,2.42619042
2523,2.6166667
2524,0.0
2525,0.0
2526,0.28888887999999996
2527,0.6790043239999999
2528,0.0
2529,0.0
2530,2.4000649199999997
2531,0.0
2532,0.0
2533,0.0
2534,0.0
2535,0.83829411
2536,0.0
2537,0.0
2538,7.03873912
2539,0.0
2540,0.0
2541,0.0
2542,3.15701298
2543,0.0
2544,5.1904973
2545,0.0
2546,0.0
2547,0.5214285879999999
2548,3.53906208
2549,0.0
2550,0.0
2551,0.54666668
2552,0.0
2553,0.0
2554,0.83333334
2555,1.335416
2556,0.66666668
2557,0.80690477
2558,1.3333332800000002
2559,0.467521376
2560,0.0
2561,0.0
2562,2.47116436
2563,0.0
2564,0.0
2565,2.90436526
2566,0.0
2567,0.0
2568,0.0
2569,1.3417990000000002
2570,0.0
2571,1.7399999999999998
2572,2.9384616
2573,0.7
2574,0.30163743000000004
2575,0.0
2576,0.0
2577,0.900000004
2578,6.72452442
2579,0.0
2580,0.0
2581,0.6666667
2582,0.0
2583,5.4471885
2584,0.0
2585,1.90563398
2586,0.0
2587,0.71300309
2588,0.0
2589,0.0
2590,0.0
2591,0.0
2592,1.8
2593,2.33853572
2594,0.0
2595,2.0714286
2596,0.37700746749999997
2597,0.0
2598,0.0
2599,0.0
2600,0.0
2601,0.0
2602,0.916666675
2603,0.0
2604,0.071428575
2605,2.75999998
2606,0.0
2607,0.0
2608,2.24719462
2609,0.0
2610,0.0
2611,0.0
2612,0.0
2613,0.0
2614,0.8257936600000001
2615,0.0
2616,0.0
2617,0.0
2618,0.0
2619,0.0
2620,0.0
2621,0.7533333200000001
2622,0.0
2623,0.0
2624,2.35174606
2625,0.0
2626,0.0
2627,0.0
2628,0.0
2629,0.0
2630,2.0
2631,0.7
2632,0.0
2633,0.0
2634,2.4619109999999997
2635,0.0
2636,0.0
2637,0.0
2638,0.0
2639,0.0
2640,3.5873443400000005
2641,0.0
2642,5.613028900000001
2643,0.0
2644,0.0
2645,0.295238108
2646,0.0
2647,1.6
2648,0.0
2649,1.5620161
2650,0.0
2651,0.0
2652,0.0
2653,0.0
2654,0.0
2655,0.0
2656,0.0
2657,0.0
2658,2.8114286
2659,0.0
2660,0.6666667
2661,1.95
2662,0.19047619600000001
2663,0.0
2664,0.0
2665,0.0
2666,0.0
2667,5.228571400000001
2668,0.0
2669,0.0
2670,1.3
2671,1.5
2672,4.33491448
2673,0.0
2674,0.063541665
2675,2.93560098
2676,0.0
2677,0.0
2678,0.0
2679,0.0
2680,1.3555556
2681,0.0
2682,0.322738102
2683,0.0
2684,0.0
2685,0.0
2686,9.553982600000001
2687,0.0
2688,0.0
2689,0.0
2690,0.0
2691,0.0
2692,0.0
2693,0.0
2694,0.0
2695,0.0
2696,2.04
2697,0.0
2698,0.6840230860000001
2699,0.0
2700,0.0
2701,0.0
2702,0.0
2703,4.424536680000001
2704,1.5
2705,0.0
2706,4.694675975
2707,0.0
2708,0.0
2709,0.0
2710,3.2857144
2711,0.0
2712,1.32952386
2713,1.38682654
2714,0.0
2715,0.0
2716,1.0
2717,2.53333336
2718,1.5
2719,0.6
2720,1.44
2721,0.0
2722,0.11428572
2723,3.6639119200000003
2724,0.22222222
2725,5.007619119999999
2726,5.0155072
2727,0.0
2728,3.6616624200000003
2729,0.0
2730,0.0
2731,0.16888888800000001
2732,0.0
2733,0.0
2734,1.7333333199999998
2735,4.20663438
2736,1.11632612
2737,0.0
2738,0.0
2739,0.0
2740,0.7
2741,0.0
2742,0.2
2743,0.0
2744,0.6666667
2745,0.7162079720000001
2746,4.2674455600000005
2747,1.13333336
2748,6.88619808
2749,1.08333335
2750,0.0
2751,0.0
2752,0.0
2753,0.0
2754,0.0
2755,2.0
2756,1.48333336
2757,0.0
2758,0.1
2759,0.0
2760,0.0
2761,0.0
2762,0.18
2763,0.5487301579999999
2764,3.0126984
2765,2.0
2766,0.27999999999999997
2767,0.0
2768,1.5471153500000001
2769,0.0
2770,0.0
2771,2.2961589399999998
2772,0.0
2773,0.0
2774,0.0
2775,0.0
2776,0.0
2777,0.0
2778,0.0
2779,0.0
2780,0.0
2781,0.0
2782,0.6666667
2783,0.0
2784,0.0
2785,0.0
2786,0.7634615360000001
2787,0.0
2788,0.0
2789,0.0
2790,0.0
2791,0.64714286
2792,0.0
2793,1.6
2794,0.0
2795,0.0
2796,0.0
2797,0.0
2798,0.0
2799,0.0
2800,2.0
2801,0.0
2802,0.8
2803,0.8485856180000001
2804,0.0
2805,0.0
2806,0.0
2807,0.871904778
2808,5.17273772
2809,3.6666666999999995
2810,0.0
2811,0.0
2812,4.2358002400000005
2813,5.142380999999999
2814,3.3142856999999992
2815,0.0
2816,3.28333334
2817,0.0
2818,6.86337918
2819,0.0
2820,0.0
2821,4.0
2822,6.709047459999999
2823,0.0
2824,0.0
2825,0.0
2826,0.0
2827,0.59999998
2828,0.0
2829,0.0
2830,0.0
2831,0.39283918399999995
2832,0.0
2833,0.0
2834,0.0
2835,0.0
2836,2.68095238
2837,0.0
2838,0.0
2839,0.73333334
2840,0.0
2841,1.5033333599999998
2842,0.0
2843,0.0
2844,0.0
2845,0.6666667
2846,0.0
2847,0.0
2848,0.0
2849,2.71166672
2850,0.6
2851,9.777995299999999
2852,0.302120436
2853,0.5714286
2854,0.0
2855,0.0
2856,0.0
2857,2.9883523999999997
2858,0.0
2859,2.37079028
2860,0.0
2861,0.0
2862,0.0
2863,0.0
2864,2.2293650400000002
2865,0.0
2866,0.0
2867,0.0
2868,0.53333336
2869,0.0
2870,0.8323809480000002
2871,1.4446032000000002
2872,0.0
2873,0.0
2874,0.17777778
2875,0.0
2876,0.0
2877,0.56666668
2878,1.0
2879,0.0
2880,0.0
2881,0.0
2882,3.72978356
2883,0.0
2884,2.0
2885,0.42000000000000004
2886,0.0
2887,0.85235043
2888,0.571498752
2889,0.0
2890,0.0
2891,0.0
2892,1.2371645
2893,0.0
2894,2.4
2895,0.0
2896,1.8
2897,0.0
2898,0.0
2899,0.0
2900,2.0
2901,0.0
2902,0.0
2903,2.0
2904,0.0
2905,0.0
2906,0.877381
2907,0.0
2908,8.35031644
2909,0.33429643200000003
2910,0.0
2911,0.0
2912,2.25714288
2913,0.0
2914,0.0
2915,1.45566546
2916,0.0
2917,0.0
2918,0.0
2919,2.59999998
2920,8.05988448
2921,2.9091658400000004
2922,0.1
2923,0.0
2924,0.0
2925,0.0
2926,0.0
2927,1.6150628500000002
2928,0.0
2929,2.43003162
2930,2.0
2931,0.0
2932,0.0
2933,0.0
2934,1.7453751699999998
2935,0.0
2936,0.0
2937,0.0
2938,0.39595960799999996
2939,0.0
2940,0.0
2941,0.0
2942,0.6388095399999999
2943,2.6666667
2944,6.28148322
2945,0.60000002
2946,0.0
2947,0.0
2948,0.0
2949,0.0
2950,0.0
2951,0.0
2952,2.3999999799999996
2953,0.0
2954,0.0
2955,0.0
2956,0.0
2957,0.0
2958,0.0
2959,0.0
2960,0.0
2961,0.0
2962,0.5742673999999999
2963,0.0
2964,0.0
2965,3.40904764
2966,0.0
2967,0.15
2968,0.0
2969,0.0
2970,2.43246596
2971,0.0
2972,0.16
2973,0.0
2974,0.0
2975,0.53333334
2976,0.44666666799999993
2977,0.0
2978,1.63333336
2979,0.2
2980,0.4
2981,0.0
2982,0.0
2983,0.0
2984,0.0
2985,0.0
2986,0.0
2987,0.0
2988,0.0
2989,0.0
2990,1.41531304
2991,7.4070396
2992,0.0
2993,0.0
2994,0.0
2995,0.0
2996,0.0
2997,3.5711111599999996
2998,0.0
2999,0.6599999999999999
3000,0.0
3001,0.0
3002,0.0
3003,2.58666664
3004,0.45999999999999996
3005,0.0
3006,0.0
3007,0.0
3008,5.0
3009,5.035761840000001
3010,0.0
3011,0.600000028
3012,3.9761905
3013,0.60000002
3014,0.0
3015,0.0
3016,0.76
3017,0.0
3018,0.530664086
3019,1.7866666799999997
3020,2.0
3021,1.4
3022,0.0
3023,0.0
3024,0.0
3025,0.0
3026,0.213634092
3027,0.0
3028,0.0
3029,0.0
3030,0.0
3031,0.0
3032,1.203333388
3033,0.23494950399999998
3034,0.0
3035,2.26666668
3036,0.0
3037,1.3333334
3038,0.0
3039,0.0
3040,0.0
3041,0.0
3042,0.0
3043,4.333333420000001
3044,0.0
3045,0.0
3046,0.0
3047,2.0
3048,0.0
3049,0.0
3050,0.0
3051,2.0
3052,0.0
3053,0.0
3054,0.0
3055,20.161492399999997
3056,4.078095299999999
3057,0.880000012
3058,0.0
3059,0.0
3060,0.253529416
3061,0.0
3062,0.128571426
3063,0.0
3064,0.0
3065,0.0
3066,0.0
3067,0.0
3068,0.53333334
3069,0.0
3070,0.6
3071,0.0
3072,0.0
3073,1.26666672
3074,0.0
3075,0.0
3076,0.0
3077,0.0
3078,1.0
3079,4.2
3080,1.1000000399999998
3081,0.5033333360000001
3082,3.4321428
3083,0.0
3084,0.0
3085,1.48043954
3086,0.0
3087,0.490098236
3088,0.0
3089,0.0
3090,0.40000001999999996
3091,0.09523809800000001
3092,0.0
3093,1.5031135599999998
3094,2.4
3095,0.0
3096,0.0
3097,0.0
3098,0.0
3099,1.8424675000000001
3100,0.0
3101,0.0
3102,0.0
3103,0.0
3104,0.0
3105,1.0
3106,7.41355008
3107,0.0
3108,0.0
3109,0.0
3110,0.0
3111,0.0
3112,0.1
3113,0.0
3114,0.0
3115,0.0
3116,0.5
3117,0.1
3118,0.0
3119,0.0
3120,0.0
3121,0.0
3122,0.0
3123,0.41428571999999997
3124,0.0
3125,1.0
3126,0.0
3127,0.0
3128,3.6799999999999997
3129,0.0
3130,1.73333336
3131,0.86666668
3132,1.9841270000000002
3133,0.0
3134,0.0
3135,1.0
3136,2.0
3137,0.0
3138,0.0
3139,0.0
3140,4.7388888399999995
3141,0.0
3142,0.0
3143,4.22249008
3144,1.78759018
3145,0.0
3146,0.0
3147,1.3395238000000003
3148,5.53743028
3149,0.0
3150,0.0
3151,0.0
3152,0.0
3153,1.3333333333333333
3154,0.0
3155,1.4233333199999998
3156,0.53333336
3157,0.0
3158,0.0
3159,0.0
3160,1.5
3161,0.0
3162,0.0
3163,3.4674389666666667
3164,0.93333336
3165,0.0
3166,0.0
3167,0.0
3168,0.0
3169,0.696666664
3170,0.0
3171,0.0
3172,3.31999998
3173,0.26666668
3174,0.0
3175,0.18909091399999997
3176,0.0
3177,0.0
3178,0.0
3179,0.6
3180,0.0
3181,0.0
3182,0.0
3183,0.0
3184,0.0
3185,3.2277777799999994
3186,0.0
3187,0.0
3188,11.1857886
3189,0.0
3190,0.0
3191,0.0
3192,6.18354152
3193,1.8176190399999999
3194,0.24000000000000005
3195,0.8000000199999999
3196,0.6
3197,0.0
3198,0.0
3199,0.5
3200,0.0
3201,0.8
3202,0.0
3203,0.0
3204,2.7542857200000004
3205,0.0
3206,1.6
3207,5.7155190199999995
3208,1.2897436280000003
3209,0.0
3210,0.0
3211,0.0
3212,4.01150796
3213,0.8000000199999999
3214,0.0
3215,1.2899999599999998
3216,2.94
3217,0.93333336
3218,0.2
3219,0.0
3220,0.0
3221,0.526068384
3222,0.0
3223,11.1041738
3224,2.33435288
3225,7.5445999200000005
3226,0.0
3227,0.0
3228,0.0
3229,0.0
3230,0.0
3231,0.0
3232,0.0
3233,0.0
3234,8.613968400000001
3235,0.0
3236,4.0
3237,0.0
3238,1.32000004
3239,0.0
3240,0.0
3241,0.0
3242,0.0
3243,0.0
3244,0.0
3245,0.0
3246,0.0
3247,0.0
3248,0.0
3249,0.0
3250,1.4833333400000002
3251,0.0
3252,0.0
3253,9.932876499999999
3254,4.01910362
3255,0.0
3256,0.0
3257,0.0
3258,0.0
3259,0.0
3260,0.0
3261,0.0
3262,1.36666672
3263,0.0
3264,1.52
3265,0.0
3266,0.0
3267,2.93333332
3268,0.0
3269,0.0
3270,0.0
3271,0.0
3272,5.77200556
3273,3.3125397
3274,0.0
3275,0.0
3276,2.70532488
3277,0.0
3278,0.9833333540000002
3279,0.0
3280,0.0
3281,1.96190474
3282,0.0
3283,0.0
3284,0.3
3285,5.67992476
3286,4.6066666
3287,0.0
3288,0.0
3289,0.79181214
3290,3.14945044
3291,0.0
3292,0.0
3293,2.7222223
3294,0.0
3295,0.0
3296,0.0
3297,0.0
3298,0.0
3299,1.12
3300,1.7466666400000002
3301,0.613333336
3302,0.0
3303,1.1
3304,0.0
3305,2.15
3306,0.0
3307,0.0
3308,0.66666668
3309,1.78333335
3310,0.0
3311,0.0
3312,0.0
3313,0.0
3314,0.0
3315,1.9642858
3316,0.0
3317,0.0
3318,0.0
3319,1.0
3320,0.0
3321,0.0
3322,2.5761977000000003
3323,0.0
3324,0.10315789599999999
3325,0.6666667
3326,0.0
3327,1.6428571600000001
3328,0.0
3329,0.0
3330,0.036363638
3331,0.0
3332,0.0
3333,0.9
3334,0.0
3335,0.0
3336,0.0
3337,0.0
3338,0.0
3339,0.0
3340,0.0
3341,0.0
3342,0.0
3343,0.0
3344,0.0
3345,0.0
3346,2.5818381199999996
3347,3.51456984
3348,0.0
3349,4.081331359999999
3350,0.0
3351,2.2
3352,0.0
3353,0.0
3354,2.8
3355,6.12646052
3356,1.0
3357,0.0
3358,0.0
3359,0.0
3360,3.9
3361,4.95224196
3362,2.5
3363,8.2177108
3364,0.0
3365,0.0
3366,0.0
3367,0.9666667
3368,0.0
3369,1.6
3370,0.49626694399999993
3371,0.0
3372,0.0
3373,4.563095000000001
3374,1.26982294
3375,4.2634773599999995
3376,0.0
3377,0.3288183533333333
3378,0.0
3379,7.95500008
3380,0.0
3381,0.0
3382,0.0
3383,0.0
3384,0.19545454750000002
3385,0.0
3386,0.0
3387,0.0
3388,0.0
3389,5.78384908
3390,0.0
3391,0.0
3392,0.0
3393,0.0
3394,4.09907398
3395,0.0
3396,0.0
3397,0.0
3398,0.0
3399,0.822857162
3400,0.0
3401,0.64857143
3402,0.0
3403,0.0
3404,0.7642857239999999
3405,0.0
3406,0.0
3407,0.0
3408,0.8819047799999999
3409,0.0
3410,0.0
3411,0.0
3412,0.0
3413,0.0
3414,0.0
3415,5.393431619999999
3416,0.0
3417,3.94761892
3418,0.0
3419,0.0
3420,1.2269840840000001
3421,0.118681324
3422,1.9642136000000001
3423,0.0
3424,0.93333336
3425,0.0
3426,5.40366602
3427,0.0
3428,0.0
3429,0.0
3430,0.0
3431,0.96
3432,0.73333334
3433,0.0
3434,0.137435904
3435,0.0
3436,1.1600000000000001
3437,0.0
3438,0.0
3439,0.0
3440,1.0685497800000001
3441,0.0
3442,0.0
3443,0.0
3444,0.0
3445,0.174444444
3446,0.0
3447,4.36
3448,0.4800000000000001
3449,6.20364888
3450,0.08614217799999999
3451,0.0
3452,0.9333333400000001
3453,0.0
3454,0.0
3455,0.0
3456,0.0
3457,0.0
3458,5.10777782
3459,2.2199999999999998
3460,0.09236058
3461,0.0
3462,0.0
3463,0.0
3464,0.0
3465,0.0
3466,1.0
3467,0.0
3468,0.903333352
3469,0.0
3470,3.55666666
3471,0.0
3472,0.8
3473,0.38
3474,0.0
3475,0.32380953199999996
3476,0.0
3477,2.8
3478,0.0
3479,0.0
3480,0.0
3481,0.0
3482,0.0
3483,0.0
3484,0.0
3485,1.43333336
3486,3.5463492600000004
3487,0.0
3488,2.66666662
3489,0.0
3490,6.4191231
3491,0.0
3492,0.36000000400000004
3493,0.0
3494,0.23493506599999997
3495,0.0
3496,0.505555558
3497,0.742857156
3498,0.25
3499,0.68583335
3500,0.0
3501,0.0
3502,0.0
3503,0.0
3504,5.7898625
3505,0.210476194
3506,0.24000000000000005
3507,0.0
3508,0.0
3509,1.8368685
3510,0.0
3511,0.0
3512,1.294668868
3513,0.0
3514,1.6321428599999996
3515,1.2
3516,0.0
3517,0.15333334199999998
3518,2.75713394
3519,0.0
3520,0.0
3521,0.0
3522,0.0
3523,0.0
3524,0.0
3525,0.0
3526,0.0
3527,0.0
3528,0.0
3529,0.6466666799999999
3530,0.0
3531,2.6142857800000003
3532,0.0
3533,0.0
3534,3.39857152
3535,0.0
3536,0.6000000000000001
3537,0.0
3538,0.0
3539,3.22142864
3540,4.1771378399999985
3541,0.0
3542,0.0
3543,0.0
3544,0.0
3545,0.0
3546,0.0
3547,0.0
3548,0.0
3549,0.0
3550,0.0
3551,0.0
3552,0.75
3553,1.42047624
3554,0.0
3555,0.0
3556,2.3
3557,0.0
3558,0.9
3559,0.800000016
3560,0.066666668
3561,0.0
3562,3.53888886
3563,4.55703642
3564,4.16926132
3565,0.0
3566,0.0
3567,0.0
3568,0.0
3569,0.0
3570,0.6666667
3571,1.00743592
3572,0.25142857999999996
3573,0.0
3574,0.0
3575,0.0
3576,2.4
3577,9.51211088
3578,4.35769838
3579,0.091666664
3580,0.0
3581,0.8800000000000001
3582,0.0
3583,0.0
3584,0.0
3585,0.21428571999999999
3586,1.629166675
3587,2.0
3588,0.0
3589,0.0
3590,3.5
3591,0.0
3592,2.5753187600000005
3593,0.60000002
3594,0.0
3595,0.0
3596,2.440120175
3597,0.0
3598,0.0
3599,2.5
3600,1.3420238199999999
3601,0.0
3602,5.36783544
3603,1.0
3604,0.6
3605,0.0
3606,0.8000000199999999
3607,1.08333336
3608,0.0
3609,0.0
3610,0.0
3611,0.0
3612,0.0
3613,3.52996906
3614,0.0
3615,0.0
3616,1.54396826
3617,0.0
3618,0.45734265799999996
3619,0.0
3620,0.0
3621,0.0
3622,0.0
3623,0.0
3624,1.6947127600000003
3625,0.5444056
3626,0.0
3627,0.0
3628,0.0
3629,0.0
3630,0.0
3631,0.0
3632,0.0
3633,6.12307244
3634,0.0
3635,0.0
3636,0.0
3637,0.9199999999999999
3638,0.0
3639,0.0
3640,0.0
3641,0.0
3642,0.190196082
3643,0.0
3644,0.0
3645,0.0
3646,0.0
3647,0.0
3648,0.0
3649,0.0
3650,1.1047619340000001
3651,0.0
3652,0.8000000199999999
3653,1.0666666999999999
3654,2.10666668
3655,1.3
3656,1.4
3657,0.0
3658,0.0
3659,0.0
3660,5.991874920000001
3661,0.6
3662,0.0
3663,1.20000006
3664,0.0
3665,0.0
3666,0.0
3667,2.0
3668,0.96190473
3669,0.0
3670,0.0
3671,10.7123924
3672,0.0
3673,19.50484
3674,0.753095222
3675,0.0
3676,0.7826984180000001
3677,1.7390476
3678,0.0
3679,0.0
3680,3.06978988
3681,2.49115472
3682,5.9981857000000005
3683,0.0
3684,0.0
3685,0.20000000399999998
3686,0.418934834
3687,0.0
3688,1.8857142799999997
3689,0.0
3690,0.0
3691,0.0
3692,0.0
3693,0.0
3694,0.7333333599999999
3695,0.0
3696,0.68333334
3697,3.4400000200000003
3698,0.0
3699,0.964102552
3700,0.0
3701,0.0
3702,0.0
3703,0.0
3704,0.0
3705,0.0
3706,1.26666672
3707,0.0
3708,3.17564104
3709,0.8419047879999999
3710,1.6
3711,1.6
3712,0.0
3713,0.0
3714,0.0
3715,0.1
3716,0.0
3717,0.11857142600000001
3718,0.0
3719,4.64691494
3720,0.259807692
3721,18.5837492
3722,0.0
3723,0.0
3724,4.4
3725,0.0
3726,2.43537362
3727,2.48194438
3728,0.0
3729,0.0
3730,0.0
3731,0.0
3732,0.38834055
3733,10.073396919999999
3734,2.63333334
3735,2.1333333199999998
3736,1.5333333599999999
3737,0.0
3738,0.0
3739,0.0
3740,0.0
3741,1.6
3742,0.072727274
3743,0.0
3744,1.2664631
3745,0.0
3746,0.0
3747,0.0
3748,0.0
3749,0.0
3750,5.464761879999999
3751,0.0
3752,5.686920580000001
3753,0.0
3754,0.0
3755,0.0
3756,2.14109158
3757,0.53333334
3758,0.0
3759,0.0
3760,0.0
3761,0.0
3762,0.7133333339999999
3763,0.0
3764,0.64
3765,0.0
3766,0.0
3767,1.43919912
3768,1.04
3769,0.0
3770,2.3200000000000003
3771,0.0
3772,0.0
3773,0.0
3774,0.0
3775,0.0
3776,0.0
3777,0.0
3778,0.0
3779,0.0
3780,0.0
3781,2.8884799749999996
3782,0.0
3783,2.0
3784,0.0
3785,0.5833333
3786,1.2263492
3787,0.0
3788,0.0
3789,0.0
3790,3.6997618799999996
3791,0.6133333400000001
3792,1.272381
3793,0.0
3794,2.2611538600000003
3795,0.0
3796,0.0
3797,0.0
3798,4.230789325
3799,0.0
3800,0.0
3801,0.0
3802,0.0
3803,0.0
3804,0.0
3805,9.34248972
3806,1.52393192
3807,8.31833112
3808,0.8628571199999999
3809,1.0
3810,0.0
3811,0.0
3812,0.0
3813,4.455714260000001
3814,1.1000000399999998
3815,0.0
3816,0.49523811999999995
3817,3.0
3818,0.0
3819,2.04206342
3820,0.0
3821,4.6
3822,0.0
3823,0.0
3824,0.66666668
3825,0.27555557599999997
3826,3.51554448
3827,0.0
3828,0.0
3829,0.0
3830,3.84257712
3831,0.0
3832,0.0
3833,0.0
3834,0.0
3835,0.0
3836,0.0
3837,0.0
3838,0.9333333799999999
3839,1.1366666879999998
3840,0.0
3841,0.0
3842,0.0
3843,0.4
3844,1.04
3845,2.1917499200000004
3846,0.0
3847,0.0
3848,0.0
3849,3.44
3850,0.0
3851,1.86388888
3852,0.0
3853,4.45480476
3854,2.0
3855,0.5
3856,1.2
3857,0.0
3858,0.0
3859,1.56
3860,0.0
3861,0.0
3862,1.6886247
3863,0.0
3864,0.0
3865,3.1111110799999997
3866,0.0
3867,7.3744526
3868,0.0
3869,0.0
3870,0.0
3871,1.6
3872,0.0
3873,0.56666668
3874,0.0
3875,0.53333336
3876,0.0
3877,0.0
3878,0.0
3879,0.0
3880,0.342161178
3881,0.0
3882,0.0
3883,0.0
3884,2.4050052
3885,4.92277066
3886,0.0
3887,0.6666667
3888,5.0
3889,1.3333333799999998
3890,2.0625
3891,0.0
3892,0.0
3893,0.0
3894,0.0
3895,0.197500004
3896,0.0
3897,0.0
3898,0.6666667
3899,7.381818300000001
3900,0.0
3901,0.4
3902,0.21333333599999998
3903,4.086266839999999
3904,0.6666667
3905,0.0
3906,0.0
3907,0.0
3908,0.0
3909,0.0
3910,0.0
3911,0.6
3912,0.8599710999999999
3913,0.0
3914,0.0
3915,1.5622294200000002
3916,1.2785714000000001
3917,0.0
3918,0.0
3919,3.6356247
3920,0.48333332
3921,0.0
3922,0.0
3923,1.05847926
3924,0.7963636559999999
3925,0.0
3926,0.0
3927,0.0
3928,0.0
3929,0.0
3930,0.15
3931,0.0
3932,1.8404762
3933,0.6
3934,1.1898290599999999
3935,0.0
3936,0.0
3937,1.3835714600000002
3938,1.066666708
3939,1.69333332
3940,0.0
3941,0.0
3942,0.0
3943,0.88293043
3944,0.0
3945,0.3321678174999999
3946,0.8666666599999999
3947,0.6666667
3948,19.4171494
3949,2.0
3950,0.0
3951,0.9280866939999999
3952,0.0
3953,0.0
3954,0.0
3955,0.0
3956,1.1254179800000002
3957,0.0
3958,0.0
3959,0.0
3960,3.0
3961,1.8539682599999998
3962,0.0
3963,1.30666672
3964,0.0
3965,0.0
3966,0.8
3967,2.0713068
3968,0.795904102
3969,0.575079388
3970,0.0
3971,0.192670212
3972,0.329487184
3973,0.0
3974,0.185256774
3975,1.2680086400000001
3976,2.33716416
3977,0.0
3978,0.0
3979,1.33333334
3980,2.0
3981,0.713333352
3982,0.0
3983,2.6314286
3984,1.465476174
3985,0.0
3986,0.0
3987,0.0
3988,0.162380954
3989,7.32487804
3990,0.0
3991,13.285369800000002
3992,0.0
3993,2.0857143
3994,0.82060606
3995,1.86320928
3996,0.0
3997,0.0
3998,0.0
3999,2.5
4000,0.0
4001,2.5
4002,0.379090912
4003,0.33492064
4004,0.0
4005,3.111904733333333
4006,0.0
4007,4.74421756
4008,0.0
4009,0.0
4010,1.1833333000000001
4011,0.0
4012,2.8
4013,1.4
4014,0.0
4015,0.0
4016,0.0
4017,0.0
4018,0.0
4019,0.0
4020,0.0
4021,0.0
4022,5.25852378
4023,0.0
4024,3.0
4025,0.96
4026,0.0
4027,0.46666668
4028,0.0
4029,0.0
4030,0.0
4031,0.0
4032,0.0
4033,1.51492434
4034,0.0
4035,0.0
4036,0.0
4037,4.32
4038,1.0
4039,0.0
4040,0.0
4041,7.513968200000001
4042,0.0
4043,2.7493651999999997
4044,0.3
4045,0.0
4046,0.0
4047,0.0
4048,3.2266666799999997
4049,1.88579752
4050,0.0
4051,0.0
4052,0.0
4053,0.0
4054,20.088628
4055,0.0
4056,0.0
4057,0.0
4058,0.0
4059,0.0
4060,0.0
4061,0.0
4062,0.066666668
4063,1.06666664
4064,0.0
4065,0.0
4066,0.0
4067,0.45714288
4068,6.18569456
4069,0.0
4070,0.0
4071,0.0
4072,0.0
4073,0.0
4074,3.0800000000000005
4075,0.0
4076,0.72000002
4077,0.0
4078,0.0
4079,0.0
4080,0.0
4081,0.0
4082,3.0
4083,0.0
4084,0.0
4085,1.27333334
4086,0.0
4087,0.0
4088,0.0
4089,0.8432539859999999
4090,0.28444444399999996
4091,0.0
4092,9.1584918
4093,0.0
4094,0.0
4095,0.0
4096,2.56324112
4097,0.0
4098,1.13333336
4099,0.0
4100,0.0
4101,0.0
4102,0.247619056
4103,3.8791349599999996
4104,0.0
4105,0.0
4106,2.0
4107,2.6461862800000002
4108,1.69333334
4109,0.0
4110,0.0
4111,0.0
4112,0.0
4113,0.22857144
4114,0.0
4115,0.0
4116,4.52666668
4117,1.82142854
4118,2.102180294
4119,0.0
4120,0.0
4121,0.0
4122,0.0
4123,1.26362638
4124,0.0
4125,0.0
4126,0.0
4127,0.0
4128,0.0
4129,0.0
4130,0.0
4131,0.26
4132,0.0
4133,0.0
4134,0.0
4135,2.845465312
4136,0.0
4137,0.0
4138,0.0
4139,3.2598290800000003
4140,4.76238824
4141,0.0
4142,5.434406940000001
4143,0.0
4144,0.0
4145,0.8
4146,0.0
4147,2.31119824
4148,0.0
4149,0.0
4150,0.0
4151,3.0
4152,1.55448092
4153,0.78
4154,1.0
4155,0.5559152879999999
4156,0.8152381080000002
4157,0.0
4158,1.0
4159,0.0
4160,0.0
4161,8.1184642
4162,0.0
4163,0.0
4164,0.0
4165,0.0
4166,0.26993506600000006
4167,0.0
4168,0.0
4169,0.0
4170,0.0
4171,0.0
4172,4.46550176
4173,0.0
4174,2.0
4175,0.0
4176,0.0
4177,0.0
4178,0.7044871749999999
4179,0.0
4180,9.433549500000002
4181,0.0
4182,0.0
4183,0.0
4184,1.85857144
4185,0.0
4186,0.0
4187,3.2177778000000004
4188,0.0
4189,0.7
4190,0.8000000199999999
4191,0.0
4192,1.38772724
4193,0.0
4194,0.0
4195,0.0
4196,0.0
4197,1.4285714200000001
4198,0.0
4199,0.0
4200,0.0
4201,0.0
4202,0.0
4203,0.0
4204,0.0
4205,2.35737856
4206,0.53333336
4207,0.0
4208,0.0
4209,3.90512262
4210,0.0
4211,0.0
4212,0.0
4213,0.0
4214,0.0
4215,0.0
4216,0.0
4217,0.0
4218,0.0
4219,0.25714286
4220,0.0
4221,0.0
4222,0.0
4223,0.0
4224,3.9940525399999998
4225,3.4461538600000003
4226,2.0
4227,0.0
4228,0.0
4229,0.0
4230,0.0
4231,0.0
4232,0.0
4233,0.0
4234,0.27777778
4235,0.0
4236,1.6
4237,0.0
4238,0.0
4239,0.0
4240,0.0
4241,0.53333334
4242,0.0
4243,0.0
4244,0.0
4245,0.370000004
4246,0.0
4247,2.21396822
4248,5.43533232
4249,2.56714288
4250,0.0
4251,0.0
4252,0.0
4253,0.56666668
4254,0.0
4255,1.815
4256,2.0
4257,0.0
4258,0.0
4259,1.8666666800000002
4260,0.0
4261,1.32944444
4262,0.0
4263,0.0
4264,10.3288642
4265,0.0
4266,0.0
4267,1.2
4268,0.46666668
4269,0.0
4270,0.0
4271,0.0
4272,0.0
4273,0.0
4274,0.6
4275,0.60000002
4276,0.0
4277,1.27619044
4278,0.0
4279,0.0
4280,1.384949488
4281,0.0
4282,0.0
4283,0.0
4284,5.82925488
4285,0.0
4286,0.49841991399999996
4287,1.04149964
4288,0.0
4289,0.0
4290,0.0
4291,1.56666664
4292,1.4111110999999998
4293,0.6666667
4294,0.0
4295,0.3
4296,0.0
4297,2.0
4298,5.50476164
4299,3.9414030999999996
4300,2.0
4301,0.0
4302,0.0
4303,0.0
4304,3.76666662
4305,0.975
4306,0.0
4307,0.0
4308,0.5874999999999999
4309,0.0
4310,0.0
4311,0.0
4312,0.0
4313,0.0
4314,0.0
4315,3.1505959
4316,0.0
4317,0.0
4318,6.23008332
4319,0.0
4320,0.0
4321,0.0
4322,0.0
4323,0.0
4324,0.0
4325,0.0
4326,0.0
4327,0.0
4328,0.0
4329,0.0
4330,0.0
4331,0.0
4332,1.0741026
4333,0.0
4334,0.0
4335,0.0
4336,0.0
4337,0.6761904999999999
4338,1.068188872
4339,0.0
4340,1.4
4341,0.0
4342,0.0
4343,0.303333336
4344,0.0
4345,0.2857143
4346,0.0
4347,0.31023810199999996
4348,0.0
4349,0.0
4350,0.0
4351,4.786645180000001
4352,8.63575986
4353,11.007850000000001
4354,0.0
4355,0.0
4356,0.0
4357,3.3977572799999995
4358,0.0
4359,3.0
4360,0.0
4361,0.0
4362,3.8844588
4363,0.0
4364,0.0
4365,5.2052381400000005
4366,5.918058439999999
4367,0.0
4368,0.0
4369,0.0
4370,0.0
4371,0.0
4372,0.0
4373,4.5
4374,0.0
4375,0.0
4376,1.4588533940000001
4377,0.0
4378,0.0
4379,0.0
4380,0.0
4381,0.0
4382,0.0
4383,0.0
4384,2.1093258799999997
4385,5.81862478
4386,0.0
4387,0.0
4388,0.0
4389,0.0
4390,0.0
4391,0.0
4392,1.94777782
4393,0.0
4394,0.0
4395,0.0
4396,0.0
4397,1.0
4398,0.0
4399,0.0
4400,0.5023504219999999
4401,0.0
4402,2.8
4403,2.8612774
4404,0.0
4405,0.46666668
4406,0.0
4407,0.0
4408,0.40000001999999996
4409,0.0
4410,0.0
4411,0.0
4412,0.0
4413,0.0
4414,0.0
4415,0.8
4416,1.5
4417,1.48571428
4418,0.0
4419,0.0
4420,0.0
4421,8.55858644
4422,2.0
4423,0.0
4424,0.0
4425,0.0
4426,1.0
4427,0.0
4428,0.0
4429,2.70476196
4430,0.0
4431,0.0
4432,0.0
4433,0.0
4434,0.0
4435,1.6333333199999998
4436,2.3102564200000004
4437,0.0
4438,0.0
4439,1.9207075799999997
4440,1.2
4441,0.0
4442,0.0
4443,0.0
4444,3.5600000599999992
4445,0.0
4446,0.0
4447,0.9850221539999999
4448,0.0
4449,0.0
4450,0.4
4451,0.0
4452,0.0
4453,0.0
4454,2.99062092
4455,0.0
4456,0.0
4457,0.0
4458,0.0
4459,4.959047679999999
4460,0.0
4461,3.17690478
4462,0.0
4463,0.0
4464,0.628571442
4465,0.456666664
4466,0.0
4467,0.0
4468,0.0
4469,0.0
4470,1.2
4471,10.4399364
4472,2.7250427399999997
4473,0.0
4474,7.000891100000001
4475,0.0
4476,0.0
4477,0.0
4478,2.6428572000000004
4479,0.0
4480,0.0
4481,1.3690476200000001
4482,0.0
4483,0.0
4484,0.0
4485,0.0
4486,3.0
4487,1.0893057099999999
4488,0.0
4489,0.908333325
4490,0.0
4491,0.53333334
4492,0.0
4493,0.0
4494,0.0
4495,0.0
4496,3.5333333199999997
4497,2.0
4498,0.0
4499,0.0
4500,0.0
4501,1.6
4502,5.1848302
4503,0.0
4504,0.0
4505,1.0833334
4506,0.42000000000000004
4507,1.3333334
4508,0.78
4509,1.9122794200000002
4510,0.8004761639999998
4511,0.0
4512,0.0
4513,0.8000000199999999
4514,0.0
4515,0.8
4516,0.0
4517,0.0
4518,0.0
4519,3.3578968
4520,0.0
4521,0.0
4522,0.0
4523,0.8999999750000001
4524,4.3
4525,0.60000002
4526,6.21004358
4527,0.0
4528,0.0
4529,0.0
4530,0.0
4531,0.0
4532,0.0
4533,0.133333332
4534,0.0
4535,0.93
4536,0.5
4537,0.0
4538,0.375000004
4539,0.0
4540,0.0
4541,0.0
4542,0.0
4543,0.0
4544,5.3333335
4545,3.5238093999999998
4546,0.0
4547,0.0
4548,3.0666666
4549,0.0
4550,0.760792612
4551,2.21333334
4552,0.0
4553,0.0
4554,3.3333333000000005
4555,0.0
4556,0.2
4557,0.0
4558,0.0
4559,5.886829780000001
4560,0.0
4561,0.0
4562,1.0
4563,1.171142192
4564,0.0
4565,1.2476617600000002
4566,0.9
4567,1.32619048
4568,0.0
4569,0.0
4570,0.0
4571,0.0
4572,0.0
4573,5.28747482
4574,0.0
4575,0.0
4576,1.8666666800000002
4577,8.129365060000001
4578,2.52380956
4579,0.0
4580,0.0
4581,2.9495359800000003
4582,1.47333328
4583,0.0
4584,4.4042148800000005
4585,5.0507936
4586,7.376126139999999
4587,0.0
4588,0.0
4589,0.321721614
4590,0.40000001999999996
4591,0.0
4592,1.07333334
4593,0.24380952800000003
4594,1.8886904500000001
4595,0.0
4596,8.1195176
4597,0.0
4598,0.0
4599,1.0
4600,1.13333336
4601,1.5
4602,0.0
4603,0.0
4604,0.0
4605,1.56678878
4606,0.0
4607,0.0
4608,0.0
4609,0.0
4610,3.8933399800000004
4611,0.0
4612,0.0
4613,0.0
4614,0.0
4615,2.0
4616,0.0
4617,0.0
4618,0.0
4619,0.0
4620,0.2
4621,0.0
4622,2.01317462
4623,0.0
4624,0.0
4625,3.38241758
4626,0.0
4627,2.37999996
4628,0.0
4629,0.0
4630,0.0
4631,0.0
4632,0.0
4633,0.0
4634,0.0
4635,0.0
4636,0.441208792
4637,2.2
4638,0.0
4639,0.0
4640,0.0
4641,0.48
4642,0.0
4643,0.514696968
4644,0.0
4645,1.0730159339999998
4646,0.0
4647,1.94413418
4648,1.2
4649,0.0
4650,0.0
4651,0.0
4652,0.0
4653,0.0
4654,2.0
4655,6.46114188
4656,0.0
4657,0.0
4658,0.0
4659,0.0
4660,0.0
4661,0.0
4662,0.625289662
4663,0.0
4664,0.77333334
4665,0.0
4666,0.0
4667,0.0
4668,0.456666672
4669,0.0
4670,0.0
4671,6.861709839999999
4672,0.25
4673,0.0
4674,0.0
4675,0.0
4676,1.2
4677,0.0
4678,0.36000000400000004
4679,0.0
4680,1.4
4681,0.86666668
4682,0.41666666
4683,0.297619056
4684,0.0
4685,0.0
4686,0.0
4687,0.0
4688,0.0
4689,0.0
4690,0.0
4691,0.0
4692,0.0
4693,0.0
4694,0.0
4695,0.0
4696,1.8666666800000002
4697,0.0
4698,0.0
4699,0.0
4700,2.3416666800000003
4701,0.7666666799999999
4702,0.0
4703,0.0
4704,0.0
4705,0.0
4706,0.0
4707,0.0
4708,4.0
4709,1.8857142799999997
4710,2.7563636200000006
4711,0.0
4712,1.26666672
4713,2.9187163
4714,1.4057142800000002
4715,0.0
4716,0.0
4717,1.28371242
4718,0.0
4719,0.0
4720,0.0
4721,0.0
4722,1.0
4723,0.0
4724,0.0
4725,1.60307198
4726,0.0
4727,0.0
4728,0.0
4729,0.0
4730,0.6666667
4731,0.0
4732,2.84899816
4733,12.504801599999999
4734,3.7600001
4735,0.0
4736,2.6
4737,0.0
4738,3.11819816
4739,0.0
4740,0.0
4741,0.0
4742,0.0
4743,0.0
4744,0.0
4745,0.0
4746,0.0
4747,0.0
4748,0.320965308
4749,0.0
4750,0.0
4751,0.0
4752,0.0
4753,0.0
4754,0.0
4755,4.691453399999999
4756,0.0
4757,0.0
4758,0.0
4759,0.0
4760,18.5174034
4761,0.0
4762,2.525000025
4763,0.45825396000000007
4764,1.3
4765,0.23809524799999998
4766,1.38666668
4767,5.60000002
4768,0.0
4769,0.0
4770,0.5
4771,0.0
4772,0.0
4773,0.0
4774,6.2659337399999995
4775,1.19761906
4776,0.0
4777,0.0
4778,0.0
4779,2.0
4780,0.0
4781,5.0
4782,0.0
4783,0.0
4784,0.77333334
4785,0.0
4786,0.0
4787,0.0
4788,0.0
4789,0.0
4790,0.21428571999999999
4791,0.0
4792,0.0
4793,0.0
4794,1.17564102
4795,0.0
4796,1.8
4797,0.0
4798,0.0
4799,0.0
4800,2.0
4801,2.52359502
4802,0.3
4803,1.9999999799999997
4804,0.0
4805,0.46666664
4806,1.29992674
4807,0.0
4808,1.3333334
4809,0.0
4810,0.0
4811,0.0
4812,0.0
4813,0.0
4814,0.0
4815,0.0
4816,4.7999999
4817,1.9833333199999998
4818,2.6525084800000003
4819,0.0
4820,0.0
4821,0.0
4822,0.0
4823,0.0
4824,0.6726601759999999
4825,0.0
4826,2.5222735800000002
4827,1.12
4828,2.61263224
4829,0.0
4830,0.6666667
4831,0.0
4832,0.0
4833,0.6666667
4834,0.0
4835,0.0
4836,1.6279045800000003
4837,0.0
4838,0.0
4839,0.413823956
4840,0.0
4841,0.366666672
4842,0.0
4843,0.0
4844,0.0
4845,0.990404034
4846,0.0
4847,0.0
4848,4.3972833
4849,0.34999998000000004
4850,3.48535362
4851,2.2783333600000004
4852,0.0
4853,0.0
4854,0.0
4855,0.0
4856,1.3
4857,0.0
4858,0.0
4859,0.0
4860,1.0202020400000003
4861,2.22666668
4862,0.0
4863,0.0
4864,0.0
4865,0.0
4866,2.520290075
4867,4.35746766
4868,0.0
4869,0.0
4870,0.0
4871,2.12380944
4872,0.0
4873,3.0
4874,1.0
4875,1.3240404399999999
4876,0.0
4877,0.0
4878,0.0
4879,1.7
4880,0.73333334
4881,1.33333336
4882,0.0
4883,0.0
4884,0.0
4885,0.0
4886,0.0
4887,2.21051944
4888,2.0
4889,0.0
4890,0.0
4891,0.0
4892,0.0
4893,0.38857144
4894,3.841810959999999
4895,0.0
4896,3.3047618
4897,0.0
4898,6.58677355
4899,0.0
4900,0.188888888
4901,0.0
4902,0.0
4903,0.0
4904,0.8400000000000001
4905,1.0
4906,2.24908426
4907,1.2399999999999998
4908,0.0
4909,0.0
4910,0.0
4911,0.0
4912,0.0
4913,4.807619099999999
4914,1.1178354799999999
4915,1.3170562799999999
4916,0.0
4917,0.0
4918,0.48916667199999997
4919,2.14272258
4920,0.0
4921,0.0
4922,0.0
4923,4.270105880000001
4924,0.0
4925,1.3333334
4926,2.0
4927,0.0
4928,0.0
4929,0.0
4930,0.0
4931,4.38748288
4932,2.8
4933,0.0
4934,0.0
4935,0.13333334
4936,0.0
4937,1.6
4938,0.0
4939,0.0
4940,0.0
4941,2.1333333999999997
4942,0.0
4943,0.0
4944,0.0
4945,0.08
4946,18.724490600000003
4947,0.45666666200000006
4948,2.6526984199999997
4949,3.61045456
4950,0.0
4951,0.0
4952,2.42222224
4953,1.1038383600000001
4954,1.7898268800000001
4955,2.05
4956,0.27999999999999997
4957,0.0
4958,0.0
4959,0.0
4960,1.8666666800000002
4961,0.0
4962,1.0
4963,0.0
4964,0.22222222
4965,5.63101188
4966,0.0
4967,0.0
4968,0.0
4969,0.0
4970,0.0
4971,0.0
4972,1.5
4973,0.0
4974,0.90223351
4975,1.4300000000000002
4976,0.0
4977,1.2
4978,0.0
4979,0.0
4980,0.0
4981,0.0
4982,0.0
4983,0.0
4984,0.0
4985,0.0
4986,2.81904764
4987,0.0
4988,3.9811688999999992
4989,0.0
4990,0.0
4991,0.0
4992,0.0
4993,0.0
4994,0.0
4995,0.128571426
4996,0.33333334
4997,3.2133333200000003
4998,2.0
4999,0.0
5000,0.0
5001,4.4239139
5002,2.1000000200000004
5003,1.20000004
5004,1.12152238
5005,0.0
5006,0.0
5007,0.0
5008,0.0
5009,0.0
5010,0.0
5011,2.8
5012,0.0
5013,1.8333334
5014,0.48000001999999997
5015,1.149292954
5016,0.0
5017,8.678251800000002
5018,9.7253632
5019,14.819103799999999
5020,2.06604706
5021,0.0
5022,0.0
5023,0.0
5024,1.3530769200000001
5025,0.0
5026,2.15570844
5027,3.3189840599999996
5028,0.0
5029,0.0
5030,0.0
5031,0.43333334
5032,0.0
5033,0.0
5034,0.46666668
5035,0.0
5036,0.0
5037,0.6666667
5038,0.2
5039,0.0
5040,0.0
5041,0.0
5042,0.0
5043,0.0
5044,1.6
5045,0.0
5046,1.02357144
5047,2.0
5048,2.5
5049,0.0
5050,0.0
5051,0.0
5052,0.0
5053,0.2530131475
5054,0.0
5055,4.13053198
5056,0.0
5057,0.36
5058,0.0
5059,0.93
5060,0.679393924
5061,4.53333334
5062,0.0
5063,0.6666667
5064,0.0
5065,0.0
5066,1.7999999600000003
5067,0.0
5068,2.56184172
5069,0.0
5070,0.64285713
5071,0.0
5072,1.205952366
5073,0.0
5074,0.0
5075,6.516938120000001
5076,1.0
5077,0.519047608
5078,3.59493622
5079,3.17437028
5080,0.0
5081,0.29333334
5082,1.1199999999999999
5083,2.33333338
5084,0.0
5085,0.0
5086,3.4
5087,0.0
5088,0.6666667
5089,0.3
5090,3.1837706999999997
5091,0.6796825400000001
5092,0.0
