,SC
0,0.0
1,0.0
2,418.78486666666663
3,0.0
4,0.0
5,0.0
6,0.0
7,0.0
8,1.9846911
9,164.7253012
10,0.0
11,254.770662
12,0.0
13,245.34598500000004
14,412.20503399999996
15,1.8767075599999998
16,785.737156
17,0.0
18,93.786516
19,4537.291156666667
20,5695.14206
21,0.0
22,0.0
23,2039.5483199999999
24,1041.9947772
25,7876.36298
26,0.0
27,0.0
28,4158.400474
29,636.72842
30,4.096903520000001
31,27.561036
32,23.288665749999996
33,2491.0693499999998
34,0.0
35,12135.2819
36,20398.6086
37,5.875592425000001
38,0.0
39,272.01229199999995
40,51773.095601919995
41,5105.277733333332
42,0.0
43,3578.2701652000005
44,8391.85766
45,33.75459
46,64651.283899999995
47,78.35455
48,7731.840300000001
49,189.66349666666667
50,0.0
51,0.0
52,8.289792760000001
53,0.0
54,56.323946
55,1.887646575
56,2.3231615199999998
57,5128.8457180000005
58,0.0
59,0.0
60,0.0
61,0.0
62,1468.2846319999999
63,2.05218876
64,136.2375882
65,269.892495
66,0.0
67,0.0
68,13104.722
69,1109.5742599999999
70,4803.997225
71,180.64850926000003
72,47786.263999999996
73,4794.104239999999
74,4654.790419999999
75,96.198213
76,486.36887400000006
77,243.49431799999996
78,159.93663399999997
79,445.28985
80,642.891202
81,0.0
82,1178.317322
83,78.354642
84,20.939875333333333
85,585.790148
86,0.0
87,0.0
88,215.619952
89,10039.126980000001
90,1429.9093433333335
91,0.0
92,0.0
93,400970.549
94,670.0976079999999
95,0.0
96,2.8720996000000003
97,0.0
98,2294.6299339999996
99,17656.036711999997
100,2.12404378
101,1570.8671319999999
102,2.7380271
103,0.0
104,43302.9314
105,1078.183425
106,76.74284800000001
107,0.0
108,120.57426
109,5.339171779999999
110,0.0
111,5022.8020799999995
112,39.443470340000005
113,8115.91228
114,77019.3708
115,0.0
116,71.301956
117,0.0
118,180.03118120000002
119,130.921595
120,0.0
121,53.069212500000006
122,207.451845
123,353.936726
124,268.925998
125,0.0
126,36685.6608
127,61.812670000000004
128,3.812939
129,0.0
130,0.0
131,0.0
132,0.0
133,36.5792274
134,0.0
135,0.0
136,410.80012
137,1414.2841398200003
138,141.50078109999998
139,150.31301249999999
140,0.0
141,2011.2474199999997
142,0.0
143,104.357106425
144,39.361371199999994
145,638.141046
146,0.0
147,629.040964
148,588.9140719999999
149,156.29048333333333
150,4.18842378
151,4.594845879999999
152,49.744661
153,516.2838019999999
154,0.0
155,8223.757720000001
156,0.0
157,1941.0937599999997
158,4.46938366
159,2.74655266
160,0.0
161,434.1443004000001
162,53959.411400000005
163,6.8176968
164,421.7293786
165,237.033592
166,13.351573239999999
167,49.3813725
168,3845.2047333333335
169,12083.113399999998
170,662.416838
171,186.67268
172,8.83407094
173,3.507963975
174,108723.79566666666
175,1.7662245250000002
176,0.0
177,0.0
178,240.3316133333333
179,2815.18388
180,12254.67834
181,10314.17046
182,1426.3108
183,0.0
184,15.27086324
185,0.0
186,0.0
187,0.0
188,581.7529
189,0.0
190,0.0
191,0.0
192,0.0
193,0.0
194,0.0
195,0.0
196,0.0
197,0.0
198,114.3114992
199,0.0
200,152629.6008
201,22104.264199999998
202,225420.1054
203,507779.304
204,9.210044666666667
205,3.23099514
206,38.329558399999996
207,5294.9676
208,602.053304
209,1455.3893379999997
210,0.0
211,0.0
212,643.657186
213,1429.90939
214,270.79922
215,2.53893746
216,0.0
217,0.0
218,116.00138159999999
219,0.0
220,23.3840406
221,0.0
222,176.85430720000002
223,8605.778234000001
224,0.0
225,851.258546
226,37.046334
227,0.0
228,0.0
229,0.0
230,74045.2176
231,0.0
232,337.0823794
233,644.5164520000001
234,0.0
235,121.42308
236,3499.04738
237,155.096561
238,3.9400508800000003
239,0.0
240,856.188786
241,0.0
242,0.0
243,0.0
244,10911.387279999999
245,1.9387524800000002
246,0.0
247,451.3186159999999
248,52.8175575
249,136.237384
250,2.18718592
251,0.0
252,90811.85133333334
253,282.44868
254,11404.857
255,0.0
256,0.0
257,12816.88576
258,4234.10793
259,0.0
260,841.35712
261,1212.0104800000001
262,0.0
263,0.0
264,0.0
265,16.602868666666666
266,10.9124888
267,55.7141312
268,3304.6416400000003
269,1.8377772333333333
270,9.18978132
271,4481.909808
272,0.0
273,0.0
274,6915.7909199999995
275,2486.2374028
276,0.0
277,7113.0786499999995
278,71.83035459999999
279,11443.068519999999
280,0.0
281,1383.7652400000002
282,2312.765454
283,0.0
284,3056.3688
285,240.46797399999997
286,2151.02915
287,17.30906498
288,0.0
289,0.0
290,0.0
291,4943.50458
292,0.0
293,1160.7042666666666
294,0.0
295,15.547685199999998
296,64.99996159999999
297,308.8794672
298,0.0
299,97721.3186
300,56.2471576
301,218.23612400000002
302,4448.276879999999
303,14.500269600000001
304,399.4945
305,1868.9908799999998
306,0.0
307,10286.27508
308,181.14545600000002
309,7419.889666666667
310,109.71807099999998
311,0.0
312,287.14159200000006
313,1.58595495
314,272583.76
315,47642.41359999999
316,681.25452
317,705.908136
318,0.0
319,0.0
320,0.0
321,28588.6898
322,6926.363219999999
323,939.755504
324,53.93448579999999
325,0.0
326,0.0
327,1065.66891
328,378827.65
329,136.237392
330,0.0
331,2.2581437999999996
332,0.0
333,47.6837976
334,1.54193684
335,0.0
336,0.0
337,111.44714200000001
338,1608.87166
339,17.8566003
340,16.92947775
341,172.97363
342,2672.0429
343,1771.224048
344,0.0
345,2.0058878
346,36.13351625
347,137.29163780000002
348,365.43625000000003
349,0.0
350,125.081983
351,0.0
352,440.217436
353,293.889674
354,509.6433500000001
355,58.882734199999994
356,1170.39815322
357,17952.979
358,1.56028316
359,601.0607200000001
360,0.0
361,66.67402560000001
362,70101.20300000001
363,11.8092745
364,98640.21960000001
365,68.1617948
366,58.909661400000005
367,1.54253485
368,1.5407608400000001
369,2381.48818
370,0.0
371,0.0
372,120.57422
373,115.350638
374,0.0
375,0.0
376,0.0
377,215.619902
378,280.42794599999996
379,12108.924280000001
380,0.0
381,78.35464499999999
382,55.369134599999995
383,0.0
384,0.0
385,1694.9024519999998
386,384.04541400000005
387,1.542573275
388,1624.5641799999999
389,504.081322
390,3.376142266666667
391,0.0
392,45.276327599999995
393,47.071177
394,0.0
395,193.734903
396,165.41344899999999
397,1.9027987750000002
398,1.54110942
399,718.05483356
400,2.5374904000000003
401,0.0
402,4557.7017399999995
403,0.0
404,58.8827268
405,2655.3873200000007
406,1.5521114400000002
407,461177.42300000007
408,0.0
409,730.2972666666666
410,8.183005560000002
411,341.44594400000005
412,49.879254333333336
413,51450.74739999999
414,533.6120269999999
415,13.923317
416,0.0
417,201.091722
418,2195.33848
419,2.7630286400000004
420,0.0
421,0.0
422,244.48906247999997
423,1.5417862000000002
424,1.5412711600000002
425,4701.913159999999
426,0.0
427,2497.46108
428,0.0
429,668.75109
430,315.8917575
431,37163.2872
432,57504.35020000001
433,0.0
434,0.0
435,272.820972
436,2299.99032
437,0.0
438,1184.0640983500002
439,0.0
440,1566.1022666666668
441,48.5363108
442,12.49331085
443,0.0
444,545.0919333333333
445,594.0265487199999
446,1698.4683099999997
447,2714.2711179999997
448,14.206824166666669
449,68.92491799999999
450,0.0
451,4.91631618
452,59.73749
453,0.0
454,2.8011730000000004
455,280.427904
456,22.3664054
457,4.70557292
458,393.88593199999997
459,2.3148822
460,4213.62662
461,0.0
462,2468.3194
463,15585.1398
464,18246.607200000002
465,121.99318720000001
466,0.0
467,0.0
468,0.0
469,0.0
470,215.619918
471,8319.326000000001
472,2914.2401000000004
473,1187.0680779999998
474,9481.0394
475,2295.6594
476,134.157616
477,0.0
478,73606.618
479,9426.11528
480,0.0
481,0.0
482,0.0
483,0.0
484,183185.7512
485,5.8891965
486,91.93327
487,0.0
488,0.0
489,0.0
490,0.0
491,126.85364833333331
492,239.240951
493,1153.7661039999998
494,0.0
495,174.4902208
496,2626.8017
497,179.87341399999997
498,225407.5746
499,19.77187832
500,0.0
501,0.0
502,0.0
503,536097.0360000001
504,1808.5619834000001
505,431.61625000000004
506,20207.217800000002
507,1.54267506
508,0.0
509,0.0
510,1.5418056666666666
511,586.0674454800001
512,2489.2108500000004
513,0.0
514,0.0
515,0.0
516,81.11388860000001
517,377.29728140000003
518,0.0
519,0.0
520,0.0
521,0.0
522,680.0798004599999
523,2.2419883599999997
524,6.63893176
525,513.687224
526,0.0
527,1922.44048
528,4.00467446
529,132.91792666666666
530,0.0
531,52.040000600000006
532,267.49522
533,0.0
534,2718.8630333333335
535,126.960671
536,6306.961740000001
537,5427.00682
538,2.3718336
539,50.8607628
540,53.4126942
541,0.0
542,0.0
543,699.6252219999999
544,2923.0910799999997
545,1383.76534
546,0.0
547,0.0
548,5.28508162
549,214.515702
550,84.391948
551,66.975274
552,1627.622274
553,0.0
554,798743.9959999999
555,1.542219
556,2.4929083800000003
557,0.0
558,369.442148
559,1662.298496
560,3425.96382
561,2.147575625
562,49.12829464
563,0.0
564,36125.693499999994
565,543.8408620000001
566,3.49565595
567,617.31703
568,0.0
569,342.43932178
570,9312.64072
571,0.0
572,0.0
573,8192.61516
574,519.9550124
575,3034.4357
576,0.0
577,18.793795160000002
578,128.404472
579,6600.888320000001
580,72.0536162
581,182.68303399999996
582,66.3367966
583,1.94023802
584,20.392731
585,61.2982484
586,16.846353999999998
587,746.5706480000001
588,1.75399536
589,2.84687786
590,0.0
591,96.70566699999999
592,2139.9514320000003
593,166.426102
594,0.0
595,43472.955400000006
596,1338.0080679999999
597,41.63006033333334
598,513.1906280000001
599,4.9319752999999995
600,10.04740614
601,3639.41656
602,1715286.5333333332
603,3130.24734
604,37.477938
605,22698.7114
606,0.0
607,0.0
608,0.0
609,0.0
610,8.181671000000001
611,0.0
612,12.6430398
613,76.21426
614,13829.710000000001
615,10890.221000000001
616,19999.1276
617,605440.084
618,1.887600875
619,0.0
620,0.0
621,3.353154566666667
622,20.531958
623,192296.65940000003
624,71542.29140000002
625,17.48749626
626,284.76893666666666
627,0.0
628,0.0
629,86771.946
630,1.542486625
631,12.643016399999999
632,53327.6414
633,0.0
634,147.1466912
635,0.0
636,0.0
637,531.2895956
638,3.0246026666666666
639,27733.5636
640,120624.91140000001
641,0.0
642,207.67112419999998
643,1051.775948
644,326.58660080000004
645,4292.7202
646,0.0
647,0.0
648,111.03759319999999
649,7792.791846
650,16.727168600000002
651,0.0
652,259.201978
653,882.0242599999998
654,0.0
655,1614.17337
656,38.9964678
657,0.0
658,5.193861433333333
659,240.67519300000004
660,0.0
661,3740.629233333333
662,83.00349333333334
663,0.0
664,0.0
665,47882.816399999996
666,366.75545
667,2107.10262
668,1.63544232
669,0.0
670,65.924638
671,2.4548654599999997
672,224.05298919999996
673,0.0
674,12.643008
675,0.0
676,3927.49006
677,6.25056454
678,0.0
679,10855.6394
680,2.96052462
681,1.5939357666666665
682,0.0
683,95.31396831999999
684,2.9809725800000004
685,3400.9442800000006
686,0.0
687,1990.98426
688,121.348478
689,658.029968
690,2.03335006
691,0.0
692,6670.302802
693,2442.3584
694,12.64305552
695,24.6882914
696,0.0
697,1.578219625
698,0.0
699,0.0
700,0.0
701,245.13198400000002
702,4.248219775
703,524.877481
704,0.0
705,0.0
706,3321.027304
707,2.0830838000000003
708,6899.454800000001
709,0.0
710,0.0
711,394.2411636
712,473.56736199999995
713,5515.566975
714,66613.13966666667
715,5.974339
716,0.0
717,14099.322940000002
718,0.0
719,32236.93076
720,2318.6249533333335
721,1386.9420599999999
722,3585.4565333333335
723,1112.4040719999998
724,41414.8926
725,7740.295740000001
726,0.0
727,120.5742275
728,5317.48938
729,0.0
730,1669.2385445
731,1748.4992859999998
732,12.6430233
733,3098.306254
734,4983.5324200000005
735,2714.704028
736,1.5768442200000001
737,0.0
738,0.0
739,1383.7653500000001
740,0.0
741,18062.4734
742,230.301105
743,0.0
744,4.724557
745,22.9519925
746,0.0
747,0.0
748,0.0
749,188.856324
750,0.0
751,2412.5896999999995
752,41.224693
753,82773.94666666667
754,0.0
755,6.89557952
756,37.70792350000001
757,4.2370927
758,0.0
759,52.17313
760,875.6047000000001
761,1.79610196
762,0.0
763,354.1666024
764,0.0
765,0.0
766,1137.901512
767,280408.68080000003
768,1573.61205
769,343.35227
770,0.0
771,3071.2260666666666
772,2656960.78
773,0.0
774,0.0
775,12.306639
776,1551.96716
777,48.226181
778,313.4081
779,426.62978400000003
780,16.6568942
781,0.0
782,981.51881
783,17443.8234
784,317.771317
785,0.0
786,4121.330314000001
787,1.6069642600000003
788,42.045427333333336
789,107.477024
790,4853.8960799999995
791,1917.4881
792,2.28314012
793,1.8312903399999996
794,5597.238050000001
795,320.41517659999994
796,0.0
797,0.0
798,0.0
799,0.0
800,1.6828120000000002
801,0.0
802,2728.95432
803,0.0
804,1810.0392479999998
805,144.83971485000004
806,0.0
807,0.0
808,112.45317600000001
809,2985.19168
810,0.0
811,2.87206396
812,502.5801684
813,0.0
814,1.6872375
815,13.336730800000002
816,246.23799560000003
817,826.9540980000002
818,0.0
819,409.220028
820,281.22362400000003
821,294.9392645
822,7120.465223199999
823,2211.194712
824,0.0
825,0.0
826,40227.6274
827,446.87720599999994
828,498.1217500000001
829,25.316436599999996
830,2.43247742
831,0.0
832,0.0
833,1418.5118
834,0.0
835,0.0
836,581.4776599999999
837,127.1762978
838,1.7874177
839,0.0
840,42.059183499999996
841,4731.77636
842,0.0
843,0.0
844,1383.76529
845,2483896.566666667
846,33.824498750000004
847,4478.047566666667
848,0.0
849,5.34064514
850,20.939884333333335
851,0.0
852,3211.7214400000003
853,0.0
854,188.966255
855,44.4106518
856,88.40096159999999
857,0.0
858,2247.9001713999996
859,2494.8028799999997
860,0.0
861,86.79183980000002
862,0.0
863,0.0
864,844.1479999999999
865,2.53748868
866,100.75231799999999
867,1.543312475
868,9494.586739999999
869,0.0
870,222989.97259999998
871,900.06677
872,40899.70733333333
873,0.0
874,1650.92387
875,318.08131
876,0.0
877,3192.5589400000003
878,36.5762225
879,0.0
880,0.0
881,322378.70199999993
882,265.33283
883,6113.0305
884,12.081775
885,0.0
886,2.9566651199999994
887,5.291109560000001
888,4.588157574999999
889,11876.0436
890,0.0
891,2237.529326
892,0.0
893,0.0
894,754.7899399999999
895,1.561394
896,50.503661199999996
897,25.5291839
898,20567.8787625
899,1666.5475459999998
900,2.0613759
901,0.0
902,12814.6021
903,194.72928000000002
904,11273.61594
905,8719.11918
906,1043.53418
907,0.0
908,208.56535
909,38.82001694
910,15.0454162
911,2412.568988
912,1.89107718
913,10.618123399999998
914,63.504460249999994
915,8705.325459999998
916,3081.692192
917,215.61992
918,8265.07658
919,209.02575099999999
920,0.0
921,515.4135
922,1.65566376
923,17.542368399999997
924,0.0
925,55.36914220000001
926,0.0
927,292.97664599999996
928,398.70164600000004
929,5289.176939999999
930,3.7866554399999997
931,63.836890000000004
932,99.24480525000001
933,27730.277380000003
934,0.0
935,243.19375599999998
936,170.8073875
937,0.0
938,0.0
939,735.680134
940,24.42809485
941,0.0
942,0.0
943,14695.982999999998
944,0.0
945,0.0
946,138.3964492
947,292.95928799999996
948,4.03775308
949,226.532204
950,121.984058
951,2.8137219200000003
952,24204.290999999997
953,217.149852
954,38639.0222
955,76814.2572
956,0.0
957,49864.256180000004
958,0.0
959,256.82508856
960,10087.557
961,1396.976406
962,28.226809600000003
963,4.31413328
964,2953.524208
965,912.8218379999998
966,12.081773
967,7001.510920000001
968,26367.989
969,254.23236333333332
970,0.0
971,1.7168933
972,2803.8333
973,3359.6347199999996
974,8.51095892
975,2.00586192
976,1.6235736799999998
977,0.0
978,0.0
979,0.0
980,0.0
981,7396.44268
982,57903.27836
983,1824.5678199999998
984,0.0
985,12.359604
986,5508.09924
987,0.0
988,0.0
989,99.58737875
990,13083.10744
991,14863.566200000001
992,393.88591799999995
993,2851.71166
994,822.68702
995,37.98661933333333
996,0.0
997,49022.531800000004
998,4.0362933
999,1.7559708600000001
1000,111.03758759999998
1001,12.7437462
1002,0.0
1003,3.2315031399999996
1004,2.2745967
1005,0.0
1006,21719.7968
1007,9253.19132
1008,0.0
1009,0.0
1010,0.0
1011,1.7957101999999998
1012,95.25190319999999
1013,608.258974
1014,581.2453700000001
1015,2923.5038600000003
1016,449.28152199999994
1017,136.23741
1018,1583.51045
1019,3966.999226
1020,152.41037599999999
1021,12.44970872
1022,3.0871053500000003
1023,0.0
1024,4400.868600000001
1025,939.5000660000002
1026,31509.5946
1027,0.0
1028,3911.0050199999996
1029,4.3628371999999995
1030,1287.3671799999997
1031,0.0
1032,1.5433291999999998
1033,2.30839842
1034,1284.3247556
1035,1.66925604
1036,394.13679
1037,20.2464662
1038,0.0
1039,1325.07592
1040,0.0
1041,1306.087192
1042,0.0
1043,38045.246399999996
1044,94.5350864
1045,56784.88696000001
1046,22.0049784
1047,0.0
1048,25.399569
1049,3371.3519999999994
1050,0.0
1051,15530.834600000002
1052,795.1993560000001
1053,3.0035638199999997
1054,4841.75144
1055,2408.2209648
1056,0.0
1057,2.62101514
1058,1.54295662
1059,0.0
1060,9.803514875
1061,2013.0899060000004
1062,1681.25482
1063,155.4250176
1064,970.0654280000001
1065,0.0
1066,0.0
1067,0.0
1068,49537.56268
1069,15.0749592
1070,2.24830198
1071,0.0
1072,0.0
1073,0.0
1074,6302.51148
1075,186.55303650000002
1076,0.0
1077,2129.602334
1078,1224.99593
1079,0.0
1080,0.0
1081,0.0
1082,0.0
1083,0.0
1084,0.0
1085,1.6634000333333336
1086,34.2727266
1087,2.92766254
1088,0.0
1089,2055.66656
1090,1.54263334
1091,18.023612519999997
1092,500.90128000000004
1093,0.0
1094,9272.503219999999
1095,0.0
1096,96.3142354
1097,0.0
1098,1.95563572
1099,576.521938
1100,9.216164233333332
1101,719.7777820000001
1102,218746.333
1103,2.3148964800000007
1104,2.31927956
1105,0.0
1106,544.879324
1107,5.637178239999999
1108,0.0
1109,1344.89626
1110,1.83310308
1111,1.7559993399999996
1112,1.5428058400000002
1113,0.0
1114,3844.0276400000002
1115,1459.4630274
1116,0.0
1117,14677.470500000001
1118,0.0
1119,2819.3371399999996
1120,0.0
1121,13055.6397
1122,7.2009062
1123,0.0
1124,315.948722
1125,194.48745200000002
1126,2707.946834
1127,3256.5956
1128,2806.629
1129,0.0
1130,547.225625
1131,1917.4882499999999
1132,1.5427886333333334
1133,1.5430800599999999
1134,1283.3103168000002
1135,1.592145925
1136,5.335485660000001
1137,6.363207266666667
1138,68.3000375
1139,1183.769616
1140,66.4401575
1141,38212.68092
1142,1.543867
1143,2582.41906
1144,3.0090402999999997
1145,13914.79426
1146,1113.9477472
1147,82.1087562
1148,5100.83978
1149,280.42792599999996
1150,0.0
1151,14.3436114
1152,0.0
1153,1917.4883
1154,13209.008666666668
1155,0.0
1156,0.0
1157,3644.7129
1158,118.13685000000001
1159,0.0
1160,122.00803124999999
1161,137.2916582
1162,13705.2228
1163,298.43206200000003
1164,6.100155620000001
1165,1.5421989999999999
1166,5528.230820000001
1167,190.76592333333335
1168,2.3149120400000003
1169,9.622995
1170,61648.467800000006
1171,80825.62240000001
1172,0.0
1173,85.293709
1174,5570.0299624
1175,0.0
1176,16.8631019
1177,296.567474
1178,0.0
1179,16.301195999999997
1180,715.435588
1181,11.018374333333332
1182,0.0
1183,4.789845480000001
1184,2.90588126
1185,305.154984
1186,1165.9216600000002
1187,63.169972800000004
1188,589.0100160000001
1189,5.756809500000001
1190,18392.4896
1191,7811.385851999999
1192,20250.389
1193,0.0
1194,284.58248100000003
1195,23834.3008
1196,65.48778566666665
1197,52.817561999999995
1198,182.285456
1199,570.578636
1200,0.0
1201,95.6683142
1202,272.59913
1203,1043.697476
1204,0.0
1205,869135.22
1206,0.0
1207,53.804832
1208,964.98557
1209,0.0
1210,1570.8670399999999
1211,0.0
1212,88.27896519999999
1213,0.0
1214,0.0
1215,35.2037566
1216,5834.86322
1217,136.6065528
1218,18.7370953
1219,1223.7168172000002
1220,0.0
1221,0.0
1222,0.0
1223,0.0
1224,1435.22132
1225,1.6006249666666665
1226,26.4637416
1227,1.8098519400000002
1228,84.39194260000001
1229,22158.8932
1230,28.910736280000002
1231,0.0
1232,11.617002620000001
1233,16.102189700000004
1234,0.0
1235,0.0
1236,52.817595999999995
1237,724.86203
1238,0.0
1239,284.76894999999996
1240,0.0
1241,49.51949233333334
1242,4.71756632
1243,12.643010659999998
1244,0.0
1245,0.0
1246,3.83072626
1247,28.617574400000002
1248,35.0819484
1249,0.0
1250,136.23740600000002
1251,0.0
1252,0.0
1253,0.0
1254,230.85934740000002
1255,9885.55934
1256,84.4227526
1257,1080.2465499999998
1258,1377.5387
1259,30.7497586
1260,1.5436952199999998
1261,0.0
1262,0.0
1263,0.0
1264,16.798203333333333
1265,788.9009480000001
1266,0.0
1267,13443.324666666667
1268,59.09808466666667
1269,6033.06454
1270,0.0
1271,5040.71532
1272,0.0
1273,34.579684500000006
1274,77.8106625
1275,263.271828
1276,1.6071183666666666
1277,0.0
1278,6.22805432
1279,2628.125512
1280,1933.63795
1281,0.0
1282,3945.5995399999993
1283,0.0
1284,0.0
1285,8761.2598
1286,3.81310368
1287,231.6681133333333
1288,23372.156300000002
1289,4856.71334
1290,0.0
1291,7.005315799999999
1292,1.54297875
1293,0.0
1294,723.492958
1295,910.655864
1296,3923.8574000000003
1297,20.271964
1298,1891.1588
1299,172.4398984
1300,90.2984296
1301,0.0
1302,0.0
1303,0.0
1304,0.0
1305,0.0
1306,0.0
1307,0.0
1308,0.0
1309,48934.45220000001
1310,0.0
1311,0.0
1312,45.255918400000006
1313,1189441.276
1314,3.8340150399999997
1315,3.2161490199999996
1316,7064.30206
1317,3547.3987666666667
1318,0.0
1319,0.0
1320,0.0
1321,651.419764
1322,0.0
1323,0.0
1324,5.99833604
1325,837.2268449999999
1326,65.85169414
1327,0.0
1328,648.69274
1329,42.237777
1330,178.10568333333333
1331,161215.91
1332,0.0
1333,12263.127225
1334,0.0
1335,15.1634125
1336,94.1766038
1337,29353.380000000005
1338,0.0
1339,728.7169807500001
1340,22519.563899999997
1341,3962.48934
1342,0.0
1343,2887.320633333333
1344,0.0
1345,178.7973072
1346,2499.31366
1347,7704.34074
1348,0.0
1349,0.0
1350,303.5439586
1351,13349.555400000001
1352,1.5420500499999998
1353,0.0
1354,2.54743794
1355,0.0
1356,0.0
1357,0.0
1358,0.0
1359,109.83988500000001
1360,1917.48815
1361,0.0
1362,349.38953868
1363,50.430807
1364,0.0
1365,93.5793625
1366,88.99871675
1367,173.57964357999998
1368,0.0
1369,266.20323399999995
1370,2.059206725
1371,0.0
1372,902.195506
1373,0.0
1374,0.0
1375,72.311597
1376,93.984275
1377,4569.508108
1378,112.980876
1379,400.251942
1380,507.11795599999994
1381,1583.510325
1382,14066.057499999999
1383,655349.0140000001
1384,4505.5064999999995
1385,12.64302108
1386,610.4475699999999
1387,0.0
1388,8.6886422
1389,0.0
1390,9.63921286
1391,0.0
1392,0.0
1393,302.738038
1394,1507.7172
1395,0.0
1396,2128.29999
1397,1258.9515
1398,12.501497
1399,24.831123420000004
1400,282.3989348
1401,0.0
1402,0.0
1403,11.5226765
1404,2332.88998
1405,185.08867719999998
1406,2485.01836
1407,0.0
1408,54202.3146
1409,1839.57326
1410,13226.09822
1411,921.4372
1412,42218.1008
1413,1338.3608000000002
1414,15.7122308
1415,0.0
1416,71259.7194
1417,1.5434091
1418,4.440338325
1419,0.0
1420,734.5214166666666
1421,205.419796
1422,0.0
1423,15672.20885
1424,1415784.94
1425,8306.746019999999
1426,2.1966897399999996
1427,85976.2074
1428,243.90950333333333
1429,1942.69532
1430,2531893.9634
1431,0.0
1432,0.0
1433,0.0
1434,4811.831
1435,60.344936
1436,0.0
1437,0.0
1438,0.0
1439,0.0
1440,27271.420800000004
1441,4.15193436
1442,18135.719999999998
1443,726.081152
1444,3.855714
1445,33.0906212
1446,0.0
1447,3.4184535400000002
1448,3.72507915
1449,777.0866239999999
1450,0.0
1451,713.47262
1452,4544.694725
1453,1363.6789999999999
1454,0.0
1455,0.0
1456,590528.0708
1457,88.5481412
1458,0.0
1459,46843.6094
1460,1151392.9666666666
1461,34.85223620000001
1462,26412.489
1463,18.4104904
1464,1.54256285
1465,0.0
1466,25006.024799999996
1467,60862.9372
1468,26470.198979999997
1469,47.17207833333333
1470,0.0
1471,4.165123966666666
1472,0.0
1473,0.0
1474,14054.58432
1475,20.939884333333335
1476,0.0
1477,0.0
1478,0.0
1479,263.271788
1480,297.9113066666667
1481,22.348938800000003
1482,0.0
1483,14.080029999999999
1484,119609.8
1485,0.0
1486,112.603487
1487,42.29050948
1488,155.9769
1489,0.0
1490,6430.453739999999
1491,153.55486
1492,11.34637985
1493,0.0
1494,3.56955742
1495,1426.6870860000001
1496,2147.337826
1497,0.0
1498,12.643010799999999
1499,11304.177675
1500,1597.5762333333332
1501,75966.0214
1502,0.0
1503,8.5549418
1504,6.851382699999999
1505,452.99380199999996
1506,8081.555499200002
1507,58.174822600000006
1508,105.85016040000001
1509,288.7386624
1510,2.4246233200000002
1511,33.123479333333336
1512,1850.0795138
1513,0.0
1514,0.0
1515,0.0
1516,0.0
1517,3.3397517800000003
1518,1.5958321666666668
1519,0.0
1520,0.0
1521,0.0
1522,122.294092
1523,26.638225
1524,0.0
1525,1.6558430999999998
1526,0.0
1527,223.860335
1528,27.6472134
1529,1098.0305400000002
1530,215.619888
1531,1.5422199666666667
1532,1.5425566000000002
1533,0.0
1534,745.3817339999999
1535,4.7130167
1536,14.824762399999997
1537,0.0
1538,0.0
1539,0.0
1540,0.0
1541,0.0
1542,0.0
1543,0.0
1544,0.0
1545,0.0
1546,95746.7288
1547,1739.4535079999998
1548,9984.704590000001
1549,0.0
1550,0.0
1551,0.0
1552,1592.4260600000002
1553,251.82297
1554,0.0
1555,0.0
1556,0.0
1557,282.92631960000006
1558,1.88213435
1559,5494.72276
1560,0.0
1561,0.0
1562,0.0
1563,975.6712880000001
1564,9592.759199999999
1565,0.0
1566,45647.202750000004
1567,303.11762600000003
1568,4901.058075999999
1569,830321.2679999999
1570,21.215065499999998
1571,0.0
1572,2768.9687
1573,7797.714719999998
1574,0.0
1575,1087.089778
1576,420.0226624
1577,1564.20726
1578,629.040892
1579,638.1409739999999
1580,5456.23648
1581,355.658336
1582,3.8047531999999995
1583,0.0
1584,5.302256100000001
1585,2989.9539999999997
1586,1443.1874533333332
1587,0.0
1588,0.0
1589,343.1812766666667
1590,106.96354324999999
1591,0.0
1592,12.6430082
1593,178.13830000000002
1594,84.3919266
1595,0.0
1596,5093.451866
1597,5709.4441400000005
1598,639.31895
1599,0.0
1600,36100.671
1601,0.0
1602,0.0
1603,0.0
1604,0.0
1605,0.0
1606,44.65275066666667
1607,16.1036736
1608,2242.2181800000003
1609,67.8364122
1610,1383.7652
1611,414855.234
1612,0.0
1613,2.132776
1614,56.4044816
1615,0.0
1616,4.339097233333333
1617,3050.2693600000002
1618,0.0
1619,632.933364
1620,0.0
1621,0.0
1622,21.17755933333333
1623,0.0
1624,2762.15004
1625,1.83137446
1626,0.0
1627,0.0
1628,59.461796
1629,0.0
1630,100.80250600000002
1631,42.304259
1632,9743.308459999998
1633,136.23739300000003
1634,0.0
1635,0.0
1636,64177.064679999996
1637,18.4104993
1638,2391.23156
1639,33.45176119999999
1640,9.69606642
1641,59.818213
1642,0.0
1643,199.7285652
1644,88.28836040000002
1645,0.0
1646,6094.57872
1647,263.68207200000006
1648,0.0
1649,16.0950007
1650,0.0
1651,0.0
1652,1248.005468
1653,0.0
1654,0.0
1655,4189.403266666667
1656,418.2536464600001
1657,0.0
1658,0.0
1659,15.715399000000001
1660,1808.7826474
1661,112.21646199999999
1662,0.0
1663,15.982761100000001
1664,2153.5915800000002
1665,7.937874859999999
1666,12.9860222
1667,331.29944
1668,98.09115919999999
1669,0.0
1670,785.6048880000001
1671,1.9622708666666668
1672,13480.53848
1673,20.277394666666666
1674,18.7510045
1675,53.33642299999999
1676,0.0
1677,4054.52822
1678,2.4339240200000005
1679,72818.7566
1680,13624.141946
1681,1.67628712
1682,4592.62932
1683,0.0
1684,54.54905433333334
1685,59.461792
1686,1054986.758
1687,25847.7224
1688,21.601509980000003
1689,1.8311949
1690,29722.892499999998
1691,357.491654
1692,174.490174
1693,211.08690333333334
1694,59107.489
1695,0.0
1696,6644.4739
1697,1792.8135200000002
1698,0.0
1699,0.0
1700,65736.3244
1701,833.354852
1702,4323.94844
1703,19375.7437
1704,2.60329684
1705,1.5427271000000002
1706,89.42420999999999
1707,37.20918759999999
1708,27403.2124
1709,1.7487527800000002
1710,1.651721
1711,0.0
1712,0.0
1713,11.875540199999998
1714,0.0
1715,304.52810200000005
1716,256.82507655999996
1717,0.0
1718,0.0
1719,180.0311916
1720,1115.3545
1721,6374.13368
1722,1265.9280887500001
1723,0.0
1724,1.6354411000000002
1725,0.0
1726,387.56651
1727,2825.9770679999997
1728,12.452933999999999
1729,318.06050175
1730,8264.10802
1731,7.6394457
1732,961.2928079200001
1733,0.0
1734,64.99993959999999
1735,148.3333632
1736,2094.160014
1737,16393.99676
1738,18604.89462
1739,13642.111780000001
1740,49.65226080000001
1741,1570.970384
1742,1.7728047249999999
1743,4374.8587800000005
1744,174.0298963
1745,145.917765
1746,21399.5446
1747,2.5852155
1748,0.0
1749,304.914042
1750,0.0
1751,7.507155699999999
1752,0.0
1753,58789.0122
1754,381.4291144
1755,122.14712
1756,9419.778075
1757,8094.48836
1758,41.15730333333334
1759,0.0
1760,50496.694599999995
1761,2217.2701333333334
1762,2.15782116
1763,0.0
1764,40692.34133333333
1765,33176.773452
1766,5.0184555
1767,2.65666828
1768,804.32062
1769,53.20483459999999
1770,1.67387054
1771,0.0
1772,1623.3149100000003
1773,136.237368
1774,1.8735514
1775,4160.914406666667
1776,1669.7549800000002
1777,370.510912
1778,0.0
1779,7.606993439999999
1780,0.0
1781,59.30974080000001
1782,680.831202
1783,4.987053800000001
1784,1170.6762059999999
1785,1015.4199624999999
1786,1570.8670399999999
1787,0.0
1788,6775.81502
1789,2113.048094
1790,12.6430127
1791,511.75750800000003
1792,0.0
1793,0.0
1794,20475.462460000002
1795,0.0
1796,305.154876
1797,1.7984460599999998
1798,11.92359294
1799,823.1145779999999
1800,21.978012839999998
1801,24.962068075
1802,0.0
1803,1259.37509254
1804,18203.594600000004
1805,1.66927598
1806,87.1761094
1807,27.939616519999998
1808,2779.4559199999994
1809,65.88312280000001
1810,1622.2579800000003
1811,2175.217122
1812,6.03655878
1813,324.26614499999994
1814,1588.4345134
1815,24510.9408
1816,2374.5825666666665
1817,5.18126944
1818,847.101376
1819,150.73342399999999
1820,63.74236933333333
1821,0.0
1822,2.4938982000000003
1823,1548.7349333333332
1824,17.118694249999997
1825,8.235126166666667
1826,1.5419792333333333
1827,1.54203468
1828,1466.9744666666666
1829,72.614918
1830,0.0
1831,0.0
1832,1891.1588
1833,12.6430308
1834,0.0
1835,0.0
1836,208911.2218
1837,0.0
1838,0.0
1839,0.0
1840,60.8635085
1841,22.6324252
1842,716.5579032
1843,119.0998128
1844,0.0
1845,15657.444399999998
1846,92.1120875
1847,8638.82204
1848,3.65715385
1849,305.93035180000004
1850,20.819933819999996
1851,1801.8896659999998
1852,42.3638866
1853,0.0
1854,385.5684533333333
1855,0.0
1856,29.25931633333333
1857,150.313025
1858,0.0
1859,1998.06266
1860,0.0
1861,3781.2563600000003
1862,0.0
1863,862.7008999999999
1864,49.159432
1865,63.01988659999999
1866,242.17019799999997
1867,31964.2022
1868,2381.2448400000003
1869,0.0
1870,326.02517824999995
1871,4.278952939999999
1872,178.09593420000002
1873,464.3796866666667
1874,4002.399065999999
1875,0.0
1876,9458.830680000001
1877,41.45314140000001
1878,0.0
1879,0.0
1880,241.120397
1881,0.0
1882,294.49636599999997
1883,1713466.4000000001
1884,44776.817200000005
1885,14053.66862
1886,40802.77966666667
1887,12975.8426
1888,280123.966
1889,14.987984800000001
1890,381.79548200000005
1891,132.80051969999997
1892,1.5378571333333333
1893,748.720962
1894,3065697.668
1895,48886.1656
1896,9.071190666666666
1897,1.8760298599999998
1898,68.4691688
1899,3026.89182
1900,1383.7653
1901,217.86954800000004
1902,2561.1770800000004
1903,1583.5104000000001
1904,2.17458922
1905,37733.74130079999
1906,58.58893788
1907,39876.829099999995
1908,2078.75708
1909,0.0
1910,4.717572800000001
1911,16.6013618
1912,200.4240166666667
1913,0.0
1914,2.04871312
1915,21482.71042
1916,1013.112312
1917,80.9869
1918,200.78400200000002
1919,0.0
1920,9.266760860000002
1921,2378.7141400000005
1922,0.0
1923,16058.509333333333
1924,0.0
1925,912.0829600000001
1926,86.0146028
1927,369.6535874
1928,0.0
1929,0.0
1930,2.2843939
1931,31069.9355
1932,0.0
1933,0.0
1934,0.0
1935,3.5768613
1936,1.5412564
1937,804.85426
1938,28.096588000000004
1939,0.0
1940,19837.154666666665
1941,53655.269539999994
1942,0.0
1943,2764.1229799999996
1944,3272.9886208
1945,33.770585999999994
1946,0.0
1947,0.0
1948,0.0
1949,337049.6546
1950,160.8055942
1951,75.04060000000001
1952,17.6747468
1953,2.6111607666666665
1954,2.76325875
1955,3.7433889999999996
1956,3.57685636
1957,0.0
1958,165.701709
1959,520.855946
1960,4.132241766666667
1961,0.0
1962,3.05535738
1963,42.82427099999999
1964,174.1642148
1965,0.0
1966,0.0
1967,1.5430840000000001
1968,340.16661660000005
1969,6.0869897
1970,2658.04925
1971,154.8157314
1972,918.2895679999999
1973,113.86191466666666
1974,488.66416399999997
1975,0.0
1976,3.8320487666666665
1977,1.82973825
1978,11164.7293
1979,1248.0721188
1980,0.0
1981,7949.742759999999
1982,75.72052920000002
1983,48.6793356
1984,0.0
1985,1469.1870999999999
1986,3135.9301511999997
1987,0.0
1988,0.0
1989,0.0
1990,5.798301766666666
1991,41.7218174
1992,0.0
1993,3277.733
1994,4.796969300000001
1995,7.429858000000001
1996,4.38423
1997,1767.1931333333334
1998,11.722636099999999
1999,0.0
2000,45969.8328
2001,2.8011727333333334
2002,0.0
2003,2091.278574
2004,226.58543077999997
2005,434.42960000000005
2006,1.83173834
2007,9.67720908
2008,5093.880459999999
2009,0.0
2010,856.027254
2011,0.0
2012,61.64933400000001
2013,43.219717
2014,0.0
2015,0.0
2016,0.0
2017,173.85057799999998
2018,19589.25226
2019,184.96542
2020,0.0
2021,2807.9012000000002
2022,11.59543098
2023,0.0
2024,0.0
2025,664582.2079999999
2026,7.177479979999999
2027,3.2674537
2028,1838.8892700000001
2029,0.0
2030,0.0
2031,10297.72258
2032,0.0
2033,0.0
2034,406.07203250000003
2035,0.0
2036,0.0
2037,21.4937234
2038,0.0
2039,113.786638
2040,5744.3523399999995
2041,76.70249426
2042,128.319238
2043,0.0
2044,12875.36232
2045,7078.04002
2046,149.0316486
2047,1369.669608
2048,111.03760179999999
2049,50902.654800000004
2050,115.78896999999999
2051,1.5501183
2052,0.0
2053,1410.4783
2054,0.0
2055,3263.47796
2056,0.0
2057,0.0
2058,4.7969822
2059,0.0
2060,4827.081233333333
2061,0.0
2062,0.0
2063,120.57421000000002
2064,0.0
2065,0.0
2066,209.491223
2067,0.0
2068,0.0
2069,0.0
2070,27242.7332
2071,1251.35046
2072,2171.2608333333333
2073,629.040892
2074,96.16664999999999
2075,29836.0152
2076,117.75374159999998
2077,417.1944460000001
2078,19.430827600000004
2079,5.358670333333333
2080,196.59615060000002
2081,0.0
2082,0.0
2083,252.51484399999998
2084,1391.4779646
2085,932.7331928000001
2086,141.51660366666667
2087,3.7215004
2088,809.59105998
2089,135.84373
2090,0.0
2091,923.4586083
2092,5.85529868
2093,0.0
2094,2.7080526999999996
2095,6.056786499999999
2096,19.659976
2097,0.0
2098,0.0
2099,0.0
2100,28814.389199999998
2101,2.14762514
2102,0.0
2103,0.0
2104,4549.23696
2105,370.161338
2106,4028.86626
2107,1246.8090399999999
2108,0.0
2109,0.0
2110,10877.505000000001
2111,0.0
2112,1570.8671000000002
2113,0.0
2114,27.665411
2115,0.0
2116,9.840161599999998
2117,933.05081
2118,0.0
2119,0.0
2120,0.0
2121,88.14470333333333
2122,33.747474800000006
2123,572.013466
2124,3686.1677226599995
2125,635.2225336
2126,67.10365393999999
2127,55599.791800000006
2128,0.0
2129,9233.798666666667
2130,48503.626
2131,4.3023392199999995
2132,2057.091214
2133,2.09043906
2134,0.0
2135,0.0
2136,0.0
2137,0.0
2138,175185.0868
2139,15.504792140000001
2140,50.07929733333333
2141,5030.22804
2142,180.258892
2143,370.69869800000004
2144,52.685167
2145,0.0
2146,93.0363336
2147,0.0
2148,181.22235700000002
2149,18845.1442
2150,0.0
2151,25.544356333333337
2152,988.72366
2153,9.210045866666666
2154,0.0
2155,0.0
2156,2.6209975599999997
2157,0.0
2158,0.0
2159,0.0
2160,3310119.6333333333
2161,0.0
2162,0.0
2163,0.0
2164,20388.711600000002
2165,3.6859266249999996
2166,341.250528
2167,795.6947640000001
2168,0.0
2169,0.0
2170,25959.713333333333
2171,184.77102564
2172,2841533.232
2173,0.0
2174,1150.768731
2175,4559.9353
2176,0.0
2177,0.0
2178,370.481412
2179,0.0
2180,1127.40601746
2181,1.8872351333333333
2182,39.38127540000001
2183,4404.51028
2184,319.319754
2185,1.7977535599999999
2186,699.780702
2187,779.6647700000001
2188,0.0
2189,614.82371
2190,6741.59375
2191,28.500946
2192,9857.751919999999
2193,5556.53194
2194,8743.281120000001
2195,0.0
2196,360687.25200000004
2197,576226.27
2198,173.494536
2199,0.0
2200,5.869909033333333
2201,391.19099399999993
2202,0.0
2203,0.0
2204,567.56115275
2205,2583.638825
2206,7320.027496000001
2207,1243.22324
2208,633.814842
2209,17.07858014
2210,0.0
2211,6070.431419999999
2212,246.18635000000003
2213,1.88837652
2214,20.349908
2215,1108.7744360000002
2216,63.03612233333333
2217,0.0
2218,320635.692
2219,21.247204700000005
2220,0.0
2221,5.443819840000001
2222,3314.15852
2223,1350.533132
2224,132.58710738
2225,129.40108
2226,46.043334400000006
2227,1.649727
2228,77.8154935
2229,0.0
2230,2812.06328
2231,295.14295400000003
2232,263.271796
2233,0.0
2234,2544.2946666666667
2235,41.443373
2236,3617.52592
2237,0.0
2238,0.0
2239,0.0
2240,857.04756
2241,1629.8911
2242,0.0
2243,232.81514420000002
2244,367.75382579999996
2245,2.4585692000000003
2246,0.0
2247,37631.37118
2248,2614.53568
2249,1.54264238
2250,1084.132824
2251,4.31434954
2252,1679.79625
2253,5.4373542
2254,28420.629400000005
2255,1570.86714
2256,32.3177414
2257,0.0
2258,1.5415628333333335
2259,852.6822232000001
2260,39998.48514
2261,9350.52292
2262,35.84675198
2263,166.947679
2264,6155.350540000001
2265,108651.624
2266,0.0
2267,2334.86054
2268,0.0
2269,0.0
2270,169.24186
2271,1205.415816
2272,0.0
2273,64.9999574
2274,213.39450025
2275,0.0
2276,1864.235706
2277,537.261836
2278,1551.0412800000001
2279,368.845228
2280,397.21362739999995
2281,12.64301
2282,0.0
2283,235.43827339999999
2284,0.0
2285,18.6730496
2286,4.138542833333333
2287,9141.20688
2288,939023.0540000001
2289,935.5246625
2290,0.0
2291,0.0
2292,2.0193871666666667
2293,0.0
2294,5113.0376
2295,22.191731400000002
2296,4.48032746
2297,7.347678849999999
2298,0.0
2299,283.01019660000003
2300,0.0
2301,0.0
2302,0.0
2303,0.0
2304,0.0
2305,10240.386999999999
2306,63.792537200000005
2307,0.0
2308,557.57458
2309,119.54872459999999
2310,37.1154888
2311,425.9169836
2312,1802.3640000000003
2313,3.7898296333333334
2314,570.8497179999999
2315,88.52486333333333
2316,3.90724104
2317,1383.76529
2318,0.0
2319,3305.7201
2320,2.2745962000000004
2321,0.0
2322,0.0
2323,0.0
2324,4724.45438
2325,4.522206533333333
2326,13.74460976
2327,0.0
2328,267.499664
2329,368.70532879999996
2330,0.0
2331,1.6334698999999997
2332,57.4552376
2333,5.63775414
2334,284.7689433333333
2335,0.0
2336,0.0
2337,34.516253
2338,4162275.2
2339,52.58646220000001
2340,2640.69394
2341,0.0
2342,4.656544
2343,0.0
2344,0.0
2345,52.81757
2346,0.0
2347,1158.368504
2348,178.37493666666668
2349,582.8153366666667
2350,9.76417964
2351,795.4190633999999
2352,0.0
2353,0.0
2354,412.90997200000004
2355,10.0113158
2356,476.19926999999996
2357,0.0
2358,0.0
2359,1.9025764600000001
2360,563.644142
2361,186387.2872
2362,0.0
2363,342.42107480000004
2364,0.0
2365,0.0
2366,4245.135648
2367,142.567648
2368,0.0
2369,29.495843999999998
2370,46.4447364
2371,325.185418
2372,0.0
2373,253.39507199999997
2374,0.0
2375,1090.9553333333333
2376,4202.617094
2377,0.0
2378,0.0
2379,2011.2614959999999
2380,1.6044116666666668
2381,16.5001776
2382,4.971655366666666
2383,0.0
2384,40.1464378
2385,21.2792506
2386,0.0
2387,23872.217200000003
2388,0.0
2389,0.0
2390,0.0
2391,0.0
2392,1.54050156
2393,2576.0660199999998
2394,721.7141333333334
2395,3190.12438
2396,84.41209225
2397,167.911249
2398,3.2971193999999997
2399,10.016376900000001
2400,1282.5168159999998
2401,578.037086
2402,27.76631
2403,2838.3002175
2404,3.28536284
2405,37600.28764
2406,9.03910446
2407,38.26888759999999
2408,0.0
2409,1381.3419079999999
2410,0.0
2411,0.0
2412,72.8301994
2413,3940.7677799999997
2414,1.5716656666666668
2415,7.91832948
2416,172606.5564
2417,6008.249180000001
2418,4.8869202000000005
2419,2.1483116250000003
2420,0.0
2421,172.9736
2422,0.0
2423,300.747416
2424,1613.7637659999998
2425,970.0458839999999
2426,39091.603
2427,1533.91602
2428,47180.2168
2429,200.4240166666667
2430,168.53836579999998
2431,0.0
2432,83.6978824
2433,990.55164
2434,78.8802534
2435,6.2885544599999985
2436,0.0
2437,2952.9552838000004
2438,25311.89794
2439,0.0
2440,0.0
2441,12811.15252
2442,0.0
2443,0.0
2444,8.5109054
2445,0.0
2446,0.0
2447,0.0
2448,0.0
2449,0.0
2450,4107.741323
2451,834.6464272
2452,20449.598
2453,182.1554256
2454,2.4757085400000003
2455,7824.556613333334
2456,480.1009480000001
2457,9217.27894
2458,66.21070879999999
2459,1917.4881
2460,0.0
2461,0.0
2462,173.26795333333334
2463,0.0
2464,1396.6311666666668
2465,259.5236398
2466,1383.76529
2467,56.9972936
2468,5939.68704
2469,1.54281146
2470,150.313
2471,153483.43080000003
2472,0.0
2473,1.75688632
2474,1891.158825
2475,0.0
2476,5.33544288
2477,78.662545
2478,0.0
2479,0.0
2480,0.0
2481,0.0
2482,3.4999553800000003
2483,0.0
2484,0.0
2485,14.250457999999998
2486,781.583835
2487,311.950765
2488,2368.73858
2489,179.95247680000003
2490,78661.28375
2491,0.0
2492,1948.9499739999999
2493,287.79891899999996
2494,112.178885
2495,21902.8572
2496,482.832442
2497,0.0
2498,70.45963980000002
2499,77378.29980000001
2500,8.45326492
2501,14.251028879999998
2502,132.988627
2503,0.0
2504,207.0286962
2505,189.854308
2506,11.022965199999998
2507,231.02609999999999
2508,212752.84980000003
2509,0.0
2510,1.54333896
2511,468.20869400000004
2512,140.3417892
2513,1207.4375499999999
2514,0.0
2515,3.62950302
2516,3.00323986
2517,0.0
2518,3777.47056
2519,0.0
2520,288.50198600000004
2521,0.0
2522,346.430208
2523,13.969795260000001
2524,0.0
2525,116.0013716
2526,146.12228079999997
2527,2966.6014999999998
2528,64.99994519999998
2529,1891.158825
2530,4291.5495
2531,450.16768999999994
2532,0.0
2533,14.638617199999999
2534,1412.61143
2535,3887.1406
2536,2.66000608
2537,0.0
2538,376267.63659999997
2539,9.4407242
2540,18.2194624
2541,131.2677042
2542,544.313685
2543,1.543027
2544,144796.7324
2545,0.0
2546,855.0884875
2547,8170.727800000001
2548,70.22987875
2549,0.0
2550,47.30896899999999
2551,39.271332625
2552,3.30580974
2553,1806.1694799999998
2554,14970.89308
2555,0.0
2556,0.0
2557,7774.3436
2558,1105.560264
2559,1288.6204356
2560,5.33543296
2561,1.543077
2562,30468.3886
2563,0.0
2564,0.0
2565,21090.37728
2566,48.4632302
2567,296.640276
2568,0.0
2569,15717.2942
2570,479.7166066666666
2571,505.89909800000004
2572,325231.7358
2573,54.338889800000004
2574,97929.5034
2575,1.5430624
2576,0.0
2577,46.4959846
2578,4347.3204000000005
2579,0.0
2580,1.5939518
2581,7588.3359199999995
2582,3.083914525
2583,12636.46606
2584,0.0
2585,18837.5376
2586,8.95291294
2587,29800.485259999998
2588,12.7572305
2589,16.8463492
2590,584.78485
2591,2026.9792200000004
2592,2.3381347750000003
2593,162288.85
2594,0.0
2595,433.3011166666667
2596,0.0
2597,629.04088
2598,0.0
2599,0.0
2600,240.467962
2601,0.0
2602,0.0
2603,1427.59148
2604,0.0
2605,58.98864960000001
2606,59.4916865
2607,0.0
2608,19336.8638
2609,0.0
2610,0.0
2611,0.0
2612,0.0
2613,0.0
2614,0.0
2615,0.0
2616,0.0
2617,14.056313399999999
2618,3137.9698288399995
2619,1.5971281400000001
2620,17.6578035
2621,0.0
2622,0.0
2623,14.080032666666666
2624,709.939608
2625,0.0
2626,21.8196844
2627,1383.76529
2628,5.503371700000001
2629,20.939884666666668
2630,7.811561
2631,82.07790120000001
2632,2.4341720000000002
2633,3.49996504
2634,29583.0504
2635,61.876783999999994
2636,0.0
2637,6.27790125
2638,0.0
2639,16.846354400000003
2640,10577.412
2641,394.1367625
2642,816.0853500000001
2643,507.82630660000007
2644,0.0
2645,4551.0549599999995
2646,0.0
2647,945.1201599999999
2648,0.0
2649,22240.6264
2650,0.0
2651,976.5195333333332
2652,2.1780542
2653,111.03763899999998
2654,0.0
2655,5.069854099999999
2656,0.0
2657,1.5481897333333332
2658,196.68221720000003
2659,0.0
2660,4213.989879999999
2661,27.904478800000003
2662,44.453534919999996
2663,0.0
2664,0.0
2665,0.0
2666,5.21171775
2667,58677.907660000004
2668,0.0
2669,0.0
2670,143.08541079999998
2671,2.9605180800000004
2672,57160.94726
2673,0.0
2674,0.0
2675,124.482192
2676,0.0
2677,1.6467544800000002
2678,0.0
2679,1.6494899399999998
2680,155.8121575
2681,0.0
2682,102.7505955
2683,0.0
2684,28.451801199999995
2685,1158.82216
2686,40501.409400000004
2687,525.950792
2688,0.0
2689,0.0
2690,0.0
2691,0.0
2692,0.0
2693,249.39228666666668
2694,11.1687448
2695,59.14275848
2696,227.55576000000002
2697,0.0
2698,3496.0939399999997
2699,345.56064
2700,136.237362
2701,18.0722332
2702,7797.714719999998
2703,7522.807259999999
2704,22.4625504
2705,0.0
2706,0.0
2707,0.0
2708,0.0
2709,280.427958
2710,2005.2360600000004
2711,0.0
2712,282.3897392
2713,9347.790799999999
2714,1891.158875
2715,2.29355638
2716,2999.9927259999995
2717,7262.83036
2718,150.6786126
2719,0.0
2720,119.58513599999999
2721,182.44358400000002
2722,33.286359399999995
2723,15923.51992
2724,8559.86346
2725,0.0
2726,3775.452619999999
2727,1.5430280333333333
2728,4782.06616
2729,714.493052
2730,550.7501033333333
2731,11953.2876
2732,0.0
2733,0.0
2734,188.12641200000002
2735,1558.9427249999999
2736,0.0
2737,280.427964
2738,0.0
2739,937.3633600000001
2740,3664.1634399999994
2741,342.57486600000004
2742,140.48479200000003
2743,244.961216
2744,149.08372
2745,11832.130739999999
2746,28111.0388
2747,109.997545
2748,66126.40819999999
2749,0.0
2750,0.0
2751,0.0
2752,0.0
2753,0.0
2754,0.0
2755,3.9887034333333333
2756,7.38270134
2757,0.0
2758,0.0
2759,0.0
2760,2.72184996
2761,1383.76529
2762,0.0
2763,1269.093212
2764,3309.18168
2765,0.0
2766,950.0595959999998
2767,15.106851799999998
2768,0.0
2769,1.59102182
2770,0.0
2771,0.0
2772,94.6462582
2773,0.0
2774,55.385938499999995
2775,1.6373092249999999
2776,0.0
2777,18.8159092
2778,1.5427905
2779,1123.9580740000001
2780,2065.964162
2781,0.0
2782,1781.75684
2783,5.53463348
2784,0.0
2785,251.62739978
2786,4158.1429
2787,0.0
2788,91.94820940000002
2789,366.84918000000005
2790,0.0
2791,59996.011
2792,15.240988219999997
2793,0.0
2794,394.13676250000003
2795,3.682409075
2796,0.0
2797,64.9999454
2798,51.838409750000004
2799,3046.4633799999997
2800,0.0
2801,20.939885999999998
2802,0.0
2803,4.3282189
2804,0.0
2805,91.27840499999999
2806,1.54283915
2807,3305.44858
2808,5392.19386
2809,239782.67
2810,160.37023733999996
2811,42.112302799999995
2812,20353.6742
2813,1765.2545333333335
2814,249782.972
2815,1.73622126
2816,0.0
2817,4.06881518
2818,34705.237928
2819,3.08554654
2820,9.925599249999998
2821,189790.732
2822,1176.075118
2823,561.794666
2824,0.0
2825,55.90002199999999
2826,0.0
2827,84.7257874
2828,302.17636799999997
2829,2.91111148
2830,0.0
2831,0.0
2832,2.94174026
2833,0.0
2834,94.767484
2835,417.4732
2836,5374.47566
2837,9.622997999999999
2838,68.29785325
2839,3.5749121
2840,1.6086502599999999
2841,2885.3532800000003
2842,2.43554098
2843,185.024982
2844,629.040892
2845,116.87471000000001
2846,0.0
2847,1.542492225
2848,0.0
2849,811.9332440000001
2850,0.0
2851,62080.288292
2852,0.0
2853,1903.95
2854,0.0
2855,696.3234000000001
2856,0.0
2857,0.0
2858,0.0
2859,73039.2342
2860,0.0
2861,71.39293775
2862,147.28880485999997
2863,476.8194252000001
2864,835.1011800000002
2865,77.85491599999999
2866,150.313005
2867,0.0
2868,3095.131164
2869,685.6273450000001
2870,4052.460246
2871,236.57864900000004
2872,21207.3986
2873,1.5441802000000002
2874,0.0
2875,0.0
2876,0.0
2877,587.242634
2878,114.61305999999999
2879,9.02803092
2880,115.786984
2881,0.0
2882,26985.926199999998
2883,2745.665274
2884,6807.911260000001
2885,250.26441600000004
2886,0.0
2887,0.0
2888,2915.3472
2889,42.6392742
2890,0.0
2891,0.0
2892,31667.764000000003
2893,0.0
2894,15.852576599999997
2895,136.237372
2896,36994.912706
2897,273.49909446000004
2898,0.0
2899,3203.312298
2900,0.0
2901,27.130398800000002
2902,188.564745
2903,65.9246674
2904,0.0
2905,0.0
2906,305.7309475
2907,114.25498050000002
2908,81821.2608
2909,14728.540899999998
2910,49.750879
2911,120.57421
2912,2158.0067954
2913,0.0
2914,0.0
2915,38231.436259999995
2916,57.410262599999996
2917,0.0
2918,0.0
2919,14750.8805
2920,4168.4722600000005
2921,0.0
2922,5.014649425
2923,0.0
2924,0.0
2925,0.0
2926,0.0
2927,0.0
2928,32.004440800000005
2929,2600.49746
2930,307.069156
2931,0.0
2932,415.407432
2933,1.5831661333333333
2934,6068.29032
2935,60.12975350000001
2936,0.0
2937,0.0
2938,1962.6907000000003
2939,0.0
2940,3.09726382
2941,0.0
2942,102.143746
2943,181959.748
2944,44698.3046
2945,130.66747519999998
2946,1485.41354
2947,1529.6500237999999
2948,1408.1158799999998
2949,2.18587125
2950,38.5130692
2951,0.0
2952,5.77209398
2953,0.0
2954,318.59522
2955,0.0
2956,6.2262014
2957,0.0
2958,0.0
2959,33.813362999999995
2960,1.5454286200000003
2961,0.0
2962,19900.6597
2963,4.8869161
2964,0.0
2965,26.69672
2966,2.8347298999999997
2967,1772.40212
2968,67.26865500000001
2969,47.02494325000001
2970,3891.65308
2971,909.5749480000001
2972,1049.80114
2973,0.0
2974,120.5742075
2975,278.8995444
2976,0.0
2977,423.65625
2978,1928.180833333333
2979,0.0
2980,163.63716000000002
2981,366.0305466666666
2982,0.0
2983,0.0
2984,0.0
2985,0.0
2986,2.3590827666666665
2987,252.71680964
2988,1.58915268
2989,137.523009
2990,2198.53118
2991,41257.61248
2992,25.399576
2993,0.0
2994,113.95687799999999
2995,12.6169046
2996,0.0
2997,83162.978
2998,15.030075399999998
2999,0.0
3000,0.0
3001,1714.5791800000002
3002,0.0
3003,143.103546
3004,2802.054694
3005,114.00518900000002
3006,42.639274
3007,14057.953479999996
3008,450.94156000000004
3009,60416.437399999995
3010,1231.3845199999998
3011,3667.0704400000004
3012,104.75503180000001
3013,1461.96169
3014,49.750871000000004
3015,1383.76529
3016,202.1600475
3017,18.2856296
3018,20236.500999999997
3019,740.90108
3020,39.084227999999996
3021,0.0
3022,138.3835975
3023,1.53991264
3024,0.0
3025,0.0
3026,24583.150666666665
3027,0.0
3028,33.12298640000001
3029,266.64009799999997
3030,1.53846506
3031,1.54277128
3032,574.5677450000001
3033,75.2828236
3034,0.0
3035,31116.25748
3036,420.4066233333333
3037,152.91220900000002
3038,49.26655999999999
3039,91.44168166666667
3040,0.0
3041,0.0
3042,0.0
3043,4.253263039999999
3044,0.0
3045,12.965382499999999
3046,0.0
3047,14.246442300000002
3048,0.0
3049,0.0
3050,0.0
3051,2075.36242
3052,1891.15875
3053,1.5891468
3054,300.74739
3055,4145673.0400000005
3056,3397.48132
3057,418.10138799999993
3058,4.853676875
3059,0.0
3060,4690.850659999999
3061,136.237362
3062,108.120886
3063,0.0
3064,2145.4781300000004
3065,64.99994699999999
3066,31.445110999999997
3067,0.0
3068,2565.4897379999998
3069,0.0
3070,323.843915
3071,167.088729
3072,0.0
3073,1644.9611799999998
3074,840.466524
3075,7.64413548
3076,651.3028291600001
3077,1.6491132199999998
3078,2243.761766
3079,136.25161200000002
3080,2683.87616
3081,125.79059739999998
3082,566749.206
3083,0.0
3084,4.074101199999999
3085,93726.13560000001
3086,1.54385392
3087,2041.1062399999998
3088,0.0
3089,427.54608799999994
3090,453.54390250000006
3091,3677.05232
3092,0.0
3093,11317.994480000001
3094,97.945864
3095,0.0
3096,0.0
3097,0.0
3098,11352.937333333333
3099,0.0
3100,0.0
3101,200.723736
3102,0.0
3103,667.760056
3104,20.782797000000002
3105,48264.077600000004
3106,7118.67088
3107,13.8757676
3108,20.4549126
3109,0.0
3110,0.0
3111,301.7427799999999
3112,9.3841738
3113,6.3492885
3114,1.6163015
3115,259.20194000000004
3116,1637.29375
3117,0.0
3118,6.066392940000001
3119,1383.76529
3120,0.0
3121,1.96372942
3122,180.0311756
3123,19.792125399999996
3124,0.0
3125,2395.9476600000003
3126,0.0
3127,0.0
3128,332219.252
3129,5005.495
3130,0.0
3131,82.10173619999999
3132,2358.606136
3133,0.0
3134,0.0
3135,34314.234599999996
3136,6.832299279999999
3137,81.605982
3138,1.59437994
3139,2.68343894
3140,585.9398979999999
3141,6053.67938
3142,638.140956
3143,2016.8995899999998
3144,28536.058999999997
3145,1.54293342
3146,1383.76529
3147,613.5392439999999
3148,710.908784
3149,0.0
3150,0.0
3151,2.3445223333333334
3152,104.68915039999999
3153,12.914219999999998
3154,12.6169726
3155,204.350864
3156,1237.309887
3157,0.0
3158,313.64835
3159,0.0
3160,377.710808
3161,1.5710394
3162,3.1184581000000002
3163,0.0
3164,60.082248400000005
3165,2.17009248
3166,377.8033586
3167,0.0
3168,2.45340764
3169,820.313034
3170,1.5430520666666665
3171,4.823050159999999
3172,2517.42832
3173,0.0
3174,8.9284975
3175,14898.1905
3176,324.01721
3177,3.9376518
3178,122.20443394000002
3179,1667.1871999999998
3180,0.0
3181,3.0832329
3182,1615.63822
3183,1.6252758333333333
3184,0.0
3185,8544.75064
3186,28.642629250000002
3187,0.0
3188,247012.4776
3189,0.0
3190,0.0
3191,256.22134062
3192,4941.087668
3193,7.005980999999999
3194,7.15705692
3195,3825.5046199999997
3196,4498.68068
3197,6.5717665
3198,1.5681762000000001
3199,4410.462232
3200,0.0
3201,43.10637357499999
3202,0.0
3203,19.318054
3204,0.0
3205,477.720022
3206,2.9747304
3207,108269.8464
3208,406.57828400000005
3209,854.23739
3210,1.5432671
3211,100.81224266666668
3212,342.55282120000004
3213,713.774832
3214,224.529558
3215,4006.8279599999996
3216,62315.99267798
3217,0.0
3218,0.0
3219,0.0
3220,1383.76529
3221,967.0393499999999
3222,112.0254144
3223,63959.57252
3224,1410.42598
3225,11659.7914
3226,101.79246600000002
3227,170.5844488
3228,0.0
3229,228.096024
3230,2.2919869
3231,220.54109799999998
3232,86.78120659999999
3233,298.432052
3234,5882.79028
3235,411.991712
3236,36636.1988
3237,0.0
3238,2712.3345424999998
3239,0.0
3240,39.07158655
3241,32783.47133333333
3242,31.7023526
3243,1494.381566
3244,1.621772325
3245,265.091962
3246,0.0
3247,1.8340303800000002
3248,0.0
3249,178.635262
3250,8449.89326
3251,4.482254599999999
3252,103.12904979999999
3253,69100.3172
3254,1429.319456
3255,0.0
3256,0.0
3257,220.75287000000003
3258,0.0
3259,0.0
3260,852.2493099999999
3261,0.0
3262,0.0
3263,0.0
3264,121.4573002
3265,0.0
3266,0.0
3267,1355.1809082000002
3268,2.43252284
3269,58.659917199999995
3270,1.8138497199999999
3271,0.0
3272,603852.46
3273,238.19367199999996
3274,9.417206433333334
3275,0.0
3276,86058.025
3277,4.8258749
3278,910.002476
3279,1748.828508
3280,0.0
3281,42024.45532
3282,3496.8300000000004
3283,0.0
3284,96.351755
3285,92395.1968
3286,8547.865666666667
3287,1.543081
3288,0.0
3289,154375.4912
3290,382514.65099999995
3291,7.643508150000001
3292,4.44072235
3293,121.3813776
3294,0.0
3295,61.113607720000005
3296,0.0
3297,0.0
3298,0.0
3299,2188.7022719999995
3300,23.9148186
3301,0.0
3302,0.0
3303,2137.5579032
3304,345.56064
3305,234.027448
3306,638.140956
3307,31.6583256
3308,7447.9892500000005
3309,0.0
3310,5.340626080000001
3311,0.0
3312,0.0
3313,0.0
3314,6246.8639746
3315,47243.597200000004
3316,14363.119999999999
3317,0.0
3318,2.2654929800000003
3319,54.356895800000004
3320,2.5730027399999997
3321,0.0
3322,0.0
3323,84.39192
3324,1972.4967000000001
3325,104.748139
3326,0.0
3327,3980.859848
3328,1.62121022
3329,4.296457500000001
3330,35.36645
3331,61.86306880000001
3332,110.5606774
3333,5569.420179999999
3334,2.1900491000000004
3335,41.3387826
3336,5.218594475
3337,19474.777666666665
3338,0.0
3339,118.136762
3340,0.0
3341,0.0
3342,0.0
3343,1.5406355999999999
3344,0.0
3345,0.0
3346,0.0
3347,0.0
3348,210.545932
3349,1368.4148519999997
3350,15143.447579999998
3351,0.0
3352,12.771906000000001
3353,0.0
3354,116.51334220000001
3355,3172.16962
3356,580.1261619999999
3357,0.0
3358,266.640097
3359,234.84340600000002
3360,3550.0115400000004
3361,22899.307
3362,132311.08779999998
3363,61398.22250000001
3364,2112.2813
3365,0.0
3366,136.237362
3367,0.0
3368,1.5430283000000002
3369,29.82374
3370,15553.161199999999
3371,28.978341399999998
3372,64.9999474
3373,37552.348
3374,867.19012
3375,23801.706400000003
3376,0.0
3377,0.0
3378,13.060702
3379,19136.303999999996
3380,1.5430846749999998
3381,0.0
3382,215.6199
3383,0.0
3384,0.0
3385,398.218774
3386,44.039612399999996
3387,0.0
3388,1388.7868375
3389,54911.577399999995
3390,284.7689433333333
3391,0.0
3392,0.0
3393,385.02043
3394,3873.38368
3395,434.333272
3396,1.5427483199999998
3397,1.5429186000000001
3398,496.76162800000003
3399,3329.49046
3400,824.265522
3401,3764.4875199999997
3402,824.801498
3403,1.54258166
3404,3105.12722
3405,3.8062949333333336
3406,49.458807500000006
3407,0.0
3408,8087.668333333334
3409,1277.3379979999997
3410,432.45597666666663
3411,1045.9336600000001
3412,31.811611
3413,0.0
3414,0.0
3415,23411.0628
3416,3.72591375
3417,20041.666800000003
3418,98.2892916
3419,6.267056500000001
3420,0.0
3421,0.0
3422,1050.362462
3423,4397.2512
3424,0.0
3425,272.912825
3426,56600.9792
3427,0.0
3428,2.40609182
3429,0.0
3430,0.0
3431,153.352657
3432,740.6553940000001
3433,0.0
3434,2484.178875
3435,0.0
3436,103.8420634
3437,215.21866800000004
3438,0.0
3439,393.885922
3440,2006.2171560000002
3441,30.2935448
3442,0.0
3443,6.483493659999999
3444,0.0
3445,211.73100399999998
3446,0.0
3447,117.9629
3448,613.2092262
3449,10128.0072
3450,1566.0379520000001
3451,1.5421919800000001
3452,36.7354366
3453,0.0
3454,0.0
3455,126.85359666666666
3456,66.25105579999999
3457,37.74331512
3458,756.261186
3459,738.7375340000001
3460,2181.87748
3461,1.5429808500000002
3462,0.0
3463,2077.173114
3464,7.430524899999999
3465,0.0
3466,381.13491000000005
3467,2.17398545
3468,2304.0698700000003
3469,0.0
3470,65.154548
3471,1394.99416
3472,653.933052
3473,0.0
3474,2112.2813
3475,16065.295599999998
3476,1.5430444
3477,61353.307799999995
3478,0.0
3479,0.0
3480,16.8463464
3481,2.16681788
3482,113.24648520000001
3483,0.0
3484,8.529968175
3485,35.3353562
3486,2853.4103999999998
3487,382.8584633333333
3488,0.0
3489,0.0
3490,44421.5468
3491,3394.7015999999994
3492,3384.44
3493,3975.8167399999998
3494,4268.522379999999
3495,6.806227250000001
3496,476.50123199999996
3497,22139.47924
3498,0.0
3499,887.0926139999999
3500,284.113714
3501,4.05600964
3502,180.031173
3503,207.67115780000003
3504,10498.325375
3505,0.0
3506,0.0
3507,158.224128
3508,0.0
3509,1733.092772
3510,15.712261600000001
3511,1387.50786
3512,3290.2565
3513,0.0
3514,210862.4634
3515,0.0
3516,148.637484
3517,5464.73252
3518,65304.0414
3519,0.0
3520,112.980986
3521,777.18826
3522,2621.783524
3523,0.0
3524,1.5964747200000002
3525,627.98442638
3526,16.786956250000003
3527,14.856090925
3528,6.873783674999999
3529,17.6058888
3530,874.158812
3531,386.52948000000004
3532,0.0
3533,0.0
3534,1439.695892
3535,61.513194
3536,0.0
3537,136.237364
3538,9.230445600000001
3539,3163.49106
3540,3614.46106
3541,0.0
3542,134.6701968
3543,266.64009599999997
3544,7.4114685399999995
3545,1079.9212599999998
3546,8.54416582
3547,211.838795
3548,0.0
3549,0.0
3550,211.4564868
3551,0.0
3552,149.06578
3553,4591.8516
3554,370.4814
3555,322.30443887499996
3556,298.495352
3557,25.689735000000002
3558,680.624462
3559,2414.33894
3560,0.0
3561,0.0
3562,7844.692440000001
3563,2002.6436
3564,9751.82734
3565,2123.24356
3566,0.0
3567,0.0
3568,0.0
3569,22.500471625000003
3570,389.69195499999995
3571,4762.9247000000005
3572,0.0
3573,172.32130120000002
3574,49.707207239999995
3575,258.03337600000003
3576,1253.773897
3577,221244.70099999997
3578,4132.06993
3579,434.279954
3580,0.0
3581,0.0
3582,0.0
3583,1.81947538
3584,27.994432
3585,70932.536
3586,0.0
3587,5.75685988
3588,0.0
3589,0.0
3590,0.0
3591,629.04088
3592,0.0
3593,238.17773199999996
3594,0.0
3595,0.0
3596,0.0
3597,1116.976326
3598,0.0
3599,4.418963539999999
3600,162.51458399999999
3601,29.9790664
3602,6581.942999999999
3603,1615.5083600000003
3604,0.0
3605,1.7743798333333334
3606,814.5829098
3607,544.024486
3608,74.26433712
3609,288.652776
3610,59.70508933333334
3611,1.67387188
3612,114.1625104
3613,14279.5538
3614,0.0
3615,34971.65014
3616,2598.8107800000002
3617,170.77638520000002
3618,2246.3439719999997
3619,137.2916734
3620,1149.432734
3621,928.2757345
3622,0.0
3623,17.618761940000002
3624,5214.32106
3625,0.0
3626,30.6172604
3627,0.0
3628,8.716070799999999
3629,0.0
3630,2539.7010280000004
3631,0.0
3632,0.0
3633,20286.282740000002
3634,0.0
3635,0.0
3636,231.536624
3637,4748.54266
3638,0.0
3639,0.0
3640,0.0
3641,0.0
3642,0.0
3643,0.0
3644,0.0
3645,225.41377400000002
3646,2.15342956
3647,185.04921099999999
3648,25.8148256
3649,210.56353439999998
3650,109.54313850000001
3651,0.0
3652,0.0
3653,406.77660199999997
3654,593.961002
3655,1834.04496
3656,101.02343725
3657,2.1765876
3658,0.0
3659,24.688332600000003
3660,0.0
3661,64.5298834
3662,6.9831764
3663,0.0
3664,10.6498145
3665,528.1170999999999
3666,0.0
3667,962.9947500000001
3668,1476.5497
3669,638.140956
3670,0.0
3671,62705.567200000005
3672,83.461618
3673,4442458.779999999
3674,1309.785626
3675,201.992048
3676,464.28009899999995
3677,7654.42812
3678,0.0
3679,1.5935427
3680,0.0
3681,15087.68412
3682,46932.718120000005
3683,2.65271434
3684,557.4368360000001
3685,638.6747549999999
3686,8566.11658
3687,136.23736399999999
3688,739.2574099999999
3689,5.54748506
3690,58.75417
3691,0.0
3692,2.32978752
3693,1.60268612
3694,477.75057200000003
3695,22.56746356
3696,31.0690884
3697,265.7572652
3698,0.0
3699,8581.50778
3700,0.0
3701,38.5440826
3702,639.785175
3703,0.0
3704,0.0
3705,0.0
3706,53.79373139999999
3707,3.9317572400000005
3708,224093.13919999995
3709,3988.60924
3710,1.54046765
3711,1.5452522000000002
3712,0.0
3713,0.0
3714,0.0
3715,360.60511
3716,0.0
3717,381.14093
3718,0.0
3719,70494.9664
3720,11315.692000000001
3721,96577.8698
3722,0.0
3723,0.0
3724,7596.26026
3725,629.04088
3726,0.0
3727,23415.130200000003
3728,0.0
3729,2.5203720400000003
3730,955.2454333333332
3731,12.843021799999999
3732,3082.45116
3733,19672.2092
3734,30.640666599999996
3735,39062.7446
3736,2077.5509549999997
3737,151.55352280000002
3738,0.0
3739,2.17306552
3740,0.0
3741,0.0
3742,5590.688444
3743,3.6614199400000005
3744,154.37944
3745,73.146543
3746,0.0
3747,0.0
3748,534.1582274
3749,0.0
3750,12113.744
3751,221.912966
3752,380.3556520000001
3753,1.564688575
3754,7.24981334
3755,367.39999333333327
3756,7618.8795199999995
3757,78.67882220000001
3758,38.8338662
3759,398.7017000000001
3760,0.0
3761,0.0
3762,8432.20692
3763,150.313015
3764,3119.01487
3765,18.804844
3766,3.7670536
3767,152.356808
3768,51.42052100000001
3769,59.268375250000005
3770,41495.86460000001
3771,0.0
3772,0.0
3773,1.7614580666666668
3774,1.9867125399999999
3775,16.8765016
3776,209.65873894
3777,0.0
3778,223.6925822
3779,5.47115636
3780,532.9980275
3781,0.0
3782,234.54150320000002
3783,0.0
3784,0.0
3785,58.6008384
3786,2650.25138
3787,0.0
3788,416.22716749999995
3789,0.0
3790,0.0
3791,117.89223539999998
3792,2199.3995333333332
3793,5.491766324999999
3794,444.388534
3795,0.0
3796,0.0
3797,183.15322
3798,0.0
3799,0.0
3800,298.432028
3801,151.5956914
3802,0.0
3803,4.68250392
3804,456.0008266666667
3805,13341.058799999999
3806,44790.5514
3807,342.6061966666667
3808,478.29092
3809,6.457383920000001
3810,27.471792400000005
3811,69.170722
3812,28.988352
3813,3918.2527199999995
3814,184.20891
3815,0.0
3816,0.0
3817,790.211662
3818,3.116473575
3819,347895.4066666667
3820,0.0
3821,89.2009104
3822,2849.12908
3823,53.8694488
3824,129.71213719999997
3825,1256.4301799999998
3826,7464.803839999999
3827,373.76998000000003
3828,4.36612626
3829,1761.39352
3830,20268.293400000002
3831,0.0
3832,5.327749366666667
3833,833.95985
3834,0.0
3835,393.8859
3836,0.0
3837,0.0
3838,2261.02468
3839,2412.0617599999996
3840,119.20008399999999
3841,0.0
3842,281.7922733333333
3843,0.0
3844,1025.427954
3845,899.3810380000001
3846,56.970413400000005
3847,52.5864634
3848,6.9859109
3849,1948.0181799999998
3850,203.01565720000002
3851,42813.98700000001
3852,1.54370162
3853,4769.1258
3854,50.4307622
3855,1777.2519320000004
3856,0.0
3857,13.19064148
3858,150.31301
3859,64.84371268
3860,473.60233500000004
3861,0.0
3862,3027.28964
3863,968.1271859999999
3864,1796.1749599999998
3865,6511.8633199999995
3866,0.0
3867,1980856.9300000002
3868,2.6464255000000003
3869,20.338790666666668
3870,765.2302900000001
3871,1607.9270199999999
3872,0.0
3873,115.2166612
3874,0.0
3875,0.0
3876,409.22003600000005
3877,2593.97472
3878,197.23808000000002
3879,0.0
3880,0.0
3881,0.0
3882,3.8628787333333334
3883,0.0
3884,36087.63133333333
3885,61640.00920000001
3886,1295.3838719999999
3887,4971.578719999999
3888,41.0896094
3889,2665.36426
3890,0.0
3891,0.0
3892,0.0
3893,4.068812299999999
3894,12.972973
3895,43397.8748
3896,0.0
3897,0.0
3898,27331.490299999998
3899,842623.332
3900,34.1485486
3901,675.8327919999999
3902,0.0
3903,857.06623
3904,0.0
3905,143.9069268
3906,0.0
3907,0.0
3908,226.46555056000003
3909,801.189122
3910,0.0
3911,0.0
3912,456.39946749999996
3913,0.0
3914,0.0
3915,4329.58052
3916,12558.492320000001
3917,488.09620800000005
3918,104.6127358
3919,53450.69840000001
3920,7.13689308
3921,16.6568981
3922,391.793192
3923,0.0
3924,2345.3288399999997
3925,0.0
3926,691.3227260000001
3927,0.0
3928,0.0
3929,844.6334884
3930,457.7253379999999
3931,0.0
3932,888.002236
3933,2703.78213
3934,76.58615719999999
3935,0.0
3936,0.0
3937,4210.85836
3938,143.492324
3939,2607.16744
3940,0.0
3941,5.34062816
3942,0.0
3943,6880.23064
3944,227.55714400000002
3945,0.0
3946,16.239590999999997
3947,44.9749295
3948,4880240.8
3949,594.1094189999999
3950,30.46857875
3951,0.0
3952,0.0
3953,0.0
3954,1360.36958354
3955,0.0
3956,0.0
3957,215.61989000000003
3958,0.0
3959,0.0
3960,9995.4238
3961,6151.27828
3962,19.0749352
3963,3692.02054
3964,0.0
3965,0.0
3966,30.03423194
3967,20061.83288
3968,7666.00652
3969,188.522022
3970,1219.3174320000003
3971,2086.151121
3972,8238.30624
3973,221.48819039999998
3974,6107.5184
3975,125.19054439999998
3976,27669.3636
3977,11.729445680000001
3978,129.25837333333334
3979,297.69476679999997
3980,0.0
3981,165.87003399999998
3982,0.0
3983,2338.5954
3984,2446.86472
3985,208.329871
3986,0.0
3987,150.31301
3988,710.701884
3989,7204.459539999999
3990,150.313015
3991,2328534.5200000005
3992,16163.145799999998
3993,15748.3878
3994,581.4513260000001
3995,12293.78548
3996,0.0
3997,0.0
3998,9.9586822
3999,1117.7304995999998
4000,0.0
4001,226.64986799999997
4002,109.58690659999999
4003,306.6430552
4004,5.47527198
4005,0.0
4006,432.45597666666663
4007,608166.056
4008,215.61988800000003
4009,0.0
4010,0.0
4011,17.065342333333334
4012,0.0
4013,0.0
4014,0.0
4015,0.0
4016,1.54290442
4017,0.0
4018,0.0
4019,150.31301
4020,2.5512276
4021,157.674766
4022,4495.911419999999
4023,35.5114535
4024,1009.1112680000002
4025,1231.3845
4026,22.431961779999998
4027,1478.855214
4028,2.43767614
4029,1.5430091200000002
4030,64.99994960000001
4031,629.040892
4032,0.0
4033,23987.551
4034,0.0
4035,180.031176
4036,34.327240700000004
4037,239.007046
4038,14.065438
4039,0.0
4040,63.70175482
4041,625.8897420000001
4042,0.0
4043,313690.132
4044,114.79006700000001
4045,0.0
4046,0.0
4047,100.19325799999999
4048,121245.008
4049,3295.9807840000003
4050,0.0
4051,0.0
4052,379.9798532000001
4053,98.26914400000001
4054,314239.86624999996
4055,0.0
4056,10.635236
4057,1.56308095
4058,1.5435230599999998
4059,0.0
4060,224.59525119999998
4061,300.53319
4062,677.423478
4063,144.479334
4064,0.0
4065,280.427914
4066,0.0
4067,3640.3400200000005
4068,246539.9846
4069,0.0
4070,1555.7620300000003
4071,629.040892
4072,0.0
4073,19.3349489
4074,1471.0667600000002
4075,693.2572140000001
4076,1781.7864999999997
4077,6.410492240000001
4078,1092.120386
4079,0.0
4080,9.3607175
4081,1.6738724600000001
4082,3879.4603799999995
4083,18.97901226
4084,206.57067999999998
4085,1003.77556
4086,737.235046
4087,41.860474999999994
4088,0.0
4089,9683.390739999999
4090,2021.24984
4091,213.317775
4092,5524.988439999999
4093,11.694128866666667
4094,3520.16694
4095,629.040892
4096,13042.314260000001
4097,0.0
4098,440.56134000000003
4099,1885.5544333333335
4100,0.0
4101,87.57935599999999
4102,2457.20085
4103,53493.14434
4104,6.208312479999999
4105,12.788649800000002
4106,1312.978928
4107,15882.090399999997
4108,570.994545
4109,0.0
4110,11.741176900000001
4111,3321.7653666666665
4112,1132.75844
4113,40.30170700000001
4114,0.0
4115,240.25308600000002
4116,459.74317
4117,58.996931000000004
4118,39.8028646
4119,298.43204399999996
4120,19.8569924
4121,73.62245721999999
4122,43.76221260000001
4123,7243.010375
4124,521.4975969999999
4125,60.82876725999999
4126,1.5474055400000002
4127,60.85997625
4128,14.545001625
4129,0.0
4130,1570.8671459999998
4131,55.390409
4132,1383.76529
4133,642.14328
4134,635.469258
4135,0.0
4136,0.0
4137,112.90724496
4138,240.46792599999998
4139,710.8033625
4140,5197.1191
4141,0.0
4142,9423.97934
4143,0.0
4144,0.0
4145,182.096
4146,156.87610075
4147,13111.86054
4148,0.0
4149,0.0
4150,2.0220725400000004
4151,0.0
4152,0.0
4153,129991.84760000001
4154,2937.872928
4155,1555.1281003
4156,143.257382
4157,174.60837499999997
4158,172.42989
4159,0.0
4160,1.5439505666666669
4161,32125.218999999994
4162,2.33802055
4163,280.42791
4164,51.91224512
4165,0.0
4166,1939.1947506000001
4167,0.0
4168,33.74106580000001
4169,0.0
4170,0.0
4171,240.09902000000002
4172,25304.670400000003
4173,179.29741
4174,0.0
4175,0.0
4176,0.0
4177,1570.867066
4178,0.0
4179,0.0
4180,3304.44228
4181,1.5430785400000002
4182,118.1082402
4183,116.0013658
4184,7577.9109
4185,52.5864648
4186,215.619884
4187,9744.0035
4188,71.3700586
4189,3063.27718
4190,649.399088
4191,1.53581865
4192,0.0
4193,0.0
4194,0.0
4195,7.114275880000001
4196,26.3565112
4197,3232.9832880000004
4198,629.04088
4199,19.422645600000003
4200,0.0
4201,0.0
4202,232.67835069999995
4203,9.73927714
4204,1.9359652
4205,8489.6033
4206,288.8862775
4207,280.399905
4208,0.0
4209,4028.4413999999997
4210,0.0
4211,0.0
4212,61.03688694
4213,291.330008
4214,8.834049420000003
4215,1.6629840999999999
4216,0.0
4217,3.5844938
4218,22.78609882
4219,4046.5931100000003
4220,84.391949
4221,1.6063597499999998
4222,0.0
4223,90.87087720000001
4224,7833.279919999999
4225,204775.55399999997
4226,5478.0087
4227,59.7460155
4228,0.0
4229,490.142205
4230,409.220032
4231,1.8804891
4232,280.42791
4233,3.3652452999999998
4234,5541.155280000001
4235,291.6864032
4236,263.520198
4237,0.0
4238,53.652045740000005
4239,8.41185072
4240,8.959817600000001
4241,3921.79142
4242,0.0
4243,297.068634
4244,23.874042250000002
4245,19.65640124
4246,1383.76529
4247,882.9186860000002
4248,53800.5154
4249,70.9207818
4250,8976.666486
4251,0.0
4252,8.2848493
4253,16357.514153999999
4254,1.7062119799999997
4255,0.0
4256,1.8080774600000002
4257,53.466927
4258,147.15298280000002
4259,388.21172666666666
4260,775.0092988
4261,3039.0113
4262,219.54817599999996
4263,157.89453699999999
4264,14798.4708
4265,629.04088
4266,0.0
4267,409.22003600000005
4268,0.0
4269,127.32575761999999
4270,0.0
4271,661.940102
4272,154.8139252
4273,10.400231625
4274,108.32827366666668
4275,0.0
4276,4.337714066666667
4277,309957.833
4278,646.0191780000001
4279,41.07856472
4280,26.75102575
4281,835.9016996
4282,112.94350924999999
4283,0.0
4284,4917.8225
4285,0.0
4286,7871.994150000001
4287,7613.85715
4288,1.543157775
4289,0.0
4290,26.7017758
4291,5.7001151199999995
4292,2992.8881479999995
4293,138.5967052
4294,16.560670000000002
4295,51.6306374
4296,112.980989
4297,24.5673394
4298,7.11062754
4299,7715.38392
4300,1550.360406
4301,136.237358
4302,49.486905
4303,17.41252075
4304,527700.032
4305,14481.717200000003
4306,2.19383602
4307,0.0
4308,0.0
4309,0.0
4310,3.9889415
4311,0.0
4312,58.513206600000004
4313,0.0
4314,0.0
4315,1157.1127920000001
4316,10070.48036
4317,393.885904
4318,2606.86198
4319,1.716500625
4320,12.060609333333334
4321,0.0
4322,0.0
4323,2357.9132400000003
4324,126.85359
4325,298.432052
4326,3.05535762
4327,0.0
4328,19.03657425
4329,15.869090599999998
4330,629.04088
4331,145.9313593
4332,529.76468
4333,0.0
4334,0.0
4335,0.0
4336,46.0674166
4337,781.901526
4338,51050.3046
4339,151.96643980000002
4340,72.6239726
4341,14.080029666666666
4342,0.0
4343,4567.5246
4344,1.754141
4345,0.0
4346,7176.053333333333
4347,285.3474988
4348,0.0
4349,609.4572599999999
4350,598.97541
4351,1299.1903720000003
4352,17045.21056
4353,66413.11899999999
4354,88.6695632
4355,1.5430794749999999
4356,493.13190000000003
4357,239784.7933333333
4358,0.0
4359,1227.3925
4360,0.0
4361,1.62462304
4362,56183.067400000014
4363,280.427904
4364,0.0
4365,2998.85392
4366,12622.414399999998
4367,773.3826299999998
4368,0.0
4369,51.46912978
4370,0.0
4371,0.0
4372,0.0
4373,8213.16504
4374,0.0
4375,0.0
4376,74304.14628399999
4377,2.7036163999999996
4378,0.0
4379,159.136665
4380,137.2916408
4381,14.864363500000001
4382,34.327240599999996
4383,200.784014
4384,4355.34906
4385,3306.6204599999996
4386,2397.4555659999996
4387,91.1751153
4388,0.0
4389,1010.3798800000001
4390,0.0
4391,9.25534906
4392,0.0
4393,464.91076
4394,0.0
4395,0.0
4396,2560.6897400000003
4397,12.426805
4398,2.9053178599999994
4399,13.452217759999996
4400,675.445386
4401,2765.0811679999997
4402,44.815883400000004
4403,11513.90622
4404,25.6897742
4405,1126.9954
4406,643.4978800000001
4407,0.0
4408,275.179524
4409,7648.528960000001
4410,2.7634199600000002
4411,182.11689919999998
4412,4.0592958333333335
4413,18.410482599999998
4414,30.4746048
4415,1.802236175
4416,7642.495279999998
4417,505.32806600000004
4418,0.0
4419,1652.3572000000001
4420,76.38113380000001
4421,1406973.0
4422,0.0
4423,3763.1752
4424,609.62782
4425,0.0
4426,2101.0073540000003
4427,102.798294
4428,0.0
4429,434.48759600000005
4430,5.20908666
4431,1.7614584666666666
4432,629.040892
4433,117.22219420000002
4434,0.0
4435,2096.1739900000002
4436,701.133038
4437,17294.05308
4438,132.29951
4439,532120.7154
4440,2898.7912239999996
4441,128.3943988
4442,83.14217160000001
4443,0.0
4444,39.331967399999996
4445,57.3734645
4446,83.098496
4447,181.0474728
4448,6.003293874999999
4449,11.541564
4450,3123.50756
4451,1.5422936200000001
4452,3.908874266666667
4453,184.84259400000002
4454,24799.1376
4455,13.909368666666666
4456,0.0
4457,201.58371
4458,280.427904
4459,11.107782420000001
4460,2065.5370159999998
4461,60.124074799999995
4462,0.0
4463,393.88589799999994
4464,3967.8428400000003
4465,883.2080680000001
4466,9.622582739999999
4467,290.092606
4468,0.0
4469,126.85360000000001
4470,4.15227882
4471,5224.99298
4472,133.94892000000002
4473,0.0
4474,239324.52399999998
4475,0.0
4476,278.10825
4477,0.0
4478,1392.8592
4479,38.16189680000001
4480,30.439881800000002
4481,4912.62718
4482,1462.051582
4483,393.8859
4484,0.0
4485,2.503544525
4486,0.0
4487,0.0
4488,247.87587399999998
4489,0.0
4490,48.3513042
4491,1498.2274400000001
4492,12.189165150000001
4493,0.0
4494,0.0
4495,629.04088
4496,222.991892
4497,17472.10948
4498,0.0
4499,521.93447
4500,1.9487041999999999
4501,0.0
4502,33823.9952
4503,1.7372470666666668
4504,133.01474000000002
4505,1757.3241739999999
4506,1582.2312
4507,0.0
4508,465.40890199999996
4509,9442.05044
4510,5646.291920000001
4511,0.0
4512,0.0
4513,248.27088000000003
4514,0.0
4515,285.57357333333334
4516,49.8212872
4517,2.81326012
4518,0.0
4519,14763.395599999998
4520,1383.76529
4521,0.0
4522,290.194416
4523,0.0
4524,5464.9562772
4525,1.8127263500000002
4526,75754.311
4527,887.8252500000001
4528,0.0
4529,0.0
4530,2392.92794
4531,59.46180699999999
4532,204.7240232
4533,53974.10789999999
4534,1.70866418
4535,372.36711099999997
4536,3461.425
4537,18.9042613
4538,1714.1513559999999
4539,115.54093
4540,970.5691666666667
4541,4693.4668
4542,631.12999
4543,3.5768751199999995
4544,875924.7300000001
4545,3481.5069799999997
4546,578.037086
4547,1.5418025666666668
4548,5414.90496
4549,23.747747800000003
4550,36872.2144
4551,429.300388
4552,83.4190325
4553,0.0
4554,60.922232400000006
4555,59.491682
4556,0.0
4557,2.07193495
4558,0.0
4559,7516.965633333333
4560,44.33136079999999
4561,4.6708033
4562,0.0
4563,24849.4174
4564,0.0
4565,7375.3517999999995
4566,274.072705
4567,152061.2
4568,1.5825386
4569,3.31496602
4570,3.78639208
4571,4.29089598
4572,993.2383039999999
4573,515.2261059999998
4574,3.41698754
4575,52.817544999999996
4576,0.0
4577,1687.87032
4578,4532.6255120000005
4579,0.0
4580,9.08309012
4581,2890.1241600000003
4582,436.549022
4583,0.0
4584,790.3341
4585,5053.7291
4586,0.0
4587,44.671448600000005
4588,284.76894
4589,0.0
4590,2581.64428
4591,1.5421717
4592,1059.63312
4593,327.741964
4594,1229.04395
4595,112.980998
4596,1546702.6879999998
4597,0.0
4598,0.0
4599,711.81316
4600,21135.056666666667
4601,6.66176088
4602,155.908018
4603,3.142340375
4604,85.647888
4605,3377.7849800000004
4606,0.0
4607,0.0
4608,0.0
4609,0.0
4610,0.0
4611,7.11780404
4612,0.0
4613,32441.366646000002
4614,12170.707079999998
4615,20.0678378
4616,0.0
4617,0.0
4618,2928.5180799999994
4619,0.0
4620,0.0
4621,0.0
4622,968.1040799999998
4623,1.5977862
4624,46.184119599999995
4625,25114.636000000002
4626,14.080029333333334
4627,163709.51333333334
4628,421.46283999999997
4629,0.0
4630,84.39193600000002
4631,1556.28382
4632,2405.8580748600007
4633,0.0
4634,0.0
4635,0.0
4636,2773.46596
4637,357.9470668
4638,0.0
4639,0.0
4640,0.0
4641,39.781363660000004
4642,16.845198333333332
4643,0.0
4644,0.0
4645,15787.068340000002
4646,114.58501940000001
4647,0.0
4648,88.524862
4649,629.04088
4650,1160.7043
4651,629.04088
4652,0.0
4653,31.495361749999997
4654,427.51141700000005
4655,106902.84333333334
4656,240.29990892000006
4657,0.0
4658,638.1409739999999
4659,0.0
4660,233.24779400000003
4661,1.54244692
4662,32704.593639999996
4663,2.8374701
4664,1003.165646
4665,0.0
4666,0.0
4667,0.0
4668,380.24889399999995
4669,15.932425140000001
4670,0.0
4671,143747.1433333333
4672,1409.0404666666666
4673,0.0
4674,1.5926767000000002
4675,1.5437074
4676,0.0
4677,365.85816400000004
4678,749.945102
4679,187.39505819999997
4680,2627.8375159999996
4681,576.341915
4682,0.0
4683,8339.73514
4684,207.79094542
4685,105.1106796
4686,166.547106
4687,862.5521779999999
4688,1.6266816000000002
4689,0.0
4690,0.0
4691,80.71334879999999
4692,0.0
4693,0.0
4694,0.0
4695,0.0
4696,5408.305408
4697,96.30055033333333
4698,3.19804568
4699,0.0
4700,2687.620276
4701,152.45663306
4702,49.70745874
4703,0.0
4704,3.6295082199999995
4705,1.9556310800000003
4706,4.250027899999999
4707,14407.690059999999
4708,297.4968533333333
4709,5411.85674
4710,320919.29299999995
4711,0.0
4712,6395.08416
4713,3097.37362
4714,68.4402896
4715,3.20414096
4716,268.794294
4717,3959.7474
4718,23.257219333333335
4719,4620.484344999999
4720,15.381263
4721,14.004362140000001
4722,398.932328
4723,0.0
4724,36.633877999999996
4725,799.90875
4726,1607.8031700000001
4727,219.984672
4728,0.0
4729,0.0
4730,1997.6678
4731,0.0
4732,97464.0762
4733,2977301.36
4734,67.4450854
4735,16.285734
4736,33.1659628
4737,0.0
4738,59174.15079999999
4739,11.2977174
4740,161.9945548
4741,0.0
4742,1048.28334
4743,7.715801266666666
4744,180.03117779999997
4745,2507.048475
4746,0.0
4747,63.11779080000001
4748,0.0
4749,584.78485
4750,348.70272400000005
4751,20.07258266
4752,1.5430873999999999
4753,17.8666294
4754,0.0
4755,13968.4728
4756,1.5434353
4757,11.683254400000001
4758,34.1026566
4759,4.2171956
4760,14645.2516
4761,445.69025
4762,471.43204
4763,1109.4521799999998
4764,1249.64935
4765,135.140406
4766,649.0239060000001
4767,47.538647600000004
4768,0.0
4769,774.3813078999999
4770,2419.6495779999996
4771,132.91792666666666
4772,0.0
4773,0.0
4774,1691477.262
4775,1355.4113499999999
4776,5.306153200000001
4777,1.5405914800000002
4778,0.0
4779,0.0
4780,223.95824249999998
4781,36.8457296
4782,137.291652
4783,0.0
4784,1713.2570199999998
4785,0.0
4786,8.834048480000002
4787,0.0
4788,0.0
4789,425.8488106
4790,270.797192
4791,2.7775445
4792,0.0
4793,139.0904074
4794,16087.9812
4795,1.9418045
4796,0.0
4797,0.0
4798,368.76608
4799,2.98094364
4800,141.155514
4801,15130.506400000002
4802,6663.782004000001
4803,80469.40620000001
4804,0.0
4805,309.90736000000004
4806,2450.9432800000004
4807,5.469687619999999
4808,82267.395
4809,0.0
4810,81.69777589999998
4811,0.0
4812,0.0
4813,0.0
4814,0.0
4815,149.2844575
4816,934.08848
4817,2981.653036
4818,41222.753
4819,4.24277285
4820,1.54292396
4821,0.0
4822,412.739476
4823,0.0
4824,8138.1738
4825,2809.83088
4826,7651.6975999999995
4827,2779.05206
4828,1367.76006
4829,0.0
4830,3450.0806600000005
4831,0.0
4832,1.5430817399999999
4833,0.0
4834,0.0
4835,1865.8894666666667
4836,1555.1800680000001
4837,2.183725875
4838,0.0
4839,2747.00832
4840,30.4685785
4841,3698.6869539999993
4842,0.0
4843,0.0
4844,0.0
4845,8015.28238
4846,24.5679132
4847,0.0
4848,29063.096200000007
4849,1383.76529
4850,419.433194
4851,3357.6341399999997
4852,0.0
4853,0.0
4854,0.0
4855,47.698116479999996
4856,84.77029325000001
4857,0.0
4858,842.9343080000001
4859,1.590511
4860,3239.141632
4861,1357.8583414
4862,0.0
4863,1.62249746
4864,0.0
4865,1273.5990399999998
4866,0.0
4867,53185.187
4868,1.5431181250000001
4869,461.98112999999995
4870,6.773754940000001
4871,1982.987726
4872,57.87108719999999
4873,252925.42960000006
4874,2023.7433800000003
4875,7134.47776
4876,0.0
4877,0.0
4878,0.0
4879,82435.926
4880,0.0
4881,202.01215249999998
4882,0.0
4883,0.0
4884,0.0
4885,43.762325
4886,0.0
4887,834.4386579999998
4888,68.97342014
4889,31.200196719999997
4890,0.0
4891,2.0098547
4892,249.47576600000002
4893,0.0
4894,184649.374
4895,1.8224831599999998
4896,32346.699452
4897,0.0
4898,0.0
4899,30.524401899999997
4900,1377.273806
4901,74.71761333333333
4902,1.7545630200000002
4903,2.2725644
4904,5104.8894666666665
4905,0.0
4906,9928.5576
4907,1183.92602188
4908,278.057
4909,0.0
4910,0.0
4911,0.0
4912,15.175970760000002
4913,4634.182159999999
4914,3401.0953
4915,4896.24866
4916,0.0
4917,0.0
4918,68665.587065
4919,373059.97151199996
4920,0.0
4921,0.0
4922,0.0
4923,701.149188
4924,385.4868266666667
4925,14155.558280000003
4926,2575.9523259999996
4927,730.0595840000001
4928,24.388927000000002
4929,0.0
4930,189.66349
4931,2136.20714
4932,5634.95678
4933,0.0
4934,0.0
4935,680.066244
4936,0.0
4937,17.862798
4938,0.0
4939,57.66050266666667
4940,103.93977
4941,78655.28666666667
4942,0.0
4943,0.0
4944,0.0
4945,0.0
4946,3878063.12
4947,68848.02799999999
4948,3064.4638600000003
4949,1065.758214
4950,0.0
4951,2.39901842
4952,0.0
4953,19708.71624
4954,0.0
4955,8.280822174999999
4956,2497.158025
4957,1.5410475400000003
4958,2065.33786
4959,2.6985283
4960,949.638428
4961,0.0
4962,53.637974
4963,0.0
4964,300.29516
4965,117520.491
4966,2524.59969
4967,27.043952
4968,358.150524
4969,578.0370800000001
4970,154.46362
4971,488.20922
4972,47.6667548
4973,0.0
4974,2571.29082
4975,1077.461203
4976,63.580371400000004
4977,348.159095
4978,1.54258995
4979,1917.4879999999998
4980,0.0
4981,0.0
4982,2.22101735
4983,0.0
4984,1.94180442
4985,2584.29712
4986,8249.49366
4987,1.7284396
4988,20649.90236
4989,7.8060434
4990,0.0
4991,38.87472625
4992,37.4780186
4993,3.9506680750000003
4994,44.31730460000001
4995,35.9687138
4996,1724.9083133333334
4997,3835.8003599999997
4998,196.2738484
4999,77.54752628
5000,30.788940666666665
5001,27091.6338
5002,18576.2928
5003,1163.438808
5004,5833.15336
5005,1.90239114
5006,0.0
5007,169.45795600000002
5008,0.0
5009,1.9190027600000001
5010,0.0
5011,1020.0531599999998
5012,156.02939
5013,0.0
5014,554.6111212
5015,1246.686416
5016,217.07006
5017,39660.206940000004
5018,0.0
5019,173406.664
5020,12585.7686
5021,1965.1280660000004
5022,0.0
5023,0.0
5024,0.0
5025,0.0
5026,6014.402700000001
5027,8373.669279999998
5028,763.0097320000001
5029,53.83492819999999
5030,2.5182588399999997
5031,585.06872
5032,0.0
5033,81.18137843999999
5034,16.173824
5035,40.492275
5036,150.31301
5037,542.0839466666666
5038,112.11986224000002
5039,0.0
5040,1865.6336467999997
5041,178.13836600000002
5042,0.0
5043,0.0
5044,21233.19662
5045,0.0
5046,2806.5576199999996
5047,41944.1686
5048,37006.33576
5049,0.0
5050,140.02170625
5051,0.0
5052,1.7961848
5053,0.0
5054,0.0
5055,1462.276672
5056,743.789182
5057,8848.431507999998
5058,0.0
5059,0.0
5060,7786.71658
5061,458.566048
5062,137.52428500000002
5063,330.539318
5064,0.0
5065,455.197125
5066,8376.7189
5067,2.27216065
5068,33678.690599999994
5069,360.418765
5070,58.763792
5071,1639.120336
5072,4739.2589800000005
5073,1.687338425
5074,17.8666306
5075,30202.323600000003
5076,383.540772
5077,16.603543
5078,3486.43084
5079,0.0
5080,0.0
5081,0.0
5082,292.46083799999997
5083,6862.7982999999995
5084,54.9162732
5085,175.38613120000002
5086,1609.926088
5087,0.0
5088,885.84763
5089,11.746753666666665
5090,1382.431144
5091,81.5534062
5092,0.0
