,BC
0,0.0
1,0.0
2,0.0
3,0.0
4,0.0
5,0.0
6,0.0
7,0.0
8,0.0
9,2189.4444
10,0.0
11,503.73145000000005
12,0.0
13,4457.321453999999
14,8426.1779
15,0.0
16,8891.3323
17,7348.3325
18,871.355218
19,0.0
20,1179.1353800000002
21,0.0
22,3875.5569000000005
23,10078.8926
24,10619.653033999999
25,7802.541719999999
26,0.0
27,0.0
28,3986.3532999999998
29,0.0
30,459.42307600000004
31,0.0
32,382.50203799999997
33,1045.29658
34,0.0
35,5712.879279999999
36,34720.6614
37,0.0
38,0.0
39,7019.71852
40,5793.191199999999
41,3705.706248
42,0.0
43,2145.9606940000003
44,48331.3716
45,0.0
46,16321.647399999998
47,0.0
48,47503.1446
49,0.0
50,0.0
51,0.0
52,9976.90214
53,0.0
54,2292.730078
55,0.0
56,5626.8
57,7663.02806
58,0.0
59,0.0
60,0.0
61,0.0
62,9180.99612
63,0.0
64,0.0
65,4323.7699
66,0.0
67,0.0
68,3614.6193740000003
69,24408.257400000002
70,15851.636750000001
71,252.11427400000002
72,77635.16199999998
73,18226.4094
74,8012.87148
75,1191.5476199999998
76,75880.3462
77,9664.842560000001
78,5617.37334
79,20492.5593
80,441.804126
81,0.0
82,7738.9416
83,0.0
84,0.0
85,9939.805400000001
86,0.0
87,0.0
88,0.0
89,2575.635222
90,7033.333333333333
91,0.0
92,926.3355666666666
93,14613.037
94,638.292658
95,0.0
96,0.0
97,395539.16
98,4520.028560000001
99,5228.544556799999
100,0.0
101,0.0
102,72.35882000000001
103,0.0
104,50607.432799999995
105,140.7504
106,0.0
107,0.0
108,0.0
109,313.384204
110,0.0
111,18730.699
112,94.041288
113,9346.126
114,230781.22199999998
115,0.0
116,0.0
117,0.0
118,0.0
119,5439.9681325
120,0.0
121,0.0
122,10078.250600000001
123,953.06142
124,4924.8552
125,6118.814931999999
126,14594.8998
127,490.363432
128,175.21886
129,0.0
130,0.0
131,0.0
132,0.0
133,814.656412
134,9643.713
135,14795.320500000002
136,6506.785740000001
137,1739.10828
138,2207.874
139,0.0
140,0.0
141,10797.899099999999
142,0.0
143,2407.3201
144,4669.7518
145,0.0
146,0.0
147,0.0
148,2184.2506399999997
149,0.0
150,3836.821212
151,723.4861800000001
152,2230.2093666666665
153,64.00201
154,0.0
155,3836.7140799999993
156,0.0
157,2505.34384
158,2971.418032
159,4223.2
160,0.0
161,1.8092852000000001
162,133751.72879999998
163,371.31393799999995
164,9392.647099999998
165,15581.003219999999
166,88.054204
167,0.0
168,860.3425299999999
169,2158.33464
170,6013.2278
171,0.0
172,0.0
173,0.0
174,180574.6333333333
175,0.0
176,0.0
177,0.0
178,2857.9586999999997
179,28311.123600000003
180,9929.61786
181,72990.00460000001
182,9217.283319999999
183,0.0
184,0.0
185,0.0
186,0.0
187,0.0
188,322.50555
189,0.0
190,0.0
191,0.0
192,0.0
193,0.0
194,4116.440549999999
195,0.0
196,0.0
197,0.0
198,7391.4767600000005
199,0.0
200,155748.99
201,34766.8344
202,141441.76799999998
203,626725.6240000001
204,406.208532
205,390.786066
206,4797.24226
207,1547.3315666666667
208,1581.62536
209,14436.0174
210,0.0
211,0.0
212,6990.8
213,0.0
214,21827.612666666668
215,150.614698
216,0.0
217,0.0
218,0.0
219,0.0
220,1426.40752
221,0.0
222,12515.767600000001
223,3092.8433400000004
224,0.0
225,6649.44348
226,0.0
227,0.0
228,0.0
229,0.0
230,82122.023
231,0.0
232,3414.8348400000004
233,9207.5252
234,0.0
235,6956.020425000001
236,8501.442599999998
237,39337.843799999995
238,0.0
239,0.0
240,1256.6438722
241,0.0
242,0.0
243,0.0
244,104494.0312
245,0.0
246,0.0
247,3524.67622
248,0.0
249,0.0
250,2770.8
251,0.0
252,13542.4476
253,387.899018
254,13108.7358
255,587.53888
256,424.868
257,21811.7416
258,4214.825559999999
259,0.0
260,8137.6713599999985
261,27589.1544
262,0.0
263,0.0
264,0.0
265,411.1791
266,2378.39436
267,0.0
268,6102.227080000001
269,0.0
270,305.83166199999994
271,3525.99468
272,0.0
273,0.0
274,52424.38619999999
275,16738.382520000003
276,0.0
277,99068.152
278,16545.2054
279,15465.869540000003
280,0.0
281,0.0
282,27554.769
283,0.0
284,17444.406
285,0.0
286,15011.5674
287,0.0
288,0.0
289,0.0
290,0.0
291,98.1257573
292,0.0
293,64.61909933333332
294,0.0
295,22054.2816
296,0.0
297,7674.7584799999995
298,0.0
299,109749.18519999999
300,1056.5354320000001
301,648.92366
302,37061.6502
303,451.80391799999995
304,67.577475
305,14726.570799999998
306,0.0
307,44417.763
308,9624.53054
309,5843.317140000001
310,553.56737
311,0.0
312,0.0
313,0.0
314,3286.9674400000004
315,14098.349599999998
316,3296.78658
317,3396.80052
318,0.0
319,0.0
320,0.0
321,28008.144600000007
322,8260.162059999999
323,14260.8426
324,0.0
325,0.0
326,0.0
327,153421.77666666667
328,827309.5599999999
329,0.0
330,0.0
331,0.0
332,0.0
333,0.0
334,1.2
335,0.0
336,0.0
337,674.697312
338,15676.3843
339,0.0
340,764.511125
341,0.0
342,33394.565
343,1254.95419
344,0.0
345,0.0
346,212.3917
347,5473.53536
348,0.0
349,1348.566476
350,338.83719
351,0.0
352,2698.8332199999995
353,1192.9928999999997
354,1170.57722
355,0.0
356,888.2897800000001
357,28565.1316
358,0.0
359,14015.1484
360,0.0
361,9091.07128
362,69869.737
363,0.0
364,263795.998
365,1581.5173399999999
366,17.2029846
367,267.33022
368,0.0
369,13297.0242
370,0.0
371,0.0
372,0.0
373,6018.891419999999
374,0.0
375,0.0
376,0.0
377,0.0
378,173.18867999999998
379,67882.6342
380,0.0
381,0.0
382,0.0
383,0.0
384,0.0
385,0.0
386,0.0
387,0.0
388,534.358328
389,2942.3435799999997
390,0.0
391,0.0
392,8033.6702000000005
393,0.0
394,6997.0
395,1709.89418
396,124.128902
397,0.0
398,0.0
399,2181.162064
400,843.76294
401,0.0
402,0.0
403,0.0
404,0.0
405,36549.1386
406,0.0
407,41921.942200000005
408,0.0
409,7038.666666666667
410,5981.476820000001
411,45663.5998
412,3590.1443400000003
413,31451.679600000003
414,50599.306800000006
415,0.0
416,0.0
417,70.8585408
418,6926.62462
419,0.0
420,0.0
421,0.0
422,3959.72834
423,0.0
424,0.0
425,264.38607400000006
426,0.0
427,19600.8402
428,0.0
429,11867.386520000002
430,0.0
431,63935.616599999994
432,11819.292120000002
433,0.0
434,0.0
435,13364.58008
436,4070.0669199999998
437,0.0
438,5262.61825
439,0.0
440,538.3867200000001
441,11944.6352
442,606.318175
443,0.0
444,6467.187333333332
445,6593.559660000001
446,14712.3886
447,11818.105360000001
448,0.0
449,15248.11164
450,0.0
451,5597.6
452,7355.098999999999
453,0.0
454,0.0
455,0.0
456,9948.462000000001
457,0.0
458,0.0
459,0.0
460,17257.0198
461,0.0
462,641.57524
463,14615.8368
464,70822.9872
465,8632.425599999999
466,0.0
467,0.0
468,0.0
469,0.0
470,0.0
471,1465.8172
472,7236.076333333333
473,12153.64948
474,190534.03999999998
475,7627.00825
476,2936.84202
477,0.0
478,14254.3688
479,80339.4164
480,0.0
481,0.0
482,0.0
483,0.0
484,23111.430399999997
485,0.0
486,24720.459499999997
487,0.0
488,0.0
489,11256.03536
490,0.0
491,555.6078
492,1841.4075799999998
493,474.601336
494,0.0
495,1197.8624599999998
496,5269.119225
497,13001.967200000001
498,3540.66858
499,7996.898879999999
500,0.0
501,0.0
502,0.0
503,27658.971999999998
504,1859.6144
505,27584.472999999998
506,44179.674
507,0.0
508,0.0
509,0.0
510,0.0
511,8222.11806
512,455.92414500000007
513,0.0
514,0.0
515,0.0
516,6261.92732
517,2176.1976
518,19053.2165
519,0.0
520,0.0
521,0.0
522,11864.5056
523,0.0
524,6990.8
525,7103.8557
526,0.0
527,3724.1536399999995
528,6990.8
529,0.0
530,0.0
531,0.0
532,3370.7603799999997
533,0.0
534,7420.08318
535,7758.25364
536,23956.1082
537,6109.812800000001
538,0.0
539,0.0
540,1393.9682400000002
541,0.0
542,0.0
543,9805.6067
544,4377.60438
545,1922.3399399999998
546,0.0
547,0.0
548,9295.84564
549,1653.0780200000002
550,0.0
551,245.78424600000002
552,260.950986
553,0.0
554,91567.677
555,0.0
556,0.0
557,20550.721666666668
558,8.412487200000001
559,1400.96184
560,9125.52072
561,0.0
562,585.152912
563,0.0
564,785.3735254000001
565,1479.9347999999998
566,0.0
567,3717.3981199999994
568,22875.6615
569,2578.960286
570,2499.55006
571,3757.7930666666666
572,0.0
573,17426.235999999997
574,1903.296556
575,1176.95217
576,70265.09
577,0.0
578,1649.8754860000001
579,18148.5084
580,928.37896
581,6319.310280000001
582,8317.08928
583,0.0
584,1663.24192
585,14506.6842
586,627.0895
587,10719.673799999999
588,0.0
589,1367.2
590,0.0
591,9292.00588
592,27273.5976
593,1077.35566
594,0.0
595,31152.397000000004
596,14732.369
597,2345.0263333333332
598,492.31370933999995
599,0.0
600,10122.035500000002
601,25441.107
602,33546.1234
603,9515.07202
604,0.0
605,137001.1208
606,0.0
607,0.0
608,0.0
609,0.0
610,0.0
611,0.0
612,0.0
613,0.0
614,88116.85579999999
615,28712.1
616,40795.756
617,420.592512
618,0.0
619,0.0
620,0.0
621,23.97652
622,1529.10606
623,53787.830799999996
624,103513.944
625,2763.29478
626,0.0
627,0.0
628,0.0
629,153492.766
630,0.0
631,0.0
632,2067.06586
633,0.0
634,5554.552774
635,1918.382112
636,0.0
637,1400.47296
638,0.0
639,80791.1506
640,4600.0503
641,0.0
642,0.0
643,367.584612
644,1073.9477899999997
645,45089.0
646,0.0
647,0.0
648,0.0
649,6770.8258000000005
650,14832.3008
651,0.0
652,0.0
653,10464.8402646
654,0.0
655,7171.45298
656,371.027994
657,0.0
658,0.0
659,8854.68
660,11822.264799999999
661,0.0
662,0.0
663,0.0
664,0.0
665,16058.360200000001
666,621.050332
667,7887.45346
668,0.0
669,0.0
670,0.0
671,0.0
672,2369.9095
673,0.0
674,0.0
675,0.0
676,11131.6724
677,134.374678
678,23900.584
679,50321.835999999996
680,0.0
681,0.0
682,0.0
683,14334.4764
684,0.0
685,10604.841540000001
686,0.0
687,38.0960744
688,559.28126
689,2876.87856
690,11451.51692
691,0.0
692,12390.167000000001
693,33526.383400000006
694,0.0
695,0.0
696,0.0
697,576.5315800000001
698,0.0
699,0.0
700,0.0
701,5686.25234
702,0.0
703,1779.92834
704,36083.86088
705,0.0
706,32923.7742
707,339.96269333333333
708,29104.769200000002
709,0.0
710,0.0
711,42162.9548
712,397.689984
713,19038.93475
714,27212.0358
715,0.0
716,0.0
717,8380.01602
718,11502.271
719,1.5891383600000002
720,0.0
721,1011.5943
722,51838.3982
723,13788.8086
724,110957.52480000001
725,6324.5446600000005
726,0.0
727,0.0
728,7624.411099999999
729,0.0
730,22388.84125
731,15714.900599999999
732,107.636194
733,13040.8984
734,3124.3475799999997
735,21.8050944
736,0.0
737,0.0
738,0.0
739,0.0
740,0.0
741,15031.839799999998
742,0.0
743,0.0
744,1198.0984679999997
745,0.0
746,0.0
747,0.0
748,0.0
749,3194.41414
750,4612.6213259999995
751,5604.30128
752,12694.00628
753,145.309898
754,0.0
755,694.836692
756,693.885575
757,285.855556
758,0.0
759,930.417504
760,830.3565699999999
761,0.0
762,0.0
763,4909.35818
764,0.0
765,544.08135
766,475.22195839999995
767,9046.0726
768,808.9864919999999
769,20188.0072
770,0.0
771,11277.657666666666
772,85693.64680000002
773,0.0
774,0.0
775,1187.58373
776,32686.149200000003
777,0.0
778,0.0
779,11425.7196
780,0.0
781,0.0
782,1235.14968
783,21318.7336
784,17658.04474
785,0.0
786,5400.92938
787,0.0
788,3058.157325
789,258.43999999999994
790,2178.977072
791,0.0
792,2856.0
793,0.0
794,49874.1804
795,352.705472
796,0.0
797,0.0
798,0.0
799,0.0
800,0.0
801,0.0
802,2321.94142
803,0.0
804,10466.483199999999
805,2432.03233
806,0.0
807,0.0
808,97.19156600000001
809,7649.674580000001
810,0.0
811,0.0
812,4632.826631999999
813,0.0
814,0.0
815,0.0
816,239.500828
817,3549.6501799999996
818,2898.310266666667
819,0.0
820,2926.87494
821,6352.92178
822,527.9715560000001
823,396.81528199999997
824,0.0
825,0.0
826,297043.846
827,21509.416999999998
828,1629.52636
829,1006.915608
830,0.0
831,0.0
832,0.0
833,4032.3203399999998
834,0.0
835,0.0
836,750.5354
837,9137.80964
838,0.0
839,0.0
840,0.0
841,16344.1058
842,1672.02814
843,0.0
844,0.0
845,11964.104800000001
846,0.0
847,10800.434666666666
848,0.0
849,0.0
850,0.0
851,0.0
852,8715.849339999999
853,0.0
854,3748.365056
855,1678.1526
856,1741.5
857,0.0
858,11644.7106
859,1041.1896228
860,0.0
861,3729.7128000000002
862,0.0
863,0.0
864,8631.75206
865,0.0
866,2131.564772
867,3490.0024879999996
868,3268.1759460000003
869,0.0
870,514.5625481999999
871,13394.27052
872,1116.21634
873,0.0
874,1424.938172
875,874.5631079999999
876,0.0
877,14797.8568
878,1650.6697625
879,0.0
880,0.0
881,10541.175600000002
882,1672.39918
883,12245.275600000003
884,0.0
885,0.0
886,0.0
887,435.98108
888,0.0
889,16233.815000000002
890,0.0
891,6964.8568
892,0.0
893,0.0
894,724.3312020000001
895,0.0
896,396.23380800000007
897,0.0
898,5885.811960000001
899,3099.50188
900,178.0072625
901,1544.8789000000002
902,19119.4442
903,12.136282000000001
904,16118.436299999998
905,9839.0684
906,379.225528
907,0.0
908,0.0
909,97.40442399999999
910,0.0
911,9545.43972
912,0.0
913,5740.160819999999
914,26.692867999999997
915,31441.279199999997
916,5697.909720000001
917,0.0
918,879.829178
919,18440.134599999998
920,0.0
921,1719.3827
922,0.0
923,96.996934
924,0.0
925,0.0
926,107.334684
927,129.07365
928,750.148378
929,39405.6524
930,7255.866440000001
931,4223.2
932,0.0
933,38586.489480000004
934,0.0
935,261.047148
936,12428.57782
937,0.0
938,0.0
939,7410.3013200000005
940,65.194245
941,0.0
942,0.0
943,29191.4076
944,7878.5962
945,0.0
946,2580.6008920000004
947,3499.53374
948,0.0
949,5207.57832
950,1346.0042420000002
951,0.0
952,14363.1806
953,2285.36964
954,23527.124
955,84204.558
956,0.0
957,4097.602540000001
958,0.0
959,0.0
960,23427.618199999997
961,8462.93306
962,0.0
963,1658.940826
964,11274.909559999998
965,18510.8494
966,0.0
967,17585.8188
968,8919.46604
969,0.0
970,0.0
971,0.0
972,7302.883400000001
973,14005.909900000002
974,0.0
975,0.0
976,0.0
977,0.0
978,0.0
979,0.0
980,0.0
981,32507.187599999997
982,52545.287800000006
983,15157.130599999999
984,0.0
985,0.0
986,5749.59544
987,0.0
988,0.0
989,36.18480375
990,5069.23842
991,3688.543712
992,0.0
993,8438.761999999999
994,4453.43124
995,2787.7243333333336
996,0.0
997,45642.5664
998,0.0
999,0.0
1000,0.0
1001,13977.6
1002,0.0
1003,442.84575200000006
1004,0.0
1005,0.0
1006,122487.5308
1007,13816.04158
1008,0.0
1009,0.0
1010,0.0
1011,0.0
1012,9115.84206
1013,10799.718799999999
1014,794.798675
1015,25075.355799999998
1016,2979.7713599999997
1017,0.0
1018,29.35123625
1019,59112.312600000005
1020,847.73614
1021,0.0
1022,0.0
1023,0.0
1024,40857.2816
1025,3110.63624
1026,13342.290400000002
1027,0.0
1028,15323.296400000001
1029,949.23318
1030,2683.09368
1031,0.0
1032,0.0
1033,6990.8
1034,1106.510654
1035,0.0
1036,0.0
1037,0.0
1038,0.0
1039,5138.88966
1040,0.0
1041,193.36685540000002
1042,0.0
1043,2128.5715
1044,734.935318
1045,3022.36042
1046,469.5649240000001
1047,0.0
1048,0.0
1049,1367.6665999999998
1050,2074.635324
1051,4243.025000000001
1052,9159.956693999999
1053,0.0
1054,106158.6962
1055,289.05243
1056,2813.35205
1057,15.6112
1058,0.0
1059,57.85596733333333
1060,0.0
1061,165349.706
1062,1172.7319320000001
1063,869.287868
1064,78.878872
1065,0.0
1066,0.0
1067,0.0
1068,6722.692540000001
1069,2659.14614
1070,0.0
1071,0.0
1072,0.0
1073,0.0
1074,58096.4068
1075,5597.6
1076,0.0
1077,11230.72638
1078,13824.06494
1079,0.0
1080,8.671618500000001
1081,0.0
1082,0.0
1083,0.0
1084,0.0
1085,0.0
1086,1648.99628
1087,0.0
1088,0.0
1089,18772.6772
1090,0.0
1091,86.863472
1092,172.210048
1093,0.0
1094,13829.853399999998
1095,0.0
1096,81.716832
1097,0.0
1098,0.0
1099,5538.4
1100,0.0
1101,25.022706799999998
1102,12323.276399999999
1103,0.0
1104,4223.2
1105,0.0
1106,10452.634399999999
1107,0.0
1108,0.0
1109,4438.317059999999
1110,0.0
1111,0.0
1112,0.0
1113,0.0
1114,6441.311022600001
1115,544.0876580000001
1116,0.0
1117,9969.410333333333
1118,7441.379766666668
1119,20531.7698
1120,0.0
1121,56257.098600000005
1122,531.2913080000001
1123,0.0
1124,3954.3712
1125,1264.388314
1126,455.71297080000005
1127,69872.5212
1128,1562.9587
1129,0.0
1130,17399.434960000002
1131,0.0
1132,0.0
1133,0.0
1134,22710.2622
1135,0.0
1136,0.0
1137,2167.5455666666667
1138,0.0
1139,3056.5819600000004
1140,0.0
1141,0.0
1142,0.0
1143,120134.853
1144,6990.8
1145,33121.99399999999
1146,737.6313400000001
1147,0.0
1148,35091.3924
1149,596.1411999999999
1150,0.0
1151,511.257796
1152,0.0
1153,0.0
1154,2370.30864
1155,0.0
1156,0.0
1157,2823.429225
1158,0.0
1159,0.0
1160,3275.52846
1161,0.0
1162,16865.9114
1163,0.0
1164,0.0
1165,0.0
1166,7325.78514
1167,82.10192333333335
1168,0.0
1169,0.0
1170,67641.6918
1171,3650.648134
1172,0.0
1173,2828.2165
1174,8660.76136
1175,0.0
1176,11329.5368
1177,28307.0486
1178,0.0
1179,1717.7835599999999
1180,2669.2895799999997
1181,860.1746800000001
1182,443.32289249999997
1183,0.0
1184,0.0
1185,6990.8
1186,1174.59296
1187,10652.2
1188,6115.93882
1189,0.0
1190,11833.8318
1191,430.785286
1192,19359.321
1193,0.0
1194,4569.106028
1195,29222.6892
1196,0.0
1197,0.0
1198,6100.97266
1199,2466.54986
1200,0.0
1201,13549.819799999997
1202,22548.6028
1203,17457.9592
1204,0.0
1205,4946.0306199999995
1206,0.0
1207,105.6154
1208,10476.349279999999
1209,0.0
1210,0.0
1211,0.0
1212,3111.42544
1213,0.0
1214,0.0
1215,217.59512600000002
1216,11818.2896
1217,12840.864360000003
1218,0.0
1219,20799.426199999994
1220,0.0
1221,0.0
1222,0.0
1223,0.0
1224,4019.00796
1225,0.0
1226,0.0
1227,1364.0
1228,0.0
1229,21642.7186
1230,370.1289
1231,0.0
1232,426.33815599999997
1233,181.24710799999997
1234,0.0
1235,0.0
1236,0.0
1237,15897.075199999997
1238,0.0
1239,0.0
1240,0.0
1241,0.0
1242,0.0
1243,0.0
1244,0.0
1245,5836.814025000001
1246,0.0
1247,26.776836399999997
1248,8452.714
1249,0.0
1250,0.0
1251,0.0
1252,0.0
1253,0.0
1254,14297.543765
1255,26036.379999999997
1256,213.84376400000002
1257,15744.2675
1258,6966.0
1259,593.8815000000001
1260,0.0
1261,0.0
1262,0.0
1263,0.0
1264,0.0
1265,15053.9739
1266,0.0
1267,3147.49182
1268,35.890222333333334
1269,24534.2478
1270,0.0
1271,11387.666200000001
1272,0.0
1273,3368.3894800000003
1274,3969.0297499999997
1275,0.0
1276,0.0
1277,0.0
1278,0.0
1279,8690.164800000002
1280,6919.0
1281,0.0
1282,6680.656700000001
1283,0.0
1284,0.0
1285,29163.2858
1286,0.0
1287,8899.567666666668
1288,117.47812200000001
1289,6295.29716
1290,0.0
1291,0.0
1292,0.0
1293,0.0
1294,3877.709999999999
1295,2241.19306
1296,16013.828400000002
1297,3606.0723
1298,0.0
1299,5249.3517
1300,29573.139799999997
1301,0.0
1302,0.0
1303,0.0
1304,0.0
1305,0.0
1306,0.0
1307,0.0
1308,0.0
1309,0.0
1310,0.0
1311,0.0
1312,2311.8002
1313,5307.44728
1314,3064.45355
1315,6990.8
1316,10340.1686
1317,1940.6584333333333
1318,0.0
1319,0.0
1320,14221.239666666666
1321,3428.3712199999995
1322,0.0
1323,0.0
1324,82.24956399999999
1325,0.0
1326,742.5401160000001
1327,0.0
1328,5780.97098
1329,14479.876749999998
1330,3550.2799
1331,470127.692
1332,797.93983
1333,32484.2124
1334,0.0
1335,0.0
1336,6693.037520000001
1337,9693.06786
1338,0.0
1339,15425.8126
1340,63555.528999999995
1341,2106.0678199999993
1342,0.0
1343,4859.528128
1344,0.0
1345,3898.3794399999997
1346,5161.55818
1347,5470.44914
1348,0.0
1349,0.0
1350,11740.24846
1351,19937.6132
1352,1.0
1353,0.0
1354,0.0
1355,30189.445
1356,0.0
1357,1548.6511
1358,0.0
1359,0.0
1360,0.0
1361,0.0
1362,18872.922
1363,0.0
1364,0.0
1365,34.274358
1366,1226.580625
1367,309.45466
1368,0.0
1369,1454.5187799999999
1370,178.6862325
1371,0.0
1372,682.3205839999999
1373,0.0
1374,0.0
1375,28627.662
1376,6919.0
1377,2296.21336
1378,0.0
1379,7765.656359999999
1380,4498.45902
1381,1018.095325
1382,249270.2575
1383,86054.562
1384,2905.552674
1385,107.636194
1386,2171.0929333333333
1387,0.0
1388,0.0
1389,0.0
1390,0.0
1391,0.0
1392,0.0
1393,3006.70166
1394,3120.1395199999997
1395,0.0
1396,6088.36608
1397,0.0
1398,0.0
1399,9035.5718
1400,3959.7041800000006
1401,0.0
1402,0.0
1403,511.507168
1404,6544.81056
1405,0.0
1406,14616.027899999997
1407,0.0
1408,56025.826
1409,3505.65772
1410,76434.0362
1411,8209.0379
1412,64913.814
1413,4396.6676800000005
1414,0.0
1415,0.0
1416,283522.156
1417,6990.8
1418,172.20976499999998
1419,0.0
1420,8794.627333333334
1421,865.015142
1422,0.0
1423,113918.39199999999
1424,10970.201
1425,187.2427468
1426,0.0
1427,17083.91428
1428,28299.981200000002
1429,1526.1923840000002
1430,246817.81600000002
1431,0.0
1432,0.0
1433,0.0
1434,0.0
1435,1503.550356
1436,0.0
1437,0.0
1438,4133.784525
1439,0.0
1440,86668.07920000001
1441,69.272466
1442,43286.8042
1443,20137.6572
1444,0.0
1445,459.76387000000005
1446,0.0
1447,6990.8
1448,7033.5
1449,6696.70412
1450,0.0
1451,6059.52028
1452,6801.76862
1453,0.0
1454,0.0
1455,0.0
1456,58562.477
1457,8484.42234
1458,0.0
1459,11393.7122
1460,99504.434
1461,28.591468
1462,20586.0864
1463,0.0
1464,0.0
1465,0.0
1466,60688.06019999999
1467,68475.7298
1468,28370.6642
1469,9458.0
1470,0.0
1471,0.0
1472,0.0
1473,0.0
1474,26936.244
1475,0.0
1476,0.0
1477,0.0
1478,0.0
1479,0.0
1480,0.0
1481,0.0
1482,0.0
1483,0.0
1484,4721.315420000001
1485,0.0
1486,334.084518
1487,1452.4
1488,1568.32274
1489,0.0
1490,27421.6354
1491,7417.509539999999
1492,0.0
1493,0.0
1494,455.684692
1495,2318.6182
1496,11481.42524
1497,0.0
1498,0.0
1499,9047.8155
1500,9892.603666666668
1501,37202.307199999996
1502,0.0
1503,2837.29496
1504,5557.426100000001
1505,15629.1534
1506,4338.0947400000005
1507,180.8990972
1508,1987.4913700000002
1509,17754.4172
1510,38.89154
1511,0.0
1512,3083.6979199999996
1513,0.0
1514,0.0
1515,147.54640600000002
1516,0.0
1517,0.0
1518,0.0
1519,0.0
1520,32066.196
1521,0.0
1522,17491.634
1523,282.845424
1524,0.0
1525,0.0
1526,5640.8473
1527,0.0
1528,10200.677599999999
1529,12158.403600000001
1530,754.94682
1531,0.0
1532,0.0
1533,0.0
1534,1588.6113999999998
1535,0.0
1536,0.0
1537,0.0
1538,0.0
1539,0.0
1540,0.0
1541,0.0
1542,0.0
1543,0.0
1544,0.0
1545,0.0
1546,197.474042
1547,11593.532000000001
1548,3962.3167999999996
1549,0.0
1550,0.0
1551,0.0
1552,10291.17524
1553,267.31077400000004
1554,59.82463799999999
1555,0.0
1556,0.0
1557,8677.248779999998
1558,384.48366749999997
1559,12561.048920000001
1560,0.0
1561,0.0
1562,0.0
1563,1075.9861
1564,54530.4694
1565,0.0
1566,150241.67399999997
1567,425.770712
1568,13037.189699999999
1569,419165.102
1570,0.0
1571,0.0
1572,4398.0648
1573,0.0
1574,0.0
1575,13738.798599999998
1576,4444.752399999999
1577,27150.647399999998
1578,0.0
1579,0.0
1580,23097.2102
1581,1859.4030000000002
1582,587.8007520000001
1583,0.0
1584,0.0
1585,7918.467320000001
1586,5070.94545
1587,0.0
1588,0.0
1589,25.404084
1590,10067.27272
1591,0.0
1592,0.0
1593,1550.292
1594,0.0
1595,0.0
1596,8443.231
1597,17644.9608
1598,1851.8973799999999
1599,0.0
1600,3548.7765999999997
1601,0.0
1602,0.0
1603,0.0
1604,0.0
1605,0.0
1606,191.04996
1607,0.0
1608,7335.563059999999
1609,0.0
1610,0.0
1611,60437.7098
1612,0.0
1613,6045.8503
1614,4872.79116
1615,0.0
1616,0.0
1617,1354.81812
1618,7255.1843
1619,4220.0
1620,0.0
1621,0.0
1622,0.0
1623,0.0
1624,13704.8122
1625,0.0
1626,0.0
1627,0.0
1628,0.0
1629,0.0
1630,9238.20726
1631,126.31084800000001
1632,30760.023999999998
1633,0.0
1634,0.0
1635,4483.82115
1636,27737.110000000004
1637,0.0
1638,28089.2302
1639,0.0
1640,928.209294
1641,3911.388175
1642,0.0
1643,454.91882999999996
1644,14325.855000000001
1645,0.0
1646,9536.71158
1647,13029.8619
1648,2633.7966666666666
1649,0.0
1650,0.0
1651,0.0
1652,2627.3755599999995
1653,0.0
1654,0.0
1655,76933.93
1656,2251.412892
1657,0.0
1658,0.0
1659,0.0
1660,3783.5351
1661,0.0
1662,0.0
1663,517.5133720000001
1664,3940.168726000001
1665,0.0
1666,8162.423059999999
1667,288.63138
1668,876.410586
1669,0.0
1670,19658.8874
1671,1.3333333333333333
1672,21312.9208
1673,0.0
1674,46.1430072
1675,2459.63674
1676,0.0
1677,1293.7715199999998
1678,0.0
1679,9553.069599999999
1680,12204.474460000001
1681,0.0
1682,79109.28020000001
1683,2177.25962
1684,381.588348
1685,0.0
1686,3869.5940199999995
1687,22578.7612
1688,644.00612
1689,0.0
1690,14461.1344
1691,4074.93842
1692,0.0
1693,0.0
1694,28294.960000000003
1695,0.0
1696,7861.2287400000005
1697,19334.356200000002
1698,0.0
1699,0.0
1700,232624.304
1701,213.99085600000004
1702,51731.8554
1703,12818.2902
1704,103.437186
1705,0.0
1706,8110.192659999999
1707,7908.94764
1708,102799.81399999998
1709,0.0
1710,0.0
1711,0.0
1712,0.0
1713,0.0
1714,0.0
1715,9426.9714
1716,0.0
1717,0.0
1718,0.0
1719,0.0
1720,208.640975
1721,3737.1298800000004
1722,16810.2078
1723,0.0
1724,0.0
1725,0.0
1726,653.551202
1727,21132.523800000003
1728,2135.8104
1729,444.75739999999996
1730,2941.985778
1731,0.0
1732,4189.064928
1733,0.0
1734,0.0
1735,1755.99894
1736,7620.80086
1737,14.0681558
1738,8125.187459999999
1739,73497.72020000001
1740,14461.305400000001
1741,715.6159519999999
1742,0.0
1743,4178.29902
1744,310.548034
1745,707.00632
1746,141905.812
1747,0.0
1748,0.0
1749,1035.01652
1750,0.0
1751,0.0
1752,0.0
1753,148658.514
1754,6439.09178
1755,33.6622106
1756,20387.3404
1757,8054.2092
1758,8767.170666666667
1759,15744.623666666666
1760,54516.844
1761,853.2556066666666
1762,1012.0812900000001
1763,0.0
1764,75538.5914
1765,21453.7102
1766,0.0
1767,962.692182
1768,72457.7192
1769,4611.530059999999
1770,0.0
1771,0.0
1772,5836.023199999999
1773,0.0
1774,4349.81214
1775,270.95502
1776,3572.995479999999
1777,2680.8762800000004
1778,0.0
1779,229.756066
1780,0.0
1781,589.953638
1782,25428.225
1783,945.8517000000002
1784,3000.16482
1785,15572.5866
1786,0.0
1787,10726.680999999999
1788,43263.9546
1789,11161.19708
1790,0.0
1791,246.9645052
1792,0.0
1793,0.0
1794,13263.067
1795,0.0
1796,6990.8
1797,0.0
1798,0.0
1799,3365.66454
1800,366.605796
1801,0.0
1802,0.0
1803,9376.02646
1804,10353.829399999999
1805,0.0
1806,15760.92114
1807,103.928822
1808,20621.612399999998
1809,7775.503200000001
1810,2636.68904
1811,12231.8538
1812,0.0
1813,17733.9672
1814,3626.4241800000004
1815,9637.659
1816,9235.535333333333
1817,7307.2682
1818,836.2001720000001
1819,7058.625320000001
1820,1684.7732999999998
1821,0.0
1822,6990.8
1823,4775.547602000001
1824,0.0
1825,0.0
1826,0.0
1827,0.0
1828,0.0
1829,89.542397
1830,1527.9627333333335
1831,0.0
1832,0.0
1833,0.0
1834,404.6864633333333
1835,0.0
1836,116449.3708
1837,0.0
1838,0.0
1839,0.0
1840,0.0
1841,4015.2766599999995
1842,2995.9777999999997
1843,2799.3782079999996
1844,0.0
1845,13259.630839999998
1846,0.0
1847,172.271778
1848,0.0
1849,3241.33298
1850,7280.72166
1851,10211.27494
1852,547.7168859999999
1853,0.0
1854,0.0
1855,0.0
1856,17.429796599999996
1857,0.0
1858,0.0
1859,3002.30254
1860,0.0
1861,0.0
1862,0.0
1863,1331.1686666666667
1864,7547.040179999999
1865,4657.018480000001
1866,1680.151758
1867,35210.867999999995
1868,23.148396660000003
1869,0.0
1870,324.64858999999996
1871,574.538614
1872,129.136187
1873,654.547665
1874,242.874484
1875,0.0
1876,2683.9888
1877,610.550786
1878,0.0
1879,0.0
1880,3189.1902999999998
1881,0.0
1882,4507.1235
1883,120915.91333333334
1884,21751.8102
1885,25828.792200000004
1886,11004.74462
1887,8768.5596
1888,22078.3989
1889,658.289102
1890,4256.454288000001
1891,669.8313599999999
1892,0.0
1893,605.6084000000001
1894,25796.9874
1895,27431.7024
1896,0.0
1897,0.0
1898,686.63046
1899,2205.73676
1900,0.0
1901,1338.59428
1902,49108.1302
1903,0.0
1904,0.0
1905,10348.8216
1906,104.91617999999998
1907,62826.976
1908,29158.245400000003
1909,0.0
1910,0.0
1911,7615.91446
1912,0.0
1913,0.0
1914,0.0
1915,0.0
1916,0.0
1917,307.43194666666665
1918,0.0
1919,0.0
1920,2241.9396659999998
1921,23288.9446
1922,2973.97368
1923,52477.63266666667
1924,0.0
1925,2955.73466
1926,2780.5807200000004
1927,2352.810594
1928,0.0
1929,0.0
1930,0.0
1931,474.90640999999994
1932,0.0
1933,0.0
1934,0.0
1935,0.0
1936,0.0
1937,730.832172
1938,0.0
1939,0.0
1940,3643.4986000000004
1941,8868.5258
1942,0.0
1943,6031.99056
1944,230.703414
1945,2285.9145599999997
1946,0.0
1947,0.0
1948,0.0
1949,40618.508599999994
1950,11729.3458
1951,335.23409999999996
1952,3877.87978
1953,63.775913333333335
1954,0.0
1955,4220.0
1956,0.0
1957,0.0
1958,39917.425
1959,6208.94114
1960,40.11431166666666
1961,0.0
1962,0.0
1963,228.86257
1964,6503.015539999999
1965,0.0
1966,0.0
1967,5626.8
1968,2285.0668140000002
1969,0.0
1970,14622.858199999999
1971,182.44505800000002
1972,13543.0586
1973,0.0
1974,802.22987
1975,0.0
1976,396.96039333333334
1977,0.0
1978,10076.2562
1979,3792.0671199999997
1980,0.0
1981,782.0111919999999
1982,0.0
1983,1077.845944
1984,0.0
1985,1606.2790799999998
1986,10024.1428
1987,0.0
1988,179.40474999999998
1989,0.0
1990,0.0
1991,158.293296
1992,0.0
1993,3473.1738400000004
1994,0.0
1995,173.011684
1996,0.0
1997,5424.316066666666
1998,1271.9636079999998
1999,0.0
2000,284740.61799999996
2001,0.0
2002,0.0
2003,636.4407520000001
2004,20964.4
2005,6393.1148
2006,27.115517999999998
2007,0.0
2008,3223.8591800000004
2009,0.0
2010,4889.326586
2011,0.0
2012,3346.3668666666667
2013,1318.0471160000002
2014,121.64997133333333
2015,0.0
2016,0.0
2017,232.15984200000003
2018,4816.112080000001
2019,6387.05056
2020,15087.974333333334
2021,10646.933099999998
2022,408.8886
2023,0.0
2024,0.0
2025,3552.9847
2026,816.3559419999999
2027,0.0
2028,9802.51208
2029,0.0
2030,0.0
2031,10323.837300000003
2032,0.0
2033,18386.408499999998
2034,386.11336500000004
2035,0.0
2036,1452.4
2037,0.0
2038,29472.376
2039,3077.98826
2040,63045.86159999999
2041,2333.959612
2042,167.25919666666667
2043,0.0
2044,28057.068
2045,22335.9352
2046,5299.789339999999
2047,1949.8990279999998
2048,22.019094
2049,38449.2826
2050,691.036475
2051,0.0
2052,0.0
2053,546.155608
2054,0.0
2055,4310.00402
2056,0.0
2057,0.0
2058,0.0
2059,0.0
2060,5583.3868
2061,0.0
2062,0.0
2063,0.0
2064,0.0
2065,0.0
2066,3014.0859920000003
2067,0.0
2068,0.0
2069,0.0
2070,104209.86420000001
2071,27102.520999999997
2072,40757.344000000005
2073,0.0
2074,10437.9416
2075,68311.67319999999
2076,323.537006
2077,0.0
2078,370.69069320000006
2079,23260.494880000002
2080,0.0
2081,0.0
2082,0.0
2083,13555.185399999998
2084,1281.1258
2085,8373.8034
2086,0.0
2087,7033.333333333333
2088,3791.540174
2089,6188.36186
2090,0.0
2091,1458.24604
2092,4318.452962
2093,0.0
2094,0.0
2095,1053.403354
2096,0.0
2097,0.0
2098,0.0
2099,0.0
2100,15946.256
2101,0.0
2102,0.0
2103,0.0
2104,97960.50379999999
2105,436.88499200000007
2106,21057.3776
2107,2318.74174
2108,0.0
2109,0.0
2110,120711.85900000001
2111,0.0
2112,0.0
2113,0.0
2114,0.0
2115,0.0
2116,209.592034
2117,26547.2966
2118,0.0
2119,0.0
2120,0.0
2121,0.0
2122,76.2912032
2123,3021.87576
2124,3595.93508
2125,599.742927
2126,326.94114799999994
2127,91071.5362
2128,0.0
2129,3375.3034000000002
2130,24963.234666666667
2131,7453.4079
2132,8896.4916
2133,0.0
2134,0.0
2135,2474.22738
2136,10733.86346
2137,0.0
2138,252681.458
2139,0.0
2140,2380.8717666666666
2141,8547.755659999999
2142,8963.29732
2143,1455.31598
2144,0.0
2145,1028.706
2146,0.0
2147,0.0
2148,484.319126
2149,66525.2788
2150,3672.92756
2151,394.049734
2152,2260.966872
2153,0.0
2154,0.0
2155,0.0
2156,1393.2
2157,0.0
2158,0.0
2159,0.0
2160,11601.7238
2161,0.0
2162,0.0
2163,0.0
2164,50414.731199999995
2165,0.0
2166,18622.174199999998
2167,2802.32156
2168,0.0
2169,0.0
2170,6795.90628
2171,2767.6
2172,16583.2582
2173,0.0
2174,0.0
2175,692.682866
2176,0.0
2177,0.0
2178,0.0
2179,0.0
2180,1757.0892660000002
2181,0.0
2182,348.48118
2183,1421.6693480000001
2184,9798.97928
2185,1453.2
2186,1980.2241
2187,8154.95408
2188,0.0
2189,2569.94992
2190,79129.09479999999
2191,177.92306
2192,6045.8536
2193,41.1105868
2194,8332.0235
2195,0.0
2196,25.725657
2197,12482.473
2198,1130.7816280000002
2199,0.0
2200,0.0
2201,4541.06814
2202,0.0
2203,0.0
2204,1902.4540399999998
2205,39679.460399999996
2206,0.0
2207,31931.187599999997
2208,5796.80528
2209,1090.79562
2210,0.0
2211,38036.8986
2212,499.68696
2213,0.0
2214,2783.3370333333332
2215,1837.947802
2216,911.1432859999999
2217,0.0
2218,780325.942
2219,10585.780400000001
2220,0.0
2221,0.0
2222,3709.3873999999996
2223,14742.7772
2224,3081.8588600000003
2225,3352.0055399999997
2226,16519.448800000002
2227,601.370492
2228,0.0
2229,0.0
2230,476.886798
2231,8070.860000000001
2232,3184.5392
2233,0.0
2234,433.744985
2235,3385.715
2236,35133.96740000001
2237,0.0
2238,0.0
2239,0.0
2240,15985.885999999999
2241,19427.559999999998
2242,0.0
2243,129.6775668
2244,213.517778
2245,0.0
2246,0.0
2247,1294.50732
2248,8579.8248
2249,0.0
2250,31437.831400000003
2251,0.0
2252,10003.3378
2253,0.0
2254,46841.97900000001
2255,5597.6
2256,0.0
2257,5299.6250666666665
2258,0.0
2259,5904.67786
2260,57652.36380000001
2261,30751.4222
2262,190.31458800000001
2263,4950.18318
2264,5889.65272
2265,15554.4604
2266,8858.69125
2267,5072.990400000001
2268,0.0
2269,0.0
2270,3062.01177
2271,41146.4966
2272,16576.892
2273,0.0
2274,742.761224
2275,2772.17174
2276,6675.3568
2277,2793.03071
2278,22495.197200000002
2279,20311.7166
2280,28302.161600000003
2281,0.0
2282,0.0
2283,2353.8593800000003
2284,303.99759
2285,6990.8
2286,7033.333333333333
2287,11.479617600000001
2288,53983.07859999999
2289,634.16565
2290,4610.413850000001
2291,7971.587166666667
2292,0.0
2293,0.0
2294,5017.1522700000005
2295,487.0583699999999
2296,2913.84767
2297,421.25954
2298,311.80571333333336
2299,759.3921320000001
2300,0.0
2301,0.0
2302,0.0
2303,0.0
2304,0.0
2305,3115.3507940000004
2306,0.0
2307,0.0
2308,13056.34974
2309,11457.72194
2310,1330.55276
2311,4234.787928
2312,1358.40821
2313,0.0
2314,11002.88172
2315,0.0
2316,0.0
2317,0.0
2318,0.0
2319,21529.821799999998
2320,55.841480000000004
2321,0.0
2322,0.0
2323,0.0
2324,60070.1806
2325,0.0
2326,1743.9086219999997
2327,0.0
2328,9760.8
2329,1187.07284
2330,0.0
2331,0.0
2332,0.0
2333,229.46659
2334,0.0
2335,0.0
2336,0.0
2337,9515.112000000001
2338,240415.376
2339,0.0
2340,5899.7334
2341,0.0
2342,0.0
2343,0.0
2344,0.0
2345,0.0
2346,0.0
2347,17957.640399999997
2348,2029.3158000000003
2349,25.509898
2350,1604.16982
2351,3622.5859859999996
2352,0.0
2353,0.0
2354,787.228738
2355,0.0
2356,1122.39986
2357,0.0
2358,0.0
2359,0.0
2360,1950.212
2361,259194.562
2362,0.0
2363,2015.6642799999997
2364,0.0
2365,0.0
2366,15314.6068
2367,7754.992199999999
2368,10292.772133333334
2369,1155.1517600000002
2370,0.0
2371,5433.7227
2372,6739.057
2373,32.738457800000006
2374,0.0
2375,1805.0102333333332
2376,4715.91568
2377,0.0
2378,0.0
2379,5819.75594
2380,0.0
2381,0.0
2382,0.0
2383,0.0
2384,4880.861078
2385,106.776586
2386,17150.785
2387,27515.9728
2388,0.0
2389,0.0
2390,0.0
2391,0.0
2392,0.0
2393,12319.2123
2394,1543.1773
2395,19198.462
2396,102.60602999999999
2397,10612.66594
2398,0.0
2399,1870.42286
2400,6113.0747
2401,504.086928
2402,18.8858162
2403,5769.05364
2404,127.32020600000001
2405,7766.979740000001
2406,0.0
2407,11268.182785599998
2408,0.0
2409,2088.4655500000003
2410,0.0
2411,0.0
2412,1255.8515200000002
2413,4665.233160000001
2414,1452.4
2415,0.0
2416,80535.96780000001
2417,22226.807
2418,0.0
2419,0.0
2420,0.0
2421,0.0
2422,0.0
2423,0.0
2424,9087.2278
2425,10428.56054
2426,17933.885666666665
2427,10234.591660000002
2428,142361.4192
2429,0.0
2430,333.886434
2431,0.0
2432,461.50491999999997
2433,7555.828939999999
2434,5161.138708
2435,230.77093999999997
2436,0.0
2437,592.32726
2438,15923.7038
2439,0.0
2440,0.0
2441,24825.4114
2442,0.0
2443,0.0
2444,0.0
2445,0.0
2446,0.0
2447,0.0
2448,0.0
2449,0.0
2450,4857.03982
2451,11592.629920000001
2452,10634.0402
2453,666.9634320000001
2454,6990.8
2455,16424.427666666666
2456,6172.2022400000005
2457,68270.37479999999
2458,441.638632
2459,0.0
2460,0.0
2461,0.0
2462,1663.5510000000002
2463,0.0
2464,2977.9005666666667
2465,8544.618299999998
2466,0.0
2467,113.23160679999998
2468,10971.2809
2469,1393.2
2470,0.0
2471,7094.966
2472,0.0
2473,0.0
2474,0.0
2475,0.0
2476,1306.4066
2477,0.0
2478,0.0
2479,0.0
2480,0.0
2481,0.0
2482,0.0
2483,0.0
2484,0.0
2485,2001.0733200000002
2486,27852.957000000002
2487,12060.9011
2488,5364.70916
2489,0.0
2490,52186.20075
2491,0.0
2492,24.3687454
2493,11283.544960000001
2494,3711.40204
2495,3598.86726
2496,1138.97616
2497,0.0
2498,8236.17294
2499,176765.423
2500,0.0
2501,0.0
2502,5905.95032
2503,0.0
2504,692.0120079999999
2505,5027.399380000001
2506,5768.486120799999
2507,0.0
2508,10860.389
2509,0.0
2510,0.0
2511,3379.9854400000004
2512,2105.961548
2513,14856.86242
2514,0.0
2515,0.0
2516,62.75717999999999
2517,0.0
2518,38021.269400000005
2519,0.0
2520,77.08184
2521,0.0
2522,3824.2826
2523,12612.4
2524,0.0
2525,2793.97754
2526,2490.38384
2527,25193.1704
2528,0.0
2529,0.0
2530,21610.9974
2531,14552.0062
2532,0.0
2533,1092.931788
2534,20574.2076
2535,19944.69
2536,0.0
2537,0.0
2538,22943.9878
2539,19952.3176
2540,0.0
2541,1900.07602
2542,3294.512725
2543,0.0
2544,22922.357
2545,0.0
2546,4617.1772
2547,1535.1650725
2548,1437.93894
2549,0.0
2550,119.837885
2551,5412.90652
2552,107.75828120000001
2553,4634.83394
2554,5485.21434
2555,0.0
2556,0.0
2557,13332.841339999999
2558,13813.9902
2559,11428.6831
2560,0.0
2561,0.0
2562,89908.68000000001
2563,0.0
2564,0.0
2565,25913.206
2566,6577.879084
2567,1393.2
2568,0.0
2569,68221.89080000001
2570,0.0
2571,740.5459149999999
2572,7822.29178
2573,274.481276
2574,19599.0264
2575,0.0
2576,0.0
2577,4495.620639999999
2578,66312.31700000001
2579,0.0
2580,0.0
2581,378.148592
2582,0.0
2583,62309.5478
2584,0.0
2585,44673.9598
2586,0.0
2587,50103.625
2588,0.0
2589,0.0
2590,0.0
2591,600.900728
2592,72.5310675
2593,55896.33866666667
2594,0.0
2595,12072.8184
2596,13162.76675
2597,0.0
2598,0.0
2599,0.0
2600,0.0
2601,0.0
2602,0.0
2603,5917.06172
2604,0.0
2605,2260.74308
2606,0.0
2607,0.0
2608,56540.015
2609,0.0
2610,0.0
2611,0.0
2612,0.0
2613,0.0
2614,0.0
2615,0.0
2616,0.0
2617,222.72383280000003
2618,14563.789
2619,0.0
2620,0.0
2621,0.0
2622,0.0
2623,0.0
2624,13720.5508
2625,0.0
2626,831.885174
2627,0.0
2628,0.0
2629,0.0
2630,6990.8
2631,5658.0218
2632,0.0
2633,0.0
2634,38205.431200000006
2635,0.0
2636,0.0
2637,0.0
2638,0.0
2639,0.0
2640,20331.055600000003
2641,0.0
2642,200.6949575
2643,0.0
2644,0.0
2645,33174.1544
2646,0.0
2647,20.853372599999997
2648,0.0
2649,38998.6074
2650,0.0
2651,0.0
2652,11212.8
2653,0.0
2654,0.0
2655,0.0
2656,0.0
2657,0.0
2658,3033.4866580000003
2659,0.0
2660,2332.8921
2661,7077.3141399999995
2662,2965.58328
2663,0.0
2664,0.0
2665,0.0
2666,0.0
2667,3961.7957599999995
2668,0.0
2669,0.0
2670,1552.3232199999998
2671,0.0
2672,13108.9146
2673,0.0
2674,0.0
2675,7187.64998
2676,0.0
2677,0.0
2678,0.0
2679,1218.50466
2680,6766.107780000001
2681,0.0
2682,585.589094
2683,0.0
2684,3461.2715599999997
2685,0.0
2686,195994.86799999996
2687,582.7627140000001
2688,0.0
2689,0.0
2690,0.0
2691,0.0
2692,0.0
2693,3541.6128800000006
2694,211.77823600000002
2695,326.736064
2696,2033.056236
2697,0.0
2698,19049.4248
2699,0.0
2700,0.0
2701,3125.69876
2702,0.0
2703,13139.924600000002
2704,14016.3272
2705,0.0
2706,0.0
2707,0.0
2708,0.0
2709,0.0
2710,12762.7138
2711,0.0
2712,3611.7503599999995
2713,15708.817
2714,0.0
2715,6990.8
2716,576.74234
2717,72.57121819999999
2718,9373.7748
2719,0.0
2720,7191.96064
2721,9301.9192
2722,465.48934399999996
2723,41854.238399999995
2724,5225.874760000001
2725,488.0634
2726,39462.087799999994
2727,0.0
2728,24576.120280000003
2729,694.700732
2730,2968.385733333333
2731,24442.051
2732,0.0
2733,0.0
2734,15893.5288
2735,8848.67664
2736,0.0
2737,0.0
2738,0.0
2739,44411.031
2740,12986.3394
2741,0.0
2742,7640.4142600000005
2743,645.572588
2744,14951.7017
2745,41080.3398
2746,707244.5
2747,0.0
2748,25113.3802
2749,0.0
2750,0.0
2751,0.0
2752,0.0
2753,0.0
2754,0.0
2755,0.0
2756,4446.802860000001
2757,0.0
2758,0.0
2759,728.9419839999999
2760,0.0
2761,7966.5456
2762,0.0
2763,9616.87994
2764,21410.8118
2765,989.2019333333334
2766,6268.1836
2767,1178.54612
2768,3875.2472
2769,0.0
2770,0.0
2771,0.0
2772,0.0
2773,0.0
2774,0.0
2775,0.0
2776,0.0
2777,387.85112
2778,0.0
2779,5883.646900000001
2780,8347.86246
2781,0.0
2782,5504.014720000001
2783,200.179068
2784,0.0
2785,5613.2
2786,17201.2247
2787,0.0
2788,1521.7244199999998
2789,786.1399799999999
2790,0.0
2791,17986.13034
2792,2615.95712
2793,0.0
2794,0.0
2795,0.0
2796,0.0
2797,0.0
2798,0.0
2799,3508.1513600000008
2800,0.0
2801,1291.2845
2802,0.0
2803,33851.200800000006
2804,0.0
2805,0.0
2806,4804.3876666666665
2807,23758.6372
2808,44526.817800000004
2809,2620.7320200000004
2810,3262.1943800000004
2811,1888.60968
2812,12298.4614
2813,0.0
2814,4481.805586
2815,0.0
2816,0.0
2817,0.0
2818,9465.473
2819,13979.6
2820,1025.65235
2821,0.0
2822,11146.963200000002
2823,2110.273734
2824,0.0
2825,5461.42658
2826,0.0
2827,8999.832480000001
2828,0.0
2829,0.0
2830,0.0
2831,0.0
2832,165.479192
2833,0.0
2834,0.0
2835,0.0
2836,5063.44902
2837,0.0
2838,0.0
2839,2201.451862
2840,0.0
2841,1056.6119939999999
2842,0.0
2843,4768.07104
2844,0.0
2845,3459.6846600000003
2846,0.0
2847,0.0
2848,0.0
2849,2667.8711460000004
2850,0.0
2851,3234.5501600000002
2852,0.0
2853,14984.9764
2854,0.0
2855,0.0
2856,0.0
2857,0.0
2858,0.0
2859,38561.529800000004
2860,0.0
2861,0.0
2862,8444.0
2863,928.5619280000001
2864,7329.861480000001
2865,7668.4831
2866,0.0
2867,0.0
2868,81.94044799999999
2869,3028.207972
2870,5395.663460000001
2871,20324.725800000004
2872,5334.5639200000005
2873,0.0
2874,0.0
2875,0.0
2876,0.0
2877,7290.179859999999
2878,2889.21458
2879,365.825542
2880,6323.897360000001
2881,0.0
2882,45291.5008
2883,12.794271
2884,0.0
2885,756.8274439999999
2886,0.0
2887,0.0
2888,12589.3928
2889,0.0
2890,0.0
2891,0.0
2892,19645.43
2893,0.0
2894,617.7528920000001
2895,0.0
2896,1378.2314000000001
2897,3257.0797800000005
2898,0.0
2899,2175.374268
2900,0.0
2901,16437.1562
2902,1672.71834
2903,0.0
2904,0.0
2905,0.0
2906,6106.072925
2907,0.0
2908,85788.0036
2909,45459.182400000005
2910,0.0
2911,0.0
2912,8019.6463
2913,0.0
2914,0.0
2915,15690.236399999998
2916,0.0
2917,0.0
2918,0.0
2919,9686.3733
2920,3386.11662
2921,0.0
2922,10868.258249999999
2923,0.0
2924,0.0
2925,0.0
2926,0.0
2927,0.0
2928,509.42578599999996
2929,8968.1388
2930,3104.0856400000002
2931,0.0
2932,1180.203388
2933,2762.74718
2934,6500.309739999999
2935,0.0
2936,0.0
2937,0.0
2938,11342.418880000001
2939,0.0
2940,7045.876859999999
2941,0.0
2942,4004.3215
2943,1585.95446
2944,25790.354799999997
2945,993.23458
2946,1846.74726
2947,172.70726799999997
2948,2873.85662
2949,111.56254199999998
2950,342.946286
2951,0.0
2952,7257.410199999998
2953,0.0
2954,2405.68348
2955,0.0
2956,0.0
2957,0.0
2958,175.856575
2959,3892.0079400000004
2960,0.0
2961,0.0
2962,7512.60975
2963,0.0
2964,0.0
2965,2045.4301249999999
2966,0.0
2967,1669.7866600000002
2968,0.0
2969,0.0
2970,4281.205379999999
2971,3410.6040399999997
2972,3397.1949200000004
2973,0.0
2974,0.0
2975,5589.629080000001
2976,0.0
2977,246.012902
2978,10925.695666666667
2979,0.0
2980,114.01729499999999
2981,0.0
2982,0.0
2983,0.0
2984,0.0
2985,0.0
2986,0.0
2987,10316.269400000001
2988,0.0
2989,6990.8
2990,7017.49886
2991,17022.769399999997
2992,0.0
2993,0.0
2994,7287.601999999999
2995,0.0
2996,0.0
2997,7081.56444
2998,460.61215400000003
2999,9196.91094
3000,0.0
3001,3245.57124
3002,0.0
3003,4557.279280000001
3004,8716.657260000002
3005,8423.5182
3006,0.0
3007,5.16322998
3008,0.0
3009,101916.70300000001
3010,1553.63366
3011,6028.288640000001
3012,4213.48946
3013,7623.36734
3014,0.0
3015,0.0
3016,5414.328875
3017,0.0
3018,15649.5272
3019,10877.7382
3020,291.93164199999995
3021,0.0
3022,0.0
3023,0.0
3024,0.0
3025,0.0
3026,33191.6824
3027,0.0
3028,2352.5664
3029,0.0
3030,10058.4676
3031,0.0
3032,1097.72288
3033,1927.7342400000002
3034,0.0
3035,1558.6949849799998
3036,0.0
3037,900.1840499999998
3038,0.0
3039,0.0
3040,0.0
3041,0.0
3042,0.0
3043,274.96295
3044,0.0
3045,0.0
3046,0.0
3047,34.438454
3048,0.0
3049,0.0
3050,0.0
3051,0.0
3052,0.0
3053,5533.6
3054,0.0
3055,22286.7768
3056,290.914979
3057,2302.93496
3058,0.0
3059,0.0
3060,69183.4884
3061,0.0
3062,6380.0887
3063,0.0
3064,1147.647728
3065,0.0
3066,2030.266046
3067,0.0
3068,1863.517626
3069,0.0
3070,3995.2004
3071,1550.39192
3072,0.0
3073,9316.1861
3074,14829.642600000001
3075,1343.3382800000002
3076,6112.82323
3077,817.25074
3078,1678.47446
3079,491.90234799999996
3080,4439.901216
3081,3459.75798
3082,3010.69556
3083,0.0
3084,0.0
3085,2951.0693
3086,0.0
3087,16185.058799999999
3088,0.0
3089,10132.7674
3090,6997.0
3091,3663.1100399999996
3092,0.0
3093,33902.595799999996
3094,272.89581
3095,0.0
3096,0.0
3097,0.0
3098,3164.775666666667
3099,0.0
3100,0.0
3101,1154.2165479999999
3102,0.0
3103,4827.89328
3104,3733.3978199999997
3105,348.752074
3106,2817.65744
3107,593.956158
3108,449.45372800000007
3109,0.0
3110,0.0
3111,1268.7581599999999
3112,92.721294
3113,281.2284188
3114,0.0
3115,606.35528
3116,14703.109800000002
3117,0.0
3118,73.13042800000001
3119,0.0
3120,0.0
3121,0.0
3122,0.0
3123,1457.1691999999998
3124,0.0
3125,9465.646600000002
3126,0.0
3127,0.0
3128,3095.6704799999998
3129,0.0
3130,147.40349
3131,0.0
3132,8982.25044
3133,0.0
3134,0.0
3135,64.76510420000001
3136,0.0
3137,1457.5138000000002
3138,0.0
3139,4224.0
3140,3397.2092000000002
3141,20626.409200000002
3142,0.0
3143,7272.6652
3144,11197.6996
3145,0.0
3146,0.0
3147,21960.749000000003
3148,27697.158399999997
3149,0.0
3150,0.0
3151,0.0
3152,61.77205260000001
3153,0.0
3154,0.0
3155,5139.15668
3156,15677.2065
3157,0.0
3158,2382.72882
3159,0.0
3160,2725.18728
3161,0.0
3162,0.0
3163,0.0
3164,1965.85544
3165,0.0
3166,530.9997
3167,0.0
3168,449.15027399999997
3169,12981.1528
3170,0.0
3171,1364.0
3172,425.019182
3173,0.0
3174,0.0
3175,13328.2674
3176,22.8730368
3177,0.0
3178,4223.2
3179,1462.1729
3180,0.0
3181,3047.0705666666668
3182,10345.1458
3183,0.0
3184,0.0
3185,3199.19316
3186,750.3791679999999
3187,0.0
3188,25442.321999999996
3189,7038.666666666667
3190,0.0
3191,6990.8
3192,40654.58500000001
3193,519.816235
3194,9099.68152
3195,3841.98181
3196,10467.04954
3197,15877.5248
3198,0.0
3199,12456.158599999999
3200,0.0
3201,0.0
3202,0.0
3203,0.0
3204,648.6880600000001
3205,8818.738399999998
3206,0.0
3207,96786.164
3208,2194.0650400000004
3209,17555.1718
3210,0.0
3211,0.0
3212,6928.143480000001
3213,2952.47006
3214,2861.3462600000003
3215,15765.9956
3216,2197.5790860000006
3217,5454.810412000001
3218,0.0
3219,0.0
3220,0.0
3221,21725.3264
3222,0.0
3223,13059.7674
3224,18623.117000000002
3225,38622.984
3226,2620.28752
3227,8809.64028
3228,0.0
3229,8294.1464
3230,0.0
3231,2564.92122
3232,1505.028788
3233,0.0
3234,30640.6742
3235,2295.5454
3236,37.0484706
3237,0.0
3238,1990.9753125
3239,0.0
3240,3482.0
3241,8813.640333333333
3242,3913.9795400000003
3243,503.14726599999995
3244,0.0
3245,1408.52084
3246,0.0
3247,0.0
3248,0.0
3249,1973.4374399999997
3250,3632.71462
3251,0.0
3252,27.0280212
3253,55112.41799999999
3254,29118.629999999997
3255,0.0
3256,0.0
3257,1108.092175
3258,0.0
3259,0.0
3260,967.315452
3261,0.0
3262,3684.3416740000002
3263,0.0
3264,1426.4851800000001
3265,0.0
3266,0.0
3267,98.6279376
3268,0.0
3269,204.885788
3270,0.0
3271,0.0
3272,58347.231400000004
3273,2463.4558399999996
3274,0.0
3275,0.0
3276,138050.505
3277,363.40736000000004
3278,5674.53142
3279,484.82258199999995
3280,0.0
3281,1623.772044
3282,991.06368
3283,0.0
3284,347.452204
3285,277710.708
3286,1579.4275676000002
3287,0.0
3288,0.0
3289,14740.2462
3290,8830.88752
3291,0.0
3292,0.0
3293,33033.7828
3294,0.0
3295,760.12837
3296,0.0
3297,0.0
3298,0.0
3299,2574.270292
3300,9008.711
3301,819.0841975000001
3302,0.0
3303,995.6937760000001
3304,3586.71901
3305,2314.167314
3306,0.0
3307,3632.5863799999997
3308,2601.00714
3309,0.0
3310,0.0
3311,0.0
3312,0.0
3313,0.0
3314,775.89906
3315,24806.569799999994
3316,462.97762
3317,0.0
3318,6990.8
3319,123.76346800000002
3320,2837.2223320000003
3321,0.0
3322,6535.1969
3323,0.0
3324,43588.8336
3325,1277.7920279999998
3326,0.0
3327,7836.084820000001
3328,0.0
3329,2308.599146
3330,8125.8601
3331,6337.249760000001
3332,384.89889000000005
3333,1930.567468
3334,4320.860360000001
3335,2357.6955799999996
3336,717.989768
3337,626.3562800000001
3338,0.0
3339,0.0
3340,0.0
3341,0.0
3342,50.0232975
3343,0.0
3344,0.0
3345,0.0
3346,0.0
3347,0.0
3348,0.0
3349,29861.988399999995
3350,15992.194500000001
3351,1172.2796
3352,3881.1114000000002
3353,0.0
3354,108.62272
3355,35877.24739999999
3356,2765.5568
3357,0.0
3358,0.0
3359,925.26439
3360,1385.07476
3361,9246.7322
3362,670.57377
3363,19589.999600000003
3364,0.0
3365,0.0
3366,0.0
3367,6316.287925
3368,0.0
3369,2343.4939
3370,281108.43000000005
3371,253.781102
3372,0.0
3373,66847.5016
3374,28991.5136
3375,23354.843
3376,0.0
3377,0.0
3378,128.808154
3379,1266.6961800000001
3380,0.0
3381,0.0
3382,0.0
3383,0.0
3384,0.0
3385,6034.863620000001
3386,1235.67204
3387,0.0
3388,730.9897
3389,196059.57
3390,0.0
3391,0.0
3392,0.0
3393,130.333424
3394,14643.335920000001
3395,6029.1641
3396,0.0
3397,0.0
3398,5091.383580000001
3399,11241.0203
3400,7248.2966400000005
3401,22373.6636
3402,9537.929
3403,0.0
3404,23377.8348
3405,7038.666666666667
3406,4257.922722
3407,0.0
3408,9810.380076
3409,9920.34908
3410,0.0
3411,3565.8218199999997
3412,0.0
3413,0.0
3414,0.0
3415,11844.38294
3416,0.0
3417,8054.18658
3418,149.67897
3419,10487.15386
3420,11290.867880000002
3421,17659.872
3422,8811.948439999998
3423,2122.227533333333
3424,0.0
3425,0.0
3426,41944.24080000001
3427,0.0
3428,0.0
3429,0.0
3430,0.0
3431,1147.7194
3432,1521.7697599999997
3433,0.0
3434,17818.654125
3435,0.0
3436,2257.46434
3437,18196.0
3438,0.0
3439,0.0
3440,4781.60872
3441,0.0
3442,0.0
3443,0.0
3444,0.0
3445,12250.3422
3446,0.0
3447,821.872425
3448,5531.6473
3449,51008.48333333334
3450,63041.1372
3451,0.0
3452,1687.1642600000002
3453,419.19362
3454,0.0
3455,0.0
3456,342.32434600000005
3457,304.28294999999997
3458,20195.619
3459,969.7115679999999
3460,25853.260199999997
3461,0.0
3462,0.0
3463,174.8058502
3464,0.0
3465,0.0
3466,3885.4870800000003
3467,0.0
3468,11204.211200000002
3469,0.0
3470,1766.3924279999999
3471,380.160244
3472,347.196464
3473,0.0
3474,0.0
3475,11633.552
3476,0.0
3477,194.23680399999998
3478,0.0
3479,0.0
3480,14.1396408
3481,0.0
3482,539.165094
3483,0.0
3484,0.0
3485,6102.0846599999995
3486,9590.8495
3487,0.0
3488,0.0
3489,0.0
3490,344218.176
3491,28447.080599999998
3492,5907.613579999999
3493,13367.309
3494,6937.2968200000005
3495,0.0
3496,2161.27876
3497,12805.927092000002
3498,7733.2834
3499,34412.7484
3500,6990.8
3501,20966.4
3502,0.0
3503,0.0
3504,22936.976199999997
3505,0.0
3506,0.0
3507,11792.46128
3508,0.0
3509,16696.6642
3510,0.0
3511,4606.24932
3512,116678.15900000001
3513,0.0
3514,5911.949799999999
3515,0.0
3516,488.769988
3517,74475.1256
3518,365908.64400000003
3519,0.0
3520,0.0
3521,7913.909460000001
3522,23452.706599999998
3523,0.0
3524,0.0
3525,8172.108
3526,0.0
3527,4345.88948
3528,0.0
3529,813.675442
3530,124.684456
3531,3617.7478250000004
3532,0.0
3533,0.0
3534,11629.475139999999
3535,13021.553
3536,0.0
3537,0.0
3538,3448.3344639999996
3539,11315.259320000001
3540,34293.8768
3541,0.0
3542,3776.83188
3543,0.0
3544,0.0
3545,8276.3068
3546,509.009864
3547,354.65831399999996
3548,2217.2048999999997
3549,0.0
3550,779.08542
3551,0.0
3552,7463.766780000001
3553,2979.72578
3554,0.0
3555,1905.6022750000002
3556,2913.5173800000002
3557,0.0
3558,52887.1732
3559,10953.14846
3560,0.0
3561,0.0
3562,3291.1701000000003
3563,59637.805
3564,4413.18806
3565,1849.6035200000001
3566,0.0
3567,0.0
3568,0.0
3569,0.0
3570,304.683466
3571,15578.3164
3572,2507.1538
3573,216.370946
3574,0.0
3575,6990.8
3576,501.1898299999999
3577,392468.912
3578,7205.30432
3579,3310.5962
3580,0.0
3581,0.0
3582,0.0
3583,0.0
3584,0.0
3585,10067.504579999999
3586,0.0
3587,0.0
3588,0.0
3589,0.0
3590,0.0
3591,0.0
3592,0.0
3593,1316.9651159999999
3594,0.0
3595,1610.3872000000001
3596,0.0
3597,0.0
3598,0.0
3599,9.86775874
3600,3144.98106
3601,21076.8168
3602,4612.598
3603,14449.5
3604,0.0
3605,0.0
3606,3060.66154
3607,799.535802
3608,5762.370199999999
3609,1285.9505399999998
3610,0.0
3611,0.0
3612,4223.2
3613,44502.7114
3614,0.0
3615,5691.7208200000005
3616,6354.452499999999
3617,13.1494292
3618,7796.971919999999
3619,0.0
3620,6490.26804
3621,1105.0088739999999
3622,0.0
3623,6990.8
3624,43220.083999999995
3625,15450.207333333334
3626,0.0
3627,0.0
3628,5722.373519999999
3629,0.0
3630,4432.549860000001
3631,0.0
3632,699.8299800000001
3633,67723.9168
3634,0.0
3635,0.0
3636,14144.953049999998
3637,7804.47976
3638,0.0
3639,0.0
3640,0.0
3641,0.0
3642,25772.315000000002
3643,0.0
3644,0.0
3645,261.56489
3646,0.0
3647,937.14618
3648,7328.67754
3649,6659.30098
3650,92.49315475
3651,0.0
3652,0.0
3653,6066.11254
3654,9346.538499999999
3655,1026.90806
3656,0.0
3657,0.0
3658,0.0
3659,0.0
3660,72520.61275
3661,135.9182592
3662,2021.6894240000001
3663,483.287197
3664,0.0
3665,0.0
3666,0.0
3667,1672.2682800000002
3668,9158.9614
3669,0.0
3670,0.0
3671,608040.01
3672,8994.65926
3673,58330.44180000001
3674,21018.512600000002
3675,2322.33214
3676,3378.6186400000006
3677,8130.68434
3678,0.0
3679,0.0
3680,0.0
3681,51288.159199999995
3682,8207.02052
3683,0.0
3684,1920.9461199999998
3685,2864.6695600000003
3686,88949.8572
3687,0.0
3688,2380.40942
3689,2770.8
3690,0.0
3691,0.0
3692,0.0
3693,0.0
3694,14637.0182
3695,0.0
3696,4472.57854
3697,1268.580534
3698,0.0
3699,33989.7136
3700,0.0
3701,0.0
3702,0.0
3703,0.0
3704,0.0
3705,0.0
3706,87.69438
3707,12.2990486
3708,6847.191379999999
3709,21890.579
3710,0.0
3711,0.0
3712,0.0
3713,0.0
3714,0.0
3715,1450.5521399999998
3716,0.0
3717,34392.4532
3718,0.0
3719,183277.614
3720,16804.752
3721,121345.357
3722,0.0
3723,0.0
3724,594.627972
3725,0.0
3726,34518.84
3727,47592.96339999999
3728,0.0
3729,0.0
3730,196.19808666666668
3731,0.0
3732,15150.9908
3733,24578.763600000002
3734,315.33249600000005
3735,4158.99054
3736,3572.6965320000004
3737,0.0
3738,0.0
3739,0.0
3740,0.0
3741,0.0
3742,1651.44854
3743,1128.538614
3744,3703.0112
3745,1352.6086
3746,0.0
3747,328.99342799999994
3748,980.7614040000001
3749,194.46084
3750,6333.42246
3751,9342.2798
3752,44710.617000000006
3753,5671.6
3754,6990.8
3755,0.0
3756,60306.0826
3757,6546.4943
3758,3537.30012
3759,1050.977032
3760,0.0
3761,0.0
3762,28919.175999999996
3763,0.0
3764,711.342586
3765,0.0
3766,0.0
3767,7463.2683799999995
3768,1178.801348
3769,0.0
3770,2035.5096600000002
3771,0.0
3772,0.0
3773,0.0
3774,0.0
3775,1369.110744
3776,813.279628
3777,0.0
3778,0.0
3779,535.7794052
3780,2128.5039
3781,0.0
3782,1009.7937519999999
3783,0.0
3784,0.0
3785,1163.122774
3786,1403.894808
3787,0.0
3788,0.0
3789,0.0
3790,4696.570275
3791,617.8058440000001
3792,913.71783
3793,490.47337749999997
3794,20100.021
3795,0.0
3796,0.0
3797,6990.8
3798,6627.759499999999
3799,0.0
3800,0.0
3801,1802.82798
3802,0.0
3803,695.611484
3804,759.40968
3805,27470.6844
3806,28587.7998
3807,9023.682333333332
3808,1795.03338
3809,6870.860860000001
3810,0.0
3811,0.0
3812,0.0
3813,4139.98674
3814,844.328364
3815,0.0
3816,6463.657166666667
3817,0.0
3818,4220.0
3819,1627.46224
3820,0.0
3821,1120.866252
3822,2922.6294399999997
3823,681.788872
3824,52.8821106
3825,24949.2556
3826,8822.76812
3827,0.0
3828,0.0
3829,105.535694
3830,14600.406200000001
3831,7314.271433333332
3832,241.248542
3833,1287.69218
3834,0.0
3835,0.0
3836,0.0
3837,0.0
3838,6767.04424
3839,5506.02534
3840,7712.291139999999
3841,0.0
3842,0.0
3843,0.0
3844,12574.204759999999
3845,10608.6816
3846,1243.028058
3847,0.0
3848,51.76871625
3849,1986.5861400000001
3850,0.0
3851,23893.3838
3852,0.0
3853,28807.092199999996
3854,0.0
3855,3741.7027400000006
3856,0.0
3857,0.0
3858,0.0
3859,6141.66325
3860,0.0
3861,0.0
3862,2646.3777999999998
3863,614.6488879999999
3864,1446.31314
3865,1316.8306799999998
3866,0.0
3867,22249.9962
3868,0.0
3869,0.0
3870,1827.02782
3871,19624.235399999998
3872,0.0
3873,813.82696
3874,0.0
3875,0.0
3876,2441.4035000000003
3877,1596.19876
3878,0.0
3879,0.0
3880,0.0
3881,0.0
3882,8437.6
3883,0.0
3884,48920.2962
3885,13754.646499999999
3886,142.310498
3887,1763.9417333333333
3888,181.85559
3889,797.355299
3890,0.0
3891,0.0
3892,0.0
3893,0.0
3894,0.0
3895,29417.9702
3896,0.0
3897,0.0
3898,1229.7669
3899,1260.4787979999999
3900,558.544126
3901,3187.70872
3902,0.0
3903,2990.203725
3904,0.0
3905,3527.3523200000004
3906,0.0
3907,0.0
3908,8620.1305
3909,7337.0921
3910,0.0
3911,0.0
3912,921.648775
3913,0.0
3914,0.0
3915,16146.967800000002
3916,9823.812399999999
3917,763.625408
3918,296.7762
3919,106692.40400000001
3920,4425.96508
3921,3463.5
3922,662.773964
3923,0.0
3924,10685.5592
3925,0.0
3926,44.6572992
3927,0.0
3928,0.0
3929,0.0
3930,6832.954339999999
3931,0.0
3932,10718.2416
3933,4702.71562
3934,14559.88712
3935,0.0
3936,0.0
3937,17583.2708
3938,1500.38501
3939,6308.71428
3940,0.0
3941,0.0
3942,0.0
3943,11426.873
3944,2176.91676
3945,0.0
3946,742.5072
3947,1870.5651979999998
3948,72511.0334
3949,0.0
3950,0.0
3951,170541.39500000002
3952,0.0
3953,0.0
3954,4504.33682
3955,0.0
3956,0.0
3957,0.0
3958,0.0
3959,0.0
3960,0.0
3961,9586.843700000001
3962,0.0
3963,13043.250900000001
3964,0.0
3965,0.0
3966,304.70559999999995
3967,41535.848
3968,10065.85752
3969,7797.98566
3970,0.0
3971,21752.3008
3972,9609.383740000001
3973,7967.879059999999
3974,73577.5272
3975,2735.46538
3976,61269.7598
3977,511.40022
3978,5271.381240000001
3979,244.55312199999997
3980,365.7147166666666
3981,2116.3979099999997
3982,0.0
3983,12730.64375
3984,23655.963666666667
3985,3114.61514
3986,0.0
3987,0.0
3988,16159.5298
3989,23271.620000000003
3990,0.0
3991,4386.002839999999
3992,3284.96014
3993,22060.487
3994,16294.730600000004
3995,88562.6952
3996,0.0
3997,0.0
3998,0.0
3999,322.32297
4000,0.0
4001,2566.97056
4002,10692.238399999998
4003,1435.846142
4004,0.0
4005,8635.248666666666
4006,0.0
4007,9187.00996
4008,0.0
4009,0.0
4010,0.0
4011,0.0
4012,0.0
4013,18013.602
4014,0.0
4015,0.0
4016,0.0
4017,0.0
4018,0.0
4019,0.0
4020,0.0
4021,2737.1665000000003
4022,3119.9364799999994
4023,0.0
4024,0.0
4025,1813.89715
4026,1862.3040700000001
4027,7536.425588
4028,6990.8
4029,0.0
4030,0.0
4031,0.0
4032,0.0
4033,27561.847599999997
4034,0.0
4035,1015.908812
4036,0.0
4037,1196.5520107999998
4038,204.783508
4039,0.0
4040,11006.1818
4041,34.56682912
4042,0.0
4043,3630.8465200000005
4044,4922.0147
4045,0.0
4046,585.9383879999999
4047,0.0
4048,6202.71272
4049,12662.066
4050,0.0
4051,0.0
4052,1838.9222880000002
4053,585.58734
4054,572292.3725
4055,0.0
4056,0.0
4057,0.0
4058,0.0
4059,0.0
4060,8102.0027199999995
4061,0.0
4062,9615.2508
4063,4862.9696
4064,0.0
4065,520.2509299999999
4066,0.0
4067,6613.177000000001
4068,11541.0827
4069,0.0
4070,2124.4852400000004
4071,0.0
4072,0.0
4073,0.0
4074,21134.4646
4075,1308.02932
4076,6030.955779999999
4077,1104.575296
4078,10077.64708
4079,0.0
4080,0.0
4081,0.0
4082,1933.1668599999998
4083,0.0
4084,0.0
4085,1974.5916399999999
4086,0.0
4087,71.814809
4088,0.0
4089,19172.277
4090,25953.6732
4091,922.0451850000001
4092,741.23691
4093,457.700666
4094,2337.51154
4095,0.0
4096,29661.635799999996
4097,0.0
4098,1410.6845799999999
4099,2308.2313249999997
4100,0.0
4101,268.10042000000004
4102,2223.0101250000002
4103,17942.9728
4104,0.0
4105,4389.683376
4106,0.0
4107,27930.505000000005
4108,225.76201500000002
4109,0.0
4110,0.0
4111,0.0
4112,0.0
4113,5992.9331999999995
4114,0.0
4115,1462.2337000000002
4116,939.295196
4117,5047.87612
4118,19823.909200000002
4119,0.0
4120,12899.626059999999
4121,1962.6987800000002
4122,6990.8
4123,7822.75085
4124,1167.5536799999998
4125,808.090738
4126,0.0
4127,0.0
4128,447.6302175
4129,0.0
4130,0.0
4131,4858.1660999999995
4132,0.0
4133,14489.5525
4134,15635.891939999998
4135,0.0
4136,0.0
4137,7435.2864
4138,0.0
4139,18590.68
4140,17793.9242
4141,0.0
4142,23870.309
4143,0.0
4144,0.0
4145,0.0
4146,0.0
4147,20155.994
4148,0.0
4149,0.0
4150,0.0
4151,0.0
4152,0.0
4153,12740.5634
4154,2632.07958
4155,12766.906206
4156,1000.0533339999998
4157,15.646457000000002
4158,673.811922
4159,0.0
4160,0.0
4161,12978.61722
4162,362.44595
4163,0.0
4164,0.0
4165,0.0
4166,5304.233660000001
4167,0.0
4168,1275.1915320000003
4169,0.0
4170,0.0
4171,11869.991699999999
4172,52081.4024
4173,501.91237750000005
4174,0.0
4175,0.0
4176,0.0
4177,0.0
4178,0.0
4179,0.0
4180,2068.0625999999997
4181,0.0
4182,10472.5886
4183,0.0
4184,16382.282000000001
4185,0.0
4186,0.0
4187,1461.37132
4188,522.7511480000001
4189,16374.874800000001
4190,13748.056199999997
4191,0.0
4192,0.0
4193,0.0
4194,0.0
4195,3082.44214
4196,0.0
4197,4083.7562599999997
4198,0.0
4199,286.827592
4200,0.0
4201,0.0
4202,6899.257445999998
4203,247.51531
4204,0.0
4205,20824.7526
4206,171.44586800000002
4207,0.0
4208,0.0
4209,3454.4636
4210,0.0
4211,0.0
4212,1098.6715800000002
4213,3395.1691000000005
4214,1248.3974199999998
4215,1504.7763
4216,0.0
4217,0.0
4218,8632.408360000001
4219,18964.615199999997
4220,0.0
4221,0.0
4222,9021.224999999999
4223,3160.80756
4224,36081.74939999999
4225,20800.7734
4226,0.0
4227,292.54497000000003
4228,0.0
4229,1898.5894250000001
4230,0.0
4231,0.0
4232,0.0
4233,0.0
4234,19863.952999999998
4235,5583.46785
4236,0.0
4237,0.0
4238,6568.80426
4239,8520.7756
4240,1309.63558
4241,23794.34
4242,0.0
4243,1170.02072
4244,0.0
4245,1453.1978319999998
4246,0.0
4247,3111.73114
4248,118030.888
4249,719.6754
4250,18405.72682
4251,0.0
4252,711.95062
4253,7407.828879999999
4254,695.5322060000001
4255,0.0
4256,0.0
4257,1739.994272
4258,7517.6361799999995
4259,5.8430405
4260,901.9116799999999
4261,35658.628000000004
4262,83.584156
4263,1098.4344704
4264,12508.7582
4265,0.0
4266,0.0
4267,0.0
4268,0.0
4269,6990.8
4270,0.0
4271,0.0
4272,1980.9764600000003
4273,0.0
4274,2856.88852
4275,0.0
4276,137.25142833333334
4277,12935.916200000001
4278,2045.0151600000002
4279,422.12494399999997
4280,9268.9661
4281,950.26855
4282,1700.338875
4283,0.0
4284,7238.68018
4285,0.0
4286,9867.252
4287,76244.755
4288,0.0
4289,0.0
4290,658.315652
4291,7422.1858999999995
4292,8034.359999999999
4293,5617.6687999999995
4294,558.1049
4295,412.17642939999996
4296,0.0
4297,0.0
4298,3272.3039000000003
4299,37455.7606
4300,726.6880659999999
4301,0.0
4302,0.0
4303,0.0
4304,935.3439700000001
4305,12789.8794
4306,0.0
4307,0.0
4308,0.0
4309,0.0
4310,0.0
4311,0.0
4312,190.71404839999997
4313,0.0
4314,0.0
4315,22405.333400000003
4316,10650.181900000001
4317,0.0
4318,15229.871
4319,295.069274
4320,0.0
4321,0.0
4322,0.0
4323,1888.28442
4324,0.0
4325,0.0
4326,0.0
4327,0.0
4328,837.0649249999999
4329,2393.5763400000005
4330,0.0
4331,3346.7292
4332,28700.845400000002
4333,0.0
4334,0.0
4335,0.0
4336,0.0
4337,1606.87533
4338,73435.1676
4339,4177.4502
4340,2308.1103999999996
4341,0.0
4342,0.0
4343,19622.033499999998
4344,0.0
4345,0.0
4346,1657.2492333333332
4347,8751.4921
4348,0.0
4349,6686.2282000000005
4350,30254.996600000002
4351,39869.871
4352,141178.664
4353,51506.5034
4354,0.0
4355,0.0
4356,0.0
4357,19735.1112
4358,0.0
4359,1356.9268800000002
4360,0.0
4361,0.0
4362,40265.2488
4363,0.0
4364,0.0
4365,3481.511232
4366,55342.840000000004
4367,7436.799627999999
4368,0.0
4369,417.00224
4370,0.0
4371,0.0
4372,0.0
4373,15333.074900000001
4374,0.0
4375,0.0
4376,33003.2688
4377,0.0
4378,0.0
4379,978.145896
4380,0.0
4381,7033.333333333333
4382,0.0
4383,0.0
4384,24724.3294
4385,52131.4726
4386,12557.7057
4387,7415.01488
4388,0.0
4389,10097.2467
4390,0.0
4391,1842.807544
4392,0.0
4393,4474.465955999999
4394,0.0
4395,0.0
4396,3011.2348
4397,51.872105999999995
4398,3073.8620400000004
4399,2767.6
4400,13619.301199999998
4401,14844.387400000001
4402,0.0
4403,53547.192859999996
4404,0.0
4405,57.10686025
4406,10074.4422
4407,0.0
4408,754.416156
4409,69269.40479999999
4410,0.0
4411,3186.13686
4412,0.0
4413,0.0
4414,196.160006
4415,5661.2385
4416,421.6593640000001
4417,7171.421220000001
4418,0.0
4419,8301.609966666665
4420,2587.12
4421,59480.5992
4422,0.0
4423,7038.666666666667
4424,4551.47638
4425,0.0
4426,2600.53648
4427,0.0
4428,0.0
4429,8422.77686
4430,2746.184498
4431,0.0
4432,0.0
4433,609.719112
4434,0.0
4435,14529.3016
4436,13219.1434
4437,7484.5262
4438,2089.9218
4439,64972.380800000006
4440,960.4298999999999
4441,1117.30166
4442,15455.441200000001
4443,0.0
4444,5496.558719999999
4445,123.0056675
4446,597.91458
4447,21538.985399999998
4448,160.9311275
4449,413.066092
4450,1127.7735799999998
4451,0.0
4452,1129.8927
4453,7548.7712
4454,40923.91560000001
4455,942.688608
4456,0.0
4457,6990.8
4458,0.0
4459,7020.14494
4460,13841.80074
4461,7932.758180000002
4462,0.0
4463,0.0
4464,5958.66588
4465,36947.7156
4466,6990.8
4467,3845.5292999999997
4468,0.0
4469,0.0
4470,0.0
4471,8415.602879999999
4472,3468.011786
4473,0.0
4474,126009.06519999998
4475,0.0
4476,14063.0
4477,0.0
4478,10362.271120000001
4479,91.81919
4480,1413.54972
4481,21369.386080000004
4482,30326.139600000002
4483,0.0
4484,0.0
4485,0.0
4486,0.0
4487,7834.729533333334
4488,0.0
4489,0.0
4490,129.508676
4491,2369.07816
4492,0.0
4493,0.0
4494,0.0
4495,0.0
4496,33.0831492
4497,26.5651296
4498,0.0
4499,1370.188852
4500,0.0
4501,0.0
4502,85335.5496
4503,0.0
4504,2176.4093000000003
4505,4543.55058
4506,4688.502460000001
4507,0.0
4508,2687.2630400000003
4509,18136.918599999997
4510,8815.2614
4511,0.0
4512,0.0
4513,0.0
4514,0.0
4515,14803.661
4516,11406.305600000002
4517,1624.164722
4518,0.0
4519,20000.1156
4520,0.0
4521,159.1601708
4522,1251.51798
4523,0.0
4524,59.24325220000001
4525,328.614234
4526,135891.151
4527,752.1363
4528,0.0
4529,0.0
4530,481.276964
4531,0.0
4532,5749.344959999999
4533,12740.492760000001
4534,0.0
4535,6969.67298
4536,13542.5418
4537,4220.0
4538,29706.5498
4539,193.11406000000002
4540,577.5808380000001
4541,0.0
4542,251.49013599999998
4543,0.0
4544,11744.8034
4545,2659.72932
4546,0.0
4547,0.0
4548,6593.2730599999995
4549,567.7229
4550,58865.72679999999
4551,20147.7284
4552,1741.5
4553,0.0
4554,56.5834032
4555,0.0
4556,0.0
4557,0.0
4558,0.0
4559,3701.5404999999996
4560,0.0
4561,0.0
4562,1022.23065
4563,10927.1364
4564,0.0
4565,19668.775879999997
4566,11065.203500000001
4567,2034.69055
4568,0.0
4569,901.5384600000001
4570,0.0
4571,4401.079842
4572,0.0
4573,9127.17566
4574,493.16367999999994
4575,0.0
4576,0.0
4577,7567.547000000001
4578,2801.62122
4579,0.0
4580,5533.6
4581,14825.141399999999
4582,898.119232
4583,0.0
4584,3412.3975749999995
4585,965.6745655999999
4586,0.0
4587,0.0
4588,0.0
4589,22685.277000000002
4590,656.38215
4591,4220.0
4592,1440.5166075
4593,1763.5975000000003
4594,1819.0539325
4595,0.0
4596,20183.8486
4597,0.0
4598,0.0
4599,4185.37676
4600,7949.887433333334
4601,5252.1876
4602,436.4643319999999
4603,0.0
4604,0.0
4605,15058.157000000001
4606,0.0
4607,0.0
4608,0.0
4609,0.0
4610,2023.60605
4611,2419.2265140000004
4612,0.0
4613,5776.718340000001
4614,0.0
4615,1948.63384
4616,0.0
4617,0.0
4618,39450.3276
4619,0.0
4620,0.0
4621,0.0
4622,3364.4243199999996
4623,0.0
4624,0.0
4625,21037.3526
4626,0.0
4627,599.8368419999999
4628,1803.81842
4629,0.0
4630,0.0
4631,25444.7914
4632,5778.66534
4633,0.0
4634,0.0
4635,0.0
4636,17859.960499999997
4637,67.205096
4638,0.0
4639,194.55545
4640,0.0
4641,2693.7689600000003
4642,0.0
4643,845.9374366666667
4644,0.0
4645,30437.1824
4646,243.98875399999997
4647,0.0
4648,0.0
4649,0.0
4650,61.7572956
4651,0.0
4652,0.0
4653,0.0
4654,0.0
4655,7595.753199999999
4656,740.12704
4657,0.0
4658,0.0
4659,0.0
4660,13977.6
4661,0.0
4662,17882.441
4663,0.0
4664,9827.551300000001
4665,0.0
4666,0.0
4667,0.0
4668,10179.30634
4669,0.0
4670,0.0
4671,10403.5704
4672,16947.10133333333
4673,0.0
4674,0.0
4675,0.0
4676,0.0
4677,7511.12268
4678,8406.69338
4679,2302.8715600000005
4680,753.1298599999999
4681,337.890804
4682,0.0
4683,8980.99036
4684,966.1282800000001
4685,8053.957059999999
4686,1329.7122599999998
4687,2861.91918
4688,0.0
4689,0.0
4690,0.0
4691,0.0
4692,0.0
4693,0.0
4694,0.0
4695,0.0
4696,1163.1723
4697,0.0
4698,0.0
4699,0.0
4700,4913.716259999999
4701,7247.7762
4702,8482.367502000001
4703,0.0
4704,226.43149599999998
4705,0.0
4706,88.587366
4707,304.80976
4708,15.242450400000001
4709,7797.517600000001
4710,3130.1989999999996
4711,0.0
4712,5133.22308
4713,14583.0424
4714,13117.180800000002
4715,922.3927
4716,8487.4737
4717,112648.17679999999
4718,0.0
4719,1294.28662
4720,0.0
4721,379.84092
4722,619.6721940000001
4723,0.0
4724,248.733322
4725,20634.59725
4726,9176.1288
4727,13979.6
4728,0.0
4729,865.68958
4730,2718.9676600000003
4731,0.0
4732,39921.8026
4733,15537.069599999999
4734,930.11295
4735,463.92125799999997
4736,37.2664846
4737,0.0
4738,61743.6086
4739,743.10816
4740,12555.0646
4741,0.0
4742,3620.91872
4743,0.0
4744,0.0
4745,5504.586324999999
4746,0.0
4747,384.34423
4748,12187.329000000002
4749,0.0
4750,198.835898
4751,0.0
4752,0.0
4753,0.0
4754,0.0
4755,62673.5968
4756,0.0
4757,6990.8
4758,394.33732
4759,0.0
4760,87397.465
4761,5533.97812
4762,19.61668925
4763,9326.42178
4764,6681.51096
4765,6217.5495
4766,4230.00769
4767,555.3251039999999
4768,0.0
4769,2767.6
4770,1716.1449260000002
4771,0.0
4772,0.0
4773,0.0
4774,28391.4694
4775,26969.785
4776,366.821458
4777,0.0
4778,0.0
4779,0.0
4780,0.0
4781,0.0
4782,0.0
4783,0.0
4784,7442.8521200000005
4785,0.0
4786,0.0
4787,0.0
4788,0.0
4789,14209.6341
4790,1419.53298
4791,0.0
4792,0.0
4793,6990.8
4794,44079.0118
4795,0.0
4796,0.0
4797,0.0
4798,5981.1278
4799,0.0
4800,431.779004
4801,44230.3386
4802,2011.23982
4803,7996.9751400000005
4804,0.0
4805,6313.3521
4806,10933.1188
4807,6990.8
4808,532.1206533333333
4809,0.0
4810,2290.49701
4811,0.0
4812,0.0
4813,0.0
4814,0.0
4815,554.73497
4816,11690.231
4817,8275.4538
4818,106826.92919999998
4819,0.0
4820,1453.2
4821,0.0
4822,5920.956179999999
4823,0.0
4824,6324.62338
4825,7368.49806
4826,12589.4823
4827,8545.19166
4828,34891.9188
4829,0.0
4830,8667.1594
4831,1373.18242
4832,1393.2
4833,89.54794
4834,0.0
4835,827.6589329999999
4836,30529.2502
4837,0.0
4838,0.0
4839,9711.532140000001
4840,0.0
4841,16003.3888
4842,0.0
4843,0.0
4844,0.0
4845,30215.147399999998
4846,6990.8
4847,0.0
4848,22362.929200000002
4849,3096.6282
4850,4798.31462
4851,5890.97772
4852,0.0
4853,0.0
4854,0.0
4855,1272.23956
4856,0.0
4857,0.0
4858,2038.2508480000001
4859,0.0
4860,17380.05074
4861,5232.10614
4862,0.0
4863,0.0
4864,0.0
4865,156.43928250000002
4866,0.0
4867,120184.87599999997
4868,4220.0
4869,1643.8148399999998
4870,269.53288599999996
4871,18367.8952
4872,0.0
4873,7319.532800000001
4874,3189.6907899999997
4875,9690.607
4876,0.0
4877,0.0
4878,0.0
4879,411.547088
4880,1909.5367
4881,2472.8083
4882,0.0
4883,0.0
4884,0.0
4885,6990.8
4886,0.0
4887,3069.35086
4888,27.066674
4889,1081.914832
4890,0.0
4891,0.0
4892,2826.5421
4893,0.0
4894,197214.0552
4895,0.0
4896,7747.908740000001
4897,0.0
4898,0.0
4899,2865.899928
4900,24744.4882
4901,0.0
4902,0.0
4903,0.0
4904,8965.674666666668
4905,0.0
4906,13740.8456
4907,2814.3910260000002
4908,0.0
4909,0.0
4910,0.0
4911,0.0
4912,1781.27638
4913,936.85874
4914,24221.5074
4915,11636.82454
4916,0.0
4917,0.0
4918,14435.287300000002
4919,33034.0116
4920,0.0
4921,0.0
4922,0.0
4923,4031.05717
4924,2554.6972
4925,527.91512
4926,0.0
4927,1029.5022139999999
4928,6698.56856
4929,0.0
4930,0.0
4931,4517.51464
4932,184.52974
4933,0.0
4934,0.0
4935,9558.177
4936,0.0
4937,34.438454
4938,0.0
4939,0.0
4940,900.7356
4941,14597.3838
4942,0.0
4943,0.0
4944,0.0
4945,15.339864
4946,67194.74399999999
4947,19605.0576
4948,16022.0472
4949,8340.59706
4950,4.0
4951,0.0
4952,4441.878266666667
4953,34620.941
4954,630.537126
4955,667.5707175
4956,1627.0372
4957,0.0
4958,11138.7397
4959,0.0
4960,921.1772959999998
4961,0.0
4962,493.34176
4963,0.0
4964,4681.72754
4965,25324.563000000002
4966,0.0
4967,487.973134
4968,5132.351000000001
4969,0.0
4970,2309.9910200000004
4971,1535.0837099999999
4972,2338.40622
4973,0.0
4974,17404.84
4975,2554.43014
4976,5102.197748
4977,0.0
4978,0.0
4979,0.0
4980,0.0
4981,0.0
4982,2883.52678
4983,0.0
4984,0.0
4985,2594.63858
4986,2390.65436
4987,0.0
4988,8573.16316
4989,0.0
4990,0.0
4991,0.0
4992,0.0
4993,0.0
4994,1218.21658
4995,18634.4242
4996,165.635232
4997,1169.81284
4998,33.082388
4999,624.359678
5000,234.487328
5001,307986.66799999995
5002,31623.9652
5003,260.982936
5004,7294.584059999999
5005,0.0
5006,0.0
5007,4049.6409599999997
5008,0.0
5009,0.0
5010,0.0
5011,395.9634466
5012,0.0
5013,4980.715
5014,1059.79869
5015,10636.6144
5016,1535.195352
5017,4847.11152
5018,7808.62308
5019,172744.286
5020,24518.322799999998
5021,0.0
5022,0.0
5023,0.0
5024,8281.0561
5025,0.0
5026,45031.57179999999
5027,18482.0894
5028,761.6374159999999
5029,417.1475740000001
5030,0.0
5031,26996.3958
5032,0.0
5033,12710.36038
5034,9899.096099999999
5035,0.0
5036,0.0
5037,7038.666666666667
5038,4223.2
5039,0.0
5040,7256.980079999999
5041,756.83502
5042,0.0
5043,0.0
5044,3059.7052400000002
5045,0.0
5046,22863.0104
5047,0.0
5048,6313.593360000001
5049,0.0
5050,8843.0
5051,0.0
5052,2767.6
5053,43096.164000000004
5054,0.0
5055,12887.4462
5056,5514.59598
5057,296.770112
5058,0.0
5059,2186.4845
5060,2641.773
5061,399.59291599999995
5062,4223.2
5063,498.26212799999996
5064,6062.467666666666
5065,0.0
5066,351.119192
5067,0.0
5068,61833.9546
5069,1676.521725
5070,13078.305
5071,9304.8154
5072,21565.544400000002
5073,0.0
5074,0.0
5075,41769.679599999996
5076,2828.24752
5077,5565.102620000001
5078,38100.5918
5079,0.0
5080,2385.3734999999997
5081,0.0
5082,2138.01404
5083,15584.853600000002
5084,2661.00618
5085,398.54275
5086,416.659418
5087,2825.4834
5088,539.4766125
5089,2176.1014250000003
5090,15255.605
5091,19161.1022
5092,0.0
