,EC
0,0.0
1,0.0
2,0.00158632575
3,0.0
4,0.0
5,0.0
6,0.0
7,0.0
8,1.5385999999999998e-05
9,0.0011475146
10,0.00042475000000000005
11,0.0015581966000000002
12,0.0
13,0.00056886
14,0.0020612642000000002
15,2.408e-05
16,0.0035559992
17,0.001458984
18,0.0009658164
19,0.003983704333333333
20,0.0096701094
21,0.0
22,0.007582098800000001
23,0.0037321073999999994
24,0.0042639596
25,0.0097959148
26,0.0
27,9.724999999999999e-05
28,0.007186698199999999
29,0.0040808979999999995
30,0.0001346
31,0.00044
32,0.0008464246
33,0.004185027199999999
34,0.000106
35,0.0095297216
36,0.013736747799999999
37,0.00018275
38,0.0
39,0.0024401312
40,0.014606029000000001
41,0.0048438718
42,0.0
43,0.0049042864
44,0.0159631072
45,0.00044699999999999997
46,0.0211627142
47,0.0006993333333333334
48,0.010223478599999999
49,0.001189462
50,0.0
51,0.0
52,0.0003156
53,0.0
54,0.0006094000000000001
55,5.7075e-05
56,7.484000000000001e-06
57,0.0079772334
58,0.0
59,0.0
60,0.0
61,0.0
62,0.0024758474000000003
63,0.00011710000000000001
64,0.0013132292
65,0.001324623
66,0.0006632500000000001
67,5.176666666666666e-05
68,0.0141606204
69,0.004610061
70,0.00732520825
71,0.0013649634
72,0.022139062400000003
73,0.0088062412
74,0.0086010112
75,0.00044479999999999997
76,0.0016967558000000002
77,0.0007588706
78,0.0014029948000000001
79,0.0026819672
80,0.0007906788000000001
81,0.0
82,0.0030827088
83,0.0006993333333333334
84,0.000308
85,0.0021811805999999998
86,0.0008990000000000001
87,0.0
88,0.0013258369999999998
89,0.0104152648
90,0.004561413666666667
91,0.0
92,0.0015336373333333334
93,0.06295305500000001
94,0.0025928427999999996
95,0.0
96,7.852e-05
97,0.03780132
98,0.004404354
99,0.0095448644
100,6.35e-05
101,0.0031980618
102,7.908000000000001e-05
103,0.0
104,0.0225837048
105,0.003075936
106,0.0005868
107,0.0
108,0.001009898
109,0.00014942000000000002
110,0.0
111,0.006391027200000001
112,0.0009724796
113,0.0093509912
114,0.0326709672
115,0.0
116,0.0009925099999999998
117,0.0
118,0.0010935524
119,0.0022182754999999998
120,0.0
121,0.0006566
122,0.0017394439999999997
123,0.0030482350000000003
124,0.0021689619999999995
125,0.0010400114
126,0.021638928600000003
127,0.00032779999999999994
128,0.000397
129,0.0
130,0.0
131,0.0
132,0.0
133,0.001134283
134,0.004791956
135,0.00450073
136,0.0018658022
137,0.0045363606
138,0.0015183462
139,0.0014022865
140,0.0
141,0.007477392599999999
142,0.0
143,0.001066725
144,0.0006604932000000001
145,0.0024384391999999998
146,0.0
147,0.0019092901999999998
148,0.0030020271999999996
149,0.0008897730000000001
150,0.000142626
151,0.0006397999999999999
152,0.0005196666666666666
153,0.0024490382
154,0.0
155,0.0083091188
156,0.0
157,0.0044373654
158,0.00011418
159,4.284e-05
160,0.0
161,0.0011366442
162,0.025036074800000002
163,0.0001644
164,0.0021308826
165,0.0017367338
166,0.0002384
167,0.0008530225000000001
168,0.0057584424
169,0.0079413758
170,0.0026802477999999996
171,0.0013277353333333332
172,0.00022300000000000003
173,0.00011825
174,0.03763220666666667
175,6.943749999999999e-06
176,0.0
177,0.0
178,0.0015557009999999998
179,0.005760576599999999
180,0.010781970200000001
181,0.0121770154
182,0.0036913377999999997
183,0.0
184,0.0003438
185,0.0
186,0.0
187,0.000262
188,0.001612068
189,0.00044550000000000004
190,0.0
191,0.0
192,0.0
193,0.0
194,0.00370189425
195,0.0
196,0.0
197,0.0
198,0.0020249179999999997
199,0.0
200,0.045083834999999996
201,0.016745417000000002
202,0.041937397599999995
203,0.08270064
204,0.000140082
205,7.282e-05
206,0.0004476
207,0.007732103666666667
208,0.0023492341999999996
209,0.003908377000000001
210,0.0
211,0.0
212,0.0024452444
213,0.004548479
214,0.0005900000000000001
215,3.690000000000001e-05
216,0.0
217,0.0
218,0.0007836638
219,0.0
220,0.0006674874
221,0.0
222,0.0010936392
223,0.007909570799999998
224,0.0
225,0.0030999741999999998
226,0.0005315
227,0.0
228,0.0
229,0.0
230,0.027164717799999998
231,0.0
232,0.0012367994
233,0.0027305296000000004
234,0.0
235,0.00221868325
236,0.0046649204
237,0.00133442
238,0.0001654
239,0.0
240,0.0025431982
241,0.0
242,0.0
243,1.908e-05
244,0.0107469116
245,5.4980000000000006e-05
246,0.0
247,0.002179037
248,0.00113039525
249,0.0013132294
250,6.024e-05
251,0.0
252,0.025448875599999997
253,0.0015384962
254,0.0107447524
255,0.005417478
256,0.0055073694999999995
257,0.010966382799999999
258,0.0065110386
259,0.0
260,0.0035208292
261,0.0042144288
262,0.0
263,0.0
264,0.0
265,0.00012442000000000003
266,0.0007036864
267,0.0006360000000000001
268,0.006945741
269,2.0966666666666667e-05
270,0.00033132
271,0.005765208799999999
272,0.006044499
273,0.0
274,0.0081755658
275,0.0053673594000000005
276,0.0
277,0.0027324492
278,0.001643319
279,0.011577286600000002
280,0.0
281,0.0023806714
282,0.0021527207999999997
283,0.0
284,0.0058457634000000005
285,0.0015057235999999998
286,0.0039601374
287,0.0004194
288,0.0
289,0.0
290,0.0
291,0.0055772721999999995
292,0.0
293,0.002835197333333334
294,0.0
295,0.00029219999999999995
296,0.0006714
297,0.0033716151999999997
298,0.0
299,0.0438439568
300,0.0005862
301,0.002014641
302,0.007923066
303,0.0002158
304,0.00167895775
305,0.0039258956
306,0.0
307,0.009557626199999999
308,0.0018255877999999999
309,0.007714477799999999
310,0.0010156922
311,0.0
312,0.0016136392
313,0.0
314,0.098670518
315,0.0213142606
316,0.0023267865999999997
317,0.0023141698
318,0.0
319,0.0
320,0.001971375
321,0.013249734600000002
322,0.0076537644000000005
323,0.0034152148
324,0.0005044
325,0.0
326,0.0
327,0.0024024816666666665
328,0.0604178576
329,0.0013132294
330,0.0
331,4.063333333333333e-05
332,0.0
333,0.0006544000000000001
334,0.0
335,0.0
336,0.0
337,0.0008870616
338,0.003679839
339,0.0003144
340,0.00039075
341,0.00140228675
342,0.0053045002
343,0.0055738678
344,0.0
345,2.738e-05
346,0.00066866575
347,0.0009673428
348,0.0012971615
349,0.0008898235999999999
350,0.0014143792
351,0.0
352,0.0018494205999999998
353,0.0015025321999999996
354,0.0016050352
355,0.0005292
356,0.0019393805999999999
357,0.0101100236
358,6.3e-07
359,0.0024566548000000002
360,0.0
361,0.0007286
362,0.030202893
363,9.228e-05
364,0.028562586399999996
365,0.0006842
366,0.0009328958
367,0.00065252
368,0.0
369,0.006477965800000001
370,0.0
371,0.0
372,0.001009898
373,0.0023667306000000003
374,0.0
375,0.0
376,0.0
377,0.0013258369999999998
378,0.0015365970000000002
379,0.012408196199999999
380,0.000421
381,0.0006993333333333334
382,0.0006678
383,0.0
384,0.0
385,0.004354596200000001
386,0.001871672
387,0.0
388,0.004979250199999999
389,0.0028596296000000005
390,8.246666666666669e-05
391,0.0
392,0.0014292713999999999
393,0.0007379999999999999
394,0.00123561425
395,0.001134052
396,0.0015090169999999999
397,2.0524999999999997e-05
398,0.0
399,0.0016109074
400,0.0009846904
401,0.0
402,0.0067014067999999994
403,0.0011303955
404,0.0005292
405,0.0060624986
406,9.079999999999999e-07
407,0.0640586718
408,0.0
409,0.002336158
410,0.00019419999999999998
411,0.0022258193999999997
412,0.005137617799999999
413,0.017797086400000002
414,0.0022861977999999996
415,0.0003980000000000001
416,0.0
417,0.001203912
418,0.0049065754
419,0.00011224
420,0.0
421,0.0
422,0.0013079256
423,0.0
424,0.0
425,0.006728097599999999
426,0.0
427,0.0049777224000000005
428,0.0
429,0.0035296554
430,0.0013670477999999998
431,0.0210545398
432,0.0230792676
433,0.0
434,0.0
435,0.0023916707999999997
436,0.0048430456
437,0.0
438,0.0046801785
439,0.0
440,0.0011651406666666666
441,0.000651
442,8.8175e-05
443,0.0
444,0.0022486986666666667
445,0.0018295272000000001
446,0.0037732587999999997
447,0.0019383424
448,0.00021233333333333334
449,0.000696603
450,0.0
451,5.88e-05
452,0.0003736666666666667
453,0.0
454,7.056e-05
455,0.0013670477999999998
456,0.00045059999999999995
457,0.0001762
458,0.0015082884
459,2.7320000000000003e-05
460,0.006636994999999998
461,0.0
462,0.0055244596
463,0.015068704799999999
464,0.0152633032
465,0.000893
466,0.0013500254999999999
467,0.0
468,0.0
469,0.0
470,0.0013258369999999998
471,0.0066538742500000005
472,0.0015948526666666669
473,0.0034639702000000003
474,0.010787174199999998
475,0.005831349499999999
476,0.0011768076
477,0.0
478,0.0193993134
479,0.0104803928
480,0.0
481,0.0
482,0.0
483,0.0
484,0.045545247
485,0.00018820000000000002
486,0.0020682367500000002
487,0.0
488,0.0
489,0.009308744400000001
490,0.0
491,0.001900129
492,0.0018840282
493,0.0032601624
494,0.00025699999999999996
495,0.0015898399999999997
496,0.004654989
497,0.0011709536
498,0.0427634646
499,0.0002878
500,0.0
501,0.0
502,0.0
503,0.06894907079999998
504,0.0030121562000000003
505,0.0029839802
506,0.018857903999999998
507,0.0
508,0.0
509,0.0
510,0.0
511,0.0029408438
512,0.00586907125
513,0.0
514,0.0
515,0.0
516,0.0007918
517,0.0017428264
518,0.01194947775
519,0.0
520,0.0
521,0.0
522,0.0029382786
523,5.936e-05
524,0.0002056
525,0.002204524
526,0.0
527,0.0034460904
528,0.00010724000000000001
529,0.0008483406666666667
530,0.0
531,0.0008155574000000001
532,0.0006926
533,0.001504588
534,0.004208834000000001
535,0.0010864622000000001
536,0.0025500738
537,0.006890141600000001
538,0.0001493
539,0.00023959999999999997
540,0.0007421999999999999
541,0.0
542,0.0
543,0.0027155720000000003
544,0.0054080468
545,0.0024650080000000003
546,0.0
547,0.0
548,0.00010457999999999999
549,0.0014380602
550,0.0010655086000000002
551,0.0007367999999999999
552,0.003969479
553,0.0006632500000000001
554,0.0861885554
555,0.0
556,5.849999999999999e-05
557,0.0005203333333333333
558,0.0013776964000000002
559,0.0033408344
560,0.0063891278
561,7.4125e-05
562,0.00026816000000000003
563,0.0
564,0.022006886399999998
565,0.0030236734000000003
566,7.505000000000001e-05
567,0.0045047062
568,0.0074237465
569,0.0017282474
570,0.0079557928
571,0.0038365773333333326
572,0.0
573,0.011205010199999999
574,0.0022788646000000004
575,0.0067173282
576,0.018587051
577,0.00027780000000000003
578,0.00163658
579,0.0089813432
580,0.0021847114
581,0.0015290165999999998
582,0.0012328836
583,6.506e-05
584,0.000192
585,0.000999279
586,0.0005865702
587,0.0026007812
588,1.61822e-06
589,6.531e-05
590,0.0
591,0.0009243223999999999
592,0.005341017200000001
593,0.0016155280000000002
594,0.0
595,0.016458171
596,0.0036662184
597,0.002492616
598,0.0017185317999999998
599,0.0001562
600,0.00014952
601,0.006275332999999999
602,0.1003039152
603,0.0022068497999999997
604,0.0005518
605,0.020214283
606,0.005789178000000001
607,0.0
608,0.0
609,0.0
610,0.000143
611,7.3800000000000005e-06
612,0.00024074
613,0.00127816
614,0.0110400256
615,0.013081256000000001
616,0.0121799152
617,0.073673774
618,5.7075e-05
619,0.0
620,0.0
621,0.00030580000000000006
622,0.0003626
623,0.0446223644
624,0.028600192400000002
625,0.00040879999999999996
626,0.0013689383333333335
627,0.0
628,0.00033066666666666666
629,0.040056363000000005
630,0.0
631,0.00024074
632,0.0248249786
633,0.0021626626000000003
634,0.002439124
635,0.00017656
636,0.0
637,0.0018454898000000003
638,9.176e-05
639,0.029979630999999996
640,0.0357422042
641,0.0
642,0.0009915834
643,0.0030868298
644,0.0015787576
645,0.0067335302
646,0.0
647,0.0
648,0.0011952600000000003
649,0.006336881
650,0.0004326
651,0.0
652,0.0013560028
653,0.0021651732
654,0.0
655,0.0039405766000000005
656,0.00035459999999999995
657,0.0
658,0.00014333333333333334
659,0.001527628
660,0.0027035120000000004
661,0.004815062666666667
662,0.0007956666666666666
663,0.0
664,0.0
665,0.0188240734
666,0.0019338148
667,0.0040625986
668,2.3136e-06
669,0.0
670,0.0008989758
671,5.762e-05
672,0.0011343062000000001
673,0.0
674,0.00024074
675,0.0
676,0.0042948246
677,0.00014116
678,0.003133214
679,0.0126441364
680,2.05e-05
681,4.9e-06
682,0.0
683,0.0017584768
684,7.55e-05
685,0.007357137799999999
686,0.0
687,0.0034775318
688,0.000954932
689,0.0027307349999999998
690,0.00022759999999999998
691,0.000498
692,0.0060956842000000015
693,0.0064249478
694,0.00024074
695,0.0003194
696,0.0
697,0.00010536000000000002
698,0.0
699,0.0
700,0.0
701,0.0016012846000000001
702,0.00014324999999999999
703,0.0019458943999999998
704,0.0037114408
705,0.0
706,0.0064553028
707,0.00024466666666666663
708,0.0085419636
709,0.0
710,0.0
711,0.0038648652000000004
712,0.0020378145999999995
713,0.00822564525
714,0.0276136936
715,0.00010757500000000001
716,0.0
717,0.008938014
718,0.0032047290000000003
719,0.014822527800000002
720,0.005390238333333333
721,0.0035009072000000002
722,0.006993061
723,0.0029045086000000003
724,0.024792948399999997
725,0.010041001200000002
726,0.0
727,0.001009898
728,0.012010308
729,0.0
730,0.0077487070000000005
731,0.0037271529999999995
732,0.00029214000000000003
733,0.0060779396
734,0.0067345314
735,0.004834054400000001
736,2.228e-06
737,0.0
738,0.0
739,0.0023806712000000005
740,0.000168
741,0.0138868322
742,0.001454575
743,0.0
744,0.0002
745,0.000383
746,0.0
747,0.0
748,0.0
749,0.0014495616
750,0.0029284914
751,0.004291587800000001
752,0.0007006034
753,0.0236770434
754,0.0
755,0.000260998
756,0.00060575
757,8.674e-05
758,0.0
759,0.0008127281999999999
760,0.0048237485
761,2.9900000000000002e-05
762,0.0
763,0.0021653849999999997
764,0.0
765,0.0006145255
766,0.0035486774
767,0.053093506
768,0.0032461658
769,0.0015838387999999998
770,0.0
771,0.0014006826666666666
772,0.167416978
773,0.0
774,0.0
775,0.0003934
776,0.0025575165999999995
777,0.0005237499999999999
778,0.00227558775
779,0.0030448478
780,0.000314
781,0.0
782,0.0012022504
783,0.0165936714
784,0.0018259818
785,0.0
786,0.007899098200000001
787,1.0788e-05
788,0.00029775
789,0.0010116848
790,0.0070198732
791,0.0059912205
792,4.2980000000000005e-05
793,3.438e-05
794,0.0092214088
795,0.001326348
796,0.0
797,0.0
798,0.0
799,0.0
800,1.01e-05
801,0.0
802,0.0050077386000000005
803,0.0
804,0.0057089576
805,0.0019377606000000002
806,0.0
807,5.24e-06
808,0.0012192142
809,0.0047246067999999995
810,0.0
811,7.852e-05
812,0.0018090517999999997
813,0.0
814,4.9250000000000004e-05
815,0.00033
816,0.0014510378000000001
817,0.0026340942
818,0.0028068713333333334
819,0.0013729716
820,0.0015600133999999998
821,0.0027117161999999995
822,0.0059472527999999995
823,0.0069322590000000005
824,0.0
825,0.0
826,0.018288784
827,0.0018358860000000001
828,0.0019895202
829,0.0001512
830,1.6164e-05
831,0.0
832,0.0
833,0.0024184486000000003
834,0.0
835,0.0
836,0.001963144
837,0.00036339999999999994
838,3.7825e-05
839,0.0
840,0.0006653999999999999
841,0.006860957400000001
842,0.0015581658
843,0.0
844,0.0023806712000000005
845,0.132078898
846,0.00063225
847,0.006877877
848,0.0
849,0.00019979999999999998
850,0.000308
851,0.0
852,0.004566352
853,0.0
854,0.0039973964
855,0.0005744
856,0.0003937575
857,0.0
858,0.0138067824
859,0.005538675
860,0.0
861,0.0007562
862,0.0
863,3.9099999999999995e-05
864,0.0020972154
865,8.036e-05
866,0.0009408570000000001
867,0.0008756506
868,0.007587766799999998
869,0.0
870,0.042370538199999995
871,0.0019684503999999998
872,0.015081525600000001
873,0.0
874,0.0033029327999999996
875,0.0014723252
876,0.000522
877,0.0067716265999999995
878,0.000585
879,0.0
880,0.0
881,0.056666853
882,0.0015708462
883,0.0078422186
884,0.00038899999999999997
885,0.0011303955
886,9.397999999999999e-05
887,0.00010430000000000001
888,0.000144675
889,0.0111096158
890,0.0
891,0.0041143149999999995
892,0.0
893,0.0
894,0.0021462652
895,1.8079999999999997e-08
896,0.0009421096
897,0.0006714
898,0.013971351199999999
899,0.0033149808
900,8.495e-05
901,0.0043537079999999995
902,0.015566161200000001
903,0.0018195282500000002
904,0.008838641599999999
905,0.009423213800000002
906,0.0035380642000000006
907,0.0
908,0.0010666876666666667
909,0.00048279999999999997
910,0.0003626
911,0.005560967000000001
912,5.12e-05
913,0.0002822
914,0.0007023999999999999
915,0.009824626199999999
916,0.0058022296
917,0.0013258369999999998
918,0.007899654199999998
919,0.0014372897999999999
920,0.0
921,0.0026552579999999998
922,7.895999999999999e-06
923,0.00047339999999999996
924,0.0
925,0.0006678
926,0.0010826472
927,0.0015408401999999998
928,0.001911274
929,0.0060507448000000005
930,0.0001812
931,0.0005748292000000001
932,0.0008536104000000001
933,0.014586947800000003
934,0.0
935,0.0014378612
936,0.007512476
937,0.0
938,0.0
939,0.002556919
940,0.0003945
941,0.0
942,9.35e-05
943,0.010982668999999999
944,0.0017159456666666665
945,0.0
946,0.0008632736
947,0.0016787419999999998
948,9.108000000000002e-05
949,0.0019008494000000002
950,0.0009099515999999999
951,0.0001776
952,0.024448164999999997
953,0.001438219
954,0.024173588
955,0.031048436599999996
956,0.0
957,0.0164674278
958,0.0
959,0.0017257594
960,0.010082624799999999
961,0.0035087153999999996
962,0.00059906
963,9.303999999999999e-05
964,0.006327846399999999
965,0.0034624275999999995
966,0.00036849999999999996
967,0.0107481944
968,0.0180519916
969,0.0010478133333333332
970,0.0
971,1.533e-05
972,0.00898386675
973,0.0062335946
974,0.00020559999999999996
975,2.738e-05
976,9.998e-06
977,0.0
978,0.0
979,0.0
980,0.0
981,0.012440500400000002
982,0.019722541599999997
983,0.0043848876
984,0.0
985,0.00023725
986,0.0064376276
987,0.0
988,0.0
989,0.0009433050000000001
990,0.011873902600000001
991,0.0105051582
992,0.0015082884
993,0.0056311404
994,0.0024703312
995,0.000262
996,0.0
997,0.0235431596
998,0.00012900000000000002
999,6.918999999999999e-06
1000,0.0011952600000000003
1001,0.0002294
1002,0.0
1003,9.61e-05
1004,0.0001088
1005,0.0
1006,0.014544128
1007,0.013284895
1008,0.0
1009,0.0
1010,0.0
1011,4.04e-05
1012,0.0010373588
1013,0.0020628264
1014,0.0027179582500000002
1015,0.006012573
1016,0.0024587628
1017,0.0013132294
1018,0.00290524875
1019,0.007214236000000001
1020,0.0015691115999999998
1021,0.0003386
1022,0.00012175
1023,0.0
1024,0.009533497
1025,0.0026690286
1026,0.01670435
1027,0.0
1028,0.0071070204
1029,9.788000000000002e-05
1030,0.0023367768
1031,0.0
1032,0.0
1033,9.292e-05
1034,0.0036793070000000006
1035,5.692999999999998e-05
1036,0.0014954885
1037,7.591999999999999e-05
1038,0.0
1039,0.0036925319999999997
1040,0.0
1041,0.0008170876000000001
1042,0.0
1043,0.018313674
1044,0.0010416082
1045,0.0177012758
1046,0.0010265498000000001
1047,0.0
1048,0.000314
1049,0.006190295666666667
1050,0.000750375
1051,0.009995114200000002
1052,0.0036872014000000003
1053,9.101999999999999e-06
1054,0.007077942200000001
1055,0.003808691399999999
1056,0.0013184899999999999
1057,5.480000000000001e-05
1058,0.0
1059,0.0013094116666666664
1060,0.000244
1061,0.0045389376
1062,0.0027559382
1063,0.0017763348000000001
1064,0.003566192
1065,0.0
1066,0.0
1067,0.00021524999999999997
1068,0.018868516199999998
1069,0.000388
1070,3.339999999999999e-05
1071,0.0
1072,2.445e-05
1073,0.0
1074,0.00347204
1075,0.0011669292
1076,0.0
1077,0.005166546199999999
1078,0.0058115606
1079,0.0
1080,0.006347083
1081,0.0
1082,0.0
1083,0.0
1084,0.0
1085,1.5300000000000003e-05
1086,0.000466
1087,7.254e-05
1088,0.0002666666666666666
1089,0.004186822
1090,0.0
1091,0.00038946
1092,0.0019744342000000002
1093,0.0
1094,0.009192801399999999
1095,0.0
1096,0.0009867500000000002
1097,0.0
1098,1.5452e-05
1099,0.0023474532
1100,0.000319
1101,0.002353748
1102,0.045651499
1103,2.7320000000000003e-05
1104,0.00018428
1105,0.0
1106,0.0031511675999999996
1107,0.00017439999999999998
1108,0.0
1109,0.00363466
1110,3.0159999999999996e-05
1111,6.918999999999999e-06
1112,6.3e-06
1113,0.0
1114,0.0046842152
1115,0.0030754284
1116,0.0
1117,0.013983605333333335
1118,0.012725316
1119,0.0054553942
1120,0.0
1121,0.013618732599999999
1122,0.00013755999999999998
1123,0.0
1124,0.0021026537999999997
1125,0.0011087898
1126,0.0045489116
1127,0.029574362
1128,0.0055085278
1129,0.0
1130,0.0105727368
1131,0.0025081281999999997
1132,0.0
1133,0.0
1134,0.0035777065999999997
1135,3.6425e-06
1136,8.998e-05
1137,0.00018959999999999997
1138,0.00048025000000000005
1139,0.0036342302
1140,0.0005614999999999999
1141,0.016589403
1142,0.0
1143,0.0036411756
1144,6.892e-05
1145,0.010628995399999999
1146,0.004438013
1147,0.0006406000000000001
1148,0.008576681000000001
1149,0.0017613429999999998
1150,0.0
1151,0.000708017
1152,0.0
1153,0.0059912205
1154,0.010957583400000002
1155,0.0
1156,0.00016299999999999998
1157,0.0086376445
1158,0.0012978364999999999
1159,4.68e-05
1160,0.0010326785999999998
1161,0.0009595142000000001
1162,0.013435540800000001
1163,0.001723309
1164,0.00017353999999999997
1165,3.9525e-05
1166,0.006833726400000001
1167,0.0016821286666666667
1168,2.7320000000000003e-05
1169,0.00028199999999999997
1170,0.022892081399999997
1171,0.024369363999999998
1172,0.0
1173,0.0008029999999999999
1174,0.0098794974
1175,0.0
1176,0.00025948
1177,0.0013130222000000001
1178,0.000992853
1179,0.00014742000000000002
1180,0.0029828904
1181,0.00014764000000000002
1182,0.0008929999999999999
1183,0.0001796
1184,8.172e-05
1185,0.0021225382000000003
1186,0.0029175718
1187,0.0007011774
1188,0.0034198244000000003
1189,0.00012874
1190,0.0107684326
1191,0.0063498178
1192,0.013066824000000001
1193,0.0
1194,0.0010404712
1195,0.014746461399999999
1196,0.0006696666666666666
1197,0.001598291
1198,0.0026733198
1199,0.0022393926
1200,0.0
1201,0.0008617682
1202,0.0014928752
1203,0.0029554094
1204,0.0
1205,0.09650188880000002
1206,0.0
1207,0.0005934
1208,0.0035412304000000004
1209,0.0
1210,0.0031980626
1211,0.0
1212,0.001071925
1213,0.0
1214,0.0
1215,0.0002058
1216,0.007503212399999999
1217,0.0008621324000000002
1218,0.0003802000000000001
1219,0.004144834
1220,0.0
1221,0.0
1222,0.0
1223,0.0
1224,0.0024534324
1225,6.550000000000001e-06
1226,0.0004352
1227,1.696e-05
1228,0.0010655086000000002
1229,0.016446439400000002
1230,0.0011007476
1231,0.0
1232,0.0005594
1233,0.0011830762000000002
1234,0.0
1235,0.0
1236,0.001598291
1237,0.0020944838
1238,0.0
1239,0.0013689383333333335
1240,0.0
1241,0.0005261999999999999
1242,0.0001095
1243,0.00024074
1244,0.0
1245,0.0010205095
1246,9.554e-05
1247,0.0002172
1248,0.0006692
1249,0.0
1250,0.0013132294
1251,0.0
1252,0.0
1253,0.0
1254,0.0021359856
1255,0.012056537400000001
1256,0.0010048680000000001
1257,0.0024986375
1258,0.002749116
1259,0.0011030144
1260,8.88e-07
1261,0.0
1262,0.0
1263,0.0
1264,0.0003576666666666667
1265,0.0029598890000000003
1266,0.0
1267,0.0101555184
1268,0.000324
1269,0.0104299458
1270,2.7666666666666667e-05
1271,0.008091538200000001
1272,0.0
1273,0.00029299999999999997
1274,0.0009094999999999999
1275,0.0012701788000000001
1276,7.690000000000001e-06
1277,0.0
1278,0.00010282
1279,0.004659701399999999
1280,0.006008390000000001
1281,0.0
1282,0.007056810199999999
1283,0.00025699999999999996
1284,0.0
1285,0.011963471
1286,0.000148
1287,0.0021547899999999997
1288,0.0150174444
1289,0.007789793999999998
1290,0.00025699999999999996
1291,0.0002676666666666667
1292,0.0
1293,0.0
1294,0.0025656702
1295,0.0035755314000000004
1296,0.0017917800000000002
1297,0.0003854
1298,0.0036450832500000002
1299,0.0037331934
1300,0.0018362453999999997
1301,0.0
1302,0.0
1303,0.0
1304,0.0
1305,0.00025699999999999996
1306,0.0
1307,0.0
1308,0.0
1309,0.0211486912
1310,0.0
1311,0.0
1312,0.0004601999999999999
1313,0.10628216239999999
1314,0.00010148
1315,7.972e-05
1316,0.007951421600000001
1317,0.004880481999999999
1318,0.0015707470000000002
1319,0.0
1320,0.0022689996666666666
1321,0.0020097818
1322,0.001971375
1323,0.0
1324,0.00014160000000000003
1325,0.00252413925
1326,0.0017075068000000002
1327,0.0
1328,0.0019407667999999999
1329,0.00107952725
1330,0.00232674875
1331,0.0362557464
1332,0.005045311
1333,0.025534651
1334,0.0
1335,0.00039225
1336,0.000951308
1337,0.014344443000000002
1338,0.0
1339,0.0019847139999999994
1340,0.014559815
1341,0.007428733000000002
1342,0.0
1343,0.0041940796
1344,0.000194
1345,0.001095601
1346,0.005037486199999999
1347,0.011672212399999998
1348,0.0
1349,0.000845387
1350,0.0020065912
1351,0.010803137400000001
1352,5.195e-05
1353,0.0
1354,7.142e-05
1355,0.0036227085000000003
1356,5.21e-05
1357,0.004705009666666667
1358,0.0
1359,0.0002366
1360,0.0059912205
1361,0.0
1362,0.0013686212
1363,0.0002366
1364,0.0
1365,0.0039801475
1366,0.00094975425
1367,0.0010886296
1368,0.0
1369,0.0018874736
1370,0.00018117500000000003
1371,0.00024276666666666667
1372,0.0027500824
1373,0.0
1374,0.0
1375,0.0005172
1376,0.0011967269999999999
1377,0.0092373876
1378,0.0009447184000000001
1379,0.0026537229999999998
1380,0.002028154
1381,0.00262688375
1382,0.02133440725
1383,0.07704087800000001
1384,0.0065108886000000005
1385,0.00029214000000000003
1386,0.0024997143333333333
1387,0.0
1388,0.00020572
1389,0.0
1390,0.0003718
1391,0.0
1392,0.0
1393,0.0016072848000000001
1394,0.0041795006
1395,0.0
1396,0.004871668799999999
1397,0.0023222935
1398,0.0003172
1399,0.0002680642
1400,0.0029635810000000003
1401,0.0
1402,0.0
1403,0.00032859999999999996
1404,0.004885161000000001
1405,0.0019440020000000002
1406,0.005140252200000001
1407,0.0
1408,0.0271565522
1409,0.0050138731999999995
1410,0.012053558600000002
1411,0.0028794383999999995
1412,0.0211550852
1413,0.0032676831999999996
1414,0.00033039999999999995
1415,0.0
1416,0.025741477800000002
1417,0.0013709844
1418,0.00020325
1419,0.0
1420,0.0024409086666666666
1421,0.0015497252000000001
1422,0.00061775
1423,0.0185306592
1424,0.1171544152
1425,0.0081612976
1426,4.19e-05
1427,0.028259015999999998
1428,0.0011681982000000001
1429,0.004975823
1430,0.11590858880000002
1431,0.0
1432,0.0
1433,0.0
1434,0.0106323575
1435,0.00044263619999999995
1436,0.0
1437,0.00057
1438,0.0006675
1439,0.0
1440,0.016994057400000002
1441,0.00012408
1442,0.012641588199999998
1443,0.0025904148
1444,0.000178
1445,0.0006974
1446,0.0
1447,7.284e-05
1448,6.91e-05
1449,0.0044823198
1450,0.0
1451,0.0022045464
1452,0.0060272768
1453,0.002741639
1454,0.0
1455,0.0
1456,0.0544408292
1457,0.0008752507999999999
1458,0.0
1459,0.0217701138
1460,0.088994296
1461,0.00035539999999999997
1462,0.0184436128
1463,0.00036600000000000006
1464,0.0
1465,0.00025699999999999996
1466,0.0236506988
1467,0.0210268452
1468,0.0171115198
1469,0.0005803333333333333
1470,0.0
1471,0.000127
1472,0.0
1473,0.0
1474,0.015425598999999998
1475,0.00026720000000000004
1476,0.0
1477,0.0
1478,0.0
1479,0.0012701788000000001
1480,0.0016226116666666667
1481,0.0003752
1482,0.0
1483,0.00036940000000000003
1484,0.0331800396
1485,0.0
1486,0.0008376056000000002
1487,0.0003516
1488,0.0019022462
1489,0.0
1490,0.0078495744
1491,0.0016148016000000001
1492,0.00033175
1493,0.0
1494,5.962000000000001e-05
1495,0.0024483542
1496,0.0049824544
1497,0.0
1498,0.00024074
1499,0.010563125
1500,0.004790712333333333
1501,0.020820232799999998
1502,0.0
1503,0.0001818
1504,0.0006736
1505,0.0023181572
1506,0.006051102599999999
1507,0.0007356000000000001
1508,0.00029620000000000004
1509,0.0011615422
1510,4.508e-05
1511,0.0003935
1512,0.0037297846
1513,0.0
1514,0.0012096296666666668
1515,0.0022346493999999997
1516,0.0
1517,0.00013684
1518,3.6966666666666667e-06
1519,0.0
1520,0.008696324333333333
1521,0.0
1522,0.0008854345999999999
1523,0.00021749999999999997
1524,0.0
1525,3.7926000000000003e-06
1526,0.0029480993333333336
1527,0.001583181
1528,0.00045440000000000004
1529,0.00331537
1530,0.0013282662
1531,0.0
1532,0.0
1533,0.0
1534,0.0027163188
1535,0.00012913999999999997
1536,0.0002212
1537,0.0
1538,0.0
1539,0.0
1540,0.0
1541,0.0
1542,0.0006632500000000001
1543,0.0
1544,0.0
1545,0.0
1546,0.028304963199999998
1547,0.0042373802
1548,0.0079019595
1549,0.0
1550,0.0
1551,0.0
1552,0.0045206968
1553,0.0029080884
1554,0.0008979869999999999
1555,0.0
1556,0.00012833333333333335
1557,0.0018831266
1558,0.0001447
1559,0.007627943599999999
1560,0.001380576
1561,0.0
1562,0.0
1563,0.002911235
1564,0.010191182399999998
1565,5.85e-05
1566,0.0212678944
1567,0.0013987034
1568,0.005212827200000001
1569,0.101808096
1570,0.0004566
1571,0.0
1572,0.005055690399999999
1573,0.0087893342
1574,0.0
1575,0.0034119864
1576,0.0010370426
1577,0.003648544
1578,0.0019092904
1579,0.0024384391999999998
1580,0.0086455708
1581,0.0016998175999999997
1582,8.58e-05
1583,0.0
1584,0.00013098
1585,0.0047401477999999995
1586,0.0027427050000000002
1587,0.0
1588,0.0
1589,0.0016406446666666667
1590,0.0046001976
1591,0.0
1592,0.00024074
1593,0.0018639363999999998
1594,0.0010655086000000002
1595,0.0
1596,0.009321957
1597,0.0117461956
1598,0.0022095572
1599,0.0
1600,0.017237293333333334
1601,0.0
1602,0.0
1603,0.0
1604,0.0
1605,0.0
1606,0.0005231999999999999
1607,0.0002564
1608,0.004352638
1609,0.00091
1610,0.0023806712000000005
1611,0.059355686399999996
1612,0.0
1613,9.059999999999999e-05
1614,0.0006780121999999999
1615,0.0
1616,0.00014500000000000003
1617,0.0034343072000000002
1618,0.003843454
1619,0.0019127254
1620,0.0
1621,0.0
1622,0.000342
1623,2.6e-05
1624,0.0056596394
1625,1.5128000000000003e-05
1626,0.0
1627,0.0
1628,0.0015672779999999999
1629,0.0
1630,0.00047439999999999993
1631,0.0005863999999999999
1632,0.0100148732
1633,0.0013132294
1634,0.0
1635,0.011060747499999999
1636,0.0264932384
1637,0.00036600000000000006
1638,0.0020826592000000002
1639,0.0008400000000000001
1640,0.00013302000000000002
1641,0.00011774999999999999
1642,0.0
1643,0.001404603
1644,0.0009418880000000001
1645,0.0
1646,0.0075234532
1647,0.001513842
1648,0.006554950666666667
1649,0.00022209999999999995
1650,0.0
1651,0.0
1652,0.0032904866
1653,0.0
1654,0.00140228675
1655,0.005921167333333334
1656,0.0013098204
1657,0.0
1658,1.235e-05
1659,0.00171919
1660,0.0031539424000000004
1661,0.000231
1662,0.0
1663,0.000267
1664,0.0063595122
1665,6.662000000000001e-05
1666,0.0011925821999999998
1667,0.0015082013333333332
1668,0.0009070548000000001
1669,0.0
1670,0.007766071599999999
1671,2.0433333333333333e-05
1672,0.0112303224
1673,0.0006116000000000001
1674,0.00031976
1675,0.0006502000000000001
1676,0.001136525
1677,0.006345067800000001
1678,3.616e-05
1679,0.026600146800000002
1680,0.0114292184
1681,1.94e-05
1682,0.0054791371999999994
1683,0.0034734037999999993
1684,0.0012472332
1685,0.0015672779999999999
1686,0.102868936
1687,0.0172955908
1688,0.00032943799999999993
1689,2.01018e-06
1690,0.0222581358
1691,0.0022116772
1692,0.0010823492
1693,0.0014549614
1694,0.036237515
1695,0.0
1696,0.0090010528
1697,0.0035454004
1698,0.0009595142000000001
1699,0.00020966666666666668
1700,0.024112528200000004
1701,0.0038256778000000007
1702,0.0051008034
1703,0.0147578318
1704,5.5860000000000004e-05
1705,1.584e-05
1706,0.0012176822
1707,0.0013646172
1708,0.020822185599999998
1709,1.772e-05
1710,3.94e-05
1711,0.0
1712,0.0
1713,0.00027100000000000003
1714,0.0
1715,0.0015939264000000002
1716,0.0017257594
1717,0.0
1718,0.0
1719,0.0010935522
1720,0.004818134999999999
1721,0.0059482892
1722,0.0028220845999999996
1723,0.00036999999999999994
1724,2.3136e-06
1725,0.0
1726,0.0015984977999999998
1727,0.005772621800000001
1728,0.0008883333333333333
1729,0.001303554
1730,0.0099767464
1731,0.000214
1732,0.0030986216
1733,0.0
1734,0.0006714
1735,0.0009949374000000001
1736,0.0038453323999999996
1737,0.010413623
1738,0.0098085904
1739,0.026143725399999995
1740,0.001955904
1741,0.0042841256
1742,8.29e-06
1743,0.007147313399999999
1744,0.0018956294000000002
1745,0.001274087
1746,0.016429369200000002
1747,6.309999999999999e-05
1748,4.982499999999999e-05
1749,0.0022529706
1750,0.0
1751,0.00017786666666666666
1752,0.0
1753,0.028522999799999997
1754,0.0013809821999999999
1755,0.0010290286
1756,0.014121942199999998
1757,0.0100210126
1758,0.0016525776666666669
1759,0.000558
1760,0.0225291828
1761,0.003818006666666667
1762,0.0011775114000000001
1763,0.0
1764,0.0257484346
1765,0.015089888200000002
1766,0.001207631
1767,3.957e-05
1768,0.0026840238
1769,0.0007104608
1770,3.2539999999999997e-06
1771,0.0
1772,0.0037202618
1773,0.0013132294
1774,0.00012992
1775,0.008410383666666667
1776,0.0035024027999999994
1777,0.0015891814
1778,0.0
1779,0.0001469
1780,0.0
1781,0.0008789036
1782,0.0040049852
1783,8.983333333333333e-05
1784,0.0030660488
1785,0.011012487399999998
1786,0.0031980626
1787,0.0034986533333333336
1788,0.008276584600000001
1789,0.0075892638
1790,0.00024074
1791,0.0013772758000000001
1792,0.0
1793,0.0
1794,0.014718448200000001
1795,0.0
1796,0.0021225378
1797,6.2080000000000005e-06
1798,0.00021289999999999997
1799,0.0023818944
1800,0.00025086
1801,0.0004715
1802,0.0
1803,0.004538035
1804,0.0117718606
1805,5.692999999999998e-05
1806,0.00040159999999999995
1807,0.00028622
1808,0.006583825
1809,0.0009703891999999998
1810,0.0030927438
1811,0.0053002454000000004
1812,0.00010373999999999999
1813,0.002077877
1814,0.004654547
1815,0.01149716
1816,0.003454776
1817,0.00013985999999999998
1818,0.0023673127999999997
1819,0.0011235894
1820,0.0006736666666666667
1821,0.00081261
1822,2.5980000000000002e-05
1823,0.0028792138
1824,0.00025419999999999994
1825,0.00021519999999999997
1826,0.0
1827,0.0
1828,0.0024195896666666665
1829,0.0008563967500000001
1830,0.0006979999999999999
1831,0.0
1832,0.0029674666
1833,0.00024074
1834,0.0027760443333333337
1835,0.0
1836,0.053166607399999996
1837,1.99e-05
1838,0.00140228675
1839,0.0
1840,0.0005078
1841,0.0004574
1842,0.0022994138
1843,0.0027204557999999995
1844,0.0
1845,0.0124129222
1846,0.001193296
1847,0.0091142598
1848,5.03e-05
1849,0.0016187793999999998
1850,0.00017260000000000002
1851,0.0054832627999999994
1852,0.0011678945999999998
1853,0.0
1854,0.0015677733333333335
1855,0.0
1856,0.00039380000000000003
1857,0.0012687745
1858,0.0
1859,0.0054121756
1860,0.0
1861,0.005913184199999999
1862,0.0
1863,0.0038395766666666667
1864,0.0006942
1865,0.0007180000000000001
1866,0.0014339604000000003
1867,0.0123900368
1868,0.0031279426
1869,0.0
1870,0.0013336976
1871,0.00011199999999999998
1872,0.0031251707999999994
1873,0.0016783235
1874,0.006282022
1875,0.0
1876,0.0109391274
1877,0.0006489244
1878,0.0
1879,0.0
1880,0.004189349199999999
1881,0.0
1882,0.0014378796000000002
1883,0.10635727699999999
1884,0.015546167599999999
1885,0.01579873
1886,0.014117345600000001
1887,0.0104186954
1888,0.0526662874
1889,0.0002772
1890,0.0018522307999999997
1891,0.0007860839999999999
1892,0.0
1893,0.0022381726000000003
1894,0.17605840200000003
1895,0.016358597999999995
1896,0.00011396
1897,3.538e-05
1898,0.0007269444
1899,0.0046240864
1900,0.0023806712000000005
1901,0.0013034324
1902,0.004393555
1903,0.0025625595000000004
1904,8.068e-05
1905,0.0129486444
1906,0.0006092000000000001
1907,0.0168635002
1908,0.0042570426
1909,0.0
1910,0.0001095
1911,0.00033600000000000004
1912,0.0011678570000000002
1913,0.0
1914,3.654e-05
1915,0.011885920400000003
1916,0.00214813
1917,0.0009056666666666666
1918,0.0013421226
1919,0.0
1920,0.0001472
1921,0.0043380321999999995
1922,0.000245
1923,0.011017789
1924,0.0
1925,0.0026373302000000003
1926,0.0007456000000000001
1927,0.0013282726
1928,0.0
1929,0.0
1930,7.423333333333334e-05
1931,0.030197454000000002
1932,0.0
1933,0.0
1934,0.0
1935,0.00011755999999999999
1936,0.0
1937,0.0025947446
1938,0.0006524343999999999
1939,0.0
1940,0.012435101666666669
1941,0.017642567199999997
1942,0.0
1943,0.0048134086
1944,0.005766285
1945,0.0007921764000000001
1946,0.0
1947,0.0
1948,0.0
1949,0.057710119000000004
1950,0.0011314836000000002
1951,0.0008562250000000001
1952,0.0003512
1953,0.0017402906666666668
1954,7.5025e-05
1955,0.000122
1956,0.00011755999999999999
1957,0.0
1958,0.0013758789999999998
1959,0.004130064399999999
1960,3.246666666666666e-05
1961,0.0
1962,7.282e-05
1963,0.0007173333333333333
1964,0.001144641
1965,0.0
1966,0.0
1967,0.0011248294
1968,0.0024575357999999997
1969,0.000179
1970,0.005314273600000001
1971,0.0012644160000000002
1972,0.0024878702
1973,0.000845387
1974,0.000504
1975,0.0
1976,0.002913792666666667
1977,1.83675e-05
1978,0.0102668462
1979,0.0029654886000000003
1980,0.0
1981,0.008903502400000003
1982,0.000288
1983,0.00027299999999999997
1984,2.66e-06
1985,0.004385599400000001
1986,0.004985684799999999
1987,0.0
1988,0.000124925
1989,0.0
1990,0.00020825
1991,0.00047159999999999997
1992,0.0
1993,0.0060571074
1994,0.000124
1995,0.00010288
1996,0.00010160000000000002
1997,0.0026869006666666666
1998,0.000214
1999,0.0
2000,0.020803755
2001,5.1200000000000004e-05
2002,0.0
2003,0.0043202362
2004,0.0013749282
2005,0.0015333556
2006,1.6512e-05
2007,0.0001464
2008,0.005823480400000001
2009,0.0
2010,0.002480029
2011,0.0
2012,0.002903087
2013,0.0006538000000000001
2014,0.001078129
2015,0.0
2016,0.00011313333333333334
2017,0.0013468326
2018,0.0121896946
2019,0.0026486188
2020,0.009445833333333332
2021,0.0060261844000000005
2022,0.00029474000000000004
2023,0.0
2024,0.0
2025,0.08187246960000001
2026,0.000166
2027,0.00010899999999999999
2028,0.0046666598
2029,0.0
2030,0.0
2031,0.009823933
2032,0.0
2033,0.0074569455
2034,0.0018228357499999997
2035,0.0
2036,0.0008032368
2037,0.00037280000000000006
2038,0.0007183333333333334
2039,0.0009242932
2040,0.0084168004
2041,0.0007177781999999999
2042,0.0010803153333333335
2043,0.0027700073333333333
2044,0.013882638999999999
2045,0.0093116564
2046,0.001548679
2047,0.0025492002000000002
2048,0.0012401096000000003
2049,0.023891973599999998
2050,0.0014010669999999998
2051,0.0
2052,0.0
2053,0.0031260816000000004
2054,0.0
2055,0.006769856799999999
2056,0.0
2057,0.0
2058,0.000124
2059,0.0
2060,0.007335328666666666
2061,0.0
2062,0.0
2063,0.001009898
2064,0.0
2065,0.0011303955
2066,0.0015530608
2067,0.0
2068,0.0
2069,0.0
2070,0.0148272594
2071,0.0024445814
2072,0.0038686523333333334
2073,0.0019092904
2074,0.001041302
2075,0.0172258034
2076,0.0010247417999999999
2077,0.0016812191999999997
2078,0.0004604
2079,0.0024829783999999995
2080,0.00132126
2081,0.0
2082,0.0
2083,0.0014537320000000001
2084,0.0039776512
2085,0.0025028164000000003
2086,0.0011274452
2087,0.00016966666666666668
2088,0.0015298558
2089,0.003580865
2090,0.0
2091,0.0020673294
2092,0.00018759999999999998
2093,4.6349999999999995e-05
2094,0.00010513333333333332
2095,0.0015512224000000002
2096,0.0002758
2097,0.0
2098,0.0
2099,0.0
2100,0.017421256799999996
2101,3.3299999999999996e-05
2102,0.0
2103,0.0
2104,0.0028692301999999996
2105,0.001604936
2106,0.005249307
2107,0.0027285217999999997
2108,0.0
2109,0.0
2110,0.005861717600000001
2111,0.0
2112,0.0031980626
2113,0.0
2114,0.00046100000000000004
2115,0.0
2116,0.0002384
2117,0.0033578526000000004
2118,8.336666666666666e-06
2119,0.0
2120,0.00029266666666666666
2121,0.000764
2122,0.0005354
2123,0.0024415488
2124,0.004745405
2125,0.0020918734000000003
2126,0.0006492480000000001
2127,0.0202746894
2128,0.0
2129,0.008415941666666668
2130,0.020094082
2131,7.258000000000001e-05
2132,0.0046486632
2133,0.00016666
2134,0.0
2135,0.0009181189999999999
2136,0.0057829834
2137,0.0
2138,0.055968481800000004
2139,0.0003294
2140,0.00016733333333333335
2141,0.011360427400000001
2142,0.001110027
2143,0.0018307700000000002
2144,0.0005903999999999999
2145,0.001824815333333333
2146,0.0007779999999999999
2147,0.0
2148,0.0012235219999999999
2149,0.011137811199999998
2150,0.00014716
2151,0.0010361711999999999
2152,0.0030798194000000003
2153,0.00022099999999999998
2154,0.0
2155,0.00022899999999999996
2156,2.04e-05
2157,0.0
2158,0.0
2159,0.0
2160,0.148296814
2161,0.0
2162,0.0
2163,0.0
2164,0.011260444199999999
2165,0.00011755999999999999
2166,0.0018633276000000001
2167,0.003050504
2168,0.0
2169,0.0
2170,0.0122695738
2171,0.0013609202000000001
2172,0.167389882
2173,5.85e-05
2174,0.0034001568000000004
2175,0.005973981599999999
2176,0.0
2177,0.0
2178,0.0014817568000000004
2179,0.0
2180,0.0060282044
2181,3.116666666666667e-05
2182,0.0006678
2183,0.007046656
2184,0.0015601052
2185,1.232e-06
2186,0.0025488146
2187,0.0031570485999999993
2188,0.0
2189,0.002310008
2190,0.0164721162
2191,0.0005838
2192,0.0121555892
2193,0.009096504799999999
2194,0.008154257
2195,0.0
2196,0.057959578
2197,0.0625173482
2198,0.0020015108000000005
2199,0.0
2200,0.00010740000000000001
2201,0.0005591999999999999
2202,0.0
2203,0.0010842303333333332
2204,0.00239455
2205,0.016560999799999997
2206,0.006044499
2207,0.0044004332
2208,0.0020570147999999996
2209,0.0002038
2210,0.0
2211,0.0076630168
2212,0.0019705968
2213,3.664e-05
2214,0.00043566666666666667
2215,0.0040289494000000006
2216,0.0010028899999999998
2217,0.0
2218,0.04512327919999999
2219,0.0005366
2220,0.0
2221,0.0001922
2222,0.0043399588
2223,0.0047907824000000005
2224,0.0025764552
2225,0.0019653498
2226,0.0005202
2227,0.00014624
2228,0.0009619412000000001
2229,0.0
2230,0.0056806598000000005
2231,0.0017809136000000003
2232,0.0023919108
2233,0.0
2234,0.0009242453999999999
2235,0.00047000000000000004
2236,0.0065163558
2237,0.0
2238,0.0
2239,0.0
2240,0.0013011698
2241,0.0016490157999999998
2242,0.0
2243,0.0017462585999999999
2244,0.0021300922
2245,6.40746e-05
2246,0.0
2247,0.0159754546
2248,0.0045037442
2249,0.0
2250,0.003426978
2251,0.0001317
2252,0.003339508
2253,0.00012816
2254,0.0162058094
2255,0.0032063034
2256,0.0005350000000000001
2257,0.0036009049999999997
2258,0.0
2259,0.0016764348
2260,0.0161651302
2261,0.008669002
2262,0.0004231800000000001
2263,0.0012691118
2264,0.0078253714
2265,0.03502265680000001
2266,0.00218637575
2267,0.0037580664
2268,0.0
2269,0.0
2270,0.001395458
2271,0.0035815598000000005
2272,0.026507873
2273,0.0006714
2274,0.0012956304
2275,0.0070639142
2276,0.005565781600000001
2277,0.0030430628000000003
2278,0.0061389266
2279,0.0014993924000000001
2280,0.0011098606
2281,0.00024074
2282,0.0
2283,0.0016725802000000002
2284,0.013803991000000002
2285,0.00036839999999999996
2286,0.00014433333333333334
2287,0.008697130200000002
2288,0.09758690519999999
2289,0.00393906325
2290,0.0010927155
2291,0.00541251
2292,3.623333333333333e-05
2293,0.0
2294,0.0068642178
2295,0.0014041224000000002
2296,0.00028299999999999994
2297,0.00023930000000000002
2298,0.0017395603333333334
2299,0.0017988712000000001
2300,0.0
2301,0.0
2302,0.0
2303,0.0
2304,0.0
2305,0.0102181356
2306,0.0009619412000000001
2307,0.0
2308,0.002852592
2309,0.0009036589999999999
2310,0.000277
2311,0.0021476916
2312,0.003456713
2313,8.983333333333333e-05
2314,0.0021072524
2315,0.000888848
2316,0.00012106000000000001
2317,0.0023806712000000005
2318,0.0
2319,0.0022432674
2320,0.00018383999999999997
2321,0.0
2322,0.0
2323,0.0
2324,0.0096855734
2325,0.00010799999999999998
2326,0.00021020000000000007
2327,0.0
2328,0.00127495
2329,0.0015594438
2330,0.0
2331,3.816e-06
2332,0.0006360000000000001
2333,0.0001183
2334,0.0013689383333333335
2335,0.0
2336,0.0
2337,0.00039433333333333334
2338,0.20416656
2339,0.0008474102000000001
2340,0.0057055334
2341,0.0007266666666666667
2342,0.0001366
2343,0.0
2344,0.0006813333333333333
2345,0.0011303955
2346,0.0
2347,0.003856527
2348,0.0012372099999999999
2349,0.0019768930000000004
2350,0.0002268
2351,0.0016598716
2352,0.0
2353,0.0
2354,0.0034118380000000004
2355,0.0003228
2356,0.0020381628
2357,0.0
2358,0.0
2359,5.256e-05
2360,0.0020274036
2361,0.0462582996
2362,0.0
2363,0.0017700472000000001
2364,0.0
2365,0.0
2366,0.0094350116
2367,0.0014985314
2368,0.009699992666666667
2369,0.0004464000000000001
2370,0.000612
2371,0.0025506128
2372,0.003245533
2373,0.0016528528
2374,0.0
2375,0.0025370506666666666
2376,0.0079227346
2377,0.0
2378,0.0
2379,0.0042900405999999995
2380,4.683333333333333e-06
2381,0.0001992
2382,6.76e-05
2383,0.0
2384,0.0006041999999999999
2385,0.0003354
2386,0.016029582333333334
2387,0.0162673134
2388,0.0
2389,0.00016455
2390,2.363333333333334e-05
2391,0.0
2392,0.0
2393,0.0054198958
2394,0.004943937666666666
2395,0.007539911599999999
2396,0.0007392
2397,0.0019524656000000002
2398,0.00014062
2399,0.0001712
2400,0.0026150002
2401,0.003919634600000001
2402,0.0001155
2403,0.004860749
2404,9.258e-05
2405,0.018201395800000002
2406,0.0001802
2407,0.00018779999999999998
2408,0.0
2409,0.0028527334
2410,0.0
2411,0.00020466666666666666
2412,0.0013243432
2413,0.0056548638
2414,0.0006443126000000001
2415,0.0002028
2416,0.032015055400000006
2417,0.0075958056
2418,0.00011043999999999999
2419,5.012499999999999e-05
2420,0.0
2421,0.001600549
2422,0.0
2423,0.0010966186
2424,0.0032381885999999997
2425,0.002641471
2426,0.017961982333333334
2427,0.0041023299999999995
2428,0.0190366332
2429,0.0011678570000000002
2430,0.0016369389999999998
2431,0.0
2432,0.0010537566
2433,0.0030166468
2434,0.0007233999999999999
2435,0.0001406
2436,0.0
2437,0.0037649014000000003
2438,0.011542814600000001
2439,0.0
2440,9.643333333333332e-05
2441,0.0090512176
2442,0.000558
2443,0.000496
2444,0.00020559999999999996
2445,0.0
2446,0.0
2447,0.0
2448,0.0
2449,0.0
2450,0.0060402634
2451,0.0023299806
2452,0.0104357944
2453,0.0009270543999999999
2454,0.00010256
2455,0.007384311333333333
2456,0.0024391197999999994
2457,0.0089373552
2458,0.0006196
2459,0.0059912205
2460,0.000251
2461,0.0
2462,0.0013157993333333332
2463,0.0
2464,0.0028997336666666666
2465,0.0015011316
2466,0.0023806712000000005
2467,0.0002388
2468,0.006525071600000001
2469,0.00012080000000000001
2470,0.0012687745
2471,0.040003152
2472,0.0
2473,4.4239999999999995e-06
2474,0.0036450832500000002
2475,0.0
2476,0.0004842507999999999
2477,0.0007356578
2478,0.0
2479,0.0
2480,0.0
2481,0.0
2482,0.00020607719999999997
2483,0.0
2484,0.0
2485,0.0007168000000000001
2486,0.002282712
2487,0.001300413
2488,0.0051563842
2489,0.001415877
2490,0.039604310250000004
2491,0.0
2492,0.0040569096
2493,0.0006447422
2494,0.0009177978
2495,0.017345797399999998
2496,0.0019126697999999997
2497,0.0001705
2498,0.001044541
2499,0.024262376000000002
2500,0.0003016
2501,0.0002209
2502,0.0011109944
2503,0.0
2504,0.0012744694
2505,0.0017250726
2506,0.00030139999999999995
2507,0.0011220395
2508,0.045208585600000004
2509,0.0
2510,0.0
2511,0.0024364782000000002
2512,0.001243068
2513,0.00453652
2514,0.0
2515,0.00015738
2516,6.5602e-05
2517,0.0
2518,0.005974757000000001
2519,0.0
2520,0.0021156074
2521,0.0
2522,0.0019027771999999999
2523,0.0001572
2524,0.0
2525,0.0008892874
2526,0.001260451
2527,0.0063166334000000005
2528,0.0006714
2529,0.0036450832500000002
2530,0.0070782544
2531,0.0013801892
2532,0.0
2533,0.0002386
2534,0.0023959176
2535,0.007140626
2536,9.844000000000001e-05
2537,0.0
2538,0.057177333399999995
2539,0.0001313
2540,0.0004176
2541,0.0010233800000000002
2542,0.002094943
2543,0.0
2544,0.037709382799999996
2545,0.0
2546,0.00259214225
2547,0.00879056675
2548,0.0014441928
2549,0.0
2550,0.0006811907500000001
2551,0.0007434000000000001
2552,0.00011298
2553,0.0035055612
2554,0.012330908799999998
2555,0.0
2556,0.0
2557,0.0122697742
2558,0.0020768302
2559,0.0038762982000000003
2560,8.998e-05
2561,0.0
2562,0.022691093600000004
2563,0.0
2564,0.0
2565,0.017314289200000003
2566,0.0007286
2567,0.001448073
2568,0.0
2569,0.015026852400000002
2570,0.0018206376666666665
2571,0.00078789
2572,0.053109258199999995
2573,0.0007869305999999999
2574,0.036641403
2575,0.000128875
2576,0.0
2577,0.0006554000000000001
2578,0.0061830824000000005
2579,0.0
2580,4.208e-06
2581,0.0097310412
2582,0.00017874999999999998
2583,0.0113866972
2584,0.0
2585,0.0161638412
2586,0.00017166000000000002
2587,0.020197024
2588,8.062500000000001e-05
2589,0.0001922
2590,0.0016531179999999999
2591,0.0041178312
2592,0.00056325
2593,0.03500323366666667
2594,0.0
2595,0.0024255172000000004
2596,0.002653404
2597,0.0019092904
2598,0.0
2599,0.0
2600,0.0015057235999999998
2601,0.0
2602,0.0
2603,0.002469062
2604,0.0
2605,0.0007511362000000001
2606,0.00061775
2607,0.0
2608,0.018021704399999998
2609,0.0
2610,0.0
2611,0.0
2612,0.0
2613,0.0
2614,0.0
2615,0.0
2616,0.0
2617,0.0008647238
2618,0.0035099436000000004
2619,3.858e-06
2620,0.00039900000000000005
2621,0.0
2622,0.0
2623,0.00036940000000000003
2624,0.0025307472
2625,0.0
2626,0.0005277999999999999
2627,0.0023806712000000005
2628,0.000421
2629,0.000308
2630,8.416e-05
2631,0.0008575084
2632,6.08e-05
2633,0.00020607719999999997
2634,0.0160074138
2635,0.0006952500000000001
2636,0.000308
2637,0.00013597499999999998
2638,0.0
2639,0.0001922
2640,0.0084252556
2641,0.0014954885
2642,0.00106667125
2643,0.001670524
2644,0.0
2645,0.009336055
2646,0.0
2647,0.0024949288
2648,0.0
2649,0.013534684799999998
2650,0.0
2651,0.0025453773333333333
2652,0.000116326
2653,0.0011952600000000003
2654,0.0
2655,0.0002108
2656,0.0
2657,0.0
2658,0.00041659999999999993
2659,0.0
2660,0.0076008835999999995
2661,0.0004012
2662,0.00019042
2663,0.0
2664,0.0
2665,0.0
2666,0.000193
2667,0.0205430536
2668,0.0
2669,0.0
2670,0.001140072
2671,2.05e-05
2672,0.0228794732
2673,0.0
2674,0.0
2675,0.0013767736
2676,0.00019350000000000004
2677,8.278e-06
2678,0.0002215
2679,0.000842581
2680,0.0008369372
2681,0.0
2682,0.0013071022000000002
2683,0.0
2684,0.000414
2685,0.0038040459999999997
2686,0.0205527332
2687,0.0018532404000000003
2688,0.0
2689,0.0
2690,0.0
2691,0.0
2692,0.0
2693,0.0018459836
2694,0.00031340000000000003
2695,0.000744216
2696,0.0013163252
2697,0.000539
2698,0.007267432599999998
2699,0.0015707470000000002
2700,0.0013132294
2701,0.0002488
2702,0.0087893342
2703,0.0083381416
2704,0.00036899999999999997
2705,0.0
2706,0.0
2707,0.0
2708,0.0
2709,0.0013670477999999998
2710,0.0037481754
2711,0.0
2712,0.0020353388
2713,0.0144792476
2714,0.0036450832500000002
2715,1.214e-05
2716,0.006245148000000001
2717,0.008799836799999999
2718,0.0018021924
2719,6.27e-05
2720,0.0009979548000000002
2721,0.0010994160000000002
2722,0.0018818126
2723,0.012712682999999999
2724,0.0114197732
2725,0.00521979
2726,0.0108675182
2727,0.0
2728,0.0134929152
2729,0.0021367652
2730,0.0028803390000000004
2731,0.012821174199999999
2732,0.0
2733,0.0
2734,0.0011471302
2735,0.0066594440000000005
2736,0.0
2737,0.0013670477999999998
2738,0.0
2739,0.0038092562000000005
2740,0.005317536400000001
2741,0.00109773
2742,0.0015247596
2743,0.0018045817999999998
2744,0.0013017577999999998
2745,0.0122424262
2746,0.024925722
2747,0.0010733672
2748,0.021945603199999997
2749,0.0
2750,0.0
2751,0.0
2752,0.0
2753,0.0
2754,0.0
2755,0.00017424999999999998
2756,0.00010394
2757,0.0
2758,0.0
2759,0.0031825704
2760,6.183999999999999e-05
2761,0.002492114
2762,0.0
2763,0.0036646809999999995
2764,0.0049176576
2765,0.000532
2766,0.0031143614
2767,0.00035119999999999997
2768,0.0012118164999999998
2769,2.088e-06
2770,0.0
2771,0.0
2772,0.00085129
2773,0.0
2774,0.0001442
2775,1.0454e-05
2776,0.0
2777,0.0003744
2778,0.0
2779,0.0040747478
2780,0.0045458428
2781,0.0
2782,0.0046616162000000004
2783,0.0001712
2784,0.0
2785,0.0011795845999999998
2786,0.009134982399999998
2787,0.0
2788,0.0009179687999999999
2789,0.0016433110000000002
2790,0.0
2791,0.0275014084
2792,0.00024395599999999998
2793,0.001964516
2794,0.0014954885
2795,4.03e-05
2796,0.0
2797,0.0006714
2798,0.0002075
2799,0.0067279608
2800,2.4999999999999998e-05
2801,0.00089405175
2802,0.0053514415
2803,0.0010906486
2804,0.0
2805,0.0003675
2806,0.000562
2807,0.0037669152000000005
2808,0.005841702999999999
2809,0.050279116199999994
2810,0.0036534286
2811,0.000787265
2812,0.012557901399999998
2813,0.002698687
2814,0.053801277800000005
2815,9.132e-06
2816,0.0
2817,0.00011679999999999999
2818,0.014413805200000001
2819,4.3960000000000006e-05
2820,0.0003765
2821,0.0419016726
2822,0.0027836651999999995
2823,0.003959559600000001
2824,0.0
2825,0.0016416287999999998
2826,0.0
2827,0.000705
2828,0.0021165972
2829,6.256e-05
2830,0.0
2831,0.0
2832,0.00013979999999999998
2833,0.0
2834,0.0010655086000000002
2835,0.0015842235
2836,0.0070081734000000005
2837,0.000367
2838,0.00068975
2839,0.001212353
2840,7.648e-06
2841,0.0052306504
2842,4.122e-05
2843,0.0011555486
2844,0.0019092904
2845,0.0008891196
2846,0.0
2847,7.254e-05
2848,0.0
2849,0.0031869652
2850,9.14e-05
2851,0.0171109068
2852,0.0
2853,0.0042658978
2854,0.0
2855,0.0019092904
2856,0.0
2857,0.0
2858,0.0
2859,0.029480978400000003
2860,0.0
2861,0.00051125
2862,0.0007699336000000001
2863,0.0031026379999999996
2864,0.0028536246
2865,0.000864
2866,0.0012687745
2867,0.0
2868,0.0078003424
2869,0.0019553128
2870,0.0080563912
2871,0.0083696636
2872,0.0145966852
2873,0.0
2874,0.0
2875,0.0
2876,0.0
2877,0.0031398374
2878,0.0008758354
2879,0.00025064
2880,0.0009530944
2881,0.0
2882,0.020851801600000004
2883,0.0058907552
2884,0.0075214736
2885,0.0015261443999999998
2886,0.0
2887,0.0
2888,0.0101348516
2889,0.0005692
2890,0.0
2891,0.0
2892,0.018917282599999998
2893,0.0
2894,0.00011022
2895,0.0013132294
2896,0.0136740206
2897,0.0016363362
2898,0.0
2899,0.0058359575999999995
2900,0.0
2901,0.0004928
2902,0.0013446118
2903,0.0008989758
2904,0.0
2905,0.0
2906,0.00191200025
2907,0.001586088
2908,0.023347614
2909,0.015254927400000002
2910,0.0006566
2911,0.001009898
2912,0.0033296653999999996
2913,0.0
2914,0.0
2915,0.021045734000000003
2916,0.000792
2917,6.0799999999999994e-05
2918,0.0
2919,0.0123258252
2920,0.005775113
2921,0.0
2922,8.9225e-05
2923,0.0006632500000000001
2924,0.0
2925,3.78e-05
2926,0.0
2927,0.0
2928,0.000449
2929,0.0014372256
2930,0.0017619579999999999
2931,0.0
2932,0.001489913
2933,0.0011290368
2934,0.011612758800000001
2935,0.0006714
2936,0.0
2937,0.0
2938,0.005828526400000001
2939,0.0
2940,0.00011270000000000002
2941,0.0
2942,0.0017821500000000001
2943,0.042722939200000004
2944,0.0179584522
2945,0.0004762000000000001
2946,0.0024627830000000005
2947,0.0027783801999999996
2948,0.00240551
2949,6.549999999999999e-05
2950,0.0005296000000000001
2951,0.00010150000000000001
2952,0.000156192
2953,0.0
2954,0.001324427
2955,0.0
2956,0.00013729999999999998
2957,0.0
2958,0.0016090730000000001
2959,0.000678
2960,0.0
2961,0.0
2962,0.012394612499999999
2963,0.00011043999999999999
2964,0.0
2965,0.00033425
2966,6.9725e-05
2967,0.0037497707999999998
2968,0.0012615615000000002
2969,0.00060425
2970,0.0066692892
2971,0.0046264288
2972,0.0035231573999999996
2973,0.00012066666666666667
2974,0.001009898
2975,0.0012941194
2976,0.0
2977,0.002276144
2978,0.002868981
2979,0.0007836638
2980,0.0006187452500000001
2981,0.001991678
2982,0.0
2983,0.0
2984,0.0
2985,1.21e-05
2986,6.183333333333334e-05
2987,0.0013731569999999998
2988,6.0414e-06
2989,0.0013168294
2990,0.0053194326
2991,0.0170448082
2992,0.000314
2993,0.0
2994,0.0011577118000000001
2995,0.0003194
2996,0.0
2997,0.027629336799999998
2998,0.0002954
2999,0.0036292956
3000,0.0
3001,0.0043790090000000005
3002,0.0
3003,0.0013011759999999998
3004,0.005170732
3005,0.0012039489999999997
3006,0.0005692
3007,0.011895951000000002
3008,0.0019405298000000001
3009,0.0278130978
3010,0.0031770868000000002
3011,0.0074865116
3012,0.0009413399999999999
3013,0.0036076598000000003
3014,0.0006566
3015,0.0023806712000000005
3016,0.0017812014999999998
3017,0.0002768
3018,0.018791289600000004
3019,0.0030518058000000006
3020,0.0005641999999999999
3021,0.0
3022,0.0013132294
3023,0.0
3024,0.000194
3025,0.0
3026,0.012793298
3027,0.0
3028,0.00046559999999999993
3029,0.0021626626000000003
3030,0.0006966
3031,0.0
3032,0.0024252144
3033,0.0008845157999999998
3034,7.51e-05
3035,0.0144964882
3036,0.0015144010000000003
3037,0.001146123
3038,0.000655
3039,0.0007530000000000001
3040,0.0
3041,0.0
3042,0.0
3043,3.3020000000000006e-05
3044,0.0012322277500000003
3045,0.00028975
3046,0.0
3047,0.00035939999999999995
3048,0.0011303955
3049,0.00015195
3050,0.0
3051,0.0036498463999999993
3052,0.0036450832500000002
3053,8.3816e-05
3054,0.0010966186
3055,0.19793381200000001
3056,0.0050503632
3057,0.0018840498000000001
3058,0.00011975000000000001
3059,0.0
3060,0.0069819264
3061,0.0013132294
3062,0.0005462
3063,0.0
3064,0.0039115798
3065,0.0006714
3066,0.0006062
3067,0.0017817179999999998
3068,0.0064523841999999994
3069,0.0
3070,0.0027360169999999994
3071,0.0020144802000000004
3072,0.00016299999999999998
3073,0.0040872178
3074,0.0029111876
3075,0.0001992
3076,0.0025200288
3077,0.00053682
3078,0.0038760414
3079,0.000664
3080,0.0038524562
3081,0.00028400000000000007
3082,0.073387822
3083,0.0
3084,0.00020679999999999999
3085,0.0332506042
3086,0.0
3087,0.0063747868
3088,0.0
3089,0.0018113987999999997
3090,0.00245117625
3091,0.007269917400000001
3092,0.0
3093,0.012011447
3094,0.0011261306000000001
3095,0.0
3096,0.0
3097,0.0
3098,0.008644881333333333
3099,0.0
3100,1.064e-05
3101,0.0016338505999999998
3102,0.0
3103,0.0022259122
3104,0.00034048000000000005
3105,0.021713679200000002
3106,0.0062946819999999985
3107,0.0005151716
3108,0.0003994
3109,0.0
3110,0.0
3111,0.0019671816000000003
3112,0.00015678
3113,0.000159694
3114,8.085000000000001e-06
3115,0.0018566609999999997
3116,0.0035396374999999997
3117,0.0
3118,7.374e-05
3119,0.0023806712000000005
3120,0.0
3121,3.5300000000000004e-05
3122,0.0010935522
3123,0.00014878
3124,0.0
3125,0.0044925638
3126,0.0
3127,0.0
3128,0.05331663200000001
3129,0.0055323203333333335
3130,0.0005996666666666668
3131,0.0011727354000000002
3132,0.0044054694000000005
3133,0.0
3134,0.0
3135,0.0194449142
3136,0.0002098
3137,0.0009226836000000001
3138,5.978e-06
3139,4.016e-05
3140,0.0021435318
3141,0.0089441934
3142,0.0024384391999999998
3143,0.0014728014
3144,0.0230496196
3145,1.878e-07
3146,0.0023806712000000005
3147,0.0020765452
3148,0.0030196812
3149,0.0
3150,0.0
3151,6.942e-05
3152,0.0009367087999999999
3153,0.000288
3154,0.0003194
3155,0.0007698
3156,0.0028263763999999995
3157,0.0
3158,0.0021176052
3159,0.0
3160,0.0019994844000000003
3161,1.2057999999999999e-05
3162,7.254e-05
3163,0.0
3164,0.0036414299999999998
3165,5.482e-05
3166,0.0013434879999999999
3167,0.0
3168,0.00017592
3169,0.0033326766
3170,0.0
3171,0.0001304
3172,0.0055413978
3173,0.0
3174,0.00022475
3175,0.015417834
3176,0.0019518048
3177,0.00012299999999999998
3178,0.0007026148
3179,0.0029923052000000003
3180,0.0
3181,0.0013563126666666665
3182,0.004083276
3183,3.35e-05
3184,0.0021961520000000003
3185,0.006607792400000001
3186,0.0011166771999999998
3187,0.0
3188,0.0752016158
3189,0.004828125333333333
3190,0.0
3191,0.0013709846
3192,0.007985062400000001
3193,0.00561913075
3194,0.0002402
3195,0.0048046645999999995
3196,0.0077948296
3197,0.00031939999999999996
3198,2.165e-06
3199,0.0062067342
3200,0.000522
3201,0.00015788
3202,0.0
3203,0.0004295
3204,0.00016639999999999998
3205,0.0029067506
3206,9.888e-05
3207,0.03888881479999999
3208,0.0023971680000000003
3209,0.002756036
3210,0.0
3211,0.0011882543333333335
3212,0.002239037
3213,0.0029313530000000003
3214,0.0014772356000000001
3215,0.005422447600000001
3216,0.017357437400000002
3217,0.0006284
3218,0.0
3219,0.0
3220,0.0023806712000000005
3221,0.011758047599999998
3222,0.0009542370000000001
3223,0.021600347199999998
3224,0.0038453028
3225,0.010034153200000001
3226,0.00087481
3227,0.0012197864
3228,0.0
3229,0.0013584834
3230,4.706e-05
3231,0.001358184
3232,0.0007822
3233,0.001723309
3234,0.0069199838
3235,0.0021323354
3236,0.0161012298
3237,0.0
3238,0.00735644775
3239,0.00022199999999999998
3240,0.00026805625
3241,0.015238982333333333
3242,0.000547
3243,0.0025736414
3244,3.3624999999999996e-06
3245,0.0013770604
3246,0.0
3247,3.0159999999999996e-05
3248,0.0
3249,0.0010966442000000002
3250,0.0075659516
3251,0.00011524
3252,0.0009005437999999999
3253,0.020844358400000002
3254,0.0037562914000000003
3255,0.0
3256,0.0005913333333333334
3257,0.00032520475
3258,0.0
3259,0.0
3260,0.0034919317999999996
3261,0.0
3262,0.0007265195999999999
3263,0.0
3264,0.000935439
3265,4.453333333333334e-05
3266,0.0
3267,0.0024460481999999998
3268,1.6164e-05
3269,0.0005061999999999999
3270,1.3762e-05
3271,0.0
3272,0.080555747
3273,0.0014831681999999998
3274,0.00027883333333333335
3275,0.0
3276,0.059310115
3277,0.00016790000000000002
3278,0.0038430201999999996
3279,0.0034958256
3280,0.00020866666666666668
3281,0.0184169786
3282,0.0061487968
3283,0.0
3284,0.0008207825999999999
3285,0.0281145696
3286,0.009732669
3287,0.0
3288,0.0
3289,0.041542973
3290,0.06156515920000001
3291,0.00033299999999999996
3292,0.00017625000000000003
3293,0.0017142039999999998
3294,0.0
3295,0.0007044
3296,0.0
3297,0.0
3298,0.0
3299,0.0048134577999999996
3300,0.00039559999999999997
3301,0.0011304835
3302,0.0
3303,0.0036432428000000004
3304,0.0038801057499999996
3305,0.0016700824
3306,0.0024384391999999998
3307,0.0004316
3308,0.0074558314
3309,0.0
3310,0.00019979999999999998
3311,0.0
3312,0.0
3313,4.12e-06
3314,0.0081534522
3315,0.0231329342
3316,0.012534884200000002
3317,0.0
3318,9.662e-05
3319,0.0007217905999999999
3320,0.00022080000000000003
3321,0.0
3322,0.008518109
3323,0.0010655086000000002
3324,0.006833939799999999
3325,0.0011826016
3326,0.0
3327,0.0060518194
3328,9.5372e-06
3329,0.0004462
3330,0.0004634
3331,0.000683
3332,0.0009915338000000002
3333,0.009261877999999998
3334,1.6494e-05
3335,0.0006372000000000001
3336,0.0016559431999999998
3337,0.011517383
3338,0.0
3339,0.0012978364999999999
3340,0.0006075
3341,0.0
3342,0.0003595
3343,0.0
3344,0.0
3345,6.59e-06
3346,0.0
3347,0.0
3348,0.0011363491999999999
3349,0.0048699116
3350,0.011679798600000001
3351,0.0025931823333333335
3352,0.000687
3353,0.0
3354,0.001300248
3355,0.006720775000000001
3356,0.0022258702
3357,0.000292
3358,0.0021626626000000003
3359,0.0013874052
3360,0.0047573803999999996
3361,0.0111323868
3362,0.036259898400000004
3363,0.018965349399999998
3364,0.004555586
3365,0.0
3366,0.0013132294
3367,0.004077725250000001
3368,0.0
3369,0.001223007
3370,0.012736704199999999
3371,0.0004925999999999999
3372,0.0006714
3373,0.0253084862
3374,0.0024527046
3375,0.016438976
3376,0.0
3377,0.0
3378,0.00021959999999999997
3379,0.0100232392
3380,0.0
3381,0.011051524
3382,0.0013258369999999998
3383,0.0
3384,0.0
3385,0.0021683876
3386,0.0015415836
3387,7.8075e-05
3388,0.0026240068
3389,0.0254637734
3390,0.0012701788000000001
3391,0.0
3392,0.0
3393,0.002454922
3394,0.005997361199999999
3395,0.0023981574
3396,0.0
3397,0.0
3398,0.0018706896
3399,0.0048464067999999996
3400,0.0025170194
3401,0.0070326296
3402,0.002860427
3403,0.0
3404,0.004816564
3405,9.013333333333333e-05
3406,0.0007765377999999999
3407,0.0
3408,0.008917320199999999
3409,0.0024589682000000002
3410,0.0015446560000000002
3411,0.0029747091999999995
3412,0.0007645
3413,0.0
3414,5.85e-05
3415,0.0173549962
3416,0.0005524
3417,0.0116042002
3418,0.0007745734
3419,7.218e-05
3420,0.009235961
3421,0.005168217333333333
3422,0.0013252132
3423,0.005374672333333333
3424,0.0
3425,0.0033258050000000003
3426,0.0257429438
3427,0.0
3428,4.68e-05
3429,0.0
3430,0.0
3431,0.00157512775
3432,0.0023987648
3433,0.0
3434,0.0108971745
3435,0.0
3436,0.0014787691999999999
3437,0.0011427820000000002
3438,0.0
3439,0.0015082884
3440,0.0044266842
3441,0.0005386
3442,0.0
3443,0.00023220000000000003
3444,0.0
3445,0.0015883288000000002
3446,0.0
3447,0.00190248875
3448,0.003854879
3449,0.004071189333333333
3450,0.0042224561999999995
3451,0.0
3452,0.000497
3453,0.009052799333333333
3454,0.0
3455,0.0013132294
3456,0.0006412000000000001
3457,0.000613
3458,0.0026469772
3459,0.0030988180000000006
3460,0.0061146982
3461,0.0
3462,0.0
3463,0.0037407957999999997
3464,0.000155
3465,0.0
3466,0.0026909326
3467,1.5314999999999998e-05
3468,0.004022519600000001
3469,0.00027199999999999994
3470,0.0004614
3471,0.0044163538
3472,0.0030238258
3473,0.0
3474,0.004555586
3475,0.012478729
3476,0.0
3477,0.0212893116
3478,0.00037666666666666664
3479,0.0
3480,0.00021280000000000002
3481,5.7220000000000004e-05
3482,0.0007242066
3483,0.0
3484,0.00019385000000000002
3485,0.0004602
3486,0.005762302799999999
3487,0.0016500323333333334
3488,0.0009976762500000002
3489,0.0
3490,0.021766485800000002
3491,0.00695965
3492,0.0042333812
3493,0.005000472599999999
3494,0.0089237672
3495,0.00024225
3496,0.0018183803999999998
3497,0.012437669799999999
3498,0.0203906372
3499,0.0037667752
3500,0.0013709846
3501,6.19e-05
3502,0.0010935522
3503,0.0009915834
3504,0.011433684199999999
3505,0.0
3506,0.0
3507,0.0006856
3508,0.002838206
3509,0.006908095
3510,0.00033039999999999995
3511,0.0033872088000000003
3512,0.0059817845
3513,0.0002386
3514,0.0425010812
3515,0.0
3516,0.001112201
3517,0.0071203384000000005
3518,0.025227718599999997
3519,0.0
3520,0.0009447184000000001
3521,0.0023546851999999997
3522,0.0049794900000000005
3523,0.0
3524,1.3654e-06
3525,0.0012633354000000001
3526,0.0003715
3527,0.00029979999999999997
3528,0.00017900000000000001
3529,0.0003238
3530,0.0039851352
3531,0.00398314925
3532,0.0
3533,0.0
3534,0.0049192974
3535,0.0006704
3536,0.0
3537,0.0013132294
3538,0.0002462
3539,0.006022121399999999
3540,0.0058093462
3541,0.0
3542,0.0010167573999999998
3543,0.0021626626000000003
3544,0.0002232
3545,0.003269716
3546,0.0002672
3547,0.0008654
3548,0.0024363294000000002
3549,0.0
3550,0.0012282134
3551,0.0
3552,0.001352082
3553,0.008193298999999998
3554,0.0014817568000000004
3555,0.001151219
3556,0.0017289242000000002
3557,0.0003994
3558,0.0024748044
3559,0.005432590399999999
3560,0.0
3561,0.0
3562,0.0068473006
3563,0.0031162209999999997
3564,0.008239907000000001
3565,0.0048815144
3566,0.0
3567,0.0
3568,0.0
3569,0.0004025
3570,0.0023034718
3571,0.0105791208
3572,0.001331709
3573,0.0010696992
3574,0.0005846
3575,0.0015955646
3576,0.0035578402
3577,0.06645406379999999
3578,0.0049420236
3579,0.0007844
3580,0.0
3581,0.0004848055
3582,0.0
3583,1.7913999999999998e-05
3584,0.000472
3585,0.0242444958
3586,0.0
3587,0.00012874
3588,0.0
3589,0.0
3590,0.0
3591,0.0019092904
3592,0.0
3593,0.0016693626
3594,0.0
3595,0.001579949
3596,0.0
3597,0.0029988517999999997
3598,0.0
3599,0.0001013
3600,0.0014004883999999998
3601,0.0008299008
3602,0.007270881
3603,0.0043362548
3604,0.0
3605,7.0333333333333335e-06
3606,0.0021426978
3607,0.0024311364
3608,0.0006241584
3609,0.0017964913999999998
3610,0.0006643333333333333
3611,3.2539999999999997e-06
3612,0.0009459184
3613,0.0131407152
3614,0.0
3615,0.0192749732
3616,0.005879695799999999
3617,0.0009282144
3618,0.0057676644
3619,0.0009595142000000001
3620,0.0035346944000000007
3621,0.002015287
3622,0.0
3623,0.0007952
3624,0.006891125199999999
3625,0.011642382
3626,0.0005066
3627,0.0
3628,0.0007863212000000002
3629,0.0
3630,0.0048013428
3631,0.0
3632,0.0007268926
3633,0.0159708644
3634,0.0
3635,0.0002298
3636,0.00117563875
3637,0.0067295848000000005
3638,0.0
3639,0.0
3640,0.0
3641,0.0
3642,0.00726559
3643,0.0
3644,0.0
3645,0.0013040926000000002
3646,3.688e-05
3647,0.0011972673999999998
3648,0.00039779999999999997
3649,0.0014806164
3650,0.00128518975
3651,0.00018199999999999998
3652,0.00227558775
3653,0.0017920902
3654,0.0031485981999999995
3655,0.0054324134
3656,0.0007762575999999999
3657,4.429999999999999e-05
3658,0.0
3659,0.0003194
3660,0.01262850775
3661,0.0006902000000000001
3662,0.00028992000000000004
3663,0.0037589632499999996
3664,0.0003835
3665,0.002061464
3666,0.0
3667,0.002509534
3668,0.0035916286000000006
3669,0.0024384391999999998
3670,0.0
3671,0.025876403799999996
3672,0.0008516374000000001
3673,0.21120032800000002
3674,0.003944026599999999
3675,0.0012692098000000001
3676,0.0019770296
3677,0.012334564400000001
3678,0.0
3679,5.369999999999999e-06
3680,0.0
3681,0.016064481399999997
3682,0.0162849766
3683,8.410000000000001e-05
3684,0.0024739787999999998
3685,0.0019060356000000001
3686,0.010628111999999999
3687,0.0013132294
3688,0.0029572068
3689,0.0001776
3690,0.000502
3691,0.0
3692,6.174e-05
3693,5.646e-06
3694,0.0020406018
3695,0.00027616
3696,0.000436
3697,0.0029193354
3698,4.86e-05
3699,0.010223196
3700,0.0
3701,0.0006653999999999999
3702,0.0019686252499999998
3703,0.0
3704,0.0
3705,0.0
3706,0.0006428
3707,0.00022082000000000004
3708,0.048947112999999993
3709,0.006257970600000001
3710,0.0
3711,0.0
3712,0.0
3713,0.0007669999999999999
3714,7.805e-05
3715,0.0020651693999999996
3716,0.000531
3717,0.0021045169999999998
3718,0.0
3719,0.040825659
3720,0.021526453
3721,0.026027855
3722,0.0
3723,0.0
3724,0.005806632000000001
3725,0.0019092904
3726,0.026827834999999998
3727,0.018007465
3728,0.0
3729,9.478000000000001e-05
3730,0.002718270666666667
3731,0.00034199999999999996
3732,0.0053605608
3733,0.012963882599999999
3734,0.0003964
3735,0.016593130999999997
3736,0.0037736346
3737,0.001174844
3738,0.0
3739,5.051999999999999e-05
3740,0.0
3741,9.58e-05
3742,0.007393561000000002
3743,5.9059999999999994e-05
3744,0.001289348
3745,0.0007643446
3746,0.0
3747,0.005726510799999999
3748,0.0017555761999999999
3749,0.0047199435000000005
3750,0.009370155000000002
3751,0.0017450116
3752,0.0015005852
3753,2.3040000000000003e-05
3754,0.0001898
3755,0.0014703097499999998
3756,0.0096022902
3757,0.0009527932000000001
3758,0.000832434
3759,0.0021051336
3760,0.0
3761,0.0
3762,0.0109563594
3763,0.0012687745
3764,0.0044678778
3765,0.00038600000000000006
3766,8.9625e-05
3767,0.0011499604
3768,0.0005664
3769,0.0010424227500000001
3770,0.0198360922
3771,0.0
3772,0.0
3773,1.7064e-05
3774,6.778e-05
3775,0.0003718
3776,0.0012827064
3777,0.0
3778,0.0011063618
3779,0.00041460000000000005
3780,0.0018666490000000002
3781,0.0
3782,0.0013874037999999998
3783,0.00024300000000000002
3784,0.0007610000000000001
3785,0.0009997464
3786,0.005152280399999999
3787,0.0
3788,0.0015082884
3789,0.0
3790,0.000936538
3791,0.0010160043999999997
3792,0.0045653000000000004
3793,0.000294
3794,0.0022882328
3795,0.0
3796,0.0
3797,0.0011513122
3798,0.0091113915
3799,0.0
3800,0.001723309
3801,0.0010668334
3802,0.0
3803,0.00011462999999999998
3804,0.0015833070000000002
3805,0.0100613916
3806,0.028183539799999997
3807,0.0005323333333333333
3808,0.0024356954
3809,0.00012722
3810,0.000655
3811,0.0003098
3812,0.0001425
3813,0.006561615599999999
3814,0.0014311226000000002
3815,0.0
3816,0.010516302
3817,0.0025481631999999996
3818,6.048e-05
3819,0.0479745224
3820,0.0
3821,0.0006201999999999999
3822,0.0044971666
3823,0.0006232
3824,0.0010481662
3825,0.0035944690000000003
3826,0.0094868148
3827,0.0020057183333333337
3828,0.00012024
3829,0.00567852
3830,0.0108608428
3831,0.003963689666666667
3832,6.472000000000002e-05
3833,0.003020494
3834,0.0
3835,0.0015082884
3836,0.0
3837,0.0
3838,0.0050172532
3839,0.0053354642
3840,0.0010351715999999999
3841,0.0
3842,0.001282869
3843,0.0
3844,0.0032147412
3845,0.001258408
3846,0.0006394
3847,0.0008474102000000001
3848,0.000386
3849,0.004387315399999999
3850,0.0014605498
3851,0.021074144400000005
3852,0.0
3853,0.009727859799999999
3854,0.0002366
3855,0.004746401
3856,0.0
3857,0.0002808
3858,0.0013132294
3859,0.00030683999999999996
3860,0.0015069645
3861,0.0
3862,0.0087196906
3863,0.0031574125999999994
3864,0.0046660441999999995
3865,0.0057099633999999995
3866,0.0
3867,0.143689546
3868,0.00025069999999999997
3869,0.0001922
3870,0.0021992442
3871,0.0035590274
3872,0.0
3873,0.0012513609999999999
3874,0.0
3875,0.0
3876,0.0013958276
3877,0.004743157600000001
3878,0.0012954755
3879,0.0
3880,0.0
3881,0.0
3882,2.0876e-05
3883,0.0
3884,0.0197598186
3885,0.026345783
3886,0.0038278934
3887,0.004358417666666667
3888,0.0002588
3889,0.003914016
3890,0.0
3891,0.0
3892,0.0
3893,0.00011679999999999999
3894,0.00036733999999999996
3895,0.022796859
3896,0.0
3897,0.0
3898,0.016577960600000004
3899,0.0945559732
3900,0.000165
3901,0.002849573
3902,0.0
3903,0.003704585
3904,0.0
3905,0.0013386542
3906,0.0
3907,0.0
3908,0.0012086644
3909,0.003231835
3910,0.0
3911,0.0
3912,0.00281878125
3913,0.0
3914,0.0
3915,0.0080890364
3916,0.0107314916
3917,0.0027073643999999996
3918,0.0010358498
3919,0.021519549000000002
3920,0.0019718768
3921,0.00018350000000000002
3922,0.001941892
3923,0.0
3924,0.0057226182
3925,0.0
3926,0.002715763
3927,0.0
3928,0.0
3929,0.0039725834
3930,0.0023960206
3931,6.5525e-05
3932,0.0024602008
3933,0.004458181
3934,0.0012312264
3935,9.575e-06
3936,0.0
3937,0.008739831600000001
3938,0.00034940000000000004
3939,0.005374308400000001
3940,0.0
3941,0.00019979999999999998
3942,0.0
3943,0.0095474358
3944,0.001423696
3945,0.0
3946,0.0019414374000000002
3947,0.0006316000000000001
3948,0.219386568
3949,0.0026663038
3950,0.00049025
3951,0.0592101615
3952,0.0
3953,3.9e-05
3954,0.0046182616
3955,0.000295
3956,0.0
3957,0.0013258369999999998
3958,0.0
3959,0.0
3960,0.008962306399999998
3961,0.0083569128
3962,0.00046540000000000004
3963,0.005361540400000001
3964,0.0
3965,0.0
3966,0.0003494
3967,0.012689371200000002
3968,0.0120485482
3969,0.0025031480000000006
3970,0.0031105985999999993
3971,0.0104430216
3972,0.0089612466
3973,0.0015760193999999998
3974,0.007578420399999999
3975,0.0013324772
3976,0.0145084194
3977,0.0001142
3978,0.0009480906
3979,0.0021869066
3980,0.0015321136666666668
3981,0.0013107436
3982,0.0
3983,0.0045891314999999995
3984,0.004613260666666666
3985,0.0012026254
3986,0.0
3987,0.00140228675
3988,0.003323201
3989,0.0104111886
3990,0.00140228675
3991,0.15158098
3992,0.012607545199999997
3993,0.015056142599999999
3994,0.0029488156000000002
3995,0.012476793
3996,0.0
3997,3.27e-05
3998,0.000225
3999,0.005522028
4000,0.0
4001,0.0013329258
4002,0.0010051387999999999
4003,0.0033429424
4004,0.000195
4005,0.000252
4006,0.0015446560000000002
4007,0.0737566016
4008,0.0013258369999999998
4009,0.0
4010,0.0
4011,0.000677517
4012,0.0
4013,0.009880193
4014,0.0
4015,0.0
4016,0.0
4017,5.092e-06
4018,0.000228
4019,0.00140228675
4020,6.038e-05
4021,0.0014156238
4022,0.005270552
4023,0.000862
4024,0.0030937716
4025,0.0038273559999999996
4026,0.00031378
4027,0.004100355
4028,2.294e-05
4029,0.0
4030,0.0006714
4031,0.0019092904
4032,0.0
4033,0.022409802
4034,0.0
4035,0.0011766654
4036,0.0004686
4037,0.0014853569999999999
4038,0.0009287256
4039,0.0
4040,0.0011283104
4041,0.0013514102
4042,0.0
4043,0.0591607432
4044,0.00318453425
4045,0.000628
4046,0.00017368
4047,0.0010961526
4048,0.0404038812
4049,0.006598913
4050,0.0
4051,0.0
4052,0.0021878972
4053,0.0010370554
4054,0.07163869925
4055,0.0
4056,0.0004895
4057,7.95e-07
4058,0.0
4059,0.0
4060,0.0013596984
4061,0.003052846
4062,0.0028844866000000005
4063,0.0018541054000000001
4064,0.0
4065,0.0014158404
4066,0.0
4067,0.0052887564
4068,0.047375676
4069,0.0
4070,0.0036157312000000006
4071,0.0019092904
4072,0.00011437499999999999
4073,0.0003742
4074,0.0038430252
4075,0.002576612
4076,0.0042563235999999996
4077,0.00010604000000000002
4078,0.0040605246000000005
4079,0.0
4080,0.000321
4081,3.2539999999999997e-06
4082,0.005428685800000001
4083,0.00045520000000000006
4084,0.0019095734
4085,0.0031158147999999996
4086,0.002397888
4087,0.0006793999999999999
4088,0.0
4089,0.011455646199999999
4090,0.005893852599999999
4091,0.00129252025
4092,0.006531875800000001
4093,0.0003833504
4094,0.0058879164
4095,0.0019092904
4096,0.0096448952
4097,0.000271
4098,0.00119811
4099,0.0048756145
4100,0.0
4101,0.000937367
4102,0.00477678375
4103,0.02458367
4104,0.00020219999999999998
4105,0.00031840000000000004
4106,0.0033078586
4107,0.0159034278
4108,0.002365032
4109,0.00018766666666666668
4110,0.0003366
4111,0.0046734802
4112,0.0026754605000000003
4113,0.0005600000000000001
4114,0.0
4115,0.0014102478
4116,0.0013349120000000002
4117,0.007573367400000001
4118,0.0006906
4119,0.001723309
4120,0.00034020000000000003
4121,0.0012421412
4122,0.0005704
4123,0.006666966250000001
4124,0.0017790962
4125,0.00052754
4126,3.680000000000001e-05
4127,0.0006000000000000001
4128,0.00038674999999999994
4129,0.0
4130,0.0031980626
4131,0.00036740000000000004
4132,0.0023806712000000005
4133,0.0023110530000000004
4134,0.0019148096
4135,0.0
4136,0.0
4137,0.0017121789999999999
4138,0.0015057235999999998
4139,0.00502437675
4140,0.0071932388
4141,0.0
4142,0.0135906786
4143,0.0
4144,7.175e-05
4145,0.00109517075
4146,0.0012344048
4147,0.0108010558
4148,0.0
4149,0.0018078413333333333
4150,3.646e-05
4151,0.000291
4152,0.0
4153,0.034729277
4154,0.0047773064
4155,0.005482232999999999
4156,0.0031874145999999997
4157,0.0019313942
4158,0.0013675288
4159,0.0
4160,0.0
4161,0.020607719400000002
4162,7.303333333333334e-05
4163,0.0013670477999999998
4164,0.0005252
4165,0.0
4166,0.005119724
4167,0.0
4168,0.0004772
4169,0.0
4170,0.0
4171,0.0012468202
4172,0.016860886400000004
4173,0.0023628762499999997
4174,0.0
4175,0.0
4176,0.0
4177,0.0031980626
4178,0.0
4179,0.0
4180,0.0050393408
4181,2.06e-05
4182,0.000787488
4183,0.0007836638
4184,0.007331314
4185,0.0008474102000000001
4186,0.0013258369999999998
4187,0.0077208504000000015
4188,0.0005486
4189,0.0062402316
4190,0.002245589
4191,0.0
4192,0.0
4193,0.0
4194,0.0
4195,0.0002698
4196,0.00041199999999999993
4197,0.005048294
4198,0.0019092904
4199,0.0003134
4200,0.00017566666666666666
4201,0.00042500000000000003
4202,0.0010712056000000002
4203,0.00013934
4204,7.558e-05
4205,0.0119162394
4206,0.0014409964
4207,0.0013916722500000001
4208,0.0
4209,0.00497658175
4210,0.0
4211,0.0
4212,0.000391134
4213,0.0013988836
4214,0.0009357022000000001
4215,0.000919068
4216,0.0
4217,7.268e-05
4218,0.00031902
4219,0.0052437512
4220,0.0010655086000000002
4221,9.532e-06
4222,0.001342629
4223,0.0008058
4224,0.0091465872
4225,0.048494835800000004
4226,0.0069167378
4227,0.0002074
4228,0.0
4229,0.00217918925
4230,0.0013729716
4231,2.4439999999999996e-05
4232,0.0013670477999999998
4233,7.94e-05
4234,0.0062233670000000005
4235,0.001313775
4236,0.0014561227999999999
4237,0.0
4238,0.0006713719999999999
4239,0.00015555999999999998
4240,8.1574e-05
4241,0.0060565148
4242,0.0
4243,0.0014237962
4244,0.0003625
4245,0.0009329124
4246,0.0023806712000000005
4247,0.0010618422
4248,0.0214887122
4249,0.0018970428
4250,0.007474189999999999
4251,0.0
4252,0.00020240000000000001
4253,0.011160910199999999
4254,0.00027044
4255,0.0
4256,2.0879999999999997e-05
4257,0.0005964000000000001
4258,0.0008621682
4259,0.0013576814999999999
4260,0.0025168798
4261,0.004188584
4262,0.0014274472000000002
4263,0.00035140000000000003
4264,0.0111705476
4265,0.0019092904
4266,0.0
4267,0.0013729716
4268,0.0
4269,0.0010854445999999998
4270,0.0
4271,0.0028000585999999996
4272,0.0013571106
4273,0.00012762999999999997
4274,0.004803661999999999
4275,0.0
4276,0.00014499999999999997
4277,0.05992331520000001
4278,0.0019359666
4279,0.0005263399999999999
4280,0.00046525000000000006
4281,0.003233116
4282,0.0009768275
4283,0.0
4284,0.005527845200000001
4285,0.0
4286,0.0106527574
4287,0.019214074499999997
4288,0.0
4289,0.0
4290,0.0004824
4291,3.0299599999999997e-05
4292,0.006094323800000001
4293,0.0018917647999999998
4294,0.00019335999999999998
4295,0.0007957976
4296,0.0009447184000000001
4297,0.0004194
4298,8.794e-05
4299,0.0077678202
4300,0.0035964392
4301,0.0013132294
4302,0.0008043623999999999
4303,0.00020125
4304,0.068614322
4305,0.013825328199999997
4306,4.9819999999999994e-05
4307,0.0
4308,0.0
4309,0.0
4310,0.000155742
4311,0.0
4312,0.0010788318
4313,0.0
4314,0.0009689999999999999
4315,0.0037587486000000003
4316,0.008312529
4317,0.0015082884
4318,0.0084853012
4319,0.00028455
4320,0.0002084
4321,0.0
4322,0.0
4323,0.005871150800000001
4324,0.0013132294
4325,0.001723309
4326,7.282e-05
4327,0.0
4328,0.00039000000000000005
4329,0.0003634
4330,0.0019092904
4331,0.0011308208
4332,0.0022193188
4333,0.0
4334,0.0
4335,0.0
4336,0.0006342
4337,0.0020143565999999995
4338,0.030298019
4339,0.0012394188
4340,0.0010061202
4341,0.00024900000000000004
4342,0.0
4343,0.007537506500000001
4344,1.7118e-05
4345,0.0
4346,0.006950647
4347,0.0028509048000000003
4348,0.000161
4349,0.002867596
4350,0.0022885582
4351,0.001749188
4352,0.018246625600000003
4353,0.020372862999999998
4354,0.0007136000000000001
4355,0.0
4356,0.0023769323333333336
4357,0.040053545999999995
4358,0.0011058415
4359,0.0039036076
4360,0.0
4361,4.19e-05
4362,0.026725043599999998
4363,0.0013670477999999998
4364,0.0
4365,0.004554657
4366,0.012034695600000003
4367,0.0027221051999999995
4368,0.0
4369,0.0006516842
4370,0.0
4371,0.0
4372,0.00016299999999999998
4373,0.0085731492
4374,0.0
4375,0.0
4376,0.032495454599999994
4377,5.879999999999999e-05
4378,0.0
4379,0.0015167956000000002
4380,0.0009595142000000001
4381,0.0007423333333333332
4382,0.0004686
4383,0.0013421226
4384,0.011554176
4385,0.0027496608
4386,0.005008949800000001
4387,0.0012849240000000002
4388,0.0
4389,0.0035562683999999997
4390,0.0
4391,0.00019259999999999997
4392,0.0
4393,0.0022263348000000002
4394,0.0
4395,0.0
4396,0.005389754399999999
4397,0.0002592
4398,7.144000000000001e-05
4399,0.0002302
4400,0.0029533966000000003
4401,0.0048246671999999996
4402,0.0005296000000000001
4403,0.0289820366
4404,0.0003994
4405,0.0026469379999999997
4406,0.003925013999999999
4407,0.0
4408,0.002075482
4409,0.0085615726
4410,0.00011224
4411,0.0011603306
4412,0.00012166666666666667
4413,0.00036600000000000006
4414,0.00047479999999999994
4415,0.0003024
4416,0.0091244616
4417,0.0019129129999999998
4418,0.0
4419,0.0025053876666666663
4420,0.0008549830000000001
4421,0.0809165156
4422,0.0
4423,0.004828125333333333
4424,0.0022549861999999997
4425,0.0
4426,0.0037081980000000002
4427,0.00020009750000000003
4428,0.0
4429,0.0016776986
4430,0.00010770999999999998
4431,1.7064e-05
4432,0.0019092904
4433,0.000778068
4434,0.0
4435,0.0039369826000000005
4436,0.0024422364
4437,0.0100568628
4438,0.0009961184
4439,0.051759027400000004
4440,0.005421785399999999
4441,0.0010361857999999999
4442,0.0009018
4443,0.00023899999999999998
4444,0.00029141999999999997
4445,0.0007419999999999999
4446,0.0007746
4447,0.0036896826
4448,0.0011973845
4449,0.00016439999999999998
4450,0.0060074566
4451,0.0
4452,0.0006776666666666667
4453,0.0016082836
4454,0.0190041504
4455,0.00036492
4456,0.0
4457,0.0013458694
4458,0.0013670477999999998
4459,0.00011715999999999998
4460,0.003860993
4461,0.0006850000000000001
4462,9.043333333333334e-06
4463,0.0015082884
4464,0.006146567
4465,0.0036316238
4466,0.00019734
4467,0.001382258
4468,0.0
4469,0.0013132294
4470,0.00012172
4471,0.0073203512
4472,0.0020088184
4473,0.0
4474,0.053329174
4475,0.0
4476,0.001308812
4477,0.0
4478,0.0038069222
4479,0.0008058092
4480,0.00043960000000000006
4481,0.006415307800000001
4482,0.004082639399999999
4483,0.0015082884
4484,0.0
4485,7.01e-05
4486,0.00011883333333333333
4487,0.011669271666666666
4488,0.0016342618
4489,0.0
4490,0.0006806000000000001
4491,0.0031967049999999998
4492,0.000319
4493,0.0
4494,0.0
4495,0.0019092904
4496,0.001998117
4497,0.0106824516
4498,0.0
4499,0.0020231922
4500,4.544e-05
4501,0.0
4502,0.0230770434
4503,2.02e-05
4504,0.0010554802
4505,0.0045081546
4506,0.0034441978
4507,0.0
4508,0.0017019796
4509,0.007672786400000001
4510,0.0074737004
4511,0.0
4512,0.0
4513,0.001305
4514,0.0
4515,0.0013695323333333335
4516,0.0006172
4517,4.902e-05
4518,0.0
4519,0.0089730298
4520,0.0023806712000000005
4521,0.0006382
4522,0.0014902324
4523,0.0
4524,0.008276374999999999
4525,0.00029924
4526,0.0274024636
4527,0.00227745675
4528,0.0
4529,0.0
4530,0.004309266
4531,0.0011303955
4532,0.0017148282000000001
4533,0.0175445612
4534,2.38e-05
4535,0.0016104000000000001
4536,0.005386982199999999
4537,0.0003358
4538,0.004319088399999999
4539,0.00196307225
4540,0.0029933950000000003
4541,0.0100661008
4542,0.0025098754
4543,0.00011755999999999999
4544,0.0910702908
4545,0.0060997946
4546,0.0029507368
4547,0.0
4548,0.0083274562
4549,0.0005395150000000001
4550,0.027750664600000002
4551,0.0017240200000000002
4552,0.0010696504999999999
4553,0.0
4554,0.0009192997999999999
4555,0.00061775
4556,0.0
4557,5.125e-05
4558,0.0
4559,0.007062482000000001
4560,0.0005156
4561,0.0001284
4562,0.0079114155
4563,0.019142032
4564,0.0
4565,0.008911116
4566,0.0014688445000000001
4567,0.0373250866
4568,3.9720000000000004e-07
4569,6.439600000000001e-05
4570,0.00015498
4571,8.196e-05
4572,0.0030286394
4573,0.003284892
4574,9.082e-05
4575,0.0011303955
4576,0.0
4577,0.003029323
4578,0.005113408000000001
4579,0.0
4580,0.00037
4581,0.003525164
4582,0.0018073177999999995
4583,0.0
4584,0.0038210614999999995
4585,0.0073477294
4586,0.0
4587,0.0006762000000000001
4588,0.0013689383333333335
4589,0.00112215
4590,0.0054030905999999995
4591,1.668e-05
4592,0.004204932749999999
4593,0.0016060967999999998
4594,0.0028934375
4595,0.0009447184000000001
4596,0.127673055
4597,0.0
4598,0.0
4599,0.0025841834
4600,0.012871693333333331
4601,8.465999999999999e-05
4602,0.0015962505999999998
4603,0.00012925
4604,0.0010105986000000001
4605,0.0093273476
4606,0.0
4607,0.0
4608,0.0
4609,0.0
4610,0.0020712835
4611,0.000149
4612,0.0
4613,0.0142889766
4614,0.010712652999999999
4615,0.00028379999999999996
4616,0.0
4617,0.0007416666666666666
4618,0.005509496599999999
4619,0.0011303955
4620,0.0
4621,0.0
4622,0.0032432366000000002
4623,3.64e-06
4624,0.00018374
4625,0.015445837600000002
4626,0.00024900000000000004
4627,0.0316912264
4628,0.0018493148000000002
4629,0.0
4630,0.0010655086000000002
4631,0.004155569400000001
4632,0.0019841639999999996
4633,0.0
4634,0.0
4635,0.0011303955
4636,0.008151802199999999
4637,0.001307288
4638,0.0
4639,0.0014974645
4640,0.0
4641,0.001299366
4642,0.000276
4643,0.001766603
4644,0.0
4645,0.011508496000000002
4646,0.0009961416
4647,0.0
4648,0.000877464
4649,0.0019092904
4650,0.0027185048000000003
4651,0.0019092904
4652,0.0
4653,0.0010153617500000003
4654,0.0015318918
4655,0.0170289354
4656,0.0008770174
4657,0.0
4658,0.0024384391999999998
4659,0.0
4660,0.0015072856000000001
4661,0.0
4662,0.015295052600000001
4663,6.720000000000001e-05
4664,0.0036950732
4665,0.0
4666,0.0
4667,0.0
4668,0.0017934927999999999
4669,0.0003292
4670,0.0
4671,0.0327813886
4672,0.004033358333333334
4673,0.0
4674,1.215e-06
4675,0.0
4676,0.0009689999999999999
4677,0.001500475
4678,0.0029995138
4679,0.0011391994000000002
4680,0.004322107800000001
4681,0.0020809640000000003
4682,0.0
4683,0.010018220599999999
4684,0.0010095444
4685,0.0006318
4686,0.0014595864
4687,0.003717882
4688,1.05e-05
4689,0.0
4690,0.0
4691,0.0008650784
4692,0.0009291316666666666
4693,0.0
4694,0.0
4695,0.0
4696,0.0047719286
4697,0.0007926666666666667
4698,7.2094e-05
4699,0.0
4700,0.005684044399999999
4701,0.0010665854
4702,0.0010765730000000002
4703,0.0
4704,0.0002838
4705,1.5452e-05
4706,0.000337089
4707,0.011596032
4708,0.0010046166
4709,0.0065440488000000005
4710,0.055653033799999994
4711,0.0
4712,0.0063336882
4713,0.0051282561999999995
4714,0.0007790214
4715,0.00012105999999999998
4716,0.0018660586
4717,0.0069531131999999995
4718,0.0003466666666666666
4719,0.0073029157999999995
4720,0.0002974
4721,0.0009483898000000001
4722,0.0019561958000000003
4723,8.6825e-05
4724,0.000544
4725,0.006853948499999999
4726,0.0026788
4727,0.0013332098
4728,0.0
4729,0.0081865612
4730,0.0040250254
4731,6.809999999999999e-05
4732,0.0353525886
4733,0.17383031200000001
4734,0.0004512
4735,0.00041899999999999994
4736,0.0012471309999999998
4737,0.0
4738,0.0272638522
4739,0.0003178
4740,0.0011959143999999999
4741,0.0
4742,0.0027902908000000002
4743,0.00014266666666666667
4744,0.0010935522
4745,0.0039038232499999997
4746,0.0
4747,0.0008173682
4748,0.0151230785
4749,0.0023806712000000005
4750,0.0015006562
4751,0.00034960000000000004
4752,5.913999999999999e-05
4753,0.0003674
4754,0.0
4755,0.0160976936
4756,0.0
4757,0.00018318
4758,0.0008575326000000001
4759,0.000152
4760,0.0049779127999999995
4761,0.0019005398
4762,0.00174711025
4763,0.0030780502
4764,0.0036909004
4765,0.0033105692000000007
4766,0.0026978736
4767,0.0002646
4768,0.0
4769,0.002403356
4770,0.005356390800000001
4771,0.0008483406666666667
4772,0.0
4773,0.0
4774,0.130539446
4775,0.006239441
4776,0.00012318
4777,0.0
4778,0.0
4779,0.0013412625
4780,0.0013421226
4781,0.00022140000000000001
4782,0.0009595142000000001
4783,0.0
4784,0.0040386872
4785,0.0013954199999999999
4786,0.00022300000000000003
4787,0.0
4788,0.0
4789,0.0025834674
4790,0.001293972
4791,0.00024046666666666667
4792,0.0
4793,0.0009622148
4794,0.0127056944
4795,4.7419999999999997e-05
4796,0.00011252500000000001
4797,0.0
4798,0.0016998614000000001
4799,7.55e-05
4800,0.0009851938000000001
4801,0.013291502799999999
4802,0.0060509746
4803,0.026465902800000003
4804,0.0
4805,0.0018496093999999998
4806,0.004995713000000001
4807,0.0001452
4808,0.022892162999999997
4809,6.3250000000000004e-06
4810,0.0011540026
4811,0.0
4812,0.0
4813,0.0
4814,0.0
4815,0.006725551199999999
4816,0.0026195246
4817,0.0057239354000000004
4818,0.0292165772
4819,0.00011020000000000001
4820,3.64e-06
4821,0.0
4822,0.0022439993999999997
4823,0.0
4824,0.0095938096
4825,0.0063819396
4826,0.0096910768
4827,0.0041534336
4828,0.0052237455999999995
4829,0.0
4830,0.005231800600000001
4831,0.0013485906000000002
4832,0.0003953502
4833,0.000493
4834,0.0
4835,0.0037910122
4836,0.0039076148
4837,2.4999999999999998e-05
4838,0.0
4839,0.0054513884
4840,0.00049025
4841,0.0065079158
4842,0.00038250000000000003
4843,0.0
4844,0.0
4845,0.0080937642
4846,0.0002902
4847,0.0
4848,0.016215169800000002
4849,0.0027894688
4850,0.0040718702
4851,0.005296321600000001
4852,0.0
4853,0.0
4854,0.000877464
4855,0.0001965
4856,0.000652871
4857,0.0
4858,0.0036212400000000004
4859,6.426e-07
4860,0.0050360480000000004
4861,0.0024135975999999997
4862,0.0
4863,1.2340000000000002e-05
4864,0.0
4865,0.0026312905
4866,0.0
4867,0.03678010300000001
4868,0.0009065488
4869,0.002187635
4870,0.0001896
4871,0.0036512628
4872,0.000851855
4873,0.0457717158
4874,0.007420028600000001
4875,0.0068188274
4876,0.011103304666666668
4877,0.0
4878,0.000754
4879,0.0262251208
4880,0.003052178
4881,0.002001622
4882,0.0
4883,0.0
4884,0.0
4885,0.0005704
4886,0.0005960000000000001
4887,0.0008179732
4888,0.0008795255999999999
4889,0.0011106816
4890,0.0
4891,0.00010889999999999999
4892,0.0020542168
4893,0.0011303955
4894,0.054733128799999996
4895,3.698e-05
4896,0.015216484800000003
4897,0.0
4898,0.0
4899,0.00042960000000000003
4900,0.004874921
4901,0.000719
4902,2.1000000000000002e-05
4903,9.008e-05
4904,0.0053705843333333335
4905,0.000138
4906,0.008748586800000001
4907,0.003071283
4908,0.0014461256666666667
4909,0.0
4910,0.0
4911,0.0
4912,0.0002784
4913,0.0067113098
4914,0.007590968000000001
4915,0.007077575399999999
4916,0.0
4917,0.0
4918,0.021977294
4919,0.041127771800000004
4920,0.001147979
4921,0.0
4922,0.0
4923,0.0011969315999999998
4924,0.0014198403333333333
4925,0.0100559542
4926,0.004507393199999999
4927,0.0023450570000000002
4928,0.0011100951999999998
4929,0.0
4930,0.001189462
4931,0.001181204
4932,0.004986401600000001
4933,0.0
4934,0.0
4935,0.0034998242
4936,0.0
4937,0.00030827999999999997
4938,0.0
4939,0.0008139140000000001
4940,0.000839
4941,0.023511570199999998
4942,0.0
4943,0.0
4944,0.0
4945,0.000533152
4946,0.19182215
4947,0.0274778354
4948,0.0051230092
4949,0.0030159582
4950,0.0
4951,7.146e-05
4952,0.002315157
4953,0.0128243992
4954,0.0006079861999999999
4955,0.000173
4956,0.0039206776
4957,0.0
4958,0.0044031924
4959,0.000101
4960,0.0033121580000000004
4961,0.0
4962,0.001293327
4963,0.0
4964,0.0032509812
4965,0.0343450222
4966,0.0053506978
4967,0.0003638
4968,0.0015941652
4969,0.0029507368
4970,0.0009607003999999999
4971,0.0019717924
4972,0.0005902
4973,0.00117084
4974,0.0060815554
4975,0.0025751240000000002
4976,0.000695
4977,0.00109773
4978,7.8e-06
4979,0.0059912205
4980,0.0
4981,0.0
4982,5.6760000000000005e-05
4983,0.0
4984,4.7419999999999997e-05
4985,0.005397938200000001
4986,0.007020351200000001
4987,2.0566666666666664e-05
4988,0.0115787902
4989,0.0002056666666666667
4990,0.0
4991,0.00056175
4992,0.0005518
4993,0.00025745
4994,0.0007535999999999999
4995,0.0004032
4996,0.0021778350000000004
4997,0.004339440599999999
4998,0.0010716974
4999,0.00104871
5000,0.0005246000000000001
5001,0.017911286199999998
5002,0.0161676846
5003,0.0029051324
5004,0.0098274148
5005,3.438e-05
5006,0.0
5007,0.0015129689999999999
5008,0.0
5009,3.27e-05
5010,0.0
5011,0.0025770108000000005
5012,0.00100075
5013,0.0018199000000000002
5014,0.0021783686
5015,0.0029711413999999998
5016,0.002575638
5017,0.015218839200000004
5018,0.0058663152000000005
5019,0.0464436246
5020,0.0130144658
5021,0.0040439078
5022,0.0
5023,0.0
5024,0.0037478057999999993
5025,0.0
5026,0.0078051144
5027,0.008545823599999999
5028,0.0031673008000000003
5029,0.0007297736000000001
5030,7.01e-05
5031,0.0026297576
5032,0.0
5033,0.0022202535999999995
5034,3.8514e-05
5035,0.0008449999999999999
5036,0.00140228675
5037,0.0019489093333333333
5038,0.0006613446
5039,0.0
5040,0.00310367
5041,0.0015989510000000001
5042,0.0
5043,0.0
5044,0.013890808600000002
5045,0.0
5046,0.0043433698
5047,0.0199547188
5048,0.016148364399999997
5049,0.0
5050,0.00141020125
5051,0.0
5052,1.182e-05
5053,0.010018662
5054,0.0
5055,0.0014949636
5056,0.00242648
5057,0.0087924438
5058,0.0
5059,0.00923503
5060,0.0093223778
5061,0.0015706792
5062,0.0006406268000000001
5063,0.0027336253999999996
5064,0.001556244
5065,0.0033780145
5066,0.0071646996
5067,7.095999999999998e-05
5068,0.0157969824
5069,0.0026004122499999997
5070,0.0007963999999999998
5071,0.0034022739999999994
5072,0.007567336799999999
5073,1.5675e-05
5074,0.0003674
5075,0.0158116946
5076,0.0019100015999999997
5077,0.0003972
5078,0.0108771822
5079,0.0
5080,0.00546951
5081,0.0
5082,0.0016086331999999998
5083,0.0079120214
5084,0.0019736506
5085,0.0011455646
5086,0.0037230597999999998
5087,0.00515248625
5088,0.00243475225
5089,0.00010975
5090,0.0015578011999999998
5091,0.00030500000000000004
5092,0.0
