,LAC
0,0.0
1,0.0
2,0.75
3,0.0
4,0.0
5,0.0
6,0.0
7,0.0
8,0.0
9,2.54
10,0.0
11,0.0
12,0.0
13,0.89714288
14,0.0
15,0.0
16,1.05714288
17,0.0
18,0.0
19,0.0
20,1.0857143
21,0.0
22,0.46666668
23,0.08
24,0.0
25,1.4266667
26,0.0
27,0.0
28,0.4
29,0.0
30,0.0
31,1.0
32,0.0
33,0.733333336
34,0.0
35,0.0
36,2.90947368
37,0.0
38,0.0
39,0.0
40,0.82424246
41,0.3
42,0.0
43,0.9400000000000001
44,0.68440712
45,0.0
46,7.097923939999999
47,0.0
48,0.726739952
49,0.0
50,0.0
51,0.0
52,0.0
53,0.0
54,2.08
55,0.0
56,0.0
57,0.0
58,0.0
59,0.0
60,0.0
61,0.0
62,0.0
63,0.0
64,0.0
65,0.0
66,0.0
67,1.0
68,2.5714286399999997
69,2.8690908799999995
70,0.5714286
71,1.2
72,0.3957265039999999
73,0.12000000000000002
74,0.4800000000000001
75,0.0
76,0.49493760399999986
77,0.61428572
78,0.0
79,0.0
80,1.92
81,0.0
82,0.0
83,0.0
84,0.0
85,0.0
86,0.0
87,0.0
88,0.0
89,0.0
90,0.0
91,0.0
92,0.0
93,2.6399999999999997
94,0.0
95,0.0
96,0.0
97,2.9866667000000002
98,1.06
99,0.15
100,0.0
101,0.0
102,0.0
103,0.0
104,1.18219464
105,0.916666675
106,0.0
107,0.0
108,0.0
109,0.0
110,0.0
111,1.4545454599999998
112,0.0
113,1.25
114,1.69189508
115,0.0
116,0.0
117,0.0
118,0.0
119,0.0
120,0.0
121,0.0
122,1.4000000400000001
123,0.0
124,1.14666668
125,0.0
126,1.20779222
127,0.40000001999999996
128,0.6666667
129,0.0
130,0.0
131,0.0
132,0.0
133,0.7
134,1.0
135,0.0
136,0.266666668
137,0.4
138,0.0
139,0.0
140,0.0
141,0.0
142,0.0
143,0.0
144,0.0
145,0.0
146,0.0
147,0.0
148,0.0
149,0.0
150,1.3333334
151,0.0
152,0.0
153,0.86666668
154,0.0
155,0.0
156,0.0
157,0.5
158,0.0
159,0.0
160,0.0
161,4.0714284
162,0.763809524
163,0.0
164,0.32
165,0.0
166,0.2
167,0.0
168,0.0
169,2.0914285999999995
170,0.0
171,0.0
172,0.0
173,0.0
174,0.7777778000000001
175,0.0
176,0.0
177,0.0
178,0.0
179,0.422377624
180,0.26428572
181,0.388585882
182,0.23888888800000002
183,0.0
184,0.0
185,0.0
186,0.0
187,0.0
188,0.0
189,0.0
190,0.0
191,0.0
192,0.0
193,0.0
194,0.0
195,0.0
196,0.0
197,0.0
198,0.0
199,0.0
200,0.778852176
201,0.42793651599999993
202,0.29343860200000005
203,0.910066188
204,0.0
205,0.0
206,0.0
207,1.3333334
208,0.56666668
209,0.0
210,0.0
211,0.0
212,0.0
213,0.0
214,1.4285715
215,0.0
216,0.0
217,0.0
218,0.0
219,0.0
220,0.0
221,0.0
222,0.0
223,0.5800000000000001
224,0.0
225,0.7333333400000001
226,0.0
227,0.0
228,0.0
229,0.0
230,1.5393407200000002
231,0.0
232,0.6800000199999999
233,0.0
234,0.0
235,0.33333335
236,3.5571428
237,0.0
238,0.0
239,0.0
240,2.3
241,0.0
242,0.0
243,0.0
244,0.737549032
245,0.0
246,0.0
247,0.0
248,0.0
249,0.0
250,0.0
251,0.0
252,4.275
253,0.0
254,3.78990364
255,0.0
256,1.3
257,0.0
258,0.0
259,0.0
260,3.18888886
261,0.9482517500000001
262,0.0
263,0.0
264,0.0
265,1.5
266,0.0
267,0.0
268,0.876190488
269,0.0
270,0.0
271,0.0
272,0.0
273,0.0
274,1.19608394
275,1.60303028
276,0.0
277,1.95598082
278,0.26428572
279,0.8852525279999999
280,0.0
281,0.0
282,2.1082579
283,0.0
284,0.0
285,0.0
286,0.304761916
287,0.0
288,0.0
289,0.0
290,0.0
291,3.6266666800000005
292,0.0
293,0.0
294,0.0
295,0.5714286
296,0.0
297,0.0
298,0.0
299,0.5782040159999999
300,0.0
301,0.0
302,0.36484849
303,0.0
304,0.0
305,0.21428571999999999
306,0.0
307,0.8470995859999999
308,0.386666668
309,0.3
310,0.0
311,0.0
312,1.0
313,0.0
314,6.1100002
315,0.378181822
316,0.0
317,0.0
318,0.0
319,0.0
320,0.0
321,3.8030959600000003
322,3.5623932600000003
323,0.0
324,2.0
325,0.0
326,0.0
327,1.0877192666666666
328,0.74312908
329,0.0
330,0.0
331,0.0
332,0.0
333,0.0
334,0.0
335,0.0
336,0.0
337,0.0
338,1.32857148
339,0.8
340,0.0
341,0.0
342,2.11764704
343,0.93333336
344,0.0
345,0.0
346,0.0
347,0.0
348,0.0
349,1.53333332
350,0.0
351,0.0
352,0.0
353,0.0
354,1.7
355,0.0
356,0.0
357,3.9733333199999996
358,0.0
359,0.2
360,0.0
361,0.0
362,3.07619044
363,0.0
364,0.8901802679999999
365,0.0
366,2.3
367,0.0
368,0.0
369,0.0
370,0.0
371,0.0
372,0.0
373,0.34666667199999995
374,0.0
375,0.0
376,0.0
377,0.0
378,0.0
379,0.67643495
380,0.0
381,0.0
382,0.0
383,0.0
384,0.0
385,0.0
386,1.0
387,0.0
388,0.0
389,0.0
390,0.0
391,0.0
392,0.56666668
393,0.0
394,0.0
395,0.0
396,0.13333334
397,0.0
398,0.0
399,0.0
400,0.0
401,0.0
402,0.0
403,0.0
404,0.0
405,1.8098039200000002
406,0.0
407,4.51034482
408,0.0
409,0.0
410,0.0
411,0.84333334
412,0.0
413,5.3149946
414,0.501111124
415,0.0
416,0.0
417,4.6666667
418,0.33333334
419,0.0
420,0.0
421,0.0
422,0.27999999999999997
423,0.0
424,0.0
425,1.5
426,0.0
427,0.32564103
428,0.0
429,1.3082251599999999
430,0.0
431,0.90909092
432,1.85
433,0.0
434,0.0
435,0.0
436,2.88333338
437,0.0
438,0.0
439,0.0
440,2.0
441,0.0
442,0.0
443,0.0
444,0.0
445,0.71428574
446,1.25692308
447,1.9799081199999997
448,0.0
449,0.34666667999999995
450,0.0
451,0.0
452,1.2
453,0.0
454,0.0
455,0.0
456,0.0
457,0.0
458,0.0
459,0.0
460,0.16
461,0.0
462,1.83238098
463,0.76
464,0.12444444400000002
465,0.0
466,0.0
467,0.0
468,0.0
469,0.0
470,0.0
471,1.8333333500000002
472,2.4615386000000004
473,0.0
474,0.08924163199999999
475,0.2
476,0.53333334
477,0.0
478,0.17142858
479,0.298607978
480,0.0
481,0.0
482,0.0
483,0.0
484,0.7623529600000001
485,0.0
486,0.2936508
487,0.0
488,0.0
489,0.0
490,0.0
491,0.0
492,0.0
493,0.0
494,0.0
495,0.0
496,0.0
497,0.0
498,1.7166666400000001
499,0.42000000000000004
500,0.0
501,0.0
502,0.0
503,4.368145200000001
504,0.0
505,0.0
506,0.7008612200000001
507,0.0
508,0.0
509,0.0
510,0.0
511,0.0
512,0.6666667
513,0.0
514,0.0
515,0.0
516,0.0
517,0.0
518,0.15384616
519,0.0
520,0.0
521,0.0
522,0.0
523,0.0
524,0.0
525,0.8000000199999999
526,0.0
527,0.0
528,0.0
529,0.0
530,0.0
531,0.0
532,0.16
533,0.0
534,0.5238095479999999
535,2.6285714
536,2.46753256
537,4.6714284
538,0.0
539,0.6
540,0.0
541,0.0
542,0.0
543,0.0
544,2.26428576
545,0.0
546,0.0
547,0.0
548,0.0
549,0.0
550,0.0
551,0.6666667
552,0.0
553,0.0
554,4.7021276
555,0.0
556,0.0
557,0.0
558,0.6
559,0.0
560,0.2
561,0.0
562,0.0
563,0.0
564,2.88
565,0.96
566,0.0
567,0.0
568,0.59523811
569,0.0
570,1.4285715
571,0.6666667
572,0.0
573,1.042424192
574,0.0
575,0.0
576,2.16
577,0.0
578,0.8266666999999999
579,1.8109091399999997
580,0.0
581,0.08
582,0.0
583,0.0
584,0.0
585,0.0
586,0.0
587,0.0
588,0.0
589,0.0
590,0.0
591,0.0
592,1.0962770880000001
593,2.0333333
594,0.0
595,5.062121299999999
596,0.735714294
597,4.0
598,4.104762020000001
599,0.0
600,0.0
601,0.27603174799999997
602,3.63657136
603,3.09333332
604,0.0
605,0.5740873219999999
606,2.0
607,0.0
608,0.0
609,0.0
610,0.0
611,0.0
612,0.0
613,0.0
614,0.9995073800000001
615,1.8
616,1.66731828
617,4.46666682
618,0.0
619,0.0
620,0.0
621,0.0
622,0.0
623,2.3045113200000005
624,1.1501075000000003
625,0.0
626,0.0
627,0.0
628,0.0
629,0.70084069
630,0.0
631,0.0
632,0.6428571599999999
633,0.0
634,0.0
635,0.0
636,0.0
637,0.0
638,0.0
639,0.88739007
640,2.5428571800000004
641,0.0
642,0.0
643,0.0
644,0.0
645,0.638095254
646,0.0
647,0.0
648,0.0
649,0.0
650,0.0
651,0.0
652,0.0
653,0.9066666800000001
654,0.0
655,1.88111112
656,1.9
657,0.0
658,0.0
659,0.0
660,0.0
661,0.0
662,1.0
663,0.0
664,0.0
665,5.066666700000001
666,0.6666667
667,0.0
668,0.0
669,0.0
670,1.0
671,0.0
672,0.0
673,0.0
674,0.0
675,0.0
676,2.31428574
677,0.0
678,0.0
679,0.192184384
680,1.0
681,0.0
682,0.0
683,0.0
684,0.0
685,1.0095238679999998
686,0.0
687,5.714286
688,0.0
689,0.0
690,0.0
691,0.0
692,1.72923076
693,0.6458204399999999
694,0.0
695,0.0
696,0.0
697,0.0
698,0.0
699,0.0
700,0.0
701,0.0
702,0.0
703,0.0
704,0.33333334
705,0.0
706,0.51746035
707,0.0
708,0.9820512880000001
709,0.0
710,0.0
711,0.0
712,0.13333334
713,1.5288462000000003
714,0.0
715,0.0
716,0.0
717,1.77285714
718,1.0
719,2.3
720,0.0
721,3.5200000000000005
722,0.0
723,0.183333332
724,1.20927837
725,0.0
726,0.0
727,0.0
728,0.7790909260000001
729,0.0
730,0.166666665
731,0.76
732,0.0
733,0.0
734,1.7225397199999999
735,0.0
736,0.0
737,0.0
738,0.0
739,0.0
740,0.0
741,0.46161616399999994
742,0.0
743,0.0
744,0.0
745,0.0
746,0.0
747,0.0
748,0.0
749,0.0
750,0.9400000000000001
751,0.0
752,0.0
753,1.2
754,0.0
755,0.0
756,0.5
757,0.0
758,0.0
759,0.0
760,0.0
761,0.0
762,0.0
763,0.0
764,0.0
765,0.0
766,0.78666668
767,1.27
768,1.1199999999999999
769,0.0
770,0.0
771,1.2941177
772,3.6495838000000007
773,0.0
774,0.0
775,0.8933333400000001
776,0.9400000000000001
777,0.0
778,0.0
779,0.46129871399999994
780,0.0
781,0.0
782,0.0
783,1.165000032
784,0.0
785,0.0
786,0.77333334
787,0.0
788,0.6428571525
789,0.0
790,0.0
791,0.0
792,0.0
793,0.0
794,0.60760123
795,0.0
796,0.0
797,0.0
798,0.0
799,0.0
800,0.0
801,0.0
802,1.59999996
803,0.0
804,0.11428572
805,0.0
806,0.0
807,0.0
808,0.0
809,0.56666668
810,0.0
811,0.0
812,1.20000004
813,0.0
814,0.0
815,0.0
816,0.0
817,0.66666668
818,0.0
819,0.0
820,0.0
821,2.14666666
822,0.1
823,0.0
824,0.0
825,0.0
826,0.197560724
827,1.51727274
828,0.0
829,0.0
830,0.0
831,0.0
832,0.0
833,0.0
834,0.0
835,0.0
836,1.5
837,0.0
838,0.0
839,0.0
840,0.0
841,0.866666668
842,0.6
843,0.0
844,0.0
845,6.425333400000001
846,0.0
847,0.85714287
848,0.0
849,0.0
850,0.0
851,0.0
852,0.0
853,0.0
854,0.133333336
855,0.0
856,0.0
857,0.0
858,0.28000000399999997
859,0.0
860,0.0
861,0.44000000000000006
862,0.0
863,0.0
864,2.00555556
865,0.0
866,1.06666668
867,0.0
868,0.0
869,0.0
870,2.40000002
871,0.380000004
872,1.2
873,0.0
874,0.0
875,0.0
876,0.0
877,0.582424252
878,0.0
879,0.0
880,0.0
881,3.47142864
882,0.0
883,0.57212122
884,0.0
885,0.0
886,0.0
887,0.0
888,0.0
889,0.304761916
890,0.0
891,0.0
892,0.0
893,0.0
894,4.4833333600000005
895,0.0
896,0.0
897,0.8
898,1.4119047999999998
899,0.0
900,0.0
901,0.0
902,1.1363636480000001
903,0.0
904,1.04
905,0.771428582
906,0.5
907,0.0
908,0.0
909,0.0
910,1.0
911,0.8928571739999999
912,0.0
913,0.0
914,0.0
915,0.55221447
916,0.304761916
917,0.0
918,3.8
919,0.19272727399999998
920,0.0
921,0.4
922,0.0
923,0.0
924,0.0
925,0.0
926,0.0
927,0.0
928,0.0
929,0.31021672
930,0.0
931,0.0
932,1.0
933,2.29336874
934,0.0
935,0.0
936,0.15714286
937,0.0
938,0.0
939,0.33333334
940,0.0
941,0.0
942,0.0
943,2.06745098
944,0.0
945,0.0
946,0.50666668
947,0.56666668
948,0.0
949,0.0
950,0.0
951,0.0
952,0.08888889333333333
953,1.6928571399999999
954,1.25142858
955,1.22934472
956,0.0
957,4.8946387
958,0.0
959,0.0
960,1.0045454600000001
961,1.011428582
962,0.8
963,0.0
964,0.0
965,0.53650795
966,0.0
967,2.4175824399999994
968,0.6999999600000001
969,0.0
970,0.0
971,0.0
972,1.19047625
973,0.523809548
974,0.0
975,0.0
976,0.0
977,0.0
978,0.0
979,0.0
980,0.0
981,1.0471795199999998
982,2.5612744999999997
983,0.51428572
984,0.0
985,0.0
986,1.8
987,0.0
988,0.0
989,1.3333334
990,0.76
991,4.55
992,0.0
993,0.0
994,1.8399999999999999
995,1.5
996,0.0
997,1.27624654
998,0.0
999,0.0
1000,0.0
1001,0.0
1002,0.0
1003,0.0
1004,0.0
1005,0.0
1006,0.73762847
1007,0.164141416
1008,0.0
1009,0.0
1010,0.0
1011,0.0
1012,0.0
1013,1.9999999800000001
1014,0.0
1015,0.0
1016,0.0
1017,0.0
1018,0.0
1019,0.08888889
1020,0.0
1021,0.0
1022,0.0
1023,0.0
1024,0.629059844
1025,0.0
1026,4.975
1027,0.0
1028,1.1648485000000002
1029,0.0
1030,0.3
1031,0.0
1032,0.0
1033,0.0
1034,0.0
1035,0.0
1036,0.0
1037,0.0
1038,0.0
1039,1.36666672
1040,0.0
1041,2.57777792
1042,0.0
1043,1.3214286000000002
1044,0.0
1045,7.3208656
1046,0.53333336
1047,0.0
1048,0.0
1049,0.0
1050,0.0
1051,2.9866666800000004
1052,1.2333333400000002
1053,1.0
1054,0.17465938199999997
1055,0.0
1056,0.0
1057,0.0
1058,0.0
1059,0.0
1060,0.0
1061,0.20423645599999998
1062,0.0
1063,0.40000001999999996
1064,0.0
1065,0.0
1066,0.0
1067,0.0
1068,2.03999998
1069,0.0
1070,0.0
1071,0.0
1072,0.0
1073,0.0
1074,2.9391654199999997
1075,0.0
1076,0.0
1077,2.48272726
1078,1.2520635
1079,0.0
1080,0.0
1081,0.0
1082,0.0
1083,0.0
1084,0.0
1085,0.0
1086,0.0
1087,0.0
1088,1.0
1089,0.0
1090,0.0
1091,0.0
1092,0.0
1093,0.0
1094,2.0813186200000002
1095,0.0
1096,2.3
1097,0.0
1098,0.0
1099,0.0
1100,1.0
1101,1.3333334
1102,1.08571432
1103,0.0
1104,0.0
1105,0.0
1106,0.304761916
1107,0.0
1108,0.0
1109,0.0
1110,0.0
1111,0.0
1112,0.0
1113,0.0
1114,2.40476198
1115,0.0
1116,0.0
1117,0.0
1118,0.6666667
1119,0.0
1120,0.0
1121,0.17260234
1122,0.0
1123,0.0
1124,0.0
1125,0.7333333599999999
1126,1.73333336
1127,2.1120625
1128,0.42857144399999997
1129,0.0
1130,0.09230769600000001
1131,0.0
1132,0.0
1133,0.0
1134,2.7454545799999996
1135,0.0
1136,0.0
1137,0.0
1138,0.0
1139,0.08
1140,1.0
1141,0.6
1142,0.0
1143,0.519076942
1144,0.0
1145,2.9524725
1146,0.0
1147,0.0
1148,0.0
1149,0.0
1150,0.0
1151,0.0
1152,0.0
1153,0.0
1154,5.5733331800000006
1155,0.0
1156,0.0
1157,0.25396826
1158,0.0
1159,0.0
1160,0.92571428
1161,0.0
1162,1.326190494
1163,0.0
1164,0.0
1165,0.0
1166,2.0044444400000003
1167,0.0
1168,0.0
1169,0.0
1170,4.582087100000001
1171,2.73333332
1172,0.0
1173,0.0
1174,0.0
1175,0.0
1176,0.0
1177,0.0
1178,0.0
1179,0.0
1180,1.3
1181,0.0
1182,0.0
1183,0.0
1184,0.0
1185,0.0
1186,0.53333336
1187,0.6355555679999999
1188,2.9000000200000002
1189,1.0
1190,4.56666666
1191,0.0
1192,0.071428575
1193,0.0
1194,0.0
1195,2.14945064
1196,0.0
1197,0.0
1198,1.75238096
1199,1.0933333399999998
1200,0.0
1201,0.0
1202,0.0
1203,0.0
1204,0.0
1205,4.0392855999999995
1206,0.0
1207,1.26666672
1208,0.25714286
1209,0.0
1210,0.0
1211,0.0
1212,0.0
1213,0.0
1214,0.0
1215,0.0
1216,1.24825398
1217,0.0
1218,0.0
1219,0.053333335999999995
1220,0.0
1221,0.0
1222,0.0
1223,0.0
1224,0.0
1225,0.0
1226,0.0
1227,0.0
1228,0.0
1229,0.09322638400000001
1230,0.0
1231,0.0
1232,0.0
1233,0.0
1234,0.0
1235,0.0
1236,0.0
1237,0.0
1238,0.0
1239,0.0
1240,0.0
1241,0.0
1242,0.0
1243,0.0
1244,0.0
1245,0.0
1246,1.0
1247,0.0
1248,0.0
1249,0.0
1250,0.0
1251,0.0
1252,0.0
1253,0.0
1254,0.0
1255,0.774026004
1256,0.0
1257,0.54545456
1258,0.0
1259,0.0
1260,0.0
1261,0.0
1262,0.0
1263,0.0
1264,0.0
1265,0.0
1266,0.0
1267,0.45999999999999996
1268,1.3333334
1269,0.37714286
1270,0.0
1271,2.9944444800000003
1272,0.0
1273,0.9199999999999999
1274,0.5
1275,0.0
1276,0.0
1277,0.0
1278,0.0
1279,0.52190478
1280,0.0
1281,0.0
1282,0.0
1283,0.0
1284,0.0
1285,0.46933067999999994
1286,1.0
1287,0.4000000000000001
1288,0.6666667
1289,0.4095238279999999
1290,0.0
1291,0.0
1292,0.0
1293,0.0
1294,0.0
1295,0.72
1296,3.1466667
1297,0.0
1298,0.0
1299,0.6
1300,0.066666668
1301,0.0
1302,0.0
1303,0.0
1304,0.0
1305,0.0
1306,0.0
1307,0.0
1308,0.0
1309,1.0
1310,0.0
1311,0.0
1312,0.26
1313,5.5828574
1314,0.0
1315,0.0
1316,0.866666696
1317,1.4285715
1318,0.0
1319,0.0
1320,2.0
1321,0.44000000000000006
1322,0.0
1323,0.0
1324,0.0
1325,0.0
1326,1.0
1327,0.0
1328,0.0
1329,0.0
1330,3.194444425
1331,1.46354184
1332,0.6666667
1333,1.6966666799999999
1334,0.0
1335,0.0
1336,0.0
1337,3.6307692400000002
1338,0.0
1339,0.0
1340,0.646428574
1341,1.00000004
1342,0.0
1343,0.0
1344,0.0
1345,0.0
1346,0.600000028
1347,0.5809523999999999
1348,0.0
1349,0.0
1350,0.0
1351,0.71636365
1352,0.0
1353,0.0
1354,0.0
1355,0.0
1356,0.0
1357,0.5
1358,0.0
1359,1.0
1360,0.0
1361,0.0
1362,0.0
1363,1.0
1364,0.0
1365,0.0
1366,0.0
1367,0.0
1368,0.0
1369,0.0
1370,0.0
1371,0.0
1372,3.42857134
1373,0.0
1374,0.0
1375,0.0
1376,0.0
1377,0.22666666800000002
1378,0.0
1379,0.0
1380,0.0
1381,0.0
1382,0.050726958
1383,3.01081078
1384,0.0
1385,0.0
1386,0.0
1387,0.0
1388,0.0
1389,0.0
1390,0.4
1391,0.0
1392,0.0
1393,0.6666667
1394,0.666666682
1395,0.0
1396,0.0
1397,0.0
1398,0.0
1399,0.8000000199999999
1400,0.180952388
1401,0.0
1402,0.0
1403,0.0
1404,0.304761916
1405,0.0
1406,0.69523812
1407,0.0
1408,0.7818181599999999
1409,0.36000000399999993
1410,1.32259438
1411,0.0
1412,0.76740742
1413,0.0
1414,0.0
1415,0.0
1416,0.37918769
1417,0.0
1418,0.0
1419,0.0
1420,0.0
1421,0.0
1422,0.0
1423,1.082595708
1424,7.618095200000001
1425,0.5
1426,0.0
1427,1.93964372
1428,0.0
1429,0.9199999999999999
1430,2.88753588
1431,0.0
1432,0.0
1433,0.0
1434,0.0
1435,0.0
1436,0.0
1437,0.0
1438,0.0
1439,0.0
1440,2.41155554
1441,0.0
1442,2.1799999999999997
1443,0.257142864
1444,0.0
1445,0.0
1446,0.0
1447,0.0
1448,0.0
1449,0.0
1450,0.0
1451,2.58333336
1452,0.0
1453,0.0
1454,0.0
1455,0.0
1456,1.0400000080000003
1457,0.44000000000000006
1458,0.0
1459,1.11222224
1460,1.99629336
1461,0.0
1462,1.0412121
1463,0.0
1464,0.0
1465,0.0
1466,0.8829539540000001
1467,4.65356124
1468,0.61904762
1469,0.6666667
1470,0.0
1471,0.0
1472,0.0
1473,0.0
1474,0.403418804
1475,0.0
1476,0.0
1477,0.0
1478,0.0
1479,0.0
1480,0.0
1481,0.0
1482,0.0
1483,0.0
1484,1.5
1485,0.0
1486,0.0
1487,0.0
1488,1.06666668
1489,0.0
1490,2.0148204
1491,0.11428572
1492,0.0
1493,0.0
1494,0.0
1495,0.0
1496,0.2
1497,0.0
1498,0.0
1499,0.15000000000000002
1500,0.0
1501,4.909739
1502,0.0
1503,0.0
1504,0.0
1505,0.0
1506,0.0
1507,1.9
1508,0.0
1509,0.0
1510,0.0
1511,0.0
1512,0.0
1513,0.0
1514,0.0
1515,0.0
1516,0.0
1517,0.0
1518,0.0
1519,0.0
1520,1.1666666
1521,0.0
1522,0.133333336
1523,0.0
1524,0.0
1525,0.0
1526,0.0
1527,0.8
1528,0.21333333599999998
1529,0.32
1530,0.0
1531,0.0
1532,0.0
1533,0.0
1534,0.0
1535,0.0
1536,0.0
1537,0.0
1538,0.0
1539,0.0
1540,0.0
1541,0.0
1542,0.0
1543,0.0
1544,0.0
1545,0.0
1546,1.4666666800000001
1547,1.61333332
1548,0.2
1549,0.0
1550,0.0
1551,0.0
1552,0.704761914
1553,0.40000001999999996
1554,0.6666667
1555,0.0
1556,0.0
1557,0.4
1558,0.0
1559,0.46666668
1560,0.0
1561,0.0
1562,0.0
1563,0.0
1564,0.5751961080000001
1565,0.0
1566,0.54467674
1567,0.0
1568,0.42000000000000004
1569,2.6805215799999997
1570,0.0
1571,0.0
1572,1.18333336
1573,0.0
1574,0.0
1575,0.20317460999999998
1576,3.31666668
1577,0.981818204
1578,0.0
1579,0.0
1580,0.31353535600000004
1581,0.0
1582,0.0
1583,0.0
1584,0.0
1585,0.0
1586,0.0
1587,0.0
1588,0.0
1589,2.5
1590,2.27912088
1591,0.0
1592,0.0
1593,0.0
1594,0.0
1595,0.0
1596,0.9214285740000001
1597,2.247843808
1598,0.0
1599,0.0
1600,0.5714286
1601,0.0
1602,0.0
1603,0.0
1604,0.0
1605,0.0
1606,0.0
1607,0.0
1608,0.42666667999999996
1609,0.0
1610,0.0
1611,2.69310352
1612,0.0
1613,0.0
1614,1.26666668
1615,0.0
1616,0.0
1617,1.8057142799999997
1618,0.0
1619,0.0
1620,0.0
1621,0.0
1622,0.0
1623,0.0
1624,0.28333334
1625,0.0
1626,0.0
1627,0.0
1628,0.0
1629,0.0
1630,0.0
1631,0.0
1632,0.6980952460000001
1633,0.0
1634,0.0
1635,0.5
1636,0.86673552
1637,0.0
1638,1.9871602
1639,0.0
1640,0.0
1641,0.0
1642,0.0
1643,0.0
1644,0.0
1645,0.0
1646,0.36888889199999997
1647,0.79191921
1648,0.0
1649,0.0
1650,0.0
1651,0.0
1652,1.6133333200000002
1653,0.0
1654,0.0
1655,1.7272726999999997
1656,0.0
1657,0.0
1658,0.0
1659,0.0
1660,0.21333333599999998
1661,0.0
1662,0.0
1663,0.0
1664,0.0
1665,0.0
1666,0.0
1667,0.0
1668,0.32
1669,0.0
1670,0.0
1671,0.0
1672,2.7004094
1673,0.4
1674,0.0
1675,0.8800000000000001
1676,0.0
1677,2.1999999800000003
1678,0.0
1679,1.6
1680,0.6083943919999999
1681,0.0
1682,0.556593418
1683,0.0
1684,0.36666667999999997
1685,0.0
1686,7.13000002
1687,3.8782609
1688,0.0
1689,0.0
1690,1.08761908
1691,0.266666672
1692,0.0
1693,0.0
1694,1.6588234800000001
1695,0.0
1696,0.96
1697,0.6666667
1698,0.0
1699,0.0
1700,1.1434577400000001
1701,1.26666668
1702,0.673809548
1703,0.6979798
1704,0.0
1705,0.0
1706,1.7199999600000002
1707,0.23809524799999998
1708,1.2432399
1709,0.0
1710,0.0
1711,0.0
1712,0.0
1713,0.0
1714,0.0
1715,0.33333334
1716,0.0
1717,0.0
1718,0.0
1719,0.0
1720,0.6666667
1721,2.6666667
1722,1.20857144
1723,0.0
1724,0.0
1725,0.0
1726,0.0
1727,0.25000000599999994
1728,2.0
1729,0.0
1730,0.0
1731,0.0
1732,0.0
1733,0.0
1734,0.0
1735,0.0
1736,0.72000002
1737,1.20000004
1738,2.04117646
1739,0.452937428
1740,0.0
1741,0.26666668
1742,0.0
1743,0.24000000000000005
1744,0.0
1745,0.0
1746,0.660273118
1747,0.0
1748,0.0
1749,0.0
1750,0.0
1751,0.0
1752,0.0
1753,1.13877764
1754,0.5
1755,3.38
1756,0.087631978
1757,2.1388889200000003
1758,1.3333334
1759,1.3333334
1760,0.9980952539999999
1761,0.5
1762,0.0
1763,0.0
1764,0.917473646
1765,0.5476190599999999
1766,0.0
1767,0.0
1768,0.160947712
1769,0.0
1770,0.0
1771,0.0
1772,0.0
1773,0.0
1774,0.0
1775,0.0
1776,0.0
1777,2.4
1778,0.0
1779,1.9866666800000001
1780,0.0
1781,0.0
1782,0.8888889599999998
1783,0.0
1784,0.9533333599999999
1785,0.20153846400000003
1786,0.0
1787,0.0
1788,0.05
1789,0.133333336
1790,0.0
1791,4.99523786
1792,0.0
1793,0.0
1794,2.21777776
1795,0.0
1796,0.0
1797,0.0
1798,0.0
1799,0.0
1800,0.0
1801,0.0
1802,0.0
1803,0.0
1804,0.0
1805,0.0
1806,0.50000002
1807,0.0
1808,3.19992998
1809,0.0
1810,0.53333336
1811,1.1833333400000001
1812,0.0
1813,0.173809528
1814,0.32
1815,5.85
1816,0.0
1817,0.0
1818,0.0
1819,0.0
1820,0.0
1821,0.0
1822,0.0
1823,0.0
1824,0.0
1825,0.0
1826,0.0
1827,0.0
1828,0.0
1829,0.0
1830,0.0
1831,0.0
1832,0.0
1833,0.0
1834,0.0
1835,0.0
1836,0.6829000479999999
1837,0.0
1838,0.0
1839,0.0
1840,0.0
1841,1.0
1842,0.51333334
1843,0.0
1844,0.0
1845,0.577727274
1846,0.0
1847,0.53333334
1848,0.0
1849,0.0
1850,0.0
1851,0.0
1852,0.0
1853,0.0
1854,0.0
1855,0.0
1856,0.2
1857,0.0
1858,0.0
1859,0.0
1860,0.0
1861,1.0
1862,0.0
1863,0.0
1864,0.2
1865,0.26
1866,0.0
1867,3.2043290399999997
1868,2.5
1869,0.0
1870,0.0
1871,0.6666667
1872,0.0
1873,0.0
1874,0.6666667
1875,0.0
1876,2.6666667200000003
1877,1.13333336
1878,0.0
1879,0.0
1880,0.0
1881,0.0
1882,0.268253972
1883,3.956521700000001
1884,6.0979222
1885,1.0607568920000001
1886,0.0
1887,5.999999820000001
1888,2.0504574999999994
1889,0.0
1890,0.0
1891,0.0
1892,0.0
1893,0.0
1894,7.2100002000000005
1895,5.92271798
1896,0.0
1897,0.0
1898,0.0
1899,1.15333334
1900,0.0
1901,0.0
1902,0.8
1903,0.0
1904,0.0
1905,0.6
1906,0.0
1907,1.6430952600000002
1908,1.63134502
1909,0.0
1910,0.0
1911,0.0
1912,0.0
1913,0.0
1914,0.0
1915,1.6
1916,4.0
1917,0.0
1918,0.0
1919,0.0
1920,0.6666667
1921,3.01111108
1922,0.0
1923,0.7835497766666667
1924,0.0
1925,0.0
1926,1.0
1927,0.0
1928,0.0
1929,0.0
1930,0.0
1931,2.4
1932,0.0
1933,0.0
1934,0.0
1935,0.0
1936,0.0
1937,1.46666668
1938,0.0
1939,0.0
1940,0.0
1941,5.86191806
1942,0.0
1943,4.285714
1944,0.0
1945,0.0
1946,0.0
1947,0.0
1948,0.0
1949,2.1136842000000002
1950,0.0
1951,0.0
1952,0.40000001999999996
1953,1.3333334
1954,0.0
1955,0.0
1956,0.0
1957,0.0
1958,0.286363638
1959,0.0
1960,0.0
1961,0.0
1962,0.0
1963,0.0
1964,1.2952381599999998
1965,0.0
1966,0.0
1967,0.0
1968,0.0
1969,0.0
1970,1.3085714200000003
1971,0.0
1972,0.0
1973,0.0
1974,0.72
1975,0.0
1976,0.0
1977,0.0
1978,5.4813186
1979,0.47333334000000005
1980,0.0
1981,0.0
1982,0.6
1983,3.5428572000000003
1984,0.0
1985,0.0
1986,0.0
1987,0.0
1988,0.0
1989,0.0
1990,0.0
1991,0.0
1992,0.0
1993,0.0
1994,0.0
1995,0.0
1996,0.0
1997,0.22222223333333332
1998,0.0
1999,0.0
2000,0.7460528240000001
2001,0.0
2002,0.0
2003,0.8000000199999999
2004,0.0
2005,0.0
2006,0.0
2007,0.0
2008,0.0
2009,0.0
2010,0.0
2011,0.0
2012,4.0
2013,0.1
2014,0.0
2015,0.0
2016,0.0
2017,0.0
2018,2.0342857
2019,0.15
2020,0.0
2021,1.3238095800000003
2022,0.0
2023,0.0
2024,0.0
2025,6.88784338
2026,0.6666667
2027,0.0
2028,0.0
2029,0.0
2030,0.0
2031,3.7186812599999994
2032,0.0
2033,0.0
2034,0.0
2035,0.0
2036,0.0
2037,0.0
2038,0.16666667
2039,0.8
2040,0.18191053799999998
2041,0.0
2042,0.0
2043,0.0
2044,0.266666668
2045,0.0
2046,0.0
2047,0.27999999999999997
2048,0.0
2049,2.9937622399999997
2050,0.0
2051,0.0
2052,0.0
2053,1.1199999999999999
2054,0.0
2055,0.0
2056,0.0
2057,0.0
2058,0.0
2059,0.0
2060,1.0
2061,0.0
2062,0.0
2063,0.0
2064,0.0
2065,0.0
2066,0.0
2067,0.0
2068,0.0
2069,0.0
2070,0.42364415199999994
2071,0.7377777999999999
2072,1.0370370666666668
2073,0.0
2074,0.33333334
2075,0.63660134
2076,0.0
2077,0.2
2078,0.0
2079,0.60000002
2080,0.0
2081,0.0
2082,0.0
2083,0.0
2084,0.0
2085,0.5
2086,0.0
2087,0.0
2088,0.0
2089,0.0
2090,0.0
2091,0.6
2092,0.0
2093,0.0
2094,0.0
2095,0.0
2096,1.0
2097,0.0
2098,0.0
2099,0.0
2100,0.0
2101,0.0
2102,0.0
2103,0.0
2104,1.92656688
2105,0.0
2106,0.0
2107,0.0
2108,0.0
2109,0.0
2110,2.4539136
2111,0.0
2112,0.0
2113,0.0
2114,0.0
2115,0.0
2116,0.0
2117,0.05
2118,0.0
2119,0.0
2120,0.0
2121,0.0
2122,0.0
2123,0.9200000000000002
2124,0.3
2125,0.0
2126,0.0
2127,0.9833816400000002
2128,0.0
2129,0.0
2130,0.2857143
2131,0.0
2132,0.0
2133,0.6
2134,0.0
2135,1.45555558
2136,1.9999999800000001
2137,0.0
2138,1.36459894
2139,0.0
2140,0.0
2141,0.328787882
2142,0.0
2143,0.0
2144,0.0
2145,0.0
2146,0.0
2147,0.0
2148,0.0
2149,2.52047622
2150,0.0
2151,0.0
2152,0.0
2153,0.0
2154,0.0
2155,0.0
2156,0.0
2157,0.0
2158,0.0
2159,0.0
2160,6.416722200000001
2161,0.0
2162,0.0
2163,0.0
2164,2.8564102399999998
2165,0.0
2166,0.0
2167,1.011428574
2168,0.0
2169,0.0
2170,0.17142858
2171,0.0
2172,8.675556
2173,0.0
2174,0.4
2175,5.78888892
2176,0.0
2177,0.0
2178,0.0
2179,0.0
2180,0.0
2181,0.0
2182,0.40000001999999996
2183,0.0
2184,0.2857143
2185,0.0
2186,0.0
2187,0.0
2188,0.0
2189,2.0
2190,0.7432234380000001
2191,0.0
2192,2.4977777999999997
2193,0.4
2194,2.69555552
2195,0.0
2196,4.857143
2197,3.1926470800000004
2198,2.0799999999999996
2199,0.0
2200,0.0
2201,0.6442857200000001
2202,0.0
2203,0.0
2204,0.0
2205,3.1731714
2206,0.0
2207,0.205252526
2208,0.46666668
2209,0.0
2210,0.0
2211,1.4490908999999998
2212,0.0
2213,0.0
2214,0.0
2215,0.0
2216,0.0
2217,0.0
2218,0.73638725
2219,0.5599999999999999
2220,0.0
2221,0.0
2222,4.17142852
2223,3.2151515
2224,0.4
2225,0.0
2226,0.0
2227,0.36666667999999997
2228,0.0
2229,0.0
2230,0.0
2231,0.4
2232,0.0
2233,0.0
2234,3.1000001
2235,0.0
2236,0.017391304
2237,0.0
2238,0.0
2239,0.0
2240,1.6682540200000002
2241,2.25124874
2242,0.0
2243,0.0
2244,0.0
2245,0.0
2246,0.0
2247,3.0
2248,0.44000000000000006
2249,0.0
2250,0.05714286
2251,0.0
2252,0.29333333999999994
2253,0.0
2254,1.34333338
2255,0.0
2256,0.6
2257,1.0
2258,0.0
2259,0.0
2260,2.3686284400000006
2261,3.51339182
2262,0.0
2263,0.0
2264,0.0
2265,0.895238078
2266,0.4
2267,1.9333333199999998
2268,0.0
2269,0.0
2270,0.0
2271,0.0
2272,0.0
2273,0.0
2274,0.0
2275,0.0
2276,0.27999999999999997
2277,0.0
2278,1.8883450199999998
2279,2.8571428999999995
2280,0.30714286
2281,0.0
2282,0.0
2283,1.6571429000000002
2284,0.0
2285,0.0
2286,0.0
2287,1.3333334
2288,4.2705
2289,0.0
2290,0.0
2291,0.4000000000000001
2292,0.0
2293,0.0
2294,0.0
2295,0.0
2296,0.0
2297,0.0
2298,0.0
2299,0.0
2300,0.0
2301,0.0
2302,0.0
2303,0.0
2304,0.0
2305,0.46666668399999994
2306,0.0
2307,0.0
2308,2.4121212
2309,0.0
2310,0.0
2311,0.20000000399999998
2312,0.0
2313,0.0
2314,0.0
2315,0.0
2316,0.0
2317,0.0
2318,0.0
2319,1.7130132600000003
2320,0.0
2321,0.0
2322,0.0
2323,0.0
2324,2.1269172800000002
2325,0.0
2326,0.0
2327,0.0
2328,0.0
2329,1.9
2330,0.0
2331,0.0
2332,0.0
2333,0.0
2334,0.0
2335,0.0
2336,0.0
2337,0.0
2338,3.9726882600000004
2339,0.0
2340,2.28412696
2341,0.0
2342,0.0
2343,0.0
2344,0.0
2345,0.0
2346,0.0
2347,0.066666668
2348,0.0
2349,1.06666668
2350,0.0
2351,0.0
2352,0.0
2353,0.0
2354,0.0
2355,0.0
2356,0.0
2357,0.0
2358,0.0
2359,0.0
2360,0.0
2361,1.8018855000000003
2362,0.0
2363,0.0
2364,0.0
2365,0.0
2366,0.20987013599999998
2367,0.8095238160000001
2368,0.2857143
2369,0.6666667
2370,0.0
2371,0.0
2372,0.0
2373,2.0333333600000003
2374,0.0
2375,0.0
2376,0.6428571599999999
2377,0.0
2378,0.0
2379,0.914285722
2380,0.0
2381,0.0
2382,0.0
2383,0.0
2384,0.0
2385,1.2000000199999998
2386,0.85714287
2387,1.1342857
2388,0.0
2389,0.0
2390,0.0
2391,0.0
2392,0.0
2393,0.16
2394,1.1428572
2395,0.574658676
2396,0.0
2397,2.07222224
2398,0.0
2399,0.0
2400,2.67619052
2401,0.0
2402,0.0
2403,0.78787878
2404,0.0
2405,1.1199999999999999
2406,0.0
2407,0.0
2408,0.0
2409,0.0
2410,0.0
2411,0.0
2412,0.9199999999999999
2413,0.0
2414,0.0
2415,0.0
2416,0.90370372
2417,0.0
2418,0.0
2419,0.0
2420,0.0
2421,0.0
2422,0.0
2423,0.0
2424,0.0
2425,0.0
2426,1.0
2427,0.304761916
2428,1.0672802999999997
2429,0.0
2430,0.0
2431,0.0
2432,0.0
2433,1.86666664
2434,0.0
2435,0.0
2436,0.0
2437,0.26666668
2438,0.86666668
2439,0.0
2440,0.0
2441,0.48888888999999996
2442,1.0
2443,0.0
2444,0.0
2445,0.0
2446,0.0
2447,0.0
2448,0.0
2449,0.0
2450,0.49523811999999995
2451,0.0
2452,1.4514286
2453,0.0
2454,0.0
2455,1.1111111999999999
2456,0.4800000000000001
2457,0.185281394
2458,0.0
2459,0.0
2460,0.0
2461,0.0
2462,0.0
2463,0.0
2464,1.0
2465,0.0
2466,0.0
2467,0.40000001999999996
2468,0.4
2469,0.0
2470,0.0
2471,1.5
2472,0.0
2473,0.0
2474,0.0
2475,0.0
2476,0.0
2477,0.0
2478,0.0
2479,0.0
2480,0.0
2481,0.0
2482,0.0
2483,0.0
2484,0.0
2485,0.08
2486,1.0
2487,0.0
2488,0.33714286400000004
2489,1.0
2490,0.40476192499999997
2491,0.0
2492,3.6799999999999997
2493,0.39714286000000004
2494,0.0
2495,0.0
2496,0.0
2497,0.0
2498,0.0
2499,1.1936170000000002
2500,0.0
2501,1.0
2502,0.0
2503,0.0
2504,2.12
2505,0.218253972
2506,0.0
2507,0.0
2508,4.016289519999999
2509,0.0
2510,0.0
2511,0.0
2512,0.53333334
2513,0.84545456
2514,0.0
2515,0.0
2516,0.0
2517,0.0
2518,0.58222223
2519,0.0
2520,0.0
2521,0.0
2522,0.74
2523,1.1600000000000001
2524,0.0
2525,0.0
2526,0.0
2527,0.41090909800000003
2528,0.0
2529,0.0
2530,1.1696969840000002
2531,0.0
2532,0.0
2533,0.0
2534,0.0
2535,0.625
2536,0.0
2537,0.0
2538,2.67826088
2539,0.0
2540,0.0
2541,0.0
2542,1.3263889
2543,0.0
2544,3.0952380400000004
2545,0.0
2546,0.0
2547,0.2
2548,1.7542857599999997
2549,0.0
2550,0.0
2551,0.0
2552,0.0
2553,0.0
2554,0.66666668
2555,0.0
2556,0.0
2557,0.26333333400000003
2558,0.5866666799999999
2559,0.0
2560,0.0
2561,0.0
2562,0.9255583
2563,0.0
2564,0.0
2565,0.73725492
2566,0.0
2567,0.0
2568,0.0
2569,0.34183151
2570,0.0
2571,1.4
2572,2.32380958
2573,0.2
2574,0.125
2575,0.0
2576,0.0
2577,0.266666672
2578,1.7744098000000001
2579,0.0
2580,0.0
2581,0.2
2582,0.0
2583,1.5385755
2584,0.0
2585,0.53500001
2586,0.0
2587,0.4176181
2588,0.0
2589,0.0
2590,0.0
2591,0.0
2592,0.916666675
2593,1.3999999999999997
2594,0.0
2595,0.72
2596,0.33333334
2597,0.0
2598,0.0
2599,0.0
2600,0.0
2601,0.0
2602,0.0
2603,0.0
2604,0.0
2605,1.1733333799999999
2606,0.0
2607,0.0
2608,1.2263305599999998
2609,0.0
2610,0.0
2611,0.0
2612,0.0
2613,0.0
2614,0.0
2615,0.0
2616,0.0
2617,0.0
2618,0.0
2619,0.0
2620,0.0
2621,0.0
2622,0.0
2623,0.0
2624,0.7833333400000001
2625,0.0
2626,0.0
2627,0.0
2628,0.0
2629,0.0
2630,1.16666668
2631,0.266666672
2632,0.0
2633,0.0
2634,1.31285716
2635,0.0
2636,0.0
2637,0.0
2638,0.0
2639,0.0
2640,1.6060606
2641,0.0
2642,1.5
2643,0.0
2644,0.0
2645,0.37333333600000007
2646,0.0
2647,0.26666668
2648,0.0
2649,1.66176472
2650,0.0
2651,0.0
2652,0.0
2653,0.0
2654,0.0
2655,0.0
2656,0.0
2657,0.0
2658,1.21904764
2659,0.0
2660,0.53333334
2661,0.46666668
2662,0.0
2663,0.0
2664,0.0
2665,0.0
2666,0.0
2667,3.5071427999999996
2668,0.0
2669,0.0
2670,1.12
2671,1.0
2672,2.76307688
2673,0.0
2674,0.0
2675,0.41142858000000004
2676,0.0
2677,0.0
2678,0.0
2679,0.0
2680,0.8933333399999999
2681,0.0
2682,0.0
2683,0.0
2684,0.0
2685,0.0
2686,2.305085
2687,0.0
2688,0.0
2689,0.0
2690,0.0
2691,0.0
2692,0.0
2693,0.0
2694,0.0
2695,0.0
2696,0.53333336
2697,0.0
2698,0.13230769600000003
2699,0.0
2700,0.0
2701,0.0
2702,0.0
2703,2.37171718
2704,0.56666668
2705,0.0
2706,0.0
2707,0.0
2708,0.0
2709,0.0
2710,2.5
2711,0.0
2712,0.8800000000000001
2713,0.9373737480000001
2714,0.0
2715,0.0
2716,0.86666668
2717,1.3333334
2718,1.06
2719,0.0
2720,0.8857142960000001
2721,0.0
2722,0.0
2723,1.56410252
2724,0.25142857999999996
2725,2.6666667
2726,1.5139731800000003
2727,0.0
2728,1.81588416
2729,0.0
2730,0.0
2731,0.161616164
2732,0.0
2733,0.0
2734,0.9199999999999999
2735,1.31956046
2736,0.0
2737,0.0
2738,0.0
2739,0.0
2740,0.37333333999999996
2741,0.0
2742,0.0
2743,0.0
2744,0.5
2745,0.241587304
2746,0.0491579104
2747,0.6
2748,5.726260399999999
2749,0.0
2750,0.0
2751,0.0
2752,0.0
2753,0.0
2754,0.0
2755,0.25
2756,1.13333336
2757,0.0
2758,0.0
2759,0.0
2760,0.0
2761,0.0
2762,0.0
2763,0.41269842
2764,1.7399999999999998
2765,0.6666667
2766,0.0
2767,0.0
2768,1.1428572
2769,0.0
2770,0.0
2771,0.0
2772,0.0
2773,0.0
2774,0.0
2775,0.0
2776,0.0
2777,0.0
2778,0.0
2779,0.0
2780,0.0
2781,0.0
2782,0.5
2783,0.0
2784,0.0
2785,0.0
2786,0.38603175
2787,0.0
2788,0.0
2789,0.0
2790,0.0
2791,0.28542569199999995
2792,0.0
2793,1.0
2794,0.0
2795,0.0
2796,0.0
2797,0.0
2798,0.0
2799,0.0
2800,0.0
2801,0.0
2802,0.0
2803,0.017391304
2804,0.0
2805,0.0
2806,0.0
2807,0.5409524
2808,2.1817873399999996
2809,2.6285714399999995
2810,0.0
2811,0.0
2812,3.2589743400000004
2813,1.0
2814,2.9
2815,0.0
2816,0.0
2817,0.0
2818,4.64060604
2819,0.0
2820,0.0
2821,3.0
2822,3.8209789600000006
2823,0.0
2824,0.0
2825,0.0
2826,0.0
2827,0.32
2828,0.0
2829,0.0
2830,0.0
2831,0.0
2832,0.0
2833,0.0
2834,0.0
2835,0.0
2836,2.23181816
2837,0.0
2838,0.0
2839,0.0
2840,0.0
2841,0.9333333799999999
2842,0.0
2843,0.0
2844,0.0
2845,0.5
2846,0.0
2847,0.0
2848,0.0
2849,0.16
2850,0.0
2851,5.536923140000001
2852,0.0
2853,0.5
2854,0.0
2855,0.0
2856,0.0
2857,0.0
2858,0.0
2859,1.4315789999999997
2860,0.0
2861,0.0
2862,0.0
2863,0.0
2864,0.9777777799999999
2865,0.0
2866,0.0
2867,0.0
2868,0.0
2869,0.0
2870,0.752380948
2871,0.40196078
2872,0.0
2873,0.0
2874,0.0
2875,0.0
2876,0.0
2877,0.3
2878,0.6666667
2879,0.0
2880,0.0
2881,0.0
2882,1.4998506799999998
2883,0.0
2884,1.0
2885,0.32
2886,0.0
2887,0.0
2888,0.0
2889,0.0
2890,0.0
2891,0.0
2892,0.24080808199999998
2893,0.0
2894,1.7
2895,0.0
2896,0.72
2897,0.0
2898,0.0
2899,0.0
2900,0.0
2901,0.0
2902,0.0
2903,1.0
2904,0.0
2905,0.0
2906,0.14285715
2907,0.0
2908,2.7928837
2909,0.12666666799999998
2910,0.0
2911,0.0
2912,0.7333333599999999
2913,0.0
2914,0.0
2915,0.351515158
2916,0.0
2917,0.0
2918,0.0
2919,1.6457143200000002
2920,4.41025638
2921,0.0
2922,0.0
2923,0.0
2924,0.0
2925,0.0
2926,0.0
2927,0.0
2928,0.0
2929,1.8573426800000004
2930,0.70000002
2931,0.0
2932,0.0
2933,0.0
2934,1.40992345
2935,0.0
2936,0.0
2937,0.0
2938,0.0
2939,0.0
2940,0.0
2941,0.0
2942,0.31428572499999996
2943,2.0
2944,4.14919902
2945,0.5
2946,0.0
2947,0.0
2948,0.0
2949,0.0
2950,0.0
2951,0.0
2952,1.5
2953,0.0
2954,0.0
2955,0.0
2956,0.0
2957,0.0
2958,0.0
2959,0.0
2960,0.0
2961,0.0
2962,0.071428575
2963,0.0
2964,0.0
2965,0.0
2966,0.0
2967,0.0
2968,0.0
2969,0.0
2970,1.0425396939999998
2971,0.0
2972,0.133333336
2973,0.0
2974,0.0
2975,0.36666667999999997
2976,0.0
2977,0.0
2978,1.0
2979,0.0
2980,0.0
2981,0.0
2982,0.0
2983,0.0
2984,0.0
2985,0.0
2986,0.0
2987,0.0
2988,0.0
2989,0.0
2990,1.044040428
2991,4.1536506200000005
2992,0.0
2993,0.0
2994,0.0
2995,0.0
2996,0.0
2997,2.89454548
2998,0.0
2999,0.0
3000,0.0
3001,0.0
3002,0.0
3003,1.7714285799999998
3004,0.24000000000000005
3005,0.0
3006,0.0
3007,0.0
3008,2.8
3009,1.4960498800000002
3010,0.0
3011,0.6400000199999999
3012,2.3633333199999997
3013,0.0
3014,0.0
3015,0.0
3016,0.166666675
3017,0.0
3018,0.40937729999999994
3019,1.26666672
3020,1.06666672
3021,0.0
3022,0.0
3023,0.0
3024,0.0
3025,0.0
3026,0.158169936
3027,0.0
3028,0.0
3029,0.0
3030,0.0
3031,0.0
3032,0.96
3033,0.0
3034,0.0
3035,1.49333336
3036,0.0
3037,0.8
3038,0.0
3039,0.0
3040,0.0
3041,0.0
3042,0.0
3043,0.8000000399999999
3044,0.0
3045,0.0
3046,0.0
3047,0.6
3048,0.0
3049,0.0
3050,0.0
3051,1.0
3052,0.0
3053,0.0
3054,0.0
3055,8.725263000000002
3056,2.59999998
3057,0.72
3058,0.0
3059,0.0
3060,0.11386309000000001
3061,0.0
3062,0.0
3063,0.0
3064,0.0
3065,0.0
3066,0.0
3067,0.0
3068,0.2
3069,0.0
3070,0.32
3071,0.0
3072,0.0
3073,1.085714334
3074,0.0
3075,0.0
3076,0.0
3077,0.0
3078,0.6666667
3079,2.2199999999999998
3080,0.2
3081,0.22857144
3082,2.909091
3083,0.0
3084,0.0
3085,1.51428568
3086,0.0
3087,0.12444444400000002
3088,0.0
3089,0.0
3090,0.0
3091,0.0
3092,0.0
3093,0.7714285540000001
3094,0.73333334
3095,0.0
3096,0.0
3097,0.0
3098,0.0
3099,0.0
3100,0.0
3101,0.0
3102,0.0
3103,0.0
3104,0.0
3105,0.8
3106,4.7832168
3107,0.0
3108,0.0
3109,0.0
3110,0.0
3111,0.0
3112,0.0
3113,0.0
3114,0.0
3115,0.0
3116,0.4666666749999999
3117,0.0
3118,0.0
3119,0.0
3120,0.0
3121,0.0
3122,0.0
3123,0.0
3124,0.0
3125,0.6666667
3126,0.0
3127,0.0
3128,3.1238095799999996
3129,0.0
3130,1.5
3131,0.0
3132,0.86428572
3133,0.0
3134,0.0
3135,0.26666668
3136,1.0
3137,0.0
3138,0.0
3139,0.0
3140,4.0
3141,0.0
3142,0.0
3143,2.2896703400000002
3144,0.91428572
3145,0.0
3146,0.0
3147,0.46666668
3148,2.32499998
3149,0.0
3150,0.0
3151,0.0
3152,0.0
3153,0.0
3154,0.0
3155,0.3
3156,0.0
3157,0.0
3158,0.0
3159,0.0
3160,0.6666667
3161,0.0
3162,0.0
3163,0.0
3164,0.4
3165,0.0
3166,0.0
3167,0.0
3168,0.0
3169,0.5599999999999999
3170,0.0
3171,0.0
3172,1.9428571399999999
3173,0.0
3174,0.0
3175,0.08
3176,0.0
3177,0.0
3178,0.0
3179,0.0
3180,0.0
3181,0.0
3182,0.0
3183,0.0
3184,0.0
3185,3.07777776
3186,0.0
3187,0.0
3188,2.2601397839999997
3189,0.0
3190,0.0
3191,0.0
3192,2.27532462
3193,1.00000005
3194,0.26
3195,0.56666668
3196,0.0
3197,0.0
3198,0.0
3199,0.30714286199999996
3200,0.0
3201,0.4
3202,0.0
3203,0.0
3204,0.53333336
3205,0.0
3206,0.0
3207,1.15099098
3208,0.86
3209,0.0
3210,0.0
3211,0.0
3212,3.0579365199999997
3213,0.8
3214,0.0
3215,0.7442857220000001
3216,1.16571428
3217,0.0
3218,0.0
3219,0.0
3220,0.0
3221,0.268571432
3222,0.0
3223,7.563398600000001
3224,0.5802198080000001
3225,3.41619048
3226,0.0
3227,0.0
3228,0.0
3229,0.0
3230,0.0
3231,0.0
3232,0.0
3233,0.0
3234,4.249963320000001
3235,0.0
3236,2.9200000000000004
3237,0.0
3238,0.6000000249999999
3239,0.0
3240,0.0
3241,0.0
3242,0.0
3243,0.0
3244,0.0
3245,0.0
3246,0.0
3247,0.0
3248,0.0
3249,0.0
3250,0.2857143
3251,0.0
3252,0.0
3253,4.624347879999999
3254,1.9064935200000002
3255,0.0
3256,0.0
3257,0.0
3258,0.0
3259,0.0
3260,0.0
3261,0.0
3262,0.33333334
3263,0.0
3264,1.48
3265,0.0
3266,0.0
3267,1.3333334
3268,0.0
3269,0.0
3270,0.0
3271,0.0
3272,3.15942028
3273,2.20888892
3274,0.0
3275,0.0
3276,0.8333333
3277,0.0
3278,0.36666667199999997
3279,0.0
3280,0.0
3281,1.8399999999999999
3282,0.0
3283,0.0
3284,0.0
3285,0.64349475
3286,3.7714286
3287,0.0
3288,0.0
3289,0.346666672
3290,3.3230769200000005
3291,0.0
3292,0.0
3293,0.61333334
3294,0.0
3295,0.0
3296,0.0
3297,0.0
3298,0.0
3299,0.171428574
3300,0.0
3301,0.0
3302,0.0
3303,0.53333336
3304,0.0
3305,1.86666664
3306,0.0
3307,0.0
3308,0.8
3309,0.0
3310,0.0
3311,0.0
3312,0.0
3313,0.0
3314,0.0
3315,1.0909091
3316,0.0
3317,0.0
3318,0.0
3319,0.0
3320,0.0
3321,0.0
3322,1.8
3323,0.0
3324,0.0
3325,0.0
3326,0.0
3327,1.0133333480000002
3328,0.0
3329,0.0
3330,0.0
3331,0.0
3332,0.0
3333,0.82
3334,0.0
3335,0.0
3336,0.0
3337,0.0
3338,0.0
3339,0.0
3340,0.0
3341,0.0
3342,0.0
3343,0.0
3344,0.0
3345,0.0
3346,0.0
3347,0.0
3348,0.0
3349,1.09282052
3350,0.0
3351,1.5
3352,0.0
3353,0.0
3354,0.8
3355,1.40194018
3356,0.86666668
3357,0.0
3358,0.0
3359,0.0
3360,2.96
3361,3.4256410200000005
3362,2.0
3363,6.09852944
3364,0.0
3365,0.0
3366,0.0
3367,1.0
3368,0.0
3369,0.7777778
3370,0.088149954
3371,0.0
3372,0.0
3373,1.72431296
3374,0.698181824
3375,2.06617652
3376,0.0
3377,0.0
3378,0.0
3379,6.18461554
3380,0.0
3381,0.0
3382,0.0
3383,0.0
3384,0.0
3385,0.0
3386,0.0
3387,0.0
3388,0.0
3389,0.5662030259999999
3390,0.0
3391,0.0
3392,0.0
3393,0.0
3394,1.91244762
3395,0.0
3396,0.0
3397,0.0
3398,0.0
3399,0.304761916
3400,0.0
3401,0.5
3402,0.0
3403,0.0
3404,0.247619056
3405,0.0
3406,0.0
3407,0.0
3408,0.44666668
3409,0.0
3410,0.0
3411,0.0
3412,0.0
3413,0.0
3414,0.0
3415,2.9960439800000005
3416,0.0
3417,2.53363636
3418,0.0
3419,0.0
3420,0.3
3421,0.0
3422,0.9267532599999999
3423,0.0
3424,0.0
3425,0.0
3426,2.01828576
3427,0.0
3428,0.0
3429,0.0
3430,0.0
3431,0.83333335
3432,0.6666667
3433,0.0
3434,0.0
3435,0.0
3436,0.9400000000000001
3437,0.0
3438,0.0
3439,0.0
3440,0.42920635999999995
3441,0.0
3442,0.0
3443,0.0
3444,0.0
3445,0.0
3446,0.0
3447,0.375
3448,0.0
3449,2.8461537
3450,0.08105263199999999
3451,0.0
3452,0.6666667
3453,0.0
3454,0.0
3455,0.0
3456,0.0
3457,0.0
3458,2.6799999999999997
3459,1.6800000000000002
3460,0.0
3461,0.0
3462,0.0
3463,0.0
3464,0.0
3465,0.0
3466,0.0
3467,0.0
3468,0.46476192000000005
3469,0.0
3470,3.1714285799999997
3471,0.0
3472,0.0
3473,0.0
3474,0.0
3475,0.0
3476,0.0
3477,2.03999998
3478,0.0
3479,0.0
3480,0.0
3481,0.0
3482,0.0
3483,0.0
3484,0.0
3485,1.0
3486,2.63
3487,0.0
3488,0.0
3489,0.0
3490,0.7934881699999999
3491,0.0
3492,0.0
3493,0.0
3494,0.0
3495,0.0
3496,0.08
3497,0.314285728
3498,0.233333332
3499,0.0
3500,0.0
3501,0.0
3502,0.0
3503,0.0
3504,2.8419548800000007
3505,0.0
3506,0.0
3507,0.0
3508,0.0
3509,1.0263736399999999
3510,0.0
3511,0.0
3512,0.06607142875
3513,0.0
3514,1.73333336
3515,0.0
3516,0.0
3517,0.064327486
3518,0.127371142
3519,0.0
3520,0.0
3521,0.0
3522,0.0
3523,0.0
3524,0.0
3525,0.0
3526,0.0
3527,0.0
3528,0.0
3529,0.0
3530,0.0
3531,0.6666667
3532,0.0
3533,0.0
3534,1.790698234
3535,0.0
3536,0.0
3537,0.0
3538,0.0
3539,2.56904764
3540,0.42909091200000005
3541,0.0
3542,0.0
3543,0.0
3544,0.0
3545,0.0
3546,0.0
3547,0.0
3548,0.0
3549,0.0
3550,0.0
3551,0.0
3552,0.4
3553,1.24999996
3554,0.0
3555,0.0
3556,0.76
3557,0.0
3558,0.21333333200000001
3559,0.914285722
3560,0.0
3561,0.0
3562,2.8888887999999997
3563,0.8
3564,2.77868134
3565,0.0
3566,0.0
3567,0.0
3568,0.0
3569,0.0
3570,0.8000000199999999
3571,0.37714286
3572,0.0
3573,0.0
3574,0.0
3575,0.0
3576,1.13333334
3577,1.0482086
3578,2.71587308
3579,0.0
3580,0.0
3581,0.0
3582,0.0
3583,0.0
3584,0.0
3585,0.0
3586,0.0
3587,1.0
3588,0.0
3589,0.0
3590,0.0
3591,0.0
3592,0.0
3593,0.0
3594,0.0
3595,0.0
3596,0.0
3597,0.0
3598,0.0
3599,1.3333334
3600,1.0628571479999998
3601,0.0
3602,3.53030306
3603,0.62857146
3604,0.0
3605,0.0
3606,0.46666668
3607,0.74666668
3608,0.0
3609,0.0
3610,0.0
3611,0.0
3612,0.0
3613,1.62389236
3614,0.0
3615,0.0
3616,0.68190478
3617,0.0
3618,0.0
3619,0.0
3620,0.0
3621,0.0
3622,0.0
3623,0.0
3624,0.576190486
3625,0.46153846000000004
3626,0.0
3627,0.0
3628,0.0
3629,0.0
3630,0.0
3631,0.0
3632,0.0
3633,0.8635653659999999
3634,0.0
3635,0.0
3636,0.0
3637,0.76
3638,0.0
3639,0.0
3640,0.0
3641,0.0
3642,0.18181819
3643,0.0
3644,0.0
3645,0.0
3646,0.0
3647,0.0
3648,0.0
3649,0.0
3650,0.0
3651,0.0
3652,0.0
3653,0.8
3654,1.4095238599999997
3655,0.9400000000000001
3656,0.8
3657,0.0
3658,0.0
3659,0.0
3660,1.0599547249999999
3661,0.40000001999999996
3662,0.0
3663,0.0
3664,0.0
3665,0.0
3666,0.0
3667,1.5
3668,0.57428572
3669,0.0
3670,0.0
3671,0.5053569400000001
3672,0.0
3673,8.000000199999999
3674,0.721428574
3675,0.0
3676,0.26
3677,1.38666664
3678,0.0
3679,0.0
3680,0.0
3681,0.454587058
3682,4.715404
3683,0.0
3684,0.0
3685,0.0
3686,0.186071242
3687,0.0
3688,1.15809528
3689,0.0
3690,0.0
3691,0.0
3692,0.0
3693,0.0
3694,0.56666668
3695,0.0
3696,0.4
3697,2.6285714
3698,0.0
3699,0.40769231600000005
3700,0.0
3701,0.0
3702,0.0
3703,0.0
3704,0.0
3705,0.0
3706,0.7333333599999999
3707,0.0
3708,2.6077922200000003
3709,0.6095238399999999
3710,0.0
3711,0.0
3712,0.0
3713,0.0
3714,0.0
3715,0.0
3716,0.0
3717,0.0
3718,0.0
3719,0.816046206
3720,0.30769232
3721,3.2026704199999996
3722,0.0
3723,0.0
3724,3.5999999799999998
3725,0.0
3726,0.625
3727,1.20903926
3728,0.0
3729,0.0
3730,0.0
3731,0.0
3732,0.37888889000000003
3733,2.76410262
3734,1.2000000599999998
3735,1.58333336
3736,1.06666668
3737,0.0
3738,0.0
3739,0.0
3740,0.0
3741,0.0
3742,0.0
3743,0.0
3744,0.0
3745,0.0
3746,0.0
3747,0.0
3748,0.0
3749,0.0
3750,4.7833331999999995
3751,0.0
3752,1.12794872
3753,0.0
3754,0.0
3755,0.0
3756,0.642424266
3757,0.2
3758,0.0
3759,0.0
3760,0.0
3761,0.0
3762,0.6133333400000001
3763,0.0
3764,0.5600000199999999
3765,0.0
3766,0.0
3767,0.37777778
3768,0.8
3769,0.0
3770,1.64
3771,0.0
3772,0.0
3773,0.0
3774,0.0
3775,0.0
3776,0.0
3777,0.0
3778,0.0
3779,0.0
3780,0.0
3781,0.0
3782,0.0
3783,1.0
3784,0.0
3785,0.0
3786,0.5600000199999999
3787,0.0
3788,0.0
3789,0.0
3790,0.7678571525000001
3791,0.3
3792,1.0
3793,0.0
3794,0.62666668
3795,0.0
3796,0.0
3797,0.0
3798,0.8888889000000001
3799,0.0
3800,0.0
3801,0.0
3802,0.0
3803,0.0
3804,0.0
3805,3.5335968799999997
3806,0.9173016
3807,0.8888889000000001
3808,0.56666668
3809,0.40000001999999996
3810,0.0
3811,0.0
3812,0.0
3813,2.95
3814,0.8400000000000001
3815,0.0
3816,0.0
3817,2.0
3818,0.0
3819,1.8
3820,0.0
3821,3.50476182
3822,0.0
3823,0.0
3824,0.0
3825,0.208888888
3826,2.91753244
3827,0.0
3828,0.0
3829,0.0
3830,2.91444444
3831,0.0
3832,0.0
3833,0.0
3834,0.0
3835,0.0
3836,0.0
3837,0.0
3838,0.2
3839,0.7276190619999999
3840,0.0
3841,0.0
3842,0.0
3843,0.0
3844,1.01333334
3845,1.44
3846,0.0
3847,0.0
3848,0.0
3849,2.0
3850,0.0
3851,1.43111112
3852,0.0
3853,2.5300366
3854,1.0
3855,0.34
3856,0.0
3857,0.0
3858,0.0
3859,1.06666664
3860,0.0
3861,0.0
3862,0.85333334
3863,0.0
3864,0.0
3865,2.0777778000000002
3866,0.0
3867,6.594285599999999
3868,0.0
3869,0.0
3870,0.0
3871,0.43818182400000005
3872,0.0
3873,0.0
3874,0.0
3875,0.0
3876,0.0
3877,0.0
3878,0.0
3879,0.0
3880,0.0
3881,0.0
3882,0.0
3883,0.0
3884,1.29043478
3885,3.9790475200000004
3886,0.0
3887,0.6666667
3888,3.6799999999999997
3889,0.26666668
3890,0.0
3891,0.0
3892,0.0
3893,0.0
3894,0.0
3895,0.10333333599999998
3896,0.0
3897,0.0
3898,0.3
3899,6.333333400000001
3900,0.0
3901,0.133333336
3902,0.0
3903,2.0
3904,0.0
3905,0.0
3906,0.0
3907,0.0
3908,0.0
3909,0.0
3910,0.0
3911,0.0
3912,0.8
3913,0.0
3914,0.0
3915,0.554731924
3916,0.647619074
3917,0.0
3918,0.0
3919,1.7884046599999999
3920,0.0
3921,0.0
3922,0.0
3923,0.0
3924,0.42000000000000004
3925,0.0
3926,0.0
3927,0.0
3928,0.0
3929,0.0
3930,0.0
3931,0.0
3932,1.4428571799999999
3933,0.26666668
3934,0.29428572
3935,0.0
3936,0.0
3937,0.549898994
3938,0.0
3939,1.2000000400000002
3940,0.0
3941,0.0
3942,0.0
3943,0.289090912
3944,0.0
3945,0.0
3946,0.7
3947,0.0
3948,7.4664033000000005
3949,1.0
3950,0.0
3951,0.4
3952,0.0
3953,0.0
3954,0.0
3955,0.0
3956,0.0
3957,0.0
3958,0.0
3959,0.0
3960,2.0
3961,1.1155556
3962,0.0
3963,1.0285714799999999
3964,0.0
3965,0.0
3966,0.73333334
3967,1.198894852
3968,0.298181824
3969,0.411111114
3970,0.0
3971,0.0
3972,0.275396832
3973,0.0
3974,0.0
3975,0.18
3976,1.16222912
3977,0.0
3978,0.0
3979,0.8000000199999999
3980,0.0
3981,0.44000000000000006
3982,0.0
3983,1.383928625
3984,0.5
3985,0.0
3986,0.0
3987,0.0
3988,0.04
3989,2.86666666
3990,0.0
3991,7.97777776
3992,0.0
3993,1.6400000000000001
3994,0.388095248
3995,0.9201953399999999
3996,0.0
3997,0.0
3998,0.0
3999,0.8
4000,0.0
4001,2.0
4002,0.33333334
4003,0.0
4004,0.0
4005,1.2444444666666667
4006,0.0
4007,3.606666680000001
4008,0.0
4009,0.0
4010,0.0
4011,0.0
4012,0.0
4013,1.2727273000000001
4014,0.0
4015,0.0
4016,0.0
4017,0.0
4018,0.0
4019,0.0
4020,0.0
4021,0.0
4022,2.02222222
4023,0.0
4024,2.0
4025,0.13333334
4026,0.0
4027,0.0
4028,0.0
4029,0.0
4030,0.0
4031,0.0
4032,0.0
4033,0.43162908
4034,0.0
4035,0.0
4036,0.0
4037,2.04
4038,0.0
4039,0.0
4040,0.0
4041,5.3396826
4042,0.0
4043,1.88190478
4044,0.125
4045,0.0
4046,0.0
4047,0.0
4048,2.6628571
4049,1.2704762200000002
4050,0.0
4051,0.0
4052,0.0
4053,0.0
4054,0.9891664775
4055,0.0
4056,0.0
4057,0.0
4058,0.0
4059,0.0
4060,0.0
4061,0.0
4062,0.0
4063,0.5599999999999999
4064,0.0
4065,0.0
4066,0.0
4067,0.0
4068,2.68888886
4069,0.0
4070,0.0
4071,0.0
4072,0.0
4073,0.0
4074,1.49523812
4075,0.0
4076,0.66666668
4077,0.0
4078,0.0
4079,0.0
4080,0.0
4081,0.0
4082,2.32
4083,0.0
4084,0.0
4085,0.86666668
4086,0.0
4087,0.0
4088,0.0
4089,0.52888889
4090,0.33888888799999994
4091,0.0
4092,6.74666682
4093,0.0
4094,0.0
4095,0.0
4096,1.6210784400000002
4097,0.0
4098,0.6
4099,0.0
4100,0.0
4101,0.0
4102,0.33333334
4103,1.98999996
4104,0.0
4105,0.0
4106,0.6
4107,1.141396668
4108,1.3333334
4109,0.0
4110,0.0
4111,0.0
4112,0.0
4113,0.0
4114,0.0
4115,0.0
4116,3.37142854
4117,0.796190488
4118,0.0
4119,0.0
4120,0.0
4121,0.0
4122,0.0
4123,0.7857143
4124,0.0
4125,0.0
4126,0.0
4127,0.0
4128,0.0
4129,0.0
4130,0.0
4131,0.0
4132,0.0
4133,0.0
4134,0.0
4135,0.0
4136,0.0
4137,0.0
4138,0.0
4139,1.4
4140,2.9948718
4141,0.0
4142,2.92264708
4143,0.0
4144,0.0
4145,0.75
4146,0.0
4147,1.5740259799999998
4148,0.0
4149,0.0
4150,0.0
4151,2.0
4152,0.0
4153,0.7333333400000001
4154,0.6666667
4155,0.36606061399999995
4156,0.42666667999999996
4157,0.0
4158,0.6666667
4159,0.0
4160,0.0
4161,5.5882353600000005
4162,0.0
4163,0.0
4164,0.0
4165,0.0
4166,0.0
4167,0.0
4168,0.0
4169,0.0
4170,0.0
4171,0.0
4172,1.5907309799999998
4173,0.0
4174,0.0
4175,0.0
4176,0.0
4177,0.0
4178,0.0
4179,0.0
4180,4.7909091
4181,0.0
4182,0.0
4183,0.0
4184,1.2857143400000002
4185,0.0
4186,0.0
4187,3.3428572
4188,0.0
4189,0.33333334
4190,0.56666668
4191,0.0
4192,0.0
4193,0.0
4194,0.0
4195,0.0
4196,0.0
4197,0.651428574
4198,0.0
4199,0.0
4200,0.0
4201,0.0
4202,0.0
4203,0.0
4204,0.0
4205,0.8820513
4206,0.0
4207,0.0
4208,0.0
4209,0.657142875
4210,0.0
4211,0.0
4212,0.0
4213,0.0
4214,0.0
4215,0.0
4216,0.0
4217,0.0
4218,0.0
4219,0.21428571999999999
4220,0.0
4221,0.0
4222,0.0
4223,0.0
4224,1.4847953200000001
4225,2.857143
4226,1.0
4227,0.0
4228,0.0
4229,0.0
4230,0.0
4231,0.0
4232,0.0
4233,0.0
4234,0.0
4235,0.0
4236,1.0
4237,0.0
4238,0.0
4239,0.0
4240,0.0
4241,0.5
4242,0.0
4243,0.0
4244,0.0
4245,0.08
4246,0.0
4247,1.095238134
4248,1.3745861000000001
4249,1.44
4250,0.0
4251,0.0
4252,0.0
4253,0.44000000000000006
4254,0.0
4255,0.0
4256,0.0
4257,0.0
4258,0.0
4259,0.75
4260,0.0
4261,0.38492064
4262,0.0
4263,0.0
4264,5.6285712
4265,0.0
4266,0.0
4267,0.0
4268,0.0
4269,0.0
4270,0.0
4271,0.0
4272,0.0
4273,0.0
4274,0.13333334
4275,0.0
4276,0.0
4277,1.04000002
4278,0.0
4279,0.0
4280,0.7142857175
4281,0.0
4282,0.0
4283,0.0
4284,2.91282052
4285,0.0
4286,0.0
4287,0.46153846
4288,0.0
4289,0.0
4290,0.0
4291,1.0
4292,0.6065801
4293,0.5
4294,0.0
4295,0.0
4296,0.0
4297,1.0
4298,0.86666668
4299,1.85473684
4300,1.6199999999999999
4301,0.0
4302,0.0
4303,0.0
4304,3.34
4305,0.24444444399999998
4306,0.0
4307,0.0
4308,0.0
4309,0.0
4310,0.0
4311,0.0
4312,0.0
4313,0.0
4314,0.0
4315,0.98717948
4316,0.0
4317,0.0
4318,2.77699638
4319,0.0
4320,0.0
4321,0.0
4322,0.0
4323,0.0
4324,0.0
4325,0.0
4326,0.0
4327,0.0
4328,0.0
4329,0.0
4330,0.0
4331,0.0
4332,0.185454552
4333,0.0
4334,0.0
4335,0.0
4336,0.0
4337,0.51333334
4338,0.39705628400000004
4339,0.0
4340,0.6666667
4341,0.0
4342,0.0
4343,0.38888889249999997
4344,0.0
4345,0.0
4346,0.0
4347,0.0
4348,0.0
4349,0.0
4350,0.0
4351,1.1645879799999999
4352,0.777566948
4353,5.38888882
4354,0.0
4355,0.0
4356,0.0
4357,2.0685713999999997
4358,0.0
4359,2.4
4360,0.0
4361,0.0
4362,2.2607143
4363,0.0
4364,0.0
4365,2.3333333400000003
4366,2.8639319399999996
4367,0.0
4368,0.0
4369,0.0
4370,0.0
4371,0.0
4372,0.0
4373,3.5682539799999993
4374,0.0
4375,0.0
4376,1.24
4377,0.0
4378,0.0
4379,0.0
4380,0.0
4381,0.0
4382,0.0
4383,0.0
4384,0.7245055020000001
4385,1.5577808
4386,0.0
4387,0.0
4388,0.0
4389,0.0
4390,0.0
4391,0.0
4392,0.0
4393,0.0
4394,0.0
4395,0.0
4396,0.0
4397,0.8
4398,0.0
4399,0.0
4400,0.23714285999999998
4401,0.0
4402,1.8
4403,0.8950915759999999
4404,0.0
4405,0.0
4406,0.0
4407,0.0
4408,0.3
4409,0.0
4410,0.0
4411,0.0
4412,0.0
4413,0.0
4414,0.0
4415,0.26666668
4416,1.3199999999999998
4417,0.0
4418,0.0
4419,0.0
4420,0.0
4421,2.85111108
4422,0.0
4423,0.0
4424,0.0
4425,0.0
4426,0.6666667
4427,0.0
4428,0.0
4429,1.08571432
4430,0.0
4431,0.0
4432,0.0
4433,0.0
4434,0.0
4435,0.800000016
4436,0.133333336
4437,0.0
4438,0.0
4439,0.699999988
4440,0.60000002
4441,0.0
4442,0.0
4443,0.0
4444,1.2
4445,0.0
4446,0.0
4447,0.080808082
4448,0.0
4449,0.0
4450,0.0
4451,0.0
4452,0.0
4453,0.0
4454,0.74285716
4455,0.0
4456,0.0
4457,0.0
4458,0.0
4459,1.4
4460,0.0
4461,1.0214285740000002
4462,0.0
4463,0.0
4464,0.0
4465,0.33333334
4466,0.0
4467,0.0
4468,0.0
4469,0.0
4470,0.0
4471,4.264285599999999
4472,0.0
4473,0.0
4474,2.81666666
4475,0.0
4476,0.0
4477,0.0
4478,2.24444448
4479,0.0
4480,0.0
4481,1.13015878
4482,0.0
4483,0.0
4484,0.0
4485,0.0
4486,0.0
4487,0.22222222
4488,0.0
4489,0.0
4490,0.0
4491,0.34
4492,0.0
4493,0.0
4494,0.0
4495,0.0
4496,2.6
4497,1.16666668
4498,0.0
4499,0.0
4500,0.0
4501,0.0
4502,1.7797619199999999
4503,0.0
4504,0.0
4505,0.63333334
4506,0.08
4507,0.0
4508,0.56
4509,0.823809528
4510,0.37142858
4511,0.0
4512,0.0
4513,1.0
4514,0.0
4515,0.5
4516,0.0
4517,0.0
4518,0.0
4519,2.64280724
4520,0.0
4521,0.0
4522,0.0
4523,0.0
4524,1.9
4525,0.66666668
4526,1.7382377400000002
4527,0.0
4528,0.0
4529,0.0
4530,0.0
4531,0.0
4532,0.0
4533,0.13888888800000002
4534,0.0
4535,0.24000000000000005
4536,0.24000000000000005
4537,0.0
4538,0.0
4539,0.0
4540,0.0
4541,0.0
4542,0.0
4543,0.0
4544,5.020512799999999
4545,2.8142858
4546,0.0
4547,0.0
4548,2.22222222
4549,0.0
4550,0.155928856
4551,0.523809548
4552,0.0
4553,0.0
4554,2.2
4555,0.0
4556,0.0
4557,0.0
4558,0.0
4559,4.7272725
4560,0.0
4561,0.0
4562,0.166666675
4563,0.35555556000000005
4564,0.0
4565,0.75064937
4566,0.0
4567,1.15
4568,0.0
4569,0.0
4570,0.0
4571,0.0
4572,0.0
4573,2.34545454
4574,0.0
4575,0.0
4576,0.0
4577,5.30303026
4578,2.30476198
4579,0.0
4580,0.0
4581,2.35064934
4582,1.0933333600000001
4583,0.0
4584,0.8777778
4585,3.9714286000000003
4586,0.0
4587,0.0
4588,0.0
4589,0.0
4590,0.0
4591,0.0
4592,0.0
4593,0.36000000399999993
4594,0.6
4595,0.0
4596,7.157894799999999
4597,0.0
4598,0.0
4599,0.53333336
4600,1.0
4601,0.6666667
4602,0.0
4603,0.0
4604,0.0
4605,0.77333334
4606,0.0
4607,0.0
4608,0.0
4609,0.0
4610,1.0
4611,0.0
4612,0.0
4613,0.0
4614,0.0
4615,1.33333334
4616,0.0
4617,0.0
4618,0.0
4619,0.0
4620,0.0
4621,0.0
4622,1.9333333199999998
4623,0.0
4624,0.0
4625,2.74666668
4626,0.0
4627,2.0
4628,0.0
4629,0.0
4630,0.0
4631,0.0
4632,0.0
4633,0.0
4634,0.0
4635,0.0
4636,0.10666666799999999
4637,0.8666667
4638,0.0
4639,0.0
4640,0.0
4641,0.0
4642,0.0
4643,0.5
4644,0.0
4645,0.347619056
4646,0.0
4647,0.0
4648,0.0
4649,0.0
4650,0.0
4651,0.0
4652,0.0
4653,0.0
4654,0.6
4655,1.9999999800000001
4656,0.0
4657,0.0
4658,0.0
4659,0.0
4660,0.0
4661,0.0
4662,0.299870138
4663,0.0
4664,0.4
4665,0.0
4666,0.0
4667,0.0
4668,0.0
4669,0.0
4670,0.0
4671,4.7736266
4672,0.0
4673,0.0
4674,0.0
4675,0.0
4676,0.0
4677,0.0
4678,0.133333336
4679,0.0
4680,0.60000002
4681,0.60000002
4682,0.0
4683,0.0
4684,0.0
4685,0.0
4686,0.0
4687,0.0
4688,0.0
4689,0.0
4690,0.0
4691,0.0
4692,0.0
4693,0.0
4694,0.0
4695,0.0
4696,1.2
4697,0.0
4698,0.0
4699,0.0
4700,1.15
4701,0.63333334
4702,0.0
4703,0.0
4704,0.0
4705,0.0
4706,0.0
4707,0.0
4708,0.8000000399999999
4709,1.3928571479999998
4710,2.5181818
4711,0.0
4712,0.9333333400000001
4713,0.7446153799999999
4714,1.02857144
4715,0.0
4716,0.0
4717,0.221904768
4718,0.0
4719,0.0
4720,0.0
4721,0.0
4722,0.13333334
4723,0.0
4724,0.0
4725,0.21212121750000001
4726,0.0
4727,0.0
4728,0.0
4729,0.0
4730,0.5
4731,0.0
4732,1.90024156
4733,6.902164599999999
4734,2.9142855999999995
4735,0.0
4736,1.20000004
4737,0.0
4738,2.08341244
4739,0.0
4740,0.0
4741,0.0
4742,0.0
4743,0.0
4744,0.0
4745,0.0
4746,0.0
4747,0.0
4748,0.44444445
4749,0.0
4750,0.0
4751,0.0
4752,0.0
4753,0.0
4754,0.0
4755,1.3360289800000003
4756,0.0
4757,0.0
4758,0.0
4759,0.0
4760,3.8036608199999997
4761,0.0
4762,1.00000005
4763,0.35714286
4764,1.04
4765,0.34
4766,0.8400000000000001
4767,3.73333332
4768,0.0
4769,0.0
4770,0.0
4771,0.0
4772,0.0
4773,0.0
4774,5.269565399999999
4775,0.85714287
4776,0.0
4777,0.0
4778,0.0
4779,0.0
4780,0.0
4781,3.6
4782,0.0
4783,0.0
4784,0.6666667
4785,0.0
4786,0.0
4787,0.0
4788,0.0
4789,0.0
4790,0.0
4791,0.0
4792,0.0
4793,0.0
4794,0.8769230799999999
4795,0.0
4796,0.0
4797,0.0
4798,0.0
4799,0.0
4800,0.53333336
4801,1.55486758
4802,0.24000000000000005
4803,1.4400000000000002
4804,0.0
4805,0.16
4806,0.5535353759999999
4807,0.0
4808,1.0
4809,0.0
4810,0.0
4811,0.0
4812,0.0
4813,0.0
4814,0.0
4815,0.0
4816,3.36746032
4817,1.79428572
4818,1.0492657859999999
4819,0.0
4820,0.0
4821,0.0
4822,0.0
4823,0.0
4824,0.89
4825,0.0
4826,2.10000002
4827,0.65333334
4828,0.6126495839999999
4829,0.0
4830,0.5
4831,0.0
4832,0.0
4833,0.0
4834,0.0
4835,0.0
4836,0.371483518
4837,0.0
4838,0.0
4839,0.0
4840,0.0
4841,0.346666672
4842,0.0
4843,0.0
4844,0.0
4845,0.7948717999999999
4846,0.0
4847,0.0
4848,2.63101346
4849,0.0
4850,1.9103030600000004
4851,1.7
4852,0.0
4853,0.0
4854,0.0
4855,0.0
4856,0.25
4857,0.0
4858,0.0
4859,0.0
4860,0.17142858
4861,0.9400000000000001
4862,0.0
4863,0.0
4864,0.0
4865,0.0
4866,0.0
4867,0.72446808
4868,0.0
4869,0.0
4870,0.0
4871,1.2190476799999999
4872,0.0
4873,2.5028571000000004
4874,0.40000001999999996
4875,1.02222224
4876,0.0
4877,0.0
4878,0.0
4879,1.3199999999999998
4880,0.5
4881,0.0
4882,0.0
4883,0.0
4884,0.0
4885,0.0
4886,0.0
4887,1.04761908
4888,0.0
4889,0.0
4890,0.0
4891,0.0
4892,0.0
4893,0.0
4894,1.2492601000000003
4895,0.0
4896,2.8
4897,0.0
4898,0.0
4899,0.0
4900,0.0
4901,0.0
4902,0.0
4903,0.0
4904,0.0
4905,0.0
4906,1.8368298799999998
4907,0.16
4908,0.0
4909,0.0
4910,0.0
4911,0.0
4912,0.0
4913,3.64761898
4914,0.52434344
4915,0.6876190600000001
4916,0.0
4917,0.0
4918,0.500000025
4919,0.742
4920,0.0
4921,0.0
4922,0.0
4923,1.226666668
4924,0.0
4925,0.86666668
4926,1.0
4927,0.0
4928,0.0
4929,0.0
4930,0.0
4931,2.4
4932,1.7333333400000002
4933,0.0
4934,0.0
4935,0.0
4936,0.0
4937,0.4
4938,0.0
4939,0.0
4940,0.0
4941,1.3790209960000002
4942,0.0
4943,0.0
4944,0.0
4945,0.0
4946,6.908647419999999
4947,0.31272727399999994
4948,0.5142857399999999
4949,2.31777776
4950,0.0
4951,0.0
4952,0.5
4953,0.46580088399999997
4954,0.6666667
4955,0.166666675
4956,0.0
4957,0.0
4958,0.0
4959,0.0
4960,0.66666668
4961,0.0
4962,0.6666667
4963,0.0
4964,0.144444444
4965,3.17894732
4966,0.0
4967,0.0
4968,0.0
4969,0.0
4970,0.0
4971,0.0
4972,0.7333333599999999
4973,0.0
4974,0.412727274
4975,1.28
4976,0.0
4977,0.0
4978,0.0
4979,0.0
4980,0.0
4981,0.0
4982,0.0
4983,0.0
4984,0.0
4985,0.0
4986,2.11428576
4987,0.0
4988,2.7095238200000002
4989,0.0
4990,0.0
4991,0.0
4992,0.0
4993,0.0
4994,0.0
4995,0.0
4996,0.0
4997,2.2199999999999998
4998,0.6
4999,0.0
5000,0.0
5001,0.61955268
5002,0.254545462
5003,0.13333334
5004,0.542857168
5005,0.0
5006,0.0
5007,0.0
5008,0.0
5009,0.0
5010,0.0
5011,1.9333333600000002
5012,0.0
5013,0.6666667
5014,0.0
5015,0.93222224
5016,0.0
5017,6.09230756
5018,2.09333332
5019,2.6148844
5020,0.788997668
5021,0.0
5022,0.0
5023,0.0
5024,0.0
5025,0.0
5026,0.6065359699999999
5027,1.19190478
5028,0.0
5029,0.0
5030,0.0
5031,0.0
5032,0.0
5033,0.0
5034,0.16
5035,0.0
5036,0.0
5037,0.6666667
5038,0.0
5039,0.0
5040,0.0
5041,0.0
5042,0.0
5043,0.0
5044,1.3333334
5045,0.0
5046,0.8722222399999999
5047,1.0
5048,1.8
5049,0.0
5050,0.0
5051,0.0
5052,0.0
5053,0.18181819
5054,0.0
5055,2.4018315
5056,0.0
5057,0.40000001999999996
5058,0.0
5059,0.5
5060,0.0
5061,3.50476188
5062,0.0
5063,0.60000002
5064,0.0
5065,0.0
5066,1.7999999600000003
5067,0.0
5068,1.0874725479999998
5069,0.0
5070,0.2
5071,0.0
5072,0.523809548
5073,0.0
5074,0.0
5075,3.73991348
5076,0.6666667
5077,0.08
5078,1.70025642
5079,0.0
5080,0.0
5081,0.0
5082,0.64
5083,1.8857142799999997
5084,0.0
5085,0.0
5086,2.6399999999999997
5087,0.0
5088,0.33333335
5089,0.0
5090,1.48797928
5091,0.31746032999999996
5092,0.0
