,S3N
0,99860000000.0
1,0.0
2,0.0
3,0.0
4,3275533333333.3335
5,3209933333.3333335
6,474147700.53333336
7,0.0
8,0.0
9,29400333333.333332
10,28145701.656666666
11,37414666666.666664
12,23667245.680000003
13,0.0
14,1.542932633333333
15,23088333333.333332
16,0.0
17,0.0
18,0.0
19,13305333333.333334
20,1520800000.0
21,10684333333.333334
22,95602083.35333334
23,8434666666.666667
24,4864404.238666667
25,0.0
26,1442066666666.6667
27,0.0
28,0.0
29,0.0
30,6358241.789999999
31,38902333333.333336
32,0.0
33,17670.593033333334
34,90930666666.66667
35,1276233333333.3333
36,1.5409127999999999
37,1.5428623666666665
38,0.0
39,90617333333.33333
40,0.0
41,18196200000.0
42,130023333333.33333
43,67506698.53333335
44,37233333333.333336
45,0.0
46,0.0
47,0.0
48,1.5433675
49,95590217.8
50,5057100000.0
51,0.0
52,79772666666.66667
53,670510000000.0
54,2747566666666.6665
55,358416666666.6667
56,61180000000.0
57,0.0
58,68700544.86666666
59,0.0
60,63892666666.666664
61,0.0
62,72012.10646666666
63,0.0
64,0.0
65,262271333333.33334
66,0.0
67,12922666666666.666
68,266000000000.0
69,26917567.548333332
70,27666757908.963333
71,224270000000.0
72,2965076.582
73,8099433333.333333
74,0.0
75,0.0
76,0.0
77,73862000000.0
78,18073000000.0
79,0.0
80,0.0
81,13923666666666.666
82,162566666666.66666
83,0.0
84,641246666666.6666
85,68700544.86666666
86,464760471.3333333
87,872266666.6666666
88,73116666666.66667
89,0.0
90,0.0
91,0.0
92,0.0
93,0.0
94,264759867.4333333
95,0.0
96,12475856.14
97,3308.1288280000003
98,60036666666.666664
99,336199.68426666665
100,76828333333.33333
101,8453066666.666667
102,0.0
103,65954363.81666666
104,1.5405786
105,1.5445722666666668
106,0.0
107,131294.73289999997
108,3440066666.6666665
109,0.0
110,0.0
111,0.0
112,1895389.89
113,0.0
114,0.0
115,5590.344389999999
116,7757016.263333333
117,1795635703.0
118,52801883.68
119,0.0
120,0.0
121,1.5399776333333335
122,6358241.848
123,0.0
124,0.0
125,365626666666.6667
126,0.0
127,22745666666.666668
128,20347942.406666666
129,289162286.3333333
130,293224542.3333333
131,306036390.1666667
132,16420443.923333332
133,0.0
134,11895333333.333334
135,0.0
136,27975333333333.332
137,73577333333.33333
138,0.0
139,0.0
140,259826795.4333333
141,187820.58833333335
142,198100000000.0
143,122826333333.33333
144,0.0
145,872233333.3333334
146,1020366666.6666666
147,0.0
148,67506698.53333335
149,1896866666.6666667
150,0.0
151,16500000000000.0
152,11755833333.333334
153,0.0
154,0.0
155,20519333333.333332
156,1339770000000.0
157,22429846.583333332
158,1.5421142666666665
159,504620000000.0
160,115226000000.0
161,77239000000.0
162,64204333333.333336
163,39334137910.13333
164,123526333333.33333
165,37234000000.0
166,28626000000.0
167,1000900000.0
168,1356233333.3333333
169,0.0
170,210543333333.33334
171,350743333333.3333
172,0.0
173,672220000000.0
174,12317.580766666666
175,0.0
176,16926367.2
177,356270000000.0
178,33629333333.333332
179,474147700.53333336
180,0.0
181,0.0
182,1.5417467666666667
183,1.5402844
184,496048075.0
185,0.0
186,1052866666.6666666
187,174721392.06666666
188,84060000000.0
189,0.0
190,2101666666666.6667
191,0.0
192,0.0
193,168832429.51333335
194,164123866.33333334
195,0.0
196,53326542.26666667
197,330606666666.6667
198,23942333333.333332
199,464540000000.0
200,0.0
201,1.5447366333333334
202,12253000000.0
203,0.0
204,0.0
205,0.0
206,8714000000.0
207,0.0
208,0.0
209,24959000000.0
210,0.0
211,705020000000.0
212,19665000000.0
213,72410000000.0
214,0.0
215,0.0
216,0.0
217,0.0
218,436146666666.6667
219,2.5115245666666666
220,0.0
221,638536.0536666667
222,0.0
223,0.0
224,27403333333.333332
225,74862854.26666667
226,17029555.033333335
227,0.0
228,1562466666666.6667
229,53101000000.0
230,1311566666666.6667
231,908859.3026666668
232,1251400000.0
233,7383900000.0
234,867316000000.0
235,26774333333.333332
236,42.023336533333335
237,0.0
238,5446233333333.333
239,159592789.83333334
240,0.0
241,1922433333.3333333
242,0.0
243,22021000000.0
244,34168333333.333332
245,0.0
246,39993666666.666664
247,985817436.6666666
248,60980.23456666667
249,116593333333.33333
250,23633356.320000004
251,0.0
252,2100233333333.3333
253,146607148.22
254,0.0
255,610243333333.3334
256,0.0
257,339949.39379999996
258,45514878.36666667
259,1047833333.3333334
260,44536254.483333334
261,4172166666.6666665
262,94752409.06666666
263,61850333333.333336
264,197560000000.0
265,0.0
266,139290000000.0
267,156316666666.66666
268,112700320.39999999
269,78507333333.33333
270,10465517.790000001
271,50262000000.0
272,314253.01676666667
273,0.0
274,0.0
275,22678000000.0
276,150962635.4
277,1.8685128000000002
278,10000000001.027264
279,48866333333333.336
280,1881166666666.6667
281,0.0
282,1764796666666.6667
283,471591.00813333335
284,2409700000.0
285,0.0
286,55792333333.333336
287,2129433333.3333333
288,0.0
289,0.0
290,0.0
291,0.0
292,31896000000.0
293,0.0
294,1410633333.3333333
295,568080000000.0
296,4766400000.0
297,0.0
298,333491666666.6667
299,0.0
300,0.0
301,0.0
302,0.0
303,21154538.566666666
304,0.0
305,28000333333.333332
306,635000000000.0
307,4946566666.666667
308,21126333333.333332
309,0.0
310,0.0
311,1.5429151333333333
312,179404.54086666662
313,131.48596533333335
314,0.0
315,215300125.19999996
316,247564152.16666666
317,34805333333333.332
318,0.0
319,0.0
320,0.0
321,2378200000.0
322,0.0
323,0.0
324,22758233333.333332
325,21480333333.333332
326,1038808704.6666666
327,7873033333333.333
328,94676666666.66667
329,0.0
330,0.0
331,263203962.1
332,200064277.9333333
333,1305000000.0
334,9429244.833333334
335,21713167.466666665
336,0.0
337,0.0
338,0.0
339,68161333333.333336
340,343077732.8333333
341,108880000000.0
342,18412333333.333332
343,23074333333.333332
344,2300166666666.6665
345,93701533333.33333
346,668710000000.0
347,0.0
348,0.0
349,1.5417903
350,2101766666.6666667
351,0.0
352,947940000000.0
353,288000000.0
354,0.0
355,0.0
356,517915.26133333327
357,6519633333.333333
358,730900000.0
359,21900585347.233334
360,2459166666.6666665
361,0.0
362,0.0
363,7915133333.333333
364,30500000000.0
365,0.0
366,160000000000.0
367,0.0
368,3189300000.0
369,1.5421711
370,1106187703.0
371,0.0
372,0.0
373,0.0
374,221570666666.66666
375,0.0
376,47706666666.666664
377,84108862.26666667
378,11433577673.4
379,0.0
380,50857666666666.664
381,0.0
382,0.0
383,0.0
384,106732000000000.0
385,1663066666.6666667
386,0.0
387,0.0
388,173003333333.33334
389,66290333333.333336
390,0.0
391,0.0
392,10590800000000.0
393,0.0
394,0.0
395,0.0
396,0.0
397,0.0
398,0.0
399,0.0
400,37876666666666.664
401,0.0
402,0.0
403,0.0
404,0.0
405,0.0
406,0.0
407,0.0
408,0.0
409,0.0
410,0.0
411,0.0
412,0.0
413,0.0
414,0.0
415,0.0
416,0.0
417,0.0
418,10980066666666.666
419,9233334.362421066
420,0.0
421,342143333333.3333
422,105005666666.66667
423,0.0
424,0.0
425,0.0
426,14300537000000.0
427,64003703333333.336
428,9233423333333.334
429,0.0
430,0.0
431,0.0
432,0.0
433,0.0
434,0.0
435,0.0
436,0.0
437,0.0
438,0.0
439,0.0
440,0.0
441,0.0
442,0.0
443,0.0
444,0.0
445,38300000000.0
446,0.0
447,6635.2443226000005
448,5672233333.333333
449,640013576.0
450,19400000000.0
451,14000000.0
452,0.0
453,0.0
454,0.0
455,0.0
456,2459166666.6666665
457,0.0
458,0.0
459,0.0
460,0.0
461,70244666666.66667
462,934253.1246666667
463,0.0
464,2.7000501666666668
465,2.7000251
466,2.6999397999999997
467,16458333333333.334
468,0.0
469,0.0
470,0.0
471,0.0
472,0.0
473,32989333333333.332
474,24540502.3
475,0.0
476,0.0
477,0.0
478,0.0
479,240164656.77666664
480,1645200000.0
481,26584333333.333332
482,0.0
483,5820166666.666667
484,0.0
485,0.0
486,158000000.0
487,7891242.296666667
488,0.0
489,1.5412688999999997
490,89056666666.66667
491,30061666666666.668
492,3659492.099
493,1410633333.3333333
494,0.0
495,3308.1287966666664
496,15527051.496666664
497,1.5415722
498,429322204.93333334
499,0.0
500,0.0
501,0.0
502,661317013.5
503,867526666666.6666
504,661317013.1666666
505,141575114.5
506,9182140.625
507,0.0
508,0.0
509,0.0
510,0.0
511,6358241.848
512,144107098.23333332
513,0.0
514,0.0
515,0.0
516,295786666666.6667
517,0.0
518,0.0
519,18594333333.333332
520,177032725.0666667
521,0.0
522,0.0
523,65812666666.666664
524,0.0
525,33043000000.0
526,0.0
527,175000000000.0
528,4789787.022
529,117336666666.66667
530,0.0
531,440393448.5
532,1720333333.3333333
533,2386600000000.0
534,0.0
535,0.0
536,245.34370366666667
537,0.0
538,64398040.23333333
539,1.868788866666667
540,0.0
541,85230363.26666667
542,0.0
543,9017700000000.0
544,7830166666666.667
545,7574666666.666667
546,475385858.3333333
547,115373333333.33333
548,10489233333.333334
549,46040666666.666664
550,0.0
551,212136831.86666664
552,257236666666.66666
553,3185600000.0
554,24540502.3
555,13587200000.0
556,0.0
557,342370000000.0
558,738430000000.0
559,0.0
560,12433333333.333334
561,0.0
562,0.0
563,0.0
564,76828333333.33333
565,297744563.6666667
566,8510912.428333333
567,9359666666.666666
568,0.0
569,4037166666.6666665
570,0.0
571,0.0
572,102546666666.66667
573,0.0
574,0.0
575,420969985.3333333
576,0.0
577,5957100000.0
578,0.0
579,163780269.23333332
580,3790166666.6666665
581,72421333333.33333
582,0.0
583,52091512.98333333
584,1.5425539666666666
585,1.5427414666666668
586,8234622.620000001
587,16341118.396666666
588,0.0
589,48103333333.333336
590,0.0
591,70000002.36546074
592,0.0
593,0.0
594,1073031284.0
595,0.0
596,197771550.4
597,0.0
598,0.0
599,0.0
600,1957033333333.3333
601,0.0
602,6299326.533333332
603,329251429.1333334
604,73781082.63333334
605,19234666666.666668
606,88867177.16666667
607,958320000000.0
608,0.0
609,23633356.320000004
610,0.0
611,845553571.0
612,87025000000.0
613,1251400000.0
614,83964459.03333333
615,46573666666.666664
616,0.0
617,8515.076186666665
618,340.7887956
619,30000000000.0
620,91299639.23333335
621,56868666666.666664
622,13681333333.333334
623,0.0
624,83248081.27
625,33184333333.333332
626,50496021.419999994
627,0.0
628,0.0
629,0.0
630,23.46988096666667
631,0.0
632,78622666666.66667
633,25166745.766521666
634,82158000000.0
635,0.0
636,40473333333333.336
637,1376981.158
638,30137566.419999998
639,0.0
640,23554333333.333332
641,1901233333.3333333
642,297980000000.0
643,241593333333.33334
644,0.0
645,1.5432063666666667
646,60704666666.666664
647,9952333333.333334
648,0.0
649,6139100000.0
650,1138066666.6666667
651,0.0
652,8099433333.333333
653,1.6898353000000002
654,1395308.3343333334
655,19869.75524
656,21746.169426666664
657,0.0
658,1877833333.3333333
659,87767574.73333333
660,27200000.0
661,318064.6106
662,0.0
663,1251400000.0
664,4603100000000.0
665,1.5401930000000001
666,0.0
667,0.0
668,0.0
669,0.0
670,1295100000.0
671,298213333333.3333
672,16699333333.333334
673,194105333333.33334
674,7319533333333.333
675,0.0
676,1.543580633333333
677,33750000.0
678,142586666666.66666
679,10188333333.333334
680,0.0
681,67400000000.0
682,379.7929326666667
683,53.662693133333335
684,16985666666.666666
685,0.0
686,1809466666666.6667
687,21641000000.0
688,30000000000.0
689,0.0
690,0.0
691,105237348.66666667
692,1251400000.0
693,0.0
694,0.0
695,0.0
696,0.0
697,330822.3491666667
698,8099433333.333333
699,0.0
700,0.0
701,89756666666.66667
702,155330000000.0
703,575475065.6666666
704,77090583.33333333
705,0.0
706,47646931.04666666
707,657450000000.0
708,1.5434217666666665
709,243612660.03333333
710,289816666666.6667
711,844333333.3333334
712,32453961.48
713,706663333333.3334
714,52091512.98333333
715,6519633333.333333
716,11895333333.333334
717,872233333.3333334
718,59055000000.0
719,526779059.6666667
720,0.0
721,0.0
722,48888000000000.0
723,11364333333.333334
724,28879666666.666668
725,0.0
726,139679767.66666666
727,17657.46794
728,567043333333.3334
729,714933333.3333334
730,27604798.043333333
731,75322546.16666667
732,20706333333333.332
733,7146066666.666667
734,0.0
735,0.0
736,9175433333.333334
737,781966666.6666666
738,31174000000000.0
739,0.0
740,0.0
741,69294.55118
742,12779333333.333334
743,100349.54623333334
744,55520333333.333336
745,28078333333.333332
746,0.0
747,0.0
748,47228666666.666664
749,718033333.3333334
750,434233257.23333335
751,339949.39366666664
752,7402976.609999999
753,21422000000.0
754,1984466666.6666667
755,261700000000.0
756,1922433333.3333333
757,26064333333.333332
758,2459166666.6666665
759,71043666666.66667
760,384147254.1666667
761,505405.8623956667
762,0.0
763,0.0
764,0.0
765,78010000000.0
766,275591.25
767,0.0
768,178776666666666.66
769,0.0
770,54856.8697
771,923266666.6666666
772,0.0
773,0.0
774,427721890.1666667
775,82227959.42666666
776,109167.93083333335
777,61464056.26666667
778,2399064.805666667
779,1037700000.0
780,22545666666.666668
781,13043960.280000001
782,339691.4769333333
783,0.0
784,0.0
785,5834400000.0
786,76700000000.0
787,546.9787683333333
788,6621000000.0
789,1.5422272666666668
790,160507974.33333334
791,77013655.36666666
792,132000000000.0
793,7833600000000.0
794,1.5425578
795,4599965.883333334
796,1.5431472
797,3751449.561666667
798,18034333333.333332
799,17711000000.0
800,0.0
801,948161.61
802,510281370.8333333
803,2293920.864333333
804,18393105.59333333
805,1.5419114333333335
806,148838666666.66666
807,0.0
808,13360333333.333334
809,1308366666.6666667
810,1.5408359999999999
811,1954504731.0
812,0.0
813,11964100000.0
814,14904333333.333334
815,0.0
816,10414.105606666668
817,38069.99158
818,1138066666.6666667
819,0.0
820,0.0
821,488521665.8333333
822,0.0
823,0.0
824,0.0
825,22471333333333.332
826,154760949.81333333
827,1.6898390999999997
828,3051266666.6666665
829,108552335.16666667
830,0.0
831,0.0
832,2557033333.3333335
833,1417433333333.3333
834,0.0
835,4596824.986666667
836,0.0
837,737411.7939999999
838,0.0
839,10266000000.0
840,75322546.16666667
841,1889900.835
842,1175353333333.3333
843,554655025.0
844,0.0
845,302566296.23333335
846,0.0
847,54785333333.333336
848,0.0
849,93565000000.0
850,13788000000.0
851,2315734.9073333335
852,20918994.46333333
853,32487893.093333334
854,163000000.0
855,22694.990445400002
856,0.0
857,17377366666666.666
858,0.0
859,2512266666.6666665
860,3016100000.0
861,58955930.18666667
862,0.0
863,54948538.800000004
864,0.0
865,38131666666666.664
866,2812014.1426666663
867,1482266666666.6667
868,112036196.53333335
869,67506698.63333334
870,2550500.301
871,6361133333.333333
872,860600000.0
873,139789069.48
874,7680951.951666667
875,5647966666.666667
876,77013655.36666666
877,231000000.0
878,528817167.1666667
879,0.0
880,0.0
881,1925833333.3333333
882,38069.99158
883,125739104.5
884,121056666666.66667
885,76828333333.33333
886,7200001.028032233
887,1066965.5128
888,21373426.623333335
889,7047309.965
890,103496666666.66667
891,56032333333.333336
892,2812012.8093333333
893,0.0
894,1420000000.0
895,889000000.0
896,62400000000.0
897,12645333333.333334
898,0.0
899,0.0
900,5997666666.666667
901,391560000000.0
902,963221674.3333334
903,688692.5003333333
904,1.5400273333333334
905,0.0
906,69789000000.0
907,1116733333333.3333
908,0.0
909,474147700.53333336
910,8887933333333.334
911,1.5423174
912,45.75507166666667
913,0.0
914,1.5433754666666666
915,40157389.913333334
916,0.0
917,1.5439158666666668
918,1.5418279333333331
919,1378.5076543333334
920,1998466666666.6667
921,2959570000000.0
922,187820.58826666666
923,106810333333333.33
924,13992700000.0
925,6074827.773333333
926,24416855.46666667
927,1587.3554239999996
928,0.0
929,215054905.0
930,2185048.303333333
931,26392000000.0
932,0.0
933,0.0
934,0.0
935,24000000000000.0
936,1184140.406333333
937,437216666666.6667
938,40206484.28333333
939,0.0
940,2596800000.0
941,1014.9353706666667
942,0.0
943,0.0
944,3913433333.3333335
945,10951934.51
946,19808333333.333332
947,184979318.1
948,2766800000.0
949,7861200000.0
950,3605.428054666667
951,0.0
952,0.0
953,6830801.89
954,2345433333.3333335
955,0.0
956,11834359.443333333
957,0.0
958,30128000000.0
959,0.0
960,1964233333.3333333
961,254104390.33333334
962,1390633333333.3333
963,1360576666666.6667
964,0.0
965,0.0
966,0.0
967,0.0
968,15299100000.0
969,287378775.5333333
970,22892166.706666667
971,0.0
972,517915.26133333327
973,100813715.16666667
974,24540502.3
975,20277534.063333333
976,1889900.835
977,13309666666.666666
978,0.0
979,0.0
980,12479033333.333334
981,142337480587.5
982,9148452.22
983,0.0
984,1.5437471333333335
985,14849000000.0
986,0.0
987,0.0
988,0.0
989,0.0
990,27043598.066666666
991,0.0
992,217933333333.33334
993,157341949.83333334
994,0.0
995,29311666666.666668
996,0.0
997,16552666666.666666
998,37234000000.0
999,0.0
1000,0.0
1001,482043333333.3333
1002,55727.39176666667
1003,2459166666.6666665
1004,2714340000000.0
1005,18001565.856666666
1006,80200000000.0
1007,6031733333.333333
1008,9482666666.666666
1009,0.0
1010,3567266666.6666665
1011,24540502.3
1012,5631333333.333333
1013,0.0
1014,517915.26133333327
1015,45333444141.56333
1016,0.0
1017,0.0
1018,0.0
1019,0.0
1020,575475065.6666666
1021,171236666666.66666
1022,13146333333333.334
1023,0.0
1024,22322500000.0
1025,51392031.86666667
1026,55646.00396666667
1027,149470000000.0
1028,0.0
1029,4557000000000.0
1030,23633356.320000004
1031,3967026000000.0
1032,507643333333.3333
1033,68945267.63333334
1034,1184140.406333333
1035,31676666666.666668
1036,0.0
1037,0.0
1038,423230000000.0
1039,1138066666.6666667
1040,0.0
1041,963221674.3333334
1042,0.0
1043,0.0
1044,77044971.86666667
1045,200176666666.66666
1046,54098000000.0
1047,182188224.23333335
1048,0.0
1049,0.0
1050,10377742.953333333
1051,0.0
1052,3913433333.3333335
1053,549428246.0
1054,35103319.73333333
1055,0.0
1056,144209192.43333334
1057,50452147.23
1058,0.0
1059,125532000000.0
1060,3308.128846666667
1061,6519766666.666667
1062,0.0
1063,0.0
1064,16892563.446666665
1065,17519566.846666668
1066,6105633333.333333
1067,0.0
1068,0.0
1069,0.0
1070,0.0
1071,12951833333.333334
1072,735076666666.6666
1073,65307751.56666666
1074,476676133333.3333
1075,0.0
1076,56803877.25333333
1077,364633333333.3333
1078,0.0
1079,591694815.4333333
1080,575475065.6666666
1081,1889900.835
1082,0.0
1083,1014233333333.3334
1084,0.0
1085,63756666666.666664
1086,15527051.496666664
1087,0.0
1088,1734333333333.3333
1089,0.0
1090,0.0
1091,5997533333.333333
1092,0.0
1093,0.0
1094,0.0
1095,0.0
1096,223531862.16666666
1097,4456033333.333333
1098,6455633333.333333
1099,45421.202366666665
1100,23633356.320000004
1101,69650501.93666667
1102,62828666666.666664
1103,1.5433238333333332
1104,475196666666.6667
1105,89133333333.33333
1106,22444666666.666668
1107,34161000000.0
1108,256285333333.33334
1109,665340000000.0
1110,877333333333.3334
1111,0.0
1112,0.0
1113,872233333.3333334
1114,52284329.14666667
1115,1023733333.3333334
1116,3053433333.3333335
1117,1.543209
1118,0.0
1119,90376666666.66667
1120,0.0
1121,0.0
1122,6358241.848
1123,0.0
1124,21746.169436666667
1125,53099666666.666664
1126,540246666666.6667
1127,17236000000.0
1128,6358241.848
1129,1.5435274333333335
1130,10951934.51
1131,40783492.416666664
1132,933850000000.0
1133,13043960.280000001
1134,53351666666.666664
1135,2771300000.0
1136,35.31993526666667
1137,10881000000.0
1138,0.0
1139,46253123.53333333
1140,311096666666.6667
1141,22444666666.666668
1142,9319333333.333334
1143,159592789.83333334
1144,160570000000.0
1145,59692457.0
1146,0.0
1147,602833333333.3334
1148,765599423.5
1149,0.0
1150,0.0
1151,244820333333.33334
1152,1359966666.6666667
1153,56149333333.333336
1154,71572523.01666667
1155,694233905.5
1156,256168333333.33334
1157,0.0
1158,317850000000.0
1159,0.0
1160,9952333333.333334
1161,104595333333.33333
1162,55581753.843333334
1163,56646598.21333333
1164,0.0
1165,168045497.8
1166,3913433333.3333335
1167,421606309.1666667
1168,1.5430323000000001
1169,130022700000.0
1170,92316742.21333332
1171,846816666666.6666
1172,14994066666.666666
1173,0.0
1174,10863125.038333332
1175,0.0
1176,1663066666.6666667
1177,303187622.8333333
1178,588093333333.3334
1179,118160.5127
1180,276986666666.6667
1181,0.0
1182,1203933333333.3333
1183,43667135218.253334
1184,16315.902796666669
1185,4599300000.0
1186,651596377.6
1187,151299363.83333334
1188,658958286.4
1189,963221674.3333334
1190,112506666666.66667
1191,0.0
1192,67049875.333333336
1193,0.0
1194,0.0
1195,1.5483559666666666
1196,0.0
1197,1.587646733333333
1198,2.181031133333333
1199,1.5876508666666667
1200,46885.72123333332
1201,38.5446406
1202,38.54465046666667
1203,8326700000.0
1204,297744563.6666667
1205,0.0
1206,0.0
1207,2.381175466666667
1208,2.3810298333333333
1209,2.3812987666666667
1210,2.380897733333333
1211,1.5431160333333336
1212,1.5433609333333334
1213,1.5427883333333332
1214,0.0
1215,0.0
1216,94000000673.44354
1217,136667341.982
1218,14667272755.85
1219,0.0
1220,7516.499396666666
1221,8326700000.0
1222,0.0
1223,1.5428003666666665
1224,7915133333.333333
1225,2.7074044666666666
1226,2.6996516666666666
1227,0.0
1228,1.5401803333333335
1229,1.5460271666666667
1230,1.5445563666666666
1231,1.5410291999999999
1232,3913433333.3333335
1233,2.7171801666666666
1234,63898333333.333336
1235,0.0
1236,174020000000.0
1237,1.5420236333333335
1238,203486391.5666667
1239,2238366666.6666665
1240,0.0
1241,4599965.883333334
1242,52800910.0
1243,0.0
1244,82227959.42666666
1245,0.0
1246,0.0
1247,74900000000.0
1248,862300000.0
1249,22678000000.0
1250,156350000000.0
1251,48754000000.0
1252,134671307272.0
1253,83248081.27
1254,0.0
1255,11777706.196666667
1256,0.0
1257,0.0
1258,0.0
1259,45900666666666.664
1260,1374500.503
1261,0.0
1262,0.0
1263,23633356.320000004
1264,0.0
1265,44127666666.666664
1266,4516000000.0
1267,0.0
1268,13681333333.333334
1269,382836666666.6667
1270,0.0
1271,3310833333.3333335
1272,0.0
1273,0.0
1274,0.0
1275,0.0
1276,1.641655
1277,1.6416637333333333
1278,2.3226761999999996
1279,2.2590364000000003
1280,1.5818796333333334
1281,2.9499024333333335
1282,0.0
1283,1.5430096666666666
1284,49359.11163333333
1285,49359.11163333333
1286,0.0
1287,0.0
1288,28736000000.0
1289,4604266666.666667
1290,5122633333333.333
1291,427812217.3333333
1292,309822.7208333334
1293,23762000000.0
1294,2143566666.6666667
1295,0.0
1296,33191333333.333332
1297,1925833333.3333333
1298,1.5499566333333332
1299,510281370.8333333
1300,6070647.898333333
1301,8367666666.666667
1302,0.0
1303,77013655.36666666
1304,17777000000.0
1305,6155200000000.0
1306,5356400000000.0
1307,54944666666.666664
1308,50870000000000.0
1309,50255666666.666664
1310,586958333333.3334
1311,12017333333.333334
1312,196860000000.0
1313,0.0
1314,1.5926665666666666
1315,0.0
1316,103630333333.33333
1317,27009757.76
1318,1.5413992666666667
1319,0.0
1320,2459166666.6666665
1321,1473280874.6666667
1322,0.0
1323,1.5488869
1324,7554200000000.0
1325,13681333333.333334
1326,997166666666.6666
1327,27374333333333.332
1328,44593000000.0
1329,118783333333.33333
1330,1872400000000.0
1331,2122766666666.6667
1332,93473333333.33333
1333,37988333333.333336
1334,12829000000.0
1335,5955566666.666667
1336,676832.775
1337,33107666666.666668
1338,707326666666.6666
1339,345476666666.6667
1340,10215266666666.666
1341,4192200000000.0
1342,570426666666.6666
1343,218760000000.0
1344,1874500000.0
1345,2255996666666.6665
1346,1572466666666.6667
1347,51844.734156666666
1348,706813333333.3334
1349,1615033333.3333333
1350,27403333333.333332
1351,80079333333.33333
1352,1.5428800999999999
1353,17488833333333.334
1354,0.0
1355,3822600000000.0
1356,15062000000.0
1357,8734333333333.333
1358,1306290000000.0
1359,3061166666.6666665
1360,8439000000.0
1361,3054233333333.3335
1362,140066666666.66666
1363,1020366666.6666666
1364,20331333333.333332
1365,34580333333.333336
1366,180426666666.66666
1367,7108800000000.0
1368,177680333333.33334
1369,1044200000.0
1370,37233333333.333336
1371,165590000000.0
1372,2314766666666.6665
1373,0.0
1374,0.0
1375,0.0
1376,3388300000000.0
1377,0.0
1378,0.0
1379,1293400000.0
1380,0.0
1381,0.0
1382,63778333333.333336
1383,13992700000.0
1384,13778066666666.666
1385,0.0
1386,729983333333.3334
1387,43933666666.666664
1388,13036850000000.0
1389,95591409.90000002
1390,1833133333333.3333
1391,4651300000.0
1392,169410000000.0
1393,19039666666.666668
1394,73417000000000.0
1395,115665333333333.33
1396,101595333333333.33
1397,52633666666666.664
1398,28292666666.666668
1399,144572000000000.0
1400,12945233333333.334
1401,10287333333.333334
1402,0.0
1403,68237333333.333336
1404,13681333333.333334
1405,1649166666.6666667
1406,6851600000.0
1407,311783333333.3333
1408,6269266666.666667
1409,1389100000000.0
1410,141036666666666.66
1411,376136666666.6667
1412,74748333333333.33
1413,71333719666666.67
1414,27043598.066666666
1415,0.0
1416,47000434333333.336
1417,3890866666666.6665
1418,13650000230428.19
1419,129696666666.66667
1420,20109666666666.668
1421,4826366666666.667
1422,0.0
1423,81003030000000.0
1424,3866748666666.6665
1425,93004400000000.0
1426,2597300000.0
1427,309116666666.6667
1428,3420500000000.0
1429,6358241.75
1430,21746.169436666667
1431,450250000000.0
1432,4564712.306666667
1433,1.5422141333333332
1434,1023733333.3333334
1435,20287.7316
1436,1064500000000.0
1437,222967086.4666667
1438,101730000000.0
1439,515560000000.0
1440,615566666666.6666
1441,19069666666.666668
1442,1889900.835
1443,355693333333.3333
1444,6398066666666.667
1445,35000075076.548
1446,339729927.8333333
1447,777362409.4666667
1448,14.481107600000001
1449,2003166666666.6667
1450,6070300000000.0
1451,86053333333.33333
1452,27009757.77
1453,0.0
1454,105030000000.0
1455,1041266666.6666666
1456,10269333333.333334
1457,5302866666666.667
1458,24557716.8
1459,45667484666666.664
1460,25151000000.0
1461,60667790000000.0
1462,49980000000.0
1463,21259000000000.0
1464,12222233333333.334
1465,667820000000.0
1466,190046666666.66666
1467,640970000000.0
1468,0.0
1469,704366666.6666666
1470,71464000000.0
1471,106725266666.66667
1472,64898333333333.336
1473,485813333333.3333
1474,5363100000000.0
1475,48336733333333.336
1476,3794200000000.0
1477,8822700000.0
1478,44536254.483333334
1479,0.0
1480,69402666666666.664
1481,8791000000.0
1482,3116366666.6666665
1483,1043413333333.3334
1484,492809731.0
1485,22109666666.666668
1486,69768000000.0
1487,0.0
1488,1417743333333.3333
1489,124653333333.33333
1490,60229666666.666664
1491,1571623.6746666664
1492,24600333333333.332
1493,33043000000.0
1494,0.0
1495,26813333333333.332
1496,0.0
1497,117716666666.66667
1498,384147254.1666667
1499,13016100000000.0
1500,53099666666.666664
1501,76334000000.0
1502,98901666666.66667
1503,647533333333.3334
1504,964413333333.3334
1505,923266666.6666666
1506,2597300000.0
1507,904866666666.6666
1508,496071766.93333334
1509,716327485.0
1510,2708333333333.3335
1511,2702266666.6666665
1512,8470900000000.0
1513,194143333333.33334
1514,37668666666.666664
1515,2459166666.6666665
1516,96720000000.0
1517,4910000000.0
1518,26837932.47
1519,9977466666.666666
1520,9952333333.333334
1521,523764044.0
1522,159592789.83333334
1523,14644000.139999999
1524,1.5525721
1525,8254933333333.333
1526,880200000.0
1527,0.0
1528,69010820.44666667
1529,20270666666.666668
1530,4465533333333.333
1531,7135133333.333333
1532,66753666666666.664
1533,33868000000000.0
1534,38893666666.666664
1535,74558666666.66667
1536,13189333333333.334
1537,1.5418334666666667
1538,0.0
1539,37233333333.333336
1540,55672346483.0
1541,13528000000.0
1542,1633900000.0
1543,4421466666666.667
1544,1314180000000.0
1545,944210873.6333333
1546,768166666.6666666
1547,0.0
1548,76073516.8
1549,31336666666666.668
1550,19176666666.666668
1551,1922433333.3333333
1552,81800000000.0
1553,12175400000000.0
1554,517915.26133333327
1555,9945200000.0
1556,8195566666.666667
1557,20666000000000.0
1558,528476117.8666666
1559,487460000000.0
1560,37234333333.333336
1561,9148452.22
1562,1020366666.6666666
1563,1010633333333.3334
1564,2730733333333.3335
1565,35948666666.666664
1566,22678000000.0
1567,576123580.3333334
1568,0.0
1569,22666666666.666668
1570,1413433333333.3333
1571,65554000000000.0
1572,1.5403208333333334
1573,1040600000.0
1574,1.5417724666666668
1575,79011666666666.67
1576,1238053.3613333332
1577,15491.206256666666
1578,0.0
1579,5886133333333.333
1580,1083130000000.0
1581,0.0
1582,105314666666.66667
1583,6848666666.666667
1584,13681333333.333334
1585,11510000000.0
1586,0.0
1587,46113333333333.336
1588,5997533333.333333
1589,2285333333333.3335
1590,6923100000.0
1591,610279900.3333334
1592,1281633333333.3333
1593,74350166666666.67
1594,53369115.14433334
1595,2661600000000.0
1596,18047333333.333332
1597,88499394.77666667
1598,15213666666.666666
1599,384147254.1666667
1600,138653333333.33334
1601,307956666666.6667
1602,26917567.548333332
1603,19146333333.333332
1604,2303666666666.6665
1605,1190333333333.3333
1606,95838666666.66667
1607,6015400000.0
1608,451550000000.0
1609,4322166666666.6665
1610,208566666666.66666
1611,1574300000000.0
1612,1.5435828666666669
1613,0.0
1614,150962635.4
1615,22211666666.666668
1616,795270000000.0
1617,85086666666.66667
1618,436583333333.3333
1619,14226666666666.666
1620,34474666666.666664
1621,51558000000000.0
1622,456743348.0
1623,1622893753.0
1624,2812012.8093333333
1625,22923666666.666668
1626,265180000000.0
1627,777100000000.0
1628,3015933333.3333335
1629,192950000000.0
1630,610836666666.6666
1631,0.0
1632,22610000000.0
1633,16381241.196666667
1634,0.0
1635,35631333333.333336
1636,83566.3519
1637,806700.44
1638,112000000.0
1639,33843000000.0
1640,4333356704.136666
1641,494526666666.6667
1642,46.32314936666666
1643,61879.53913333334
1644,102416666666.66667
1645,0.0
1646,0.0
1647,0.0
1648,0.0
1649,365776666666.6667
1650,6731133333.333333
1651,4865693.511999999
1652,14500000.0
1653,4456033333.333333
1654,294850000000.0
1655,1.5400805999999998
1656,1.5308829333333334
1657,1.5547974666666666
1658,1.5430385000000004
1659,16361333333.333334
1660,16015485.116666667
1661,0.0
1662,0.0
1663,0.0
1664,45206666666.666664
1665,37000956666666.664
1666,11421000000.0
1667,1660466666.6666667
1668,82041000000000.0
1669,25032000000000.0
1670,18435333333333.332
1671,130846000000000.0
1672,94500223000000.0
1673,93841000000000.0
1674,18900000000000.0
1675,33000000000000.0
1676,53102333333.333336
1677,24546000000000.0
1678,3508633333333.3335
1679,56433000000.0
1680,44.92694056666667
1681,75619572.39999999
1682,61349333333333.336
1683,42721000000.0
1684,1633233333333.3333
1685,1205233333333.3333
1686,21005333333.333332
1687,984300000000.0
1688,74746000000000.0
1689,16320574.42
1690,101723766666.66667
1691,53919000000000.0
1692,1305300000000.0
1693,2679200000000.0
1694,3178900000000.0
1695,7870800000000.0
1696,1824266666.6666667
1697,6425266666.666667
1698,3897800000.0
1699,6789766666666.667
1700,4849533333333.333
1701,94985000000.0
1702,1241800000000.0
1703,495790000000.0
1704,917456666666.6666
1705,33866000000.0
1706,233456666666.66666
1707,2281533333333.3335
1708,33849666666.666668
1709,37372517.43666667
1710,11231566666666.666
1711,19457200000000.0
1712,20825066666666.668
1713,9952333333.333334
1714,76385000000000.0
1715,30690000000000.0
1716,15371666666666.666
1717,12992000000.0
1718,125883000000.0
1719,222773333333.33334
1720,883710000000.0
1721,28835666666.666668
1722,5058500000.0
1723,113806666666666.67
1724,9952333333.333334
1725,18000279333333.332
1726,111999333333.33333
1727,18918600000000.0
1728,326616333333.3333
1729,44858333333333.336
1730,391146666666.6667
1731,6979400000000.0
1732,737412.196
1733,915540000000.0
1734,254640978.0
1735,156920000000.0
1736,78452666666.66667
1737,12767181000000.0
1738,253093333333.33334
1739,208533333333.33334
1740,18633511000000.0
1741,4932666666666.667
1742,120700000000.0
1743,2495416666666.6665
1744,23386333333333.332
1745,17500000000000.0
1746,47751000000.0
1747,7070733333333.333
1748,175343333333.33334
1749,4220433333333.3335
1750,12947666666.666666
1751,1641433333.3333333
1752,81442333333.33333
1753,61771038.78
1754,44440.26866666667
1755,851503333333.3334
1756,2322433333333.3335
1757,2901865.4686666667
1758,1.6898443666666667
1759,8791000000.0
1760,111493333333.33333
1761,1356183333333.3333
1762,52621540.0
1763,38069.99156666667
1764,395266666666.6667
1765,3687000000.0
1766,3278878.865333333
1767,0.0
1768,526779059.6666667
1769,2005566666666.6667
1770,133333693974.93666
1771,26154333333.333332
1772,6327033333.333333
1773,147886666666.66666
1774,62666666667.68621
1775,24933333334.36183
1776,18034333333.333332
1777,34197000000000.0
1778,117152666666.66667
1779,702265242.5
1780,904413333333.3334
1781,10721366666.666666
1782,6536200000.0
1783,864173333333.3334
1784,0.0
1785,88241000000.0
1786,18000001.028959636
1787,1867466666.6666667
1788,336000000000.0
1789,0.0
1790,12896333333.333334
1791,3031566666.6666665
1792,651733333.3333334
1793,4863533333.333333
1794,6358241.75
1795,128266914.33333333
1796,6358241.75
1797,6358241.75
1798,683733333.3333334
1799,943500000000.0
1800,184520927.5
1801,184520927.5
1802,6347833333.333333
1803,184520927.5
1804,11731366666.666666
1805,23877000000.0
1806,98864137.53333332
1807,148012561.23333332
1808,455823333333.3333
1809,197538666666.66666
1810,261186666666.66666
1811,69200666666.66667
1812,39.29217686666667
1813,39.29217786666667
1814,71573719.21333332
1815,384147254.1666667
1816,12853666666.666666
1817,5747233333.333333
1818,63575.6139
1819,14691000000.0
1820,0.0
1821,10595793.873333333
1822,7597300000000.0
1823,102066666666.66667
1824,73760553.46666667
1825,410617333333.3333
1826,169076666666.66666
1827,4103766666.6666665
1828,2816933333.3333335
1829,458096666666.6667
1830,2426100000.0
1831,73635333333.33333
1832,13915833.409999998
1833,69525861.98
1834,18971833333333.332
1835,44.92698203333333
1836,0.0
1837,41.554375
1838,345387296.73333335
1839,21500000000.0
1840,398376666666.6667
1841,270736284.8333333
1842,882583333333.3334
1843,9711000000.0
1844,14034333333.333334
1845,51049333333.333336
1846,96292333333.33333
1847,129309206.33333333
1848,3837633333.3333335
1849,258963333333.33334
1850,27564060.03333333
1851,14423370.886666669
1852,83373333333.33333
1853,10478333333.333334
1854,19813000000.0
1855,72260666666.66667
1856,1.5413278333333331
1857,596857666666.6666
1858,15555433333.333334
1859,81343333333.33333
1860,73781082.63333334
1861,623756666666.6666
1862,470711003.8333333
1863,744966666.6666666
1864,339949.39366666664
1865,71572523.01666667
1866,68390433333.333336
1867,71782000000.0
1868,14468800000.0
1869,15218666666.666666
1870,65307751.56666666
1871,689183333333.3334
1872,867413752.1666666
1873,124536666666.66667
1874,1066965.5128
1875,1066965.5128
1876,1435300000.0
1877,3524366666.6666665
1878,122130097.0
1879,651596381.1999999
1880,233364666666.66666
1881,188615309.32666668
1882,5824700000.0
1883,9729000000.0
1884,9325666666.666666
1885,9325666666.666666
1886,9325666666.666666
1887,9325666666.666666
1888,1138066666.6666667
1889,3314500000.0
1890,2550500.301
1891,30330333333.333332
1892,1420700000.0
1893,1378.5076466666667
1894,20146333333.333332
1895,20146333333.333332
1896,472274.8290666667
1897,16273333333.333334
1898,364671670.43333334
1899,83248081.27
1900,979128.9233333335
1901,426483333333.3333
1902,615031343.5
1903,22678000000.0
1904,9900533333333.334
1905,8891289.476666667
1906,77006666666.66667
1907,153004341.53333333
1908,48103333333.333336
1909,315561639.5
1910,41699666666.666664
1911,951500000000.0
1912,73314000000.0
1913,3913433333.3333335
1914,4248766666.6666665
1915,1881895.6946666667
1916,26285000000.0
1917,0.0
1918,1397339.9686666667
1919,517915.26133333327
1920,240164656.77666664
1921,20277534.063333333
1922,20277534.063333333
1923,471822220.5
1924,50452147.23
1925,15520659.819999998
1926,6059666666.666667
1927,0.0
1928,0.0
1929,0.0
1930,102000000000.0
1931,9952333333.333334
1932,2518733333.3333335
1933,159592789.83333334
1934,128803333333.33333
1935,1224726666666.6667
1936,991300000000.0
1937,1692226666666.6667
1938,1184140.406333333
1939,120880000000.0
1940,36544333333.333336
1941,8313666666.666667
1942,6016928.5573333325
1943,567822.7293333333
1944,4987186.365333334
1945,3605.4280233333334
1946,325383382.6666667
1947,22678000000.0
1948,1063606666666.6666
1949,5631333333.333333
1950,5631333333.333333
1951,531832164.6666667
1952,127120842.5
1953,92246.21400000002
1954,11802666666.666666
1955,1310000000.0
1956,55024276.4
1957,27403333333.333332
1958,28378333333.333332
1959,27403333333.333332
1960,27403333333.333332
1961,3748366666666.6665
1962,16789366666.666666
1963,4336233333.333333
1964,9479000000000.0
1965,56646598.21333333
1966,5185600000.0
1967,405566.12833333336
1968,90123333333.33333
1969,521426.59166666673
1970,114553000000.0
1971,6729866666.666667
1972,256896666666.66666
1973,184979318.1
1974,127415333333.33333
1975,561106666666.6666
1976,510353333333.3333
1977,51815635.56666666
1978,107773333333.33333
1979,77802951.16666667
1980,638536.0543333333
1981,761830198.8333334
1982,64785898.93333333
1983,1487033333.3333333
1984,474147700.53333336
1985,474147700.53333336
1986,1067516956.6666666
1987,6580502.183333333
1988,23417666666.666668
1989,16892563.446666665
1990,178912529.53333333
1991,139413333333.33334
1992,10089000000.0
1993,20254172.279999997
1994,160579.08316666668
1995,138678701.84666666
1996,6723212.056666668
1997,3751449.561666667
1998,1.5435497666666667
1999,757597.8233333334
2000,3258773.61
2001,1.5426989666666666
2002,65307751.56666666
2003,150544000000.0
2004,23462.235090000002
2005,59000010340.475006
2006,845553571.0
2007,3659492.099
2008,2240233333.3333335
2009,119550000000.0
2010,8101000000.0
2011,202930000000.0
2012,146607148.22
2013,291000000.0
2014,75592000000.0
2015,82158000000.0
2016,1065811213.6666666
2017,87765286.86666666
2018,105000000000.0
2019,0.0
2020,4333538.802
2021,22983000000000.0
2022,16552666666.666666
2023,488456666666.6667
2024,2796347096.8333335
2025,17696.808316666666
2026,6118200000.0
2027,32245666666.666668
2028,12317666666.666666
2029,54098000000.0
2030,5663482.850000001
2031,0.0
2032,64100000000.0
2033,8573446.196666667
2034,9952333333.333334
2035,1.5389433666666665
2036,1.5426488333333335
2037,25013431.373333335
2038,239416666666.66666
2039,154173333333.33334
2040,44943333333.333336
2041,96500000.0
2042,131294.7328
2043,122644000000.0
2044,277706666666.6667
2045,155860408.53333333
2046,16596666666.666666
2047,136000000000.0
2048,755833333333.3334
2049,3567266666.6666665
2050,557243387.5
2051,63040151.31666666
2052,341936684.4666667
2053,1.5422508999999998
2054,9952333333.333334
2055,337900000000.0
2056,243612660.03333333
2057,309420000000.0
2058,145125.18433333337
2059,51852618.11333334
2060,38568000000.0
2061,3177033333.3333335
2062,526000000.0
2063,1748966666666.6667
2064,351440000000.0
2065,19925330.156666666
2066,150962635.4
2067,330648666666.6667
2068,1.5431877
2069,3186766666.6666665
2070,877466666666.6666
2071,457100000000.0
2072,510845.8586666666
2073,62044333333.333336
2074,0.0
2075,239241.40433333334
2076,170963333333.33334
2077,11375000000.0
2078,352250000000.0
2079,17019666666.666666
2080,183293333333.33334
2081,35985666666.666664
2082,5957100000.0
2083,75763.84526666667
2084,22178333333.333332
2085,194000000.0
2086,64666667.809578925
2087,2096833333.3333333
2088,187324477.0
2089,11937333333.333334
2090,2002333333.3333333
2091,33182000000.0
2092,15927187.843333334
2093,47500000.0
2094,1.5332410333333335
2095,1.5411921333333334
2096,926586666666.6666
2097,37663000000.0
2098,325383382.6666667
2099,4164531.8316666665
2100,1618125.6883333335
2101,55184000000.0
2102,1.5436771666666669
2103,5957100000.0
2104,1520800000.0
2105,201000000000.0
2106,38116993.5
2107,1020366666.6666666
2108,1992433333.3333333
2109,1892833333.3333333
2110,1020366666.6666666
2111,1415424.3839999998
2112,13681333333.333334
2113,28839630.74
2114,0.0
2115,0.0
2116,1.5428812666666667
2117,2965076.6386666666
2118,0.0
2119,6391696.63
2120,0.0
2121,1.5369569333333335
2122,0.0
2123,0.0
2124,0.0
2125,46573666666.666664
2126,0.0
2127,0.0
2128,0.0
2129,651593061.2666667
2130,0.0
2131,0.0
2132,0.0
2133,0.0
2134,0.0
2135,0.0
2136,3140980.0009999997
2137,0.0
2138,0.0
2139,0.0
2140,0.0
2141,0.0
2142,0.0
2143,0.0
2144,129948666666.66667
2145,1.5430517000000001
2146,1.5416397333333334
2147,0.0
2148,0.0
2149,0.0
2150,0.0
2151,0.0
2152,0.0
2153,0.0
2154,0.0
2155,0.0
2156,0.0
2157,0.0
2158,0.0
2159,113479928.63333334
2160,0.0
2161,1.5365854333333335
2162,93639055.62
2163,38663666666.666664
2164,7019.882393333333
2165,7019.882386666667
2166,0.0
2167,19342333333.333332
2168,27291900000.0
2169,0.0
2170,0.0
2171,0.0
2172,374683333333.3333
2173,0.0
2174,0.0
2175,0.0
2176,0.0
2177,18910333333333.332
2178,0.0
2179,0.0
2180,0.0
2181,0.0
2182,0.0
2183,1.5452432666666667
2184,0.0
2185,0.0
2186,1.5399703999999999
2187,1.5455919
2188,0.0
2189,2459166666.6666665
2190,17248666666.666668
2191,2459166666.6666665
2192,0.0
2193,465380000000.0
2194,8287033333.333333
2195,2459166666.6666665
2196,0.0
2197,2713566666666.6665
2198,0.0
2199,0.0
2200,0.0
2201,0.0
2202,0.0
2203,0.0
2204,2459166666.6666665
2205,0.0
2206,69150000000.0
2207,0.0
2208,0.0
2209,0.0
2210,2459166666.6666665
2211,13168666666.666666
2212,2459166666.6666665
2213,2459166666.6666665
2214,0.0
2215,0.0
2216,0.0
2217,0.0
2218,0.0
2219,0.0
2220,13834610000000.0
2221,2604100000.0
2222,2617566666.6666665
2223,5697333333.333333
2224,0.0
2225,0.0
2226,0.0
2227,0.0
2228,0.0
2229,0.0
2230,0.0
2231,0.0
2232,0.0
2233,0.0
2234,0.0
2235,17423666666666.666
2236,0.0
2237,0.0
2238,0.0
2239,32723666666.666668
2240,5631333333.333333
2241,0.0
2242,0.0
2243,24962333333.333332
2244,0.0
2245,3328833333333.3335
2246,2299133333333.3335
2247,1722570.0416666667
2248,2053900000000.0
2249,14527333333.333334
2250,0.0
2251,45964666666.666664
2252,0.0
2253,21071867.493333336
2254,18604333333.333332
2255,0.0
2256,7915133333.333333
2257,96340000000.0
2258,0.0
2259,172432271.26666665
2260,464770389.5
2261,13681333333.333334
2262,67506698.63333334
2263,0.0
2264,0.0
2265,0.0
2266,0.0
2267,21640000000000.0
2268,465730000000.0
2269,712226444.1666666
2270,1083933333.3333333
2271,37002.905699999996
2272,0.0
2273,1955500000.0
2274,343343175.802
2275,0.0
2276,410519651.1666667
2277,5149466666.666667
2278,8233588.21763
2279,0.0
2280,45333334.370621465
2281,94498333333.33333
2282,6729033333333.333
2283,0.0
2284,12560333333.333334
2285,0.0
2286,0.0
2287,0.0
2288,0.0
2289,0.0
2290,37233333333.333336
2291,64202333333.333336
2292,774668652.3333334
2293,44240666666.666664
2294,2063333333.3333333
2295,31433822.236620005
2296,0.0
2297,290616666666.6667
2298,18951666666.666668
2299,0.0
2300,0.0
2301,53640666666.666664
2302,1622893753.0
2303,62074000000.0
2304,187324477.0
2305,0.0
2306,50004333333.333336
2307,258610000000.0
2308,223738049.19999996
2309,28367505.461699996
2310,575475065.6666666
2311,0.0
2312,0.0
2313,0.0
2314,1.5424052333333333
2315,1.5437756666666667
2316,0.0
2317,365095.35943333333
2318,504302680.6000001
2319,651593061.2666667
2320,0.0
2321,560584860.3333334
2322,1.6898396666666666
2323,3.7593669
2324,0.0
2325,4323164.484666667
2326,150962635.4
2327,11895333333.333334
2328,228107333333.33334
2329,6450633333333.333
2330,0.0
2331,0.0
2332,0.0
2333,1.5401601999999999
2334,1.5459945333333334
2335,0.0
2336,0.0
2337,0.0
2338,329251429.1333334
2339,1021066666.6666666
2340,8295200000000.0
2341,529093333333.3333
2342,0.0
2343,1.5437430666666663
2344,1.5419099333333335
2345,0.0
2346,0.0
2347,0.0
2348,16.380431966666666
2349,0.0
2350,0.0
2351,22569537.837333333
2352,760266666.6666666
2353,0.0
2354,66680094.76666667
2355,223531862.16666666
2356,27552666666.666668
2357,1619306666666.6667
2358,0.0
2359,0.0
2360,0.0
2361,0.0
2362,0.0
2363,0.0
2364,0.0
2365,1083914000000.0
2366,92246.21400000002
2367,82227959.42666666
2368,0.0
2369,0.0
2370,7037296.031333334
2371,9735833333.333334
2372,0.0
2373,9427000000.0
2374,102710.11113333331
2375,1.5431228666666668
2376,0.0
2377,933944000000.0
2378,0.0
2379,1278790000000.0
2380,0.0
2381,0.0
2382,0.0
2383,0.0
2384,0.0
2385,0.0
2386,1.5910532999999998
2387,1.5882871666666667
2388,1.5392134000000002
2389,1.5467220000000002
2390,2.1769588
2391,0.0
2392,159592789.83333334
2393,1185200000.0
2394,0.0
2395,1.5430805333333335
2396,1.5430694666666664
2397,0.0
2398,0.0
2399,20277534.063333333
2400,0.0
2401,0.0
2402,0.0
2403,2170433333.3333335
2404,6964733333.333333
2405,0.0
2406,19960523.69666667
2407,15527051.496666664
2408,0.0
2409,0.0
2410,0.0
2411,0.0
2412,13419000000.0
2413,0.0
2414,339949.39366666664
2415,243502582.16666666
2416,0.0
2417,0.0
2418,0.0
2419,30869499.03333333
2420,0.0
2421,0.0
2422,0.0
2423,18869699.386666667
2424,0.0
2425,0.0
2426,0.0
2427,0.0
2428,459229023.0
2429,535112728.6666667
2430,0.0
2431,18178.236
2432,1410633333.3333333
2433,51392848.95333334
2434,38178.11646666667
2435,0.0
2436,28367505.461666662
2437,1.5454808666666668
2438,108278358.33333333
2439,10019666666.666666
2440,11592433333333.334
2441,414693333333.3333
2442,297744563.6666667
2443,4323133333333.3335
2444,0.0
2445,31983666666666.668
2446,0.0
2447,901433333333.3334
2448,0.0
2449,285963333333.3333
2450,1374500.503
2451,0.0
2452,0.0
2453,0.0
2454,0.0
2455,0.0
2456,0.0
2457,4610.360041333333
2458,68873013.46666667
2459,270736284.8333333
2460,164860000000.0
2461,127959000000.0
2462,85815843.03333333
2463,0.0
2464,0.0
2465,0.0
2466,65200000.0
2467,445113333333.3333
2468,412504907.6666667
2469,0.0
2470,1374500.503
2471,0.0
2472,0.0
2473,319257678.03333336
2474,0.0
2475,0.0
2476,105125666666.66667
2477,1881895.6946666667
2478,0.0
2479,1275000000.0
2480,71572523.01666667
2481,171766333333.33334
2482,1038808704.6666666
2483,0.0
2484,217947857.5333333
2485,0.0
2486,0.0
2487,0.0
2488,0.0
2489,0.0
2490,0.0
2491,0.0
2492,0.0
2493,0.0
2494,891.7979543333332
2495,257454153.66666666
2496,93141610.23333333
2497,0.0
2498,0.0
2499,618223333333.3334
2500,195850000000.0
2501,4274966666666.6665
2502,31714666666.666668
2503,0.0
2504,243133092.66666666
2505,0.0
2506,200423354.33333334
2507,1.5890579333333334
2508,4720000000.0
2509,1.5890580666666665
2510,2.1781412333333336
2511,0.0
2512,0.0
2513,9952333333.333334
2514,1.6133275333333337
2515,0.0
2516,0.0
2517,12634333333.333334
2518,0.0
2519,168045497.8
2520,17163.5992
2521,0.0
2522,278166666666.6667
2523,0.0
2524,166000000.0
2525,0.0
2526,297744563.6666667
2527,0.0
2528,0.0
2529,75670000000.0
2530,0.0
2531,25387000000.0
2532,0.0
2533,0.0
2534,0.0
2535,0.0
2536,0.0
2537,0.0
2538,0.0
2539,0.0
2540,270736284.8333333
2541,0.0
2542,0.0
2543,0.0
2544,1.5441186333333334
2545,1.5420125666666669
2546,0.0
2547,0.0
2548,9136908.06
2549,0.0
2550,0.0
2551,6519633333.333333
2552,62587666666.666664
2553,464760471.3333333
2554,0.0
2555,0.0
2556,0.0
2557,0.0
2558,0.0
2559,1038808704.6666666
2560,19925330.156666666
2561,7915133333.333333
2562,0.0
2563,1138066666.6666667
2564,0.0
2565,43436.4832
2566,135897903.0
2567,0.0
2568,6332000000.0
2569,4600035.773333333
2570,0.0
2571,3307.4700813333334
2572,0.0
2573,0.0
2574,55646.0039
2575,0.0
2576,0.0
2577,0.0
2578,150261666666.66666
2579,0.0
2580,11559459.513333334
2581,14340000000.0
2582,0.0
2583,0.0
2584,9372000000.0
2585,1543610.4756666666
2586,0.0
2587,0.0
2588,0.0
2589,65333854260.833336
2590,0.0
2591,0.0
2592,953166666.6666666
2593,10455000000.0
2594,0.0
2595,0.0
2596,1.5360470333333334
2597,0.0
2598,0.0
2599,1660800000.0
2600,0.0
2601,0.0
2602,0.0
2603,40270333333.333336
2604,222529024.0
2605,0.0
2606,364873333333.3333
2607,0.0
2608,1.5493860333333334
2609,6654966666.666667
2610,1.5367046000000002
2611,90552708.39666666
2612,0.0
2613,0.0
2614,186572827.83333334
2615,0.0
2616,0.0
2617,98884000000.0
2618,0.0
2619,0.0
2620,4604266666.666667
2621,501500000000.0
2622,1.5428977666666668
2623,0.0
2624,1.5430348666666667
2625,407524760.6666667
2626,36263333333.333336
2627,0.0
2628,0.0
2629,164123866.33333334
2630,112000000.0
2631,0.0
2632,0.0
2633,0.0
2634,1505801512.6666667
2635,1098483333333.3334
2636,0.0
2637,0.0
2638,0.0
2639,460432221.5
2640,9609542.803333333
2641,6631866666666.667
2642,0.0
2643,3659492.099
2644,0.0
2645,0.0
2646,0.0
2647,0.0
2648,83393066666.66667
2649,13749000000000.0
2650,0.0
2651,0.0
2652,0.0
2653,0.0
2654,0.0
2655,0.0
2656,0.0
2657,168045497.8
2658,104260666666.66667
2659,0.0
2660,3294300000000.0
2661,1.5430804
2662,0.0
2663,1.5430805333333335
2664,2077700000.0
2665,11074333333.333334
2666,0.0
2667,69219.95341333332
2668,0.0
2669,0.0
2670,0.0
2671,17683666666.666668
2672,0.0
2673,0.0
2674,65374352.86666667
2675,77170666666.66667
2676,0.0
2677,1.5430803666666666
2678,1.5430804666666667
2679,0.0
2680,0.0
2681,510845.8586666666
2682,0.0
2683,106310000000.0
2684,1730200000000.0
2685,6369533333333.333
2686,1052300000000.0
2687,0.0
2688,15391433333333.334
2689,85103333333.33333
2690,6016928.5573333325
2691,0.0
2692,0.0
2693,95601000000.0
2694,90000000002.9846
2695,34666666668.583145
2696,1073333333335.2499
2697,335457960.3333333
2698,0.0
2699,0.0
2700,0.0
2701,3464566666.6666665
2702,0.0
2703,0.0
2704,213480381.83333334
2705,139773333333.33334
2706,0.0
2707,0.0
2708,1425133333.3333333
2709,0.0
2710,0.0
2711,0.0
2712,1074766666.6666667
2713,28392567.273333337
2714,0.0
2715,1.5430806000000004
2716,1.5430806000000004
2717,1.5471316000000002
2718,700000001.027855
2719,0.0
2720,33971666666.666668
2721,517915.26133333327
2722,11257613.585
2723,0.0
2724,0.0
2725,1011300000000.0
2726,18428666666.666668
