,N7N
0,0.0
1,0.0
2,0.8571428571428571
3,0.0
4,0.0
5,0.0
6,0.0
7,0.0
8,0.0
9,2.8809523857142856
10,0.0
11,0.0
12,0.0
13,2.1999999999999997
14,0.0
15,0.0
16,1.2068594028571429
17,0.0
18,0.0
19,0.0
20,1.326530657142857
21,2.267857128571429
22,0.7142857428571429
23,0.05714285714285715
24,0.0
25,1.43888894
26,0.0
27,0.0
28,0.35714287142857143
29,0.0
30,0.0
31,1.4285714285714286
32,0.14285714285714285
33,1.2
34,0.0
35,0.5714285714285714
36,5.458761571428572
37,0.0
38,0.0
39,0.0
40,0.8179894000000001
41,0.5714285857142857
42,0.0
43,1.0833333428571428
44,0.9098870428571428
45,0.0
46,9.665689642857144
47,0.0
48,1.9882117714285712
49,0.0
50,0.0
51,0.0
52,0.0
53,0.0
54,2.107142857142857
55,0.0
56,0.0
57,0.0
58,0.0
59,0.0
60,0.0
61,0.0
62,0.0
63,0.0
64,0.0
65,0.0
66,0.0
67,1.0
68,3.068197242857143
69,3.1681612285714285
70,1.4666666250000002
71,1.1428571428571428
72,1.055722957142857
73,0.10884354428571429
74,1.0476190571428572
75,0.0
76,1.2683749857142856
77,1.4977891
78,0.0
79,0.0
80,2.1785714142857144
81,0.0
82,0.0
83,0.0
84,0.0
85,0.0
86,0.0
87,0.0
88,0.0
89,0.0
90,0.0
91,0.0
92,0.0
93,3.23777774
94,0.0
95,0.0
96,0.0
97,11.711164528571429
98,1.9428571714285714
99,0.22619047714285714
100,0.0
101,0.0
102,0.0
103,0.0
104,1.5713504285714284
105,0.916666675
106,0.0
107,0.0
108,0.0
109,0.0
110,0.0
111,2.4472428142857146
112,0.0
113,1.2817460799999998
114,7.651348871428572
115,0.0
116,0.0
117,1.6645604499999997
118,0.0
119,0.0
120,0.0
121,0.0
122,2.6088435857142858
123,0.0
124,1.6119047428571431
125,0.0
126,1.3426335285714284
127,0.3428571428571429
128,1.3333334
129,0.0
130,0.0
131,0.0
132,0.0
133,1.1111111666666666
134,1.0285714714285714
135,3.875
136,1.4832256766666667
137,0.3333333333333333
138,0.0
139,0.0
140,0.0
141,0.31428571428571433
142,0.0
143,0.0
144,0.0
145,0.0
146,0.0
147,0.0
148,0.9761904857142858
149,0.0
150,2.0
151,0.0
152,0.0
153,1.1428571428571428
154,0.0
155,0.0
156,0.0
157,0.5000000166666666
158,0.0
159,0.0
160,0.0
161,5.433333366666667
162,1.2655749285714284
163,0.0
164,0.19999999999999998
165,0.0
166,0.2857142857142857
167,0.0
168,0.0
169,2.4201226399999998
170,0.0
171,0.0
172,0.0
173,0.0
174,3.191462666666667
175,0.0
176,0.0
177,0.0
178,0.0
179,1.328982957142857
180,0.11734694285714285
181,1.868006842857143
182,0.26836735714285714
183,0.0
184,0.0
185,0.0
186,0.0
187,0.0
188,0.0
189,0.0
190,0.0
191,0.0
192,0.0
193,0.0
194,0.0
195,0.0
196,0.0
197,0.0
198,0.0
199,0.0
200,1.6883666571428573
201,0.5681010942857142
202,0.4695620542857144
203,4.721166500000001
204,0.0
205,0.0
206,0.0
207,0.9600000000000002
208,0.8333333285714285
209,0.0
210,0.0
211,0.0
212,0.0
213,0.0
214,2.091548114285714
215,0.0
216,0.0
217,0.0
218,0.0
219,0.0
220,0.0
221,0.0
222,0.0
223,0.4642857428571428
224,0.0
225,0.7412698666666665
226,0.0
227,0.0
228,0.0
229,0.0
230,2.4407881571428574
231,0.0
232,1.1309523857142858
233,0.0
234,0.0
235,1.2190476749999999
236,4.499999942857143
237,0.0
238,0.0
239,0.0
240,2.9999999857142856
241,0.0
242,0.0
243,0.0
244,1.0596065228571427
245,0.0
246,0.0
247,0.0
248,0.0
249,0.0
250,0.0
251,0.0
252,5.6706071428571425
253,0.0
254,7.147111871428571
255,0.0
256,0.75
257,0.0
258,0.0
259,0.0
260,5.105519428571427
261,1.5944277571428571
262,0.0
263,0.0
264,0.0
265,2.976190471428571
266,0.0
267,0.0
268,1.2047618857142857
269,0.0
270,0.0
271,0.17619047714285713
272,0.0
273,0.0
274,2.7788600142857143
275,3.2339922285714287
276,0.0
277,10.416118599999999
278,0.3306122528571428
279,1.9608391857142855
280,0.25347826
281,0.0
282,3.2089148428571432
283,0.0
284,0.0
285,0.0
286,0.19897958999999998
287,0.0
288,0.0
289,0.0
290,0.0
291,4.3036848
292,0.0
293,0.0
294,0.0
295,1.197619057142857
296,0.0
297,0.0
298,0.6666667
299,2.0155736600000003
300,0.0
301,0.0
302,0.7365440171428572
303,0.0
304,0.0
305,0.45170069714285704
306,0.0
307,1.6183506857142855
308,0.3666666728571428
309,0.6666667
310,0.0
311,0.0
312,2.5714285714285716
313,0.0
314,6.719905160000001
315,0.513333344
316,0.0
317,0.0
318,0.0
319,0.0
320,0.0
321,5.215243428571427
322,3.1675634571428573
323,0.0
324,3.0
325,0.0
326,0.0
327,6.021015666666667
328,19.005404285714285
329,0.0
330,0.0
331,0.0
332,0.0
333,0.0
334,0.0
335,0.0
336,0.0
337,0.0
338,1.3057823285714285
339,1.4285714285714286
340,0.0
341,0.0
342,3.9905633857142857
343,0.9047619142857143
344,0.0
345,0.0
346,0.0
347,0.0
348,0.0
349,1.921768714285714
350,0.0
351,0.0
352,0.0
353,0.0
354,2.238095242857143
355,0.0
356,0.0
357,3.8666666571428574
358,0.0
359,0.45034012285714287
360,1.2360959400000002
361,0.0
362,6.063714014285714
363,0.0
364,3.6375474999999997
365,0.0
366,2.7857142857142856
367,0.0
368,0.0
369,0.0
370,0.0
371,1.0
372,0.0
373,0.2714285714285714
374,0.0
375,0.0
376,0.0
377,0.0
378,0.8571428571428571
379,2.0870305
380,0.0
381,0.0
382,0.0
383,0.41666665
384,0.0
385,0.0
386,2.476190485714286
387,0.0
388,0.0
389,0.0
390,0.0
391,0.0
392,0.9047619142857144
393,0.0
394,1.9069263628571427
395,0.0
396,0.0
397,0.0
398,0.0
399,0.1666666685714286
400,0.0
401,0.0
402,0.0
403,0.0
404,0.0
405,4.942070185714286
406,0.0
407,13.3711756
408,0.0
409,0.0
410,0.0
411,4.041854642857143
412,0.0
413,9.637452999999997
414,4.0
415,0.0
416,0.0
417,4.771428571428571
418,1.15272109
419,0.0
420,0.0
421,0.0
422,0.15238095428571427
423,0.0
424,0.0
425,2.0
426,0.0
427,0.4700640685714285
428,0.0
429,3.7020450000000005
430,0.0
431,1.5264410085714286
432,1.985033985714286
433,0.0
434,0.0
435,0.0
436,3.1026643999999997
437,0.0
438,0.0
439,0.0
440,4.0
441,0.0
442,0.0
443,0.0
444,0.0
445,1.8857142714285715
446,3.446882042857143
447,3.1825947857142856
448,0.0
449,0.42857142857142855
450,0.0
451,0.0
452,1.5
453,0.0
454,0.0
455,0.0
456,0.0
457,0.0
458,0.0
459,0.0
460,0.6523809571428572
461,0.0
462,2.1
463,1.9070552685714282
464,0.7412698571428571
465,0.0
466,0.0
467,1.8913127
468,0.0
469,0.0
470,0.0
471,2.0999999999999996
472,3.1019841
473,0.0
474,1.2443076014285714
475,0.25
476,0.8571428714285714
477,0.0
478,0.28571428857142855
479,1.1448891242857144
480,0.0
481,2.0
482,0.0
483,0.0
484,1.0187121599999998
485,0.0
486,2.4164224857142855
487,0.0
488,0.0
489,0.16666667
490,0.0
491,0.0
492,0.0
493,0.0
494,0.0
495,0.0
496,0.0
497,0.07142857142857142
498,1.819727857142857
499,0.8928571571428572
500,0.0
501,0.0
502,0.0
503,12.357777214285715
504,0.0
505,0.0
506,1.0628511628571429
507,0.0
508,0.0
509,0.0
510,0.0
511,0.0
512,2.0
513,0.0
514,0.0
515,0.0
516,0.0
517,0.0
518,0.10000000199999999
519,0.0
520,0.0
521,0.0
522,0.0
523,0.0
524,0.0
525,1.4285714285714286
526,0.0
527,0.0
528,0.0
529,0.0
530,2.4444444
531,0.0
532,0.14285714285714285
533,0.0
534,1.4226190571428572
535,3.9357142285714284
536,4.45764846
537,6.0
538,0.0
539,1.2
540,0.0
541,0.0
542,0.0
543,0.0
544,2.084353742857143
545,0.0
546,0.0
547,0.0
548,0.0
549,0.0
550,0.0
551,0.8333333428571429
552,0.0
553,0.0
554,24.25166571428571
555,0.0
556,0.0
557,0.2
558,0.42857142857142855
559,0.0
560,0.6666666857142857
561,0.0
562,0.0
563,0.0
564,4.371428571428572
565,0.8142857285714286
566,0.0
567,0.0
568,1.2304232833333335
569,0.09523809999999999
570,1.5551020285714283
571,1.25
572,0.0
573,0.9837979428571427
574,0.0
575,0.0
576,4.27625965
577,0.0
578,0.8571428571428571
579,3.111018357142857
580,0.0
581,0.4642857142857143
582,0.0
583,0.0
584,0.0
585,0.0
586,0.0
587,0.0
588,0.0
589,0.0
590,0.0
591,0.0
592,2.286976922857143
593,2.861904742857143
594,0.0
595,9.710204428571428
596,0.8739795757142856
597,4.2513888500000006
598,4.663945557142857
599,0.0
600,0.0
601,0.3732993214285714
602,4.979818614285714
603,3.8698814142857145
604,0.0
605,1.3737798642857142
606,2.0
607,0.0
608,0.0
609,0.0
610,0.0
611,0.0
612,0.0
613,0.0
614,2.865094971428572
615,6.353811525
616,1.9234813285714283
617,5.057142799999999
618,0.0
619,0.0
620,0.0
621,1.0
622,0.0
623,3.4124098857142857
624,1.9624623671428572
625,0.0
626,0.0
627,0.0
628,0.0
629,2.2313045428571425
630,0.0
631,0.0
632,0.7142857142857143
633,0.0
634,0.0
635,0.0
636,0.25605186
637,0.0
638,0.0
639,1.7887694142857147
640,4.93077918
641,0.0
642,0.0
643,0.0
644,0.0
645,1.4258177166666666
646,0.0
647,0.0
648,0.0
649,0.0
650,0.0
651,0.0
652,0.0
653,1.5935941114285714
654,0.0
655,2.8829365428571427
656,1.9047619142857144
657,0.0
658,0.0
659,0.0
660,0.0
661,0.0
662,2.0
663,0.0
664,0.0
665,8.310887314285715
666,0.8571428571428571
667,0.0
668,0.0
669,0.0
670,1.4285714285714286
671,0.0
672,0.0
673,0.0
674,0.0
675,4.035714
676,3.226190471428571
677,0.0
678,0.0
679,0.757963152857143
680,2.0
681,0.0
682,0.0
683,0.0
684,0.7142857142857143
685,1.6775510285714286
686,0.0
687,6.666666499999999
688,0.0
689,0.1428571457142857
690,0.0
691,0.0
692,2.916149285714286
693,2.3957732999999997
694,0.0
695,0.0
696,0.0
697,0.0
698,0.0
699,0.0
700,0.8365800999999999
701,0.0
702,0.0
703,0.0
704,0.8011904333333334
705,0.0
706,3.350392583333333
707,0.0
708,2.8117079428571428
709,0.0
710,0.0
711,0.0
712,1.00000004
713,2.1227564375
714,0.0
715,0.0
716,2.9761903333333333
717,1.887755142857143
718,1.63095235
719,2.952380928571429
720,0.0
721,4.428571428571429
722,0.0
723,0.2880952485714286
724,4.6113671
725,0.0
726,0.0
727,0.0
728,0.6352813966666667
729,0.0
730,0.6575964071428572
731,0.8714285714285716
732,0.0
733,0.09523809999999999
734,1.7049319757142858
735,0.0
736,0.0
737,0.0
738,0.0
739,0.0
740,0.0
741,0.7125128928571428
742,0.0
743,0.0
744,0.0
745,0.0
746,0.0
747,0.0
748,1.0
749,0.0
750,2.1908935428571428
751,0.0
752,0.0
753,1.5
754,0.9583333499999999
755,0.0
756,1.2333333333333334
757,0.0
758,0.0
759,0.0
760,0.0
761,0.0
762,0.0
763,0.0
764,0.0
765,0.14285714285714285
766,1.2619048
767,1.93439562
768,1.0714285714285714
769,0.0
770,0.0
771,2.965086533333333
772,8.083775
773,0.0
774,0.0
775,1.7380952571428572
776,2.397619028571429
777,0.0
778,0.0
779,1.9894557857142858
780,0.0
781,0.0
782,0.0
783,2.486906185714286
784,0.0
785,0.0
786,0.9285714285714286
787,0.0
788,2.6204365000000003
789,0.0
790,0.0
791,0.0
792,0.0
793,0.0
794,0.9284674099999999
795,0.0
796,0.0
797,0.0
798,0.0
799,0.0
800,0.0
801,0.0
802,1.1761904571428572
803,0.0
804,0.1455782342857143
805,0.0
806,0.0
807,0.0
808,0.0
809,0.8571428714285714
810,0.0
811,0.0
812,1.6040816714285715
813,0.0
814,0.0
815,0.0
816,0.0
817,0.8571428714285716
818,0.0
819,0.0
820,0.0
821,2.4805555833333335
822,0.5071428571428571
823,0.0
824,0.0
825,0.0
826,0.37911488142857147
827,4.722222114285715
828,0.0
829,0.0
830,0.0
831,0.0
832,0.0
833,0.0
834,0.0
835,0.0
836,1.4285714285714286
837,0.0
838,0.0
839,0.0
840,0.0
841,1.0857142857142859
842,0.75
843,0.0
844,0.0
845,8.723815285714286
846,0.0
847,0.85714287
848,0.0
849,0.0
850,0.0
851,0.0
852,0.0
853,0.0
854,0.6083333333333334
855,0.0
856,0.0
857,0.0
858,0.5295759928571429
859,0.0
860,0.0
861,0.5238095142857143
862,0.0
863,0.0
864,3.0746597999999996
865,0.0
866,2.2857142857142856
867,0.21428571428571427
868,0.0
869,0.0
870,2.7047619142857147
871,0.5142857285714285
872,1.5
873,0.93333336
874,0.0
875,0.0
876,0.0
877,1.8630690714285714
878,0.0
879,2.348524875
880,0.0
881,5.33571424
882,0.0
883,0.4934240357142857
884,0.5
885,0.0
886,0.0
887,0.0
888,1.5
889,0.30476190571428574
890,0.0
891,0.0
892,0.0
893,0.0
894,5.540986442857144
895,0.0
896,0.0
897,1.0
898,1.3555555457142856
899,0.0
900,0.0
901,0.0
902,1.142812952857143
903,0.8571428571428571
904,1.0952381
905,0.8166666699999999
906,0.47619049999999996
907,0.0
908,0.0
909,0.0
910,1.7142857142857142
911,1.8554421428571428
912,0.0
913,0.0
914,0.0
915,2.3429442285714286
916,0.4535147428571428
917,0.0
918,3.5999998714285715
919,0.9693877542857143
920,0.0
921,0.5
922,0.0
923,0.0
924,0.0
925,0.0
926,0.0
927,0.0
928,0.0
929,0.7381993985714285
930,0.0
931,0.0
932,1.5714285714285714
933,4.229602457142858
934,0.0
935,0.0
936,0.216666668
937,0.0
938,0.0
939,0.4
940,0.0
941,0.0
942,0.8571428571428571
943,2.754956371428571
944,0.0
945,0.0
946,1.011904757142857
947,0.9761904857142858
948,0.0
949,0.0
950,0.0
951,0.0
952,0.34523809000000005
953,1.9622449000000002
954,1.56976418
955,3.649913
956,0.0
957,6.798163257142858
958,0.0
959,0.0
960,2.3027468285714288
961,1.2483921
962,1.4285714285714286
963,0.0
964,0.22597402714285714
965,0.7916099699999999
966,0.0
967,3.646907828571429
968,0.9516594285714286
969,0.0
970,0.0
971,0.0
972,1.9833333714285715
973,0.6428571485714285
974,0.0
975,0.0
976,0.0
977,0.0
978,0.2857143
979,1.4532948333333333
980,0.0
981,1.5306526857142857
982,2.9988710714285713
983,0.4710884485714285
984,0.0
985,0.0
986,2.5462585285714283
987,0.0
988,0.0
989,1.91666665
990,0.5142857142857142
991,5.215079285714286
992,0.0
993,0.0
994,1.8785714142857144
995,2.214285728571429
996,0.0
997,1.895394657142857
998,0.0
999,0.0
1000,0.0
1001,0.0
1002,0.0
1003,0.0
1004,0.5714285714285714
1005,0.0
1006,0.8698176557142856
1007,0.20470958285714286
1008,0.0
1009,0.0
1010,0.0
1011,0.0
1012,0.0
1013,2.292857142857143
1014,0.0
1015,0.1292517057142857
1016,0.0
1017,0.0
1018,0.0
1019,0.18367347142857143
1020,0.0
1021,0.0
1022,0.0
1023,0.0
1024,0.4642857142857143
1025,0.0
1026,9.370498142857143
1027,0.0
1028,1.7907596285714287
1029,0.0
1030,0.6190476428571429
1031,0.0
1032,0.0
1033,0.0
1034,0.0
1035,0.0
1036,0.0
1037,0.0
1038,0.0
1039,1.427380957142857
1040,0.0
1041,3.14865796
1042,0.0
1043,2.3387755142857145
1044,0.0
1045,8.71421192857143
1046,0.42857142857142855
1047,0.0
1048,0.0
1049,0.6666667
1050,0.0
1051,3.007936514285714
1052,1.5532879857142858
1053,1.7142857142857142
1054,0.15555221714285716
1055,0.0
1056,0.0
1057,0.0
1058,0.0
1059,0.0
1060,0.0
1061,0.9996599057142858
1062,0.0
1063,0.42857142857142855
1064,0.0
1065,0.0
1066,0.0
1067,0.0
1068,2.5714285714285716
1069,0.0
1070,0.0
1071,5.346520000000001
1072,0.0
1073,0.0
1074,5.850969385714286
1075,0.0
1076,0.0
1077,3.305158757142857
1078,1.1174500142857142
1079,1.5
1080,0.0
1081,0.0
1082,0.0
1083,0.0
1084,0.6666667
1085,0.0
1086,0.0
1087,0.0
1088,2.0
1089,0.0
1090,0.0
1091,0.0
1092,0.0
1093,0.34285714285714286
1094,3.5597545285714287
1095,0.0
1096,3.142857142857143
1097,0.0
1098,0.0
1099,0.0
1100,1.8571428571428572
1101,1.7142857142857142
1102,2.20448718
1103,0.0
1104,0.0
1105,0.0
1106,0.62976192
1107,0.0
1108,0.0
1109,0.0
1110,0.0
1111,0.0
1112,0.0
1113,0.0
1114,3.7111111571428563
1115,0.0
1116,0.0
1117,0.6
1118,0.85
1119,0.0
1120,0.0
1121,0.15751527714285715
1122,0.0
1123,6.114455366666667
1124,0.09523809999999999
1125,1.0476190714285711
1126,2.288095242857143
1127,4.031856757142856
1128,0.739047656
1129,0.0
1130,0.12142856999999999
1131,0.0
1132,0.0
1133,0.0
1134,3.685379242857143
1135,0.0
1136,0.0
1137,0.7142857142857143
1138,0.0
1139,0.5952381142857143
1140,2.0
1141,1.2
1142,0.0
1143,1.6828069671428572
1144,0.0
1145,5.055489857142857
1146,0.0
1147,0.0
1148,0.03174603142857143
1149,0.0
1150,0.0
1151,0.0
1152,1.875
1153,0.0
1154,5.625793685714286
1155,2.0
1156,0.0
1157,0.1692176842857143
1158,0.0
1159,0.0
1160,2.761564614285714
1161,0.0
1162,1.3829931857142856
1163,0.0
1164,0.0
1165,0.0
1166,2.0561224285714284
1167,0.0
1168,0.0
1169,0.0
1170,10.620767071428572
1171,3.088435414285714
1172,0.0
1173,0.0
1174,0.0
1175,0.0
1176,0.0
1177,0.0
1178,0.0
1179,0.0
1180,2.142857142857143
1181,0.0
1182,0.0
1183,0.0
1184,0.0
1185,0.0
1186,0.8571428571428571
1187,1.1170067714285714
1188,3.191666728571428
1189,1.4285714285714286
1190,4.655122642857143
1191,0.0
1192,0.5782225857142856
1193,0.0
1194,0.0
1195,2.2999286428571426
1196,0.0
1197,0.0
1198,2.1214285714285714
1199,1.6238095285714285
1200,0.0
1201,0.0
1202,0.0
1203,0.0
1204,0.0
1205,4.020722028571428
1206,0.0
1207,1.7142857142857142
1208,0.32120182285714277
1209,0.0
1210,0.0
1211,0.0
1212,0.0
1213,0.0
1214,0.0
1215,0.0
1216,1.5243197457142859
1217,0.0
1218,0.0
1219,0.2596638614285714
1220,0.0
1221,0.0
1222,0.0
1223,0.0
1224,0.0
1225,0.0
1226,0.0
1227,0.0
1228,0.0
1229,0.2388861185714286
1230,0.0
1231,0.0
1232,0.0
1233,0.0
1234,0.0
1235,0.0
1236,0.0
1237,0.0
1238,0.0
1239,0.0
1240,0.0
1241,0.0
1242,0.0
1243,0.0
1244,0.0
1245,0.0
1246,2.0
1247,0.0
1248,0.0
1249,0.0
1250,0.0
1251,0.0
1252,0.0
1253,0.0
1254,0.0
1255,2.893245547142857
1256,0.0
1257,0.75
1258,0.0
1259,0.0
1260,0.0
1261,0.0
1262,2.0
1263,0.0
1264,0.0
1265,0.0
1266,0.0
1267,0.4047619142857143
1268,2.7999999999999994
1269,0.6342665242857143
1270,0.0
1271,4.639796071428571
1272,1.0
1273,1.992857142857143
1274,0.8828231000000002
1275,0.0
1276,0.0
1277,0.0
1278,0.0
1279,0.7428571428571429
1280,0.0
1281,0.0
1282,0.0
1283,0.0
1284,0.0
1285,2.0780612142857144
1286,1.6666666666666667
1287,0.5
1288,0.6666666714285715
1289,1.222789122857143
1290,0.0
1291,0.0
1292,0.0
1293,0.0
1294,0.0
1295,0.9523809571428572
1296,3.8842877428571425
1297,0.0
1298,0.0
1299,0.5
1300,0.05714285714285715
1301,0.0
1302,0.0
1303,0.0
1304,0.0
1305,0.0
1306,0.0
1307,0.0
1308,0.0
1309,2.0
1310,0.0
1311,0.0
1312,0.5238095428571429
1313,6.18
1314,0.0
1315,0.0
1316,1.461904742857143
1317,2.5714285
1318,0.0
1319,0.0
1320,5.0161614000000005
1321,0.45238095714285714
1322,0.0
1323,0.0
1324,0.0
1325,0.0
1326,0.9523809999999999
1327,0.0
1328,0.0
1329,0.0
1330,5.425000125
1331,7.652264371428571
1332,1.0
1333,2.6231387857142856
1334,0.0
1335,0.0
1336,0.0
1337,3.568814442857143
1338,0.0
1339,0.5589259857142856
1340,0.9599495857142857
1341,0.8428571428571429
1342,0.0
1343,0.0
1344,0.0
1345,0.0
1346,0.56258504
1347,0.8666666714285716
1348,0.5443121833333333
1349,0.0
1350,0.0
1351,0.8206349285714286
1352,0.0
1353,0.0
1354,0.0
1355,0.0
1356,0.0
1357,0.7589286
1358,0.0
1359,1.4285714285714286
1360,0.0
1361,0.0
1362,0.0
1363,1.4285714285714286
1364,0.0
1365,0.0
1366,0.5714286
1367,0.0
1368,0.0
1369,0.2857143
1370,0.0
1371,0.0
1372,4.115646328571429
1373,0.0
1374,0.0
1375,0.0
1376,0.0
1377,0.31666666857142856
1378,0.0
1379,0.0
1380,0.0
1381,0.0
1382,0.04306705775
1383,8.787947214285714
1384,0.0
1385,0.0
1386,0.0
1387,0.0
1388,0.0
1389,0.0
1390,0.8571428571428571
1391,0.0
1392,0.0
1393,0.8571428571428571
1394,0.8499999857142857
1395,0.0
1396,0.0
1397,0.0
1398,0.0
1399,1.2222222333333335
1400,0.26190475714285716
1401,0.0
1402,0.6666667
1403,0.0
1404,0.3523809571428571
1405,0.0
1406,0.9183673857142859
1407,0.0
1408,1.60629028
1409,0.41428571428571426
1410,3.365869857142857
1411,0.0
1412,1.6458617
1413,0.0
1414,0.0
1415,0.0
1416,1.1752732485714288
1417,0.0
1418,0.0
1419,0.0
1420,0.0
1421,0.0
1422,0.0
1423,3.3569044571428566
1424,9.519755571428572
1425,0.6666666999999998
1426,0.0
1427,2.200834885714286
1428,0.0
1429,0.8809524
1430,13.805603428571429
1431,0.225
1432,0.0
1433,0.0
1434,0.0
1435,0.0
1436,0.0
1437,0.0
1438,0.0
1439,0.0
1440,4.569609542857143
1441,0.2
1442,3.373434171428571
1443,0.17142857142857146
1444,0.0
1445,0.0
1446,0.0
1447,0.0
1448,0.0
1449,0.0
1450,0.0
1451,4.006462414285714
1452,0.0
1453,0.0
1454,0.0
1455,0.0
1456,1.3608211542857143
1457,0.8142857285714287
1458,0.0
1459,1.3840135857142857
1460,4.384076
1461,0.0
1462,1.0936508285714286
1463,0.0
1464,0.0
1465,0.0
1466,2.820880771428572
1467,8.682905642857142
1468,1.0655653971428571
1469,1.0
1470,0.0
1471,0.0
1472,0.0
1473,0.5763889
1474,0.45029970571428574
1475,0.0
1476,0.0
1477,0.0
1478,0.0
1479,0.0
1480,0.0
1481,0.0
1482,0.0
1483,0.0
1484,1.4285714285714286
1485,0.0
1486,0.0
1487,0.0
1488,1.2638888833333333
1489,0.0
1490,4.205889671428571
1491,0.5408163
1492,0.0
1493,0.0
1494,0.0
1495,0.0
1496,0.07142857142857142
1497,0.0
1498,0.0
1499,0.6968434499999999
1500,0.0
1501,8.831883871428571
1502,0.0
1503,0.0
1504,0.0
1505,0.0
1506,0.0
1507,3.195238085714286
1508,0.0
1509,0.0
1510,0.0
1511,0.0
1512,0.0
1513,0.0
1514,0.0
1515,0.0
1516,0.0
1517,0.0
1518,0.0
1519,1.0356633800000001
1520,2.473015966666667
1521,5.189142933333334
1522,0.05714285714285715
1523,0.5142857142857143
1524,0.0
1525,0.0
1526,0.0
1527,0.7142857142857143
1528,0.4047619142857143
1529,0.8476190571428572
1530,0.0
1531,0.0
1532,0.0
1533,0.0
1534,0.0
1535,0.0
1536,0.0
1537,0.0
1538,0.0
1539,0.0
1540,0.0
1541,0.0
1542,0.0
1543,0.0
1544,0.0
1545,0.0
1546,2.00000002
1547,2.6522882142857145
1548,0.375
1549,4.0461309
1550,0.0
1551,0.0
1552,0.5901360685714285
1553,0.86666668
1554,2.2722222333333333
1555,0.0
1556,0.0
1557,1.178571442857143
1558,0.0
1559,1.0761904857142857
1560,0.500000025
1561,0.0
1562,0.0
1563,0.0
1564,0.7211110471428571
1565,0.0
1566,1.6937857857142855
1567,0.0
1568,0.5714285857142857
1569,12.990535
1570,0.0
1571,0.2857143
1572,1.6993197285714285
1573,0.0
1574,0.0
1575,0.3118480742857143
1576,2.564625857142857
1577,2.6767399285714286
1578,0.0
1579,0.0
1580,0.3206349228571428
1581,0.0
1582,0.0
1583,0.0
1584,0.0
1585,0.0
1586,0.0
1587,0.0
1588,1.2
1589,4.133333333333333
1590,5.224747814285714
1591,0.8655547666666665
1592,0.0
1593,0.0
1594,0.0
1595,0.0
1596,1.2661616285714286
1597,4.9373535
1598,0.0
1599,0.0
1600,0.5714286
1601,0.0
1602,0.0
1603,0.0
1604,0.0
1605,0.0
1606,0.0
1607,0.0
1608,0.8428571428571429
1609,0.0
1610,0.0
1611,5.928756
1612,0.0
1613,0.0
1614,2.5
1615,0.0
1616,0.0
1617,2.1285714285714286
1618,0.0
1619,0.8571428571428571
1620,0.0
1621,0.0
1622,0.0
1623,0.0
1624,0.4285714428571428
1625,0.0
1626,0.0
1627,0.0
1628,0.0
1629,0.0
1630,0.0
1631,0.0
1632,0.7436214571428571
1633,0.0
1634,0.0
1635,1.0788359533333332
1636,1.2362832757142856
1637,0.0
1638,3.314182685714286
1639,0.0
1640,0.0
1641,0.0
1642,0.0
1643,0.0
1644,0.0
1645,0.0
1646,0.60136055
1647,1.9217996428571429
1648,0.0
1649,0.0
1650,0.0
1651,0.0
1652,3.533333328571428
1653,0.0
1654,0.0
1655,3.315024066666666
1656,0.0
1657,0.0
1658,0.0
1659,0.0
1660,0.5190476285714285
1661,0.0
1662,0.0
1663,0.0
1664,0.0
1665,0.0
1666,0.0
1667,0.0
1668,0.21428571428571427
1669,0.2857142857142857
1670,0.0
1671,0.0
1672,3.03771602
1673,0.0
1674,0.0
1675,1.4523809714285716
1676,0.0
1677,2.6666666599999997
1678,0.0
1679,1.754251657142857
1680,0.4843472085714286
1681,0.0
1682,0.6262154400000001
1683,0.44000000000000006
1684,0.2857143
1685,0.0
1686,6.969727857142856
1687,6.470876883333332
1688,0.0
1689,0.0
1690,1.2820832
1691,0.5500000142857143
1692,0.0
1693,0.0
1694,1.94407924
1695,0.0
1696,0.925
1697,0.7452381085714286
1698,0.0
1699,0.0
1700,3.752936514285714
1701,1.6190476571428571
1702,0.7238095571428571
1703,0.6358483014285714
1704,0.0
1705,0.0
1706,1.9285714285714286
1707,0.9047619142857144
1708,4.365274757142858
1709,0.0
1710,0.0
1711,0.0
1712,0.0
1713,0.0
1714,0.0
1715,0.6857142857142857
1716,0.0
1717,0.0
1718,0.0
1719,0.0
1720,0.5
1721,3.0857142857142854
1722,2.250680314285714
1723,0.0
1724,0.0
1725,0.0
1726,0.0
1727,0.8525209857142857
1728,2.981746033333333
1729,0.0
1730,0.10317460285714286
1731,0.0
1732,0.0
1733,0.0
1734,0.0
1735,0.0
1736,0.8428571428571429
1737,2.0
1738,2.729567016666666
1739,0.8629880042857143
1740,0.0
1741,0.2857142857142857
1742,0.0
1743,0.3
1744,0.0
1745,0.0
1746,2.008767185714286
1747,0.0
1748,0.0
1749,0.0
1750,0.0
1751,0.0
1752,0.0
1753,2.5172050571428572
1754,0.9047619285714285
1755,4.109523814285715
1756,0.36094323428571423
1757,3.2641723571428574
1758,2.7701058333333335
1759,3.221825466666667
1760,1.9748692
1761,0.6666667
1762,0.0
1763,0.0
1764,1.827406445
1765,0.6769333757142857
1766,0.0
1767,0.0
1768,1.3897959285714285
1769,0.17857142857142858
1770,0.0
1771,0.0
1772,0.0
1773,0.0
1774,0.0
1775,0.0
1776,0.0
1777,3.0
1778,0.0
1779,4.008333283333333
1780,0.0
1781,0.0
1782,1.4333642714285715
1783,0.0
1784,0.8095238428571429
1785,0.23842592333333332
1786,0.0
1787,0.0
1788,0.6447330428571428
1789,0.4285714428571428
1790,0.0
1791,5.038095271428572
1792,0.0
1793,0.0
1794,2.7965986571428574
1795,0.9408791039999999
1796,0.0
1797,0.0
1798,0.0
1799,0.0
1800,0.0
1801,0.0
1802,0.0
1803,0.0
1804,0.0
1805,0.0
1806,0.4285714428571428
1807,0.0
1808,6.846754714285715
1809,0.0
1810,0.2857142857142857
1811,0.9877551
1812,0.0
1813,0.13605442571428572
1814,0.5428571428571428
1815,8.1711391
1816,0.0
1817,0.0
1818,0.0
1819,0.0
1820,1.3666666666666665
1821,0.0
1822,0.0
1823,0.0
1824,0.0
1825,0.0
1826,0.0
1827,0.0
1828,0.0
1829,0.0
1830,0.0
1831,0.0
1832,0.0
1833,0.0
1834,0.33333335
1835,0.0
1836,2.046855171428571
1837,0.0
1838,0.0
1839,0.0
1840,0.0
1841,1.25
1842,0.7738095285714286
1843,0.0
1844,0.0
1845,1.21732062
1846,0.0
1847,0.7619047857142858
1848,0.0
1849,0.0
1850,0.0
1851,0.0
1852,0.0
1853,2.7666666500000003
1854,0.0
1855,0.0
1856,1.1428571428571428
1857,0.0
1858,0.0
1859,0.0
1860,0.0
1861,1.2857142857142858
1862,0.0
1863,0.0
1864,0.09523809999999999
1865,0.23809524285714284
1866,0.0
1867,4.055557200000001
1868,3.142857128571429
1869,0.0
1870,0.0
1871,1.1428571428571428
1872,0.0
1873,0.0
1874,1.0
1875,0.0
1876,3.0102040857142858
1877,1.1904762000000002
1878,0.0
1879,0.0
1880,0.0
1881,0.0
1882,0.2722789157142857
1883,16.723749199999997
1884,7.597576814285715
1885,2.0033704142857145
1886,0.0
1887,10.049241
1888,2.1177820571428567
1889,0.0
1890,0.0
1891,0.0
1892,0.0
1893,0.0
1894,11.926224857142858
1895,11.226151185714285
1896,0.0
1897,0.0
1898,0.0
1899,1.3571428571428572
1900,0.0
1901,0.0
1902,2.643777657142857
1903,0.0
1904,0.0
1905,1.2857142857142858
1906,0.0
1907,4.422651357142857
1908,2.946902442857143
1909,0.0
1910,0.0
1911,0.0
1912,0.0
1913,0.0
1914,0.0
1915,2.7142857142857144
1916,4.642857142857143
1917,0.0
1918,0.0
1919,0.0
1920,0.8571428571428571
1921,3.472789085714286
1922,1.5
1923,2.0780664285714288
1924,0.0
1925,0.0
1926,1.2142857428571427
1927,0.0
1928,0.0
1929,0.0
1930,0.0
1931,3.917176928571429
1932,0.0
1933,0.0
1934,0.0
1935,0.0
1936,0.0
1937,0.7142857142857143
1938,0.0
1939,0.0
1940,0.5206349399999999
1941,6.607725228571428
1942,0.0
1943,4.867347028571428
1944,0.0
1945,0.0
1946,0.0
1947,0.0
1948,0.0
1949,3.0668790571428572
1950,0.0
1951,0.0
1952,0.42857142857142855
1953,1.5
1954,0.0
1955,0.0
1956,0.0
1957,0.0
1958,0.9695268785714285
1959,0.0
1960,0.0
1961,0.0
1962,0.0
1963,0.21428571428571427
1964,1.3642857285714283
1965,0.0
1966,0.0
1967,0.0
1968,0.0
1969,0.0
1970,0.9710884428571429
1971,0.0
1972,0.0
1973,0.0
1974,0.9
1975,0.0
1976,0.0
1977,0.0
1978,8.923324
1979,0.9857142857142858
1980,0.0
1981,0.0
1982,0.8571428571428571
1983,4.704761928571429
1984,0.0
1985,0.0
1986,0.0
1987,0.0
1988,0.0
1989,0.0
1990,0.0
1991,0.0
1992,0.0
1993,0.0
1994,0.0
1995,0.0
1996,0.0
1997,0.25
1998,0.0
1999,0.0
2000,3.096725171428571
2001,0.0
2002,0.0
2003,1.5714285714285714
2004,0.0
2005,0.0
2006,0.0
2007,0.0
2008,0.0
2009,0.0
2010,0.0
2011,0.0
2012,5.469696900000001
2013,0.09523809999999999
2014,0.0
2015,0.0
2016,0.0
2017,0.0
2018,2.2333333285714287
2019,0.303571426
2020,0.428571435
2021,1.495238114285714
2022,0.0
2023,0.0
2024,0.0
2025,8.721699714285714
2026,1.1428571428571428
2027,0.0
2028,0.0
2029,0.0
2030,0.0
2031,4.675641057142857
2032,0.0
2033,0.0
2034,0.0
2035,0.0
2036,0.0
2037,0.0
2038,0.7658730133333335
2039,1.3333333999999997
2040,1.1598769428571427
2041,0.0
2042,0.0
2043,0.0
2044,0.34178521
2045,0.46363636571428574
2046,0.0
2047,0.5000000142857143
2048,0.0
2049,6.283063342857142
2050,0.0
2051,0.0
2052,0.0
2053,1.4047619285714286
2054,0.0
2055,0.0
2056,0.0
2057,0.2857143
2058,0.0
2059,0.0
2060,1.2666666999999998
2061,1.3333334
2062,0.0
2063,0.0
2064,0.0
2065,0.0
2066,0.0
2067,0.0
2068,0.0
2069,0.0
2070,1.9105775142857142
2071,0.7260204242857142
2072,5.427779066666667
2073,0.0
2074,0.5238095142857143
2075,0.8086484799999999
2076,0.0
2077,1.7142857142857142
2078,0.0
2079,0.5952380714285714
2080,0.0
2081,0.0
2082,0.0
2083,0.0
2084,0.0
2085,0.8333333285714285
2086,0.0
2087,0.0
2088,0.0
2089,0.0
2090,0.0
2091,0.6666666666666666
2092,0.0
2093,0.0
2094,0.0
2095,2.0714285714285716
2096,1.7142857142857142
2097,0.0
2098,0.0
2099,0.26998557
2100,0.0
2101,0.0
2102,0.0
2103,0.0
2104,4.9747360857142855
2105,0.0
2106,0.0
2107,0.0
2108,0.0
2109,0.0
2110,6.515910714285716
2111,0.0
2112,0.0
2113,0.0
2114,0.0
2115,0.0
2116,0.0
2117,0.04081632857142857
2118,2.28611115
2119,0.0
2120,0.0
2121,0.0
2122,0.0
2123,1.2142857285714286
2124,1.2
2125,0.0
2126,0.0
2127,5.980849085714285
2128,0.0
2129,0.0
2130,1.4285715
2131,0.0
2132,0.0
2133,1.1428571428571428
2134,0.0
2135,2.8379301333333333
2136,3.1289177799999996
2137,0.0
2138,5.4632095
2139,0.0
2140,0.0
2141,0.30702948428571425
2142,0.0
2143,0.0
2144,0.0
2145,0.0
2146,0.0
2147,0.0
2148,0.0
2149,2.2243591199999995
2150,0.0
2151,0.0
2152,0.0
2153,0.0
2154,0.0
2155,0.0
2156,0.0
2157,0.0
2158,0.0
2159,0.0
2160,7.9209132857142865
2161,0.0
2162,0.0
2163,0.0
2164,2.7083488285714283
2165,0.0
2166,0.2119047614285714
2167,1.15306123
2168,0.0
2169,0.0
2170,0.220000002
2171,0.0
2172,13.459760857142856
2173,0.0
2174,1.4285714285714286
2175,7.465136142857142
2176,0.0
2177,0.0
2178,0.0
2179,0.0
2180,0.5
2181,0.0
2182,0.5714285714285714
2183,0.0
2184,0.2632653071428571
2185,0.0
2186,0.0
2187,0.0
2188,0.0
2189,2.976190457142857
2190,1.672296365714286
2191,0.0
2192,2.4809523714285713
2193,2.0
2194,2.9264843142857146
2195,0.0
2196,5.304761785714285
2197,4.65391098
2198,2.333333342857143
2199,0.0
2200,0.0
2201,0.7870748342857142
2202,0.0
2203,0.0
2204,0.0
2205,8.012827642857143
2206,0.0
2207,0.32341269428571423
2208,0.2857143
2209,0.0
2210,0.0
2211,3.0735856285714287
2212,0.0
2213,0.0
2214,1.089484116666667
2215,0.0
2216,0.0
2217,0.0
2218,8.342287685714286
2219,0.7595238142857142
2220,0.0
2221,0.0
2222,4.566666642857142
2223,4.109688728571428
2224,0.8333333428571429
2225,0.23809524
2226,0.0
2227,0.8571428714285714
2228,0.0
2229,0.0
2230,0.0
2231,0.5904762
2232,0.0
2233,0.0
2234,4.0612406
2235,0.0
2236,0.5456835614285714
2237,0.0
2238,0.0
2239,0.0
2240,1.6877864571428574
2241,2.4319105714285714
2242,0.0
2243,0.0
2244,0.0
2245,0.0
2246,0.0
2247,3.4285714285714293
2248,0.5238095285714286
2249,0.0
2250,0.6564626
2251,0.0
2252,0.42857142857142855
2253,0.0
2254,2.355334714285714
2255,0.0
2256,1.0714285714285714
2257,1.5
2258,0.0
2259,0.0
2260,3.9750681099999996
2261,7.160282057142858
2262,0.0
2263,0.0
2264,0.0
2265,1.84325398
2266,0.21428571428571427
2267,2.6880952428571425
2268,0.0
2269,0.0
2270,0.0
2271,0.0
2272,0.0
2273,0.0
2274,0.0
2275,0.0
2276,0.2857143
2277,0.0
2278,2.2466501571428568
2279,3.7142857857142855
2280,0.32057823428571425
2281,0.0
2282,0.0
2283,1.261904757142857
2284,0.0
2285,0.0
2286,0.0
2287,1.7142857428571427
2288,10.572333142857143
2289,0.0
2290,0.066666668
2291,6.540331900000001
2292,0.0
2293,0.0
2294,0.0
2295,0.5714285714285714
2296,0.0
2297,0.0
2298,0.0
2299,0.0
2300,0.0
2301,0.0
2302,0.0
2303,0.0
2304,0.0
2305,1.26666672
2306,0.0
2307,0.0
2308,4.080313371428572
2309,0.0
2310,0.0
2311,0.5595238214285713
2312,0.0
2313,0.0
2314,0.0
2315,0.0
2316,0.0
2317,0.0
2318,0.0
2319,4.381434428571429
2320,1.1428571428571428
2321,0.0
2322,0.0
2323,0.0
2324,3.4773888142857143
2325,1.0
2326,0.0
2327,0.0
2328,0.0
2329,2.7333333285714283
2330,0.0
2331,0.0
2332,0.0
2333,0.0
2334,0.0
2335,0.0
2336,0.5714286
2337,0.2777777666666667
2338,15.4301732
2339,0.0
2340,2.983843514285714
2341,0.0
2342,0.0
2343,0.0
2344,0.0
2345,0.0
2346,0.0
2347,0.10233516714285715
2348,0.0
2349,1.5
2350,0.0
2351,0.13888888333333335
2352,0.0
2353,0.0
2354,0.0
2355,0.0
2356,0.0
2357,0.0
2358,0.0
2359,0.0
2360,0.0
2361,7.944541428571427
2362,0.0
2363,0.0
2364,0.0
2365,0.0
2366,0.5357142771428572
2367,1.0095238000000002
2368,0.14285715
2369,1.0
2370,0.0
2371,0.0
2372,0.75
2373,2.75
2374,0.0
2375,0.0
2376,0.8421768714285714
2377,0.0
2378,0.0
2379,1.157142857142857
2380,0.0
2381,0.0
2382,0.0
2383,0.0
2384,0.0
2385,1.5714285714285714
2386,0.8339869266666667
2387,2.2374620285714286
2388,0.0
2389,1.0
2390,0.0
2391,0.0
2392,0.0
2393,0.7857143142857143
2394,1.4806122571428573
2395,1.4391491142857142
2396,0.0
2397,2.767913814285714
2398,0.0
2399,0.0
2400,3.8996598571428573
2401,0.0
2402,0.21428571428571427
2403,1.962152142857143
2404,0.0
2405,1.9285714285714286
2406,0.0
2407,0.0
2408,0.0
2409,0.0
2410,0.0
2411,0.0
2412,1.1428571714285714
2413,0.33248299428571426
2414,0.0
2415,0.0
2416,1.0552853428571427
2417,0.0
2418,0.0
2419,0.0
2420,0.0
2421,0.0
2422,0.0
2423,0.0
2424,0.0
2425,0.0
2426,1.0042317571428572
2427,0.5273809399999999
2428,1.7523399285714287
2429,0.0
2430,0.3333333333333333
2431,0.090909095
2432,0.0
2433,2.142857142857143
2434,0.0
2435,0.0
2436,0.0
2437,0.0
2438,1.5884353571428573
2439,0.0
2440,0.0
2441,0.47619051428571424
2442,2.0
2443,0.0
2444,0.0
2445,0.0
2446,0.0
2447,0.0
2448,0.0
2449,0.0
2450,0.4931972814285715
2451,0.0
2452,2.012121257142857
2453,0.0
2454,0.0
2455,1.08309526
2456,1.2619047714285716
2457,0.3196203071428571
2458,0.0
2459,0.0
2460,0.0
2461,0.0
2462,0.0
2463,0.0
2464,1.3333334
2465,0.0
2466,0.0
2467,0.5
2468,0.4642857142857143
2469,0.0
2470,0.0
2471,1.1938775428571429
2472,0.0
2473,0.0
2474,0.0
2475,0.0
2476,0.0
2477,0.0
2478,0.0
2479,0.0
2480,0.0
2481,0.0
2482,0.0
2483,0.0
2484,0.0
2485,0.166666675
2486,2.1418367714285713
2487,0.0
2488,1.8738095285714285
2489,1.4285714285714286
2490,0.9071661528571429
2491,0.0
2492,3.7714285714285714
2493,0.4285714428571428
2494,0.0
2495,0.0
2496,0.0
2497,0.0
2498,0.0
2499,6.155283185714285
2500,0.0
2501,2.0
2502,0.0
2503,0.0
2504,2.5714285714285716
2505,0.19285714285714287
2506,0.0
2507,0.0
2508,3.1303518857142856
2509,0.0
2510,0.0
2511,0.0
2512,0.7238095342857143
2513,0.8672747857142857
2514,0.0
2515,0.0
2516,0.0
2517,0.0
2518,1.1403628085714288
2519,0.0
2520,0.0
2521,0.14305556
2522,1.9574829428571427
2523,2.678571457142857
2524,0.0
2525,0.0
2526,0.0
2527,0.6004586742857143
2528,0.0
2529,0.0
2530,1.4199134142857144
2531,0.0
2532,0.0
2533,0.0
2534,0.0
2535,0.7561922214285713
2536,0.0
2537,0.0
2538,6.25591802857143
2539,0.0
2540,0.0
2541,0.0
2542,2.157539657142857
2543,0.0
2544,3.717569185714286
2545,0.0
2546,0.0
2547,0.666666675
2548,1.9069444166666667
2549,0.0
2550,0.0
2551,0.0
2552,0.0
2553,0.0
2554,1.0952381
2555,1.2989791999999998
2556,0.0
2557,0.5243764228571428
2558,0.5714286
2559,0.22040817142857141
2560,0.0
2561,0.0
2562,1.9764885428571433
2563,0.0
2564,0.0
2565,2.253684857142857
2566,0.0
2567,0.0
2568,0.0
2569,0.48102094428571424
2570,0.0
2571,1.428571457142857
2572,3.0764522
2573,0.19047619999999998
2574,0.2015664142857143
2575,0.0
2576,0.0
2577,0.29999999999999993
2578,3.1299999
2579,0.0
2580,0.0
2581,1.0476190714285714
2582,0.0
2583,3.6337930285714286
2584,0.0
2585,1.1176482342857141
2586,0.0
2587,0.5403594716666666
2588,0.0
2589,0.0
2590,0.0
2591,0.0
2592,1.4285714285714286
2593,2.02418452
2594,0.0
2595,0.7857142857142857
2596,0.19036172999999998
2597,0.0
2598,0.0
2599,0.0
2600,0.0
2601,0.0
2602,0.6666667
2603,0.0
2604,0.0
2605,2.242857142857143
2606,0.0
2607,0.0
2608,1.5855220285714287
2609,0.0
2610,0.0
2611,0.0
2612,0.0
2613,0.0
2614,0.96428573
2615,0.0
2616,0.0
2617,0.0
2618,0.0
2619,0.0
2620,0.0
2621,0.0
2622,0.0
2623,0.0
2624,2.1763038571428575
2625,0.0
2626,0.0
2627,0.0
2628,0.0
2629,0.0
2630,1.4285714285714286
2631,0.41428571428571426
2632,0.0
2633,0.0
2634,2.3208343142857144
2635,0.0
2636,0.0
2637,0.0
2638,0.0
2639,0.0
2640,2.198036471428572
2641,0.0
2642,2.375
2643,0.0
2644,0.0
2645,0.42857142857142855
2646,0.0
2647,0.2857142857142857
2648,0.0
2649,1.503588742857143
2650,0.0
2651,0.0
2652,0.0
2653,0.0
2654,0.0
2655,0.0
2656,0.0
2657,0.0
2658,1.4666666714285714
2659,0.0
2660,0.6666666999999998
2661,0.9285714285714286
2662,0.0
2663,0.0
2664,0.0
2665,0.0
2666,0.0
2667,4.820408142857144
2668,0.0
2669,0.0
2670,1.2809523714285713
2671,1.7857142857142858
2672,3.882006514285714
2673,0.0
2674,0.0
2675,1.6344104857142856
2676,0.0
2677,0.0
2678,0.0
2679,0.0
2680,1.0857142857142856
2681,0.0
2682,0.0
2683,0.0
2684,0.0
2685,0.0
2686,7.396718385714286
2687,0.0
2688,0.0
2689,0.0
2690,0.0
2691,0.0
2692,0.0
2693,0.0
2694,0.0
2695,0.0
2696,1.0
2697,0.0
2698,0.3316114414285714
2699,0.0
2700,0.0
2701,0.0
2702,0.0
2703,3.0634571999999998
2704,1.7857142857142858
2705,0.0
2706,4.354974175
2707,0.0
2708,0.0
2709,0.0
2710,3.083333342857143
2711,0.0
2712,1.06666665
2713,1.3590651285714286
2714,0.0
2715,0.0
2716,1.0
2717,2.0
2718,1.238095242857143
2719,0.0
2720,1.1047619142857141
2721,0.0
2722,0.0
2723,2.021739657142857
2724,0.28888889199999995
2725,4.7166664250000006
2726,3.3619367428571425
2727,0.0
2728,2.2818633714285714
2729,0.0
2730,0.0
2731,0.07142857142857142
2732,0.0
2733,0.0
2734,1.523809542857143
2735,2.556949757142857
2736,0.5124381100000001
2737,0.0
2738,0.0
2739,0.0
2740,0.6095238142857143
2741,0.0
2742,0.0
2743,0.0
2744,0.6666666999999998
2745,0.21536796857142856
2746,1.0385492385714286
2747,1.0
2748,5.721970242857142
2749,0.0
2750,0.0
2751,0.0
2752,0.0
2753,0.0
2754,0.0
2755,0.5
2756,1.8095238285714288
2757,0.0
2758,0.0
2759,0.0
2760,0.0
2761,0.0
2762,0.0
2763,0.43163265285714275
2764,1.7355747857142858
2765,0.5
2766,0.0
2767,0.0
2768,1.25
2769,0.0
2770,0.0
2771,0.33152766
2772,0.0
2773,0.0
2774,0.0
2775,0.0
2776,0.0
2777,0.0
2778,0.0
2779,0.0
2780,0.0
2781,0.0
2782,0.5714286
2783,0.0
2784,0.0
2785,0.0
2786,0.6143190242857143
2787,0.0
2788,0.0
2789,0.0
2790,0.0
2791,0.5011904785714284
2792,0.0
2793,1.1428571428571428
2794,0.0
2795,0.0
2796,0.0
2797,0.0
2798,0.0
2799,0.0
2800,0.0
2801,0.0
2802,0.5714285714285714
2803,0.04126984166666667
2804,0.0
2805,0.0
2806,0.0
2807,0.7888888833333333
2808,3.163399271428571
2809,3.3809524142857144
2810,0.0
2811,0.0
2812,3.6641413714285713
2813,3.23333335
2814,3.3142856999999992
2815,0.0
2816,0.0
2817,0.0
2818,6.1921242
2819,0.0
2820,0.0
2821,3.4285714285714284
2822,5.433446685714286
2823,0.0
2824,0.0
2825,0.0
2826,0.0
2827,0.41666665714285717
2828,0.0
2829,0.0
2830,0.0
2831,0.0
2832,0.0
2833,0.0
2834,0.0
2835,0.0
2836,2.4130952000000003
2837,0.0
2838,0.0
2839,0.2857143
2840,0.0
2841,1.2142857142857142
2842,0.0
2843,0.0
2844,0.0
2845,0.6666666999999998
2846,0.0
2847,0.0
2848,0.0
2849,1.407142857142857
2850,0.5
2851,7.799747714285715
2852,0.0
2853,0.4312925342857143
2854,0.0
2855,0.0
2856,0.0
2857,2.3178571
2858,0.0
2859,2.2195194571428574
2860,0.0
2861,0.0
2862,0.0
2863,0.0
2864,1.7416099657142858
2865,0.0
2866,0.0
2867,0.0
2868,0.0
2869,0.0
2870,0.6758503514285713
2871,0.7343014285714285
2872,0.0
2873,0.0
2874,0.0
2875,0.0
2876,0.0
2877,0.47619049999999996
2878,0.7142857142857143
2879,0.0
2880,0.0
2881,0.0
2882,3.485596057142857
2883,0.0
2884,2.0
2885,0.2714285714285714
2886,0.0
2887,0.0
2888,0.27058824000000004
2889,0.0
2890,0.0
2891,0.0
2892,1.024664242857143
2893,0.0
2894,2.2857142857142856
2895,0.0
2896,0.7142857142857143
2897,0.0
2898,0.0
2899,0.0
2900,0.0
2901,0.0
2902,0.0
2903,2.0
2904,0.0
2905,0.0
2906,0.8928571428571429
2907,0.0
2908,6.997187485714286
2909,0.4737013
2910,0.0
2911,0.0
2912,1.9238094999999997
2913,0.0
2914,0.0
2915,1.1542013199999999
2916,0.0
2917,0.0
2918,0.0
2919,2.428571414285714
2920,6.958895
2921,2.299999975
2922,0.0
2923,0.0
2924,0.0
2925,0.0
2926,0.0
2927,0.0
2928,0.0
2929,2.2051281714285715
2930,0.7142857142857143
2931,0.0
2932,0.0
2933,0.0
2934,1.1400793999999999
2935,0.0
2936,0.0
2937,0.0
2938,0.11479591285714286
2939,0.0
2940,0.0
2941,0.0
2942,0.17959184285714283
2943,2.1238095285714285
2944,4.88491957142857
2945,0.2857143
2946,0.0
2947,0.0
2948,0.0
2949,0.0
2950,0.0
2951,0.0
2952,2.73333332
2953,0.0
2954,0.0
2955,0.0
2956,0.0
2957,0.0
2958,0.0
2959,0.0
2960,0.0
2961,0.0
2962,0.3897959185714286
2963,0.0
2964,0.0
2965,1.9376983833333334
2966,0.0
2967,0.0
2968,0.0
2969,0.0
2970,1.4345238142857142
2971,0.0
2972,0.1142857142857143
2973,0.0
2974,0.0
2975,0.42857142857142855
2976,0.0
2977,0.0
2978,1.0666666857142857
2979,0.0
2980,0.8571428571428571
2981,0.0
2982,0.0
2983,0.0
2984,0.0
2985,0.0
2986,0.0
2987,0.0
2988,0.0
2989,0.0
2990,0.7557256185714286
2991,5.467116328571429
2992,0.0
2993,0.0
2994,0.0
2995,0.0
2996,0.0
2997,3.0349206571428566
2998,0.0
2999,0.23095237142857145
3000,0.0
3001,0.0
3002,0.0
3003,2.588095242857143
3004,0.26190477142857144
3005,0.0
3006,0.0
3007,0.0
3008,4.428571428571429
3009,3.869481514285714
3010,0.0
3011,0.7166666666666667
3012,3.190816314285714
3013,0.4428571428571429
3014,0.0
3015,0.0
3016,0.26666668
3017,0.0
3018,0.3403762885714286
3019,1.4857143142857143
3020,1.5714285714285714
3021,0.0
3022,0.0
3023,0.0
3024,0.0
3025,0.0
3026,0.14285714285714285
3027,0.0
3028,0.0
3029,0.0
3030,0.0
3031,0.0
3032,1.0238095714285713
3033,0.0
3034,0.0
3035,2.1904762
3036,0.0
3037,0.8095238285714286
3038,0.0
3039,0.0
3040,0.0
3041,0.0
3042,0.0
3043,2.5714285714285716
3044,0.0
3045,0.0
3046,0.0
3047,1.7142857142857142
3048,0.0
3049,0.0
3050,0.0
3051,2.0
3052,0.0
3053,0.0
3054,0.0
3055,20.7799424
3056,3.242857142857143
3057,0.919047662857143
3058,0.0
3059,0.0
3060,0.3331678842857143
3061,0.0
3062,0.0
3063,0.0
3064,0.0
3065,0.0
3066,0.0
3067,0.0
3068,0.14285714285714285
3069,0.0
3070,0.3472222166666667
3071,0.0
3072,0.0
3073,1.1904762285714285
3074,0.0
3075,0.0
3076,0.0
3077,0.0
3078,1.0
3079,2.857142857142857
3080,0.8571428857142857
3081,0.30476191428571425
3082,2.913662114285714
3083,0.0
3084,0.0
3085,1.5897554428571428
3086,0.0
3087,0.32653061999999994
3088,0.0
3089,0.0
3090,0.0
3091,0.03571428571428571
3092,0.0
3093,1.2499638857142856
3094,1.7142857142857142
3095,0.0
3096,0.0
3097,0.0
3098,0.0
3099,1.52515152
3100,0.0
3101,0.0
3102,0.0
3103,0.0
3104,0.0
3105,0.6190476285714286
3106,6.9479798
3107,0.0
3108,0.0
3109,0.0
3110,0.0
3111,0.0
3112,0.0
3113,0.0
3114,0.0
3115,0.0
3116,0.3333333333333333
3117,0.0
3118,0.0
3119,0.0
3120,0.0
3121,0.0
3122,0.0
3123,0.0
3124,0.0
3125,0.7142857142857143
3126,0.0
3127,0.0
3128,2.857142857142857
3129,0.0
3130,2.0
3131,0.0
3132,1.2207483185714287
3133,0.0
3134,0.0
3135,1.0
3136,2.0
3137,0.0
3138,0.0
3139,0.0
3140,4.215986457142857
3141,0.0
3142,0.0
3143,2.8394145285714285
3144,1.2680272000000001
3145,0.0
3146,0.0
3147,0.8585034142857142
3148,5.588890114285715
3149,0.0
3150,0.0
3151,0.0
3152,0.0
3153,1.3333333333333333
3154,0.0
3155,0.9265306028571431
3156,0.07142857142857142
3157,0.0
3158,0.0
3159,0.0
3160,1.2857142857142858
3161,0.0
3162,0.0
3163,0.0
3164,0.7142857285714285
3165,0.0
3166,0.0
3167,0.0
3168,0.0
3169,0.9285714285714286
3170,0.0
3171,0.0
3172,2.3952381
3173,0.0
3174,0.0
3175,0.14285714285714285
3176,0.0
3177,0.0
3178,0.0
3179,0.14285714285714285
3180,0.0
3181,0.0
3182,0.0
3183,0.0
3184,0.0
3185,3.2938775285714286
3186,0.0
3187,0.0
3188,10.687698571428571
3189,0.0
3190,0.0
3191,0.0
3192,4.078019228571429
3193,0.9714285857142857
3194,0.26190475714285716
3195,0.7142857285714285
3196,0.39999999999999997
3197,0.0
3198,0.0
3199,0.3692177
3200,0.0
3201,0.2857142857142857
3202,0.0
3203,0.0
3204,2.1999999999999997
3205,0.0
3206,0.8571428571428571
3207,3.5103443000000003
3208,0.9142857285714288
3209,0.0
3210,0.0
3211,0.0
3212,3.2166666857142863
3213,0.8571428714285714
3214,0.0
3215,1.1530611999999998
3216,2.0
3217,0.0
3218,0.0
3219,0.0
3220,0.0
3221,0.33792952428571427
3222,0.0
3223,9.795281857142855
3224,1.8569255714285717
3225,6.1950287
3226,0.0
3227,0.0
3228,0.0
3229,0.0
3230,0.0
3231,0.0
3232,0.0
3233,0.0
3234,7.1588423285714295
3235,0.0
3236,4.0
3237,0.0
3238,0.8571428714285714
3239,0.0
3240,0.0
3241,0.0
3242,0.0
3243,0.0
3244,0.0
3245,0.0
3246,0.0
3247,0.0
3248,0.0
3249,0.0
3250,0.6530612442857143
3251,0.0
3252,0.0
3253,9.055072142857144
3254,3.6935373714285715
3255,0.0
3256,0.0
3257,0.0
3258,0.0
3259,0.0
3260,0.0
3261,0.0
3262,0.8333333428571429
3263,0.0
3264,1.4404762000000002
3265,0.0
3266,0.0
3267,2.3095238142857144
3268,0.0
3269,0.0
3270,0.0
3271,0.0
3272,5.402045385714286
3273,3.008843571428571
3274,0.0
3275,0.0
3276,1.3862972157142857
3277,0.0
3278,0.40714285714285714
3279,0.0
3280,0.0
3281,1.7877551
3282,0.0
3283,0.0
3284,0.14285714285714285
3285,4.376174514285714
3286,3.861904714285714
3287,0.0
3288,0.0
3289,0.851765748
3290,3.50909094
3291,0.0
3292,0.0
3293,2.3276644142857146
3294,0.0
3295,0.0
3296,0.0
3297,0.0
3298,0.0
3299,0.742857142857143
3300,1.1428571428571428
3301,0.25
3302,0.0
3303,0.5238095285714286
3304,0.0
3305,2.419047614285714
3306,0.0
3307,0.0
3308,1.0
3309,0.0
3310,0.0
3311,0.0
3312,0.0
3313,0.0
3314,0.0
3315,1.4285714285714288
3316,0.0
3317,0.0
3318,0.0
3319,0.0
3320,0.0
3321,0.0
3322,2.975925933333333
3323,0.0
3324,0.0
3325,0.3809523857142857
3326,0.0
3327,1.7142857142857142
3328,0.0
3329,0.0
3330,0.0
3331,0.0
3332,0.0
3333,0.7380952571428571
3334,0.0
3335,0.0
3336,0.0
3337,0.0
3338,0.0
3339,0.0
3340,0.0
3341,0.0
3342,0.0
3343,0.0
3344,0.0
3345,0.0
3346,0.0
3347,1.9439115666666666
3348,0.0
3349,3.693190142857143
3350,0.0
3351,2.0
3352,0.0
3353,0.0
3354,1.2857142857142858
3355,3.834960314285714
3356,1.5714285714285714
3357,0.0
3358,0.0
3359,0.0
3360,3.9857142857142853
3361,4.2401902
3362,2.642857142857143
3363,7.323963
3364,0.0
3365,0.0
3366,0.0
3367,1.375
3368,0.0
3369,1.3333333333333333
3370,0.2084764437142857
3371,0.0
3372,0.0
3373,3.7443282142857144
3374,0.8846938828571428
3375,4.7327866
3376,0.0
3377,0.0
3378,0.0
3379,7.481983157142856
3380,0.0
3381,0.0
3382,0.0
3383,0.0
3384,0.2857143
3385,0.0
3386,0.0
3387,0.0
3388,0.0
3389,5.038936071428572
3390,0.0
3391,0.0
3392,0.0
3393,0.0
3394,2.9401206285714285
3395,0.0
3396,0.0
3397,0.0
3398,0.0
3399,0.2571428628571429
3400,0.0
3401,0.7040816428571429
3402,0.0
3403,0.0
3404,0.18707483285714283
3405,0.0
3406,0.0
3407,0.0
3408,0.7231292528571428
3409,0.0
3410,0.0
3411,0.0
3412,0.0
3413,0.0
3414,0.0
3415,4.137296814285714
3416,0.0
3417,3.3403937285714282
3418,0.0
3419,0.0
3420,0.5761904699999999
3421,0.0
3422,1.6444444814285715
3423,0.0
3424,0.0
3425,0.0
3426,4.275771255714287
3427,0.0
3428,0.0
3429,0.0
3430,0.0
3431,1.2
3432,0.9285714285714286
3433,0.0
3434,0.21785715249999998
3435,0.0
3436,1.1523809714285715
3437,0.0
3438,0.0
3439,0.0
3440,0.4557823242857143
3441,0.0
3442,0.0
3443,0.0
3444,0.0
3445,0.0
3446,0.0
3447,2.0
3448,0.0
3449,7.618074666666666
3450,0.06904038857142857
3451,0.0
3452,0.6666666714285715
3453,0.0
3454,0.0
3455,0.0
3456,0.0
3457,0.0
3458,4.90000022
3459,1.638095242857143
3460,0.0
3461,0.0
3462,0.0
3463,0.0
3464,0.0
3465,0.0
3466,0.14285714285714285
3467,0.0
3468,0.7642857314285713
3469,0.0
3470,3.4642857142857144
3471,0.0
3472,0.2857142857142857
3473,0.0
3474,0.0
3475,0.0
3476,0.0
3477,2.7619047714285716
3478,0.0
3479,0.0
3480,0.0
3481,0.0
3482,0.0
3483,0.0
3484,0.0
3485,1.7142857285714288
3486,3.066439914285714
3487,0.0
3488,1.4166667
3489,0.0
3490,4.354602099999999
3491,0.0
3492,0.19999999999999998
3493,0.0
3494,0.03968254285714285
3495,0.0
3496,0.45714285714285713
3497,0.5
3498,0.17857142857142858
3499,0.0
3500,0.0
3501,0.0
3502,0.0
3503,0.0
3504,4.654514942857143
3505,0.283333335
3506,0.0
3507,0.0
3508,0.0
3509,1.308364242857143
3510,0.0
3511,0.0
3512,0.789251214
3513,0.0
3514,2.0799999999999996
3515,2.0
3516,0.0
3517,0.13141923285714285
3518,1.999334857142857
3519,0.0
3520,0.0
3521,0.0
3522,0.0
3523,0.0
3524,0.0
3525,0.0
3526,0.0
3527,0.0
3528,0.0
3529,0.39999999999999997
3530,0.0
3531,1.5085714
3532,0.0
3533,0.0
3534,3.5889867428571436
3535,0.0
3536,0.6666667
3537,0.0
3538,0.0
3539,2.956292514285714
3540,2.8799422842857143
3541,0.0
3542,0.0
3543,0.0
3544,0.0
3545,0.0
3546,0.0
3547,0.0
3548,0.0
3549,0.0
3550,0.0
3551,0.0
3552,0.6428571428571429
3553,1.5857142857142856
3554,0.0
3555,0.0
3556,1.478571414285714
3557,0.0
3558,1.1083333714285712
3559,0.7585034142857143
3560,0.05714285714285715
3561,0.0
3562,3.2462584714285714
3563,2.3197799999999997
3564,3.0357091142857144
3565,0.0
3566,0.0
3567,0.0
3568,0.0
3569,0.0
3570,0.7142857142857143
3571,0.5096681114285714
3572,0.0
3573,0.0
3574,0.0
3575,0.0
3576,2.238095257142857
3577,6.75552042857143
3578,2.9605442142857146
3579,0.04081632857142857
3580,0.0
3581,0.0
3582,0.0
3583,0.0
3584,0.0
3585,0.21428571428571427
3586,0.0
3587,1.4285714285714286
3588,0.0
3589,0.0
3590,0.0
3591,0.0
3592,0.0
3593,0.3809523857142857
3594,0.0
3595,0.0
3596,0.26785713
3597,0.0
3598,0.0
3599,2.357142857142857
3600,1.6093537385714285
3601,0.0
3602,4.820619542857142
3603,1.1571428857142858
3604,0.0
3605,0.0
3606,0.7142857142857143
3607,0.6666666714285715
3608,0.0
3609,0.0
3610,0.0
3611,0.0
3612,0.0
3613,3.4982276285714287
3614,0.0
3615,0.0
3616,1.0938775714285716
3617,0.0
3618,0.23809524857142855
3619,0.0
3620,0.0
3621,0.0
3622,0.0
3623,0.0
3624,1.0118492757142856
3625,0.5555555666666666
3626,0.0
3627,0.0
3628,0.0
3629,0.0
3630,0.0
3631,0.0
3632,0.0
3633,3.3372277857142856
3634,0.0
3635,0.0
3636,0.0
3637,0.8714285714285713
3638,0.0
3639,0.0
3640,0.0
3641,0.0
3642,0.20000000000000004
3643,0.0
3644,0.0
3645,0.0
3646,0.0
3647,0.0
3648,0.0
3649,0.0
3650,0.416666675
3651,0.0
3652,0.0
3653,1.0595238142857144
3654,1.3047619000000001
3655,1.1904762142857144
3656,1.7142857142857142
3657,0.0
3658,0.0
3659,0.0
3660,4.920036942857143
3661,0.5
3662,0.0
3663,0.25
3664,0.0
3665,0.0
3666,0.0
3667,2.0
3668,0.9085034
3669,0.0
3670,0.0
3671,7.5786425
3672,0.0
3673,19.904590399999996
3674,0.6768707585714285
3675,0.0
3676,0.5190476228571429
3677,1.5333333428571427
3678,0.0
3679,0.0
3680,0.0
3681,1.6235173714285716
3682,4.939321114285714
3683,0.0
3684,0.0
3685,0.0
3686,0.3057749985714286
3687,0.0
3688,1.5870748285714282
3689,0.0
3690,0.0
3691,0.0
3692,0.0
3693,0.0
3694,1.238095242857143
3695,0.0
3696,0.7380952428571429
3697,2.647619042857143
3698,0.0
3699,0.5598465014285714
3700,0.0
3701,0.0
3702,0.0
3703,0.0
3704,0.0
3705,0.0
3706,1.5714285714285714
3707,0.0
3708,3.2479068857142854
3709,0.588095242857143
3710,0.0
3711,0.0
3712,0.0
3713,0.0
3714,0.0
3715,0.0
3716,0.0
3717,0.0
3718,0.0
3719,2.206408142857143
3720,0.375
3721,13.305802428571429
3722,0.0
3723,0.0
3724,4.285714285714286
3725,0.0
3726,2.0657406999999997
3727,2.1001632999999997
3728,0.0
3729,0.0
3730,0.0
3731,0.0
3732,0.36294578857142856
3733,7.8827212285714285
3734,1.4285714285714286
3735,1.8095237999999998
3736,1.523809542857143
3737,0.0
3738,0.0
3739,0.0
3740,0.0
3741,1.1428571428571428
3742,0.0
3743,0.0
3744,0.0
3745,0.0
3746,0.0
3747,0.0
3748,0.0
3749,0.0
3750,4.793367257142857
3751,0.0
3752,3.4419119000000005
3753,0.0
3754,0.0
3755,0.0
3756,2.1063964714285714
3757,0.4761904857142857
3758,0.0
3759,0.0
3760,0.0
3761,0.0
3762,0.8388322
3763,0.0
3764,1.4
3765,0.0
3766,0.0
3767,1.1316017285714286
3768,0.9404762142857143
3769,0.0
3770,1.9142857142857144
3771,0.0
3772,0.0
3773,0.0
3774,0.0
3775,0.0
3776,0.0
3777,0.0
3778,0.0
3779,0.0
3780,0.0
3781,0.0
3782,0.0
3783,0.5
3784,0.0
3785,0.3095238142857143
3786,0.7699546671428571
3787,0.0
3788,0.0
3789,0.0
3790,1.46666665
3791,0.21428571428571427
3792,1.2111111333333333
3793,0.0
3794,1.6548185857142859
3795,0.0
3796,0.0
3797,0.0
3798,1.2
3799,0.0
3800,0.0
3801,0.0
3802,0.0
3803,0.0
3804,0.0
3805,9.025961628571428
3806,0.9881164142857142
3807,5.966326549999999
3808,0.68761905
3809,0.5714285714285714
3810,0.0
3811,0.0
3812,0.0
3813,4.228231271428572
3814,0.9761905142857142
3815,0.0
3816,0.0
3817,2.7142857142857144
3818,0.0
3819,2.0563491399999996
3820,0.0
3821,4.159523814285714
3822,0.0
3823,0.0
3824,0.0
3825,0.2327097542857143
3826,2.7139526714285713
3827,0.0
3828,0.0
3829,0.0
3830,3.624461485714286
3831,0.0
3832,0.0
3833,0.0
3834,0.0
3835,0.0
3836,0.0
3837,0.0
3838,0.47619049999999996
3839,1.1809524
3840,0.0
3841,0.0
3842,0.0
3843,0.0
3844,1.4142857142857141
3845,1.8665996528571427
3846,0.0
3847,0.0
3848,0.0
3849,2.547619057142857
3850,0.0
3851,2.0674603428571428
3852,0.0
3853,3.962720657142857
3854,1.4285714285714286
3855,0.3095238142857143
3856,0.6666667
3857,0.0
3858,0.0
3859,1.238095242857143
3860,0.0
3861,0.0
3862,1.0595238
3863,0.0
3864,0.0
3865,2.425510214285714
3866,0.0
3867,6.659565157142857
3868,0.0
3869,0.0
3870,0.0
3871,1.0878117714285713
3872,0.0
3873,0.26666668
3874,0.0
3875,0.0
3876,0.0
3877,0.0
3878,0.0
3879,0.0
3880,0.28174601714285713
3881,0.0
3882,0.0
3883,0.0
3884,2.33112382
3885,5.24821838
3886,0.0
3887,0.5000000166666666
3888,4.238095228571429
3889,1.1428571428571428
3890,0.0
3891,0.0
3892,0.0
3893,0.0
3894,0.0
3895,0.13203462857142859
3896,0.0
3897,0.0
3898,0.47619049999999996
3899,6.5788499285714295
3900,0.0
3901,0.1142857142857143
3902,0.0
3903,2.2804731214285714
3904,0.0
3905,0.0
3906,0.0
3907,0.0
3908,0.0
3909,0.0
3910,0.0
3911,0.0
3912,0.7733560085714285
3913,0.0
3914,0.0
3915,1.0589053800000001
3916,1.1183673285714286
3917,0.0
3918,0.0
3919,3.165197685714286
3920,0.0
3921,0.0
3922,0.0
3923,0.36303420000000003
3924,0.7857142999999999
3925,0.0
3926,0.0
3927,0.0
3928,0.0
3929,0.0
3930,0.0
3931,0.0
3932,1.9739796571428572
3933,0.0
3934,0.7500000242857142
3935,0.0
3936,0.0
3937,1.077978777142857
3938,0.0
3939,1.1666666714285714
3940,0.0
3941,0.0
3942,0.0
3943,0.3713615771428572
3944,0.0
3945,0.25396827
3946,1.0952381
3947,0.38095239999999997
3948,17.34576757142857
3949,2.0
3950,0.0
3951,0.96927743
3952,0.0
3953,0.0
3954,0.0
3955,0.0
3956,0.5277778000000001
3957,0.0
3958,0.0
3959,0.0
3960,2.7142857142857144
3961,1.5207483142857146
3962,0.0
3963,1.5714285714285714
3964,0.0
3965,0.0
3966,0.5714285714285714
3967,1.5622363714285714
3968,0.20816327142857144
3969,0.39988661142857135
3970,0.0
3971,0.06640989714285714
3972,0.11337868857142856
3973,0.0
3974,0.12834467
3975,0.6377551228571429
3976,1.7653380514285715
3977,0.0
3978,0.0
3979,1.238095242857143
3980,1.7142857142857142
3981,0.7857142999999999
3982,0.0
3983,1.5027777666666664
3984,0.8825396666666666
3985,0.0
3986,0.0
3987,0.0
3988,0.14978355142857142
3989,6.245575071428571
3990,0.0
3991,11.9088002
3992,0.0
3993,1.4136054714285713
3994,0.7892857157142856
3995,1.8420333857142859
3996,0.0
3997,0.0
3998,0.0
3999,2.380952371428571
4000,0.0
4001,2.5357142857142856
4002,0.27210885142857144
4003,0.2857143
4004,0.0
4005,2.568254
4006,0.0
4007,4.806034428571429
4008,0.0
4009,0.0
4010,0.0
4011,0.0
4012,0.0
4013,1.4
4014,0.0
4015,0.0
4016,0.0
4017,0.0
4018,0.0
4019,0.0
4020,0.0
4021,0.0
4022,3.10555558
4023,0.0
4024,2.142857142857143
4025,0.5428571428571428
4026,0.0
4027,0.2585034142857143
4028,0.0
4029,0.0
4030,0.0
4031,0.0
4032,0.0
4033,0.8379715542857143
4034,0.0
4035,0.0
4036,0.0
4037,2.7142857142857144
4038,0.0
4039,0.0
4040,0.0
4041,5.695502566666666
4042,0.0
4043,2.55264968
4044,0.11111111666666666
4045,0.0
4046,0.0
4047,0.0
4048,3.847222228571429
4049,1.44666668
4050,0.0
4051,0.0
4052,0.0
4053,0.0
4054,14.920592471428572
4055,0.0
4056,0.0
4057,0.0
4058,0.0
4059,0.0
4060,0.0
4061,0.0
4062,0.04761904857142857
4063,0.7904761857142857
4064,0.0
4065,0.0
4066,0.0
4067,0.15238095428571427
4068,5.366402171428571
4069,0.0
4070,0.0
4071,0.0
4072,0.0
4073,0.0
4074,2.3952381000000003
4075,0.0
4076,0.8285714285714285
4077,0.0
4078,0.0
4079,0.0
4080,0.0
4081,0.0
4082,2.7142857142857144
4083,0.0
4084,0.0
4085,0.6952381
4086,0.0
4087,0.0
4088,0.0
4089,0.7388889000000001
4090,0.39489797
4091,0.0
4092,8.77409285714286
4093,0.0
4094,0.0
4095,0.0
4096,2.019860085714286
4097,0.0
4098,0.7142857142857143
4099,0.0
4100,0.0
4101,0.0
4102,0.33333334
4103,3.227794928571428
4104,0.0
4105,0.0
4106,1.2
4107,1.7632608
4108,2.2142857142857144
4109,0.0
4110,0.0
4111,0.0
4112,0.0
4113,0.0
4114,0.0
4115,0.0
4116,4.109523800000001
4117,1.4333333285714285
4118,0.5025510185714286
4119,0.0
4120,0.0
4121,0.0
4122,0.0
4123,1.2873016
4124,0.0
4125,0.0
4126,0.0
4127,0.0
4128,0.0
4129,0.0
4130,0.0
4131,0.05714285714285715
4132,0.0
4133,0.0
4134,0.0
4135,0.0
4136,0.0
4137,0.0
4138,0.0
4139,2.192775975
4140,4.175489600000001
4141,0.0
4142,4.691865628571429
4143,0.0
4144,0.0
4145,0.8571428571428571
4146,0.0
4147,1.9621315285714285
4148,0.0
4149,0.0
4150,0.0
4151,0.6
4152,0.7853480028571429
4153,0.7188208714285714
4154,1.0
4155,0.34063912857142853
4156,0.9571428857142857
4157,0.0
4158,0.5714285714285714
4159,0.0
4160,0.0
4161,7.041967985714286
4162,0.0
4163,0.0
4164,0.0
4165,0.0
4166,0.0
4167,0.0
4168,0.0
4169,0.0
4170,0.0
4171,0.0
4172,4.967176785714287
4173,0.0
4174,0.0
4175,0.0
4176,0.0
4177,0.0
4178,0.0
4179,0.0
4180,7.9923622142857145
4181,0.0
4182,0.0
4183,0.0
4184,1.464285714285714
4185,0.0
4186,0.0
4187,3.5047619000000005
4188,0.0
4189,0.6809524
4190,0.5714285857142857
4191,0.0
4192,1.6000000000000003
4193,0.0
4194,0.0
4195,0.0
4196,0.0
4197,0.6156462571428571
4198,0.0
4199,0.0
4200,0.0
4201,0.0
4202,0.0
4203,0.0
4204,0.0
4205,0.9016800771428571
4206,0.42857142857142855
4207,0.0
4208,0.0
4209,1.9249999714285713
4210,0.0
4211,0.0
4212,0.0
4213,0.0
4214,0.0
4215,0.0
4216,0.0
4217,0.0
4218,0.0
4219,0.15816327142857142
4220,0.0
4221,0.0
4222,0.0
4223,0.0
4224,3.0586592857142856
4225,3.0523643142857146
4226,1.4285714285714286
4227,0.0
4228,0.0
4229,0.0
4230,0.0
4231,0.0
4232,0.0
4233,0.0
4234,0.11734694285714285
4235,0.0
4236,2.0
4237,0.0
4238,0.0
4239,0.0
4240,0.0
4241,0.6666666999999998
4242,0.0
4243,0.0
4244,0.0
4245,0.08333332857142858
4246,0.0
4247,1.374149642857143
4248,5.506814685714285
4249,1.2571428571428573
4250,0.0
4251,0.0
4252,0.0
4253,0.4047619142857143
4254,0.0
4255,0.4428571428571429
4256,1.1428571428571428
4257,0.0
4258,0.0
4259,0.8571428571428571
4260,0.0
4261,0.8772108528571428
4262,0.0
4263,0.0
4264,10.068637857142857
4265,0.0
4266,0.0
4267,0.0
4268,0.0
4269,0.0
4270,0.0
4271,0.0
4272,0.0
4273,0.0
4274,0.21428571428571427
4275,0.0
4276,0.0
4277,1.0720827
4278,0.0
4279,0.0
4280,1.15654759
4281,0.0
4282,0.0
4283,0.0
4284,3.9533133428571423
4285,0.0
4286,0.12499999714285716
4287,0.7337507585714286
4288,0.0
4289,0.0
4290,0.0
4291,1.9000000199999998
4292,1.354761892857143
4293,0.714285742857143
4294,0.0
4295,0.0
4296,0.0
4297,1.7142857142857142
4298,3.6166666333333333
4299,3.0615906571428573
4300,2.257142857142857
4301,0.0
4302,0.0
4303,0.0
4304,3.76666662
4305,0.29931974
4306,0.0
4307,0.0
4308,0.2857143
4309,0.0
4310,0.0
4311,0.0
4312,0.0
4313,0.0
4314,0.0
4315,3.2176383
4316,0.0
4317,0.0
4318,5.556191185714286
4319,0.0
4320,0.0
4321,0.0
4322,0.0
4323,0.0
4324,0.0
4325,0.0
4326,0.0
4327,0.0
4328,0.0
4329,0.0
4330,0.0
4331,0.0
4332,0.9638889142857143
4333,0.0
4334,0.0
4335,0.0
4336,0.0
4337,0.9857143142857143
4338,0.9961431871428571
4339,0.0
4340,1.2142857142857142
4341,0.0
4342,0.0
4343,0.2460317457142857
4344,0.0
4345,0.0
4346,0.0
4347,0.20748299428571432
4348,0.0
4349,0.0
4350,0.0
4351,3.4411426914285714
4352,4.443754442857143
4353,11.056326142857143
4354,0.0
4355,0.0
4356,0.0
4357,3.28947714
4358,0.0
4359,3.0
4360,0.0
4361,0.0
4362,3.717664085714286
4363,0.0
4364,0.0
4365,2.9693878000000002
4366,4.172505642857144
4367,0.0
4368,0.0
4369,0.0
4370,0.0
4371,0.0
4372,0.0
4373,4.7448979428571425
4374,0.0
4375,0.0
4376,0.9142857142857144
4377,0.0
4378,0.0
4379,0.0
4380,0.0
4381,0.0
4382,0.0
4383,0.0
4384,1.9532978571428572
4385,3.6719006428571426
4386,0.0
4387,0.0
4388,0.0
4389,0.0
4390,0.0
4391,0.0
4392,0.0
4393,0.0
4394,0.0
4395,0.0
4396,0.0
4397,1.1428571428571428
4398,0.0
4399,0.0
4400,0.29693878571428567
4401,0.0
4402,3.0
4403,1.7042362942857143
4404,0.0
4405,0.75
4406,0.0
4407,0.0
4408,0.2857143
4409,0.0
4410,0.0
4411,0.0
4412,0.0
4413,0.0
4414,0.0
4415,0.42857142857142855
4416,1.7
4417,0.42857142857142855
4418,0.0
4419,0.0
4420,0.0
4421,7.665991771428572
4422,2.0
4423,0.0
4424,0.0
4425,0.0
4426,1.0
4427,0.0
4428,0.0
4429,2.0761904857142857
4430,0.0
4431,0.0
4432,0.0
4433,0.0
4434,0.0
4435,1.4149659857142858
4436,0.2357142857142857
4437,0.0
4438,0.0
4439,1.597471894285714
4440,1.0
4441,0.0
4442,0.0
4443,0.0
4444,2.608163271428571
4445,0.0
4446,0.0
4447,0.3619047514285714
4448,0.0
4449,0.0
4450,0.2857142857142857
4451,0.0
4452,0.0
4453,0.0
4454,2.278839428571428
4455,0.0
4456,0.0
4457,0.0
4458,0.0
4459,3.0
4460,0.0
4461,2.375340128571429
4462,0.0
4463,0.0
4464,0.40816328142857145
4465,0.35238096
4466,0.0
4467,0.0
4468,0.0
4469,0.0
4470,0.8571428571428571
4471,7.507905
4472,1.328571424285714
4473,0.0
4474,5.559411457142857
4475,0.0
4476,0.0
4477,0.0
4478,3.030612285714286
4479,0.0
4480,0.0
4481,1.3721088442857143
4482,0.0
4483,0.0
4484,0.0
4485,0.0
4486,2.5
4487,1.1746032
4488,0.0
4489,0.8249999999999998
4490,0.0
4491,0.2857143
4492,0.0
4493,0.0
4494,0.0
4495,0.0
4496,3.1428571285714284
4497,1.4285714285714286
4498,0.0
4499,0.0
4500,0.0
4501,0.0
4502,2.5831692
4503,0.0
4504,0.0
4505,0.6666666999999998
4506,0.26190477142857144
4507,0.0
4508,0.4142857142857143
4509,1.3066865571428572
4510,0.6639455828571429
4511,0.0
4512,0.0
4513,1.5714285714285714
4514,0.0
4515,0.6666667
4516,0.0
4517,0.0
4518,0.0
4519,2.7627246
4520,0.0
4521,0.0
4522,0.0
4523,0.6666667
4524,1.9523809571428572
4525,0.7142857142857143
4526,4.730843542857143
4527,0.0
4528,0.0
4529,0.0
4530,0.0
4531,0.0
4532,0.0
4533,0.1292517057142857
4534,0.0
4535,1.0238095285714286
4536,0.45238095714285714
4537,0.0
4538,0.0
4539,0.0
4540,0.0
4541,0.0
4542,0.0
4543,0.0
4544,4.952381071428571
4545,3.5238093999999998
4546,0.0
4547,0.0
4548,2.234920642857143
4549,0.0
4550,0.2821264657142857
4551,0.997619057142857
4552,0.0
4553,0.0
4554,3.1428571285714284
4555,0.0
4556,0.0
4557,0.0
4558,0.0
4559,5.625
4560,0.0
4561,0.0
4562,0.5
4563,0.4841269857142857
4564,0.0
4565,1.3620954642857142
4566,0.6896825428571428
4567,0.9625850285714286
4568,0.0
4569,0.0
4570,0.0
4571,0.0
4572,0.0
4573,4.618759057142857
4574,0.0
4575,0.0
4576,0.0
4577,6.669557914285714
4578,2.533333328571428
4579,0.0
4580,0.0
4581,2.8760925142857148
4582,1.2285714285714284
4583,0.0
4584,1.414285742857143
4585,4.846938785714286
4586,4.8443111
4587,0.0
4588,0.0
4589,0.3809523771428571
4590,0.0
4591,0.0
4592,0.4
4593,0.38095238857142855
4594,1.8291667
4595,0.0
4596,7.416448857142855
4597,0.0
4598,0.0
4599,0.5714285714285714
4600,1.0
4601,1.2857142857142858
4602,0.0
4603,0.0
4604,0.0
4605,0.7998866428571428
4606,0.0
4607,0.0
4608,0.0
4609,0.0
4610,3.892262
4611,0.0
4612,0.0
4613,0.0
4614,0.0
4615,2.2857142857142856
4616,0.0
4617,0.0
4618,0.0
4619,0.0
4620,0.0
4621,0.0
4622,2.183333314285714
4623,0.0
4624,0.0
4625,2.9279406714285714
4626,0.0
4627,2.37999996
4628,0.0
4629,0.0
4630,0.0
4631,0.0
4632,0.0
4633,0.0
4634,0.0
4635,0.0
4636,0.09276438285714285
4637,1.5714285714285714
4638,0.0
4639,0.0
4640,0.0
4641,0.5238095285714286
4642,0.0
4643,0.2638888833333333
4644,0.0
4645,0.8435374400000001
4646,0.0
4647,1.5420068
4648,1.0
4649,0.0
4650,0.0
4651,0.0
4652,0.0
4653,0.0
4654,0.8571428571428571
4655,3.2375662333333337
4656,0.0
4657,0.0
4658,0.0
4659,0.0
4660,0.0
4661,0.0
4662,0.35671971857142853
4663,0.0
4664,0.41428571428571426
4665,0.0
4666,0.0
4667,0.0
4668,0.0
4669,0.0
4670,0.0
4671,7.20578134
4672,0.2857143
4673,0.0
4674,0.0
4675,0.0
4676,0.0
4677,0.0
4678,0.14285714285714285
4679,0.0
4680,1.0
4681,0.4761904857142857
4682,0.0
4683,0.125
4684,0.0
4685,0.0
4686,0.0
4687,0.0
4688,0.0
4689,0.0
4690,0.0
4691,0.0
4692,0.0
4693,0.0
4694,0.0
4695,0.0
4696,1.7142857285714288
4697,0.0
4698,0.0
4699,0.0
4700,1.7042517428571426
4701,1.1666666714285714
4702,0.0
4703,0.0
4704,0.0
4705,0.0
4706,0.0
4707,0.0
4708,1.657142857142857
4709,1.737414957142857
4710,2.4450216142857144
4711,0.0
4712,1.0952381285714285
4713,2.2515785999999998
4714,1.3554421571428572
4715,0.0
4716,0.0
4717,1.6677937142857144
4718,0.0
4719,0.0
4720,0.0
4721,0.0
4722,0.5714285714285714
4723,0.0
4724,0.0
4725,0.29233609285714285
4726,0.0
4727,0.0
4728,0.0
4729,0.0
4730,1.0476190714285714
4731,0.0
4732,2.049966128571428
4733,11.819047642857143
4734,3.4357143428571426
4735,0.0
4736,2.4285714285714284
4737,0.0
4738,2.819233971428571
4739,0.0
4740,0.0
4741,0.0
4742,0.0
4743,0.0
4744,0.0
4745,0.0
4746,0.0
4747,0.0
4748,0.4166666725
4749,0.0
4750,0.0
4751,0.0
4752,0.0
4753,0.0
4754,0.0
4755,3.813629314285714
4756,0.0
4757,0.0
4758,0.0
4759,0.0
4760,13.309016142857141
4761,0.0
4762,1.875
4763,0.17687075428571428
4764,1.2857142714285712
4765,0.15238095428571427
4766,1.0333333333333334
4767,4.747619071428572
4768,0.0
4769,0.0
4770,0.4047619142857143
4771,0.0
4772,0.0
4773,0.0
4774,6.41937382
4775,1.2395238000000002
4776,0.0
4777,0.0
4778,0.0
4779,0.0
4780,0.0
4781,3.857142857142857
4782,0.0
4783,0.0
4784,0.8142857142857143
4785,0.0
4786,0.0
4787,0.0
4788,0.0
4789,0.0
4790,0.25
4791,0.0
4792,0.0
4793,0.0
4794,1.1001498299999999
4795,0.0
4796,1.0000000199999999
4797,0.0
4798,0.0
4799,0.0
4800,1.1428571714285714
4801,2.5914177142857144
4802,0.21428571428571427
4803,1.9959183714285713
4804,0.0
4805,0.08333332857142858
4806,0.5268758971428572
4807,0.0
4808,1.3333334
4809,0.0
4810,0.0
4811,0.0
4812,0.0
4813,0.0
4814,0.0
4815,0.0
4816,3.2382652857142853
4817,1.9957483
4818,1.9727063714285715
4819,0.0
4820,0.0
4821,0.0
4822,0.0
4823,0.0
4824,1.0956349342857143
4825,0.0
4826,2.7866573857142853
4827,0.9047619142857143
4828,1.8415966414285714
4829,0.0
4830,0.7619047571428571
4831,0.0
4832,0.0
4833,1.0
4834,0.0
4835,0.0
4836,0.6209489014285714
4837,0.0
4838,0.0
4839,0.21904762285714283
4840,0.0
4841,0.3666666714285714
4842,0.0
4843,0.0
4844,0.0
4845,1.0536693571428573
4846,0.0
4847,0.0
4848,3.6943614285714284
4849,0.0
4850,2.305272085714286
4851,2.4190476
4852,0.0
4853,0.0
4854,0.0
4855,0.0
4856,1.1428571428571428
4857,0.0
4858,0.0
4859,0.0
4860,0.28401360999999997
4861,2.4476190428571427
4862,0.0
4863,0.0
4864,0.0
4865,0.0
4866,1.4350198750000003
4867,3.7290276714285713
4868,0.0
4869,0.0
4870,0.0
4871,2.3047619285714283
4872,0.0
4873,2.7142857142857144
4874,0.7142857142857143
4875,1.3071428571428572
4876,0.0
4877,0.0
4878,0.0
4879,1.7857142857142858
4880,0.166666675
4881,0.0
4882,0.0
4883,0.0
4884,0.0
4885,0.0
4886,0.0
4887,1.7119047485714283
4888,0.0
4889,0.0
4890,0.0
4891,0.0
4892,0.0
4893,0.0
4894,2.9518614571428574
4895,0.0
4896,3.2789115428571427
4897,0.0
4898,0.0
4899,0.0
4900,0.21428571428571427
4901,0.0
4902,0.0
4903,0.0
4904,0.0
4905,0.0
4906,1.9381784857142856
4907,0.2857142857142857
4908,0.0
4909,0.0
4910,0.0
4911,0.0
4912,0.0
4913,4.085714285714285
4914,1.1011750285714286
4915,0.9503401385714287
4916,0.0
4917,0.0
4918,0.2836734657142857
4919,1.8389414428571424
4920,0.0
4921,0.0
4922,0.0
4923,2.1431251285714286
4924,0.0
4925,1.3333334
4926,1.7142857142857142
4927,0.0
4928,0.0
4929,0.0
4930,0.0
4931,2.633399957142857
4932,2.4285714285714284
4933,0.0
4934,0.0
4935,0.09523809999999999
4936,0.0
4937,0.8571428571428571
4938,0.0
4939,0.0
4940,0.0
4941,1.73135644
4942,0.0
4943,0.0
4944,0.0
4945,0.0
4946,19.2271608
4947,0.4082251157142857
4948,1.1479591714285715
4949,3.683333342857143
4950,0.0
4951,0.0
4952,2.0722222166666664
4953,1.2422902714285713
4954,0.5222222233333332
4955,1.5
4956,0.07142857142857142
4957,0.0
4958,0.0
4959,0.0
4960,1.5714285714285714
4961,0.0
4962,1.0
4963,0.0
4964,0.29693877999999996
4965,4.3719934714285715
4966,0.0
4967,0.0
4968,0.0
4969,0.0
4970,0.0
4971,0.0
4972,1.1428571428571428
4973,0.0
4974,0.6194805257142857
4975,1.7809524000000003
4976,0.0
4977,0.8571428571428571
4978,0.0
4979,0.0
4980,0.0
4981,0.0
4982,0.0
4983,0.0
4984,0.0
4985,0.0
4986,2.2857142857142856
4987,0.0
4988,3.3790661428571425
4989,0.0
4990,0.0
4991,0.0
4992,0.0
4993,0.0
4994,0.0
4995,0.0
4996,0.2857143
4997,2.523809528571429
4998,0.8571428571428571
4999,0.0
5000,0.0
5001,3.6725010857142855
5002,1.483116885714286
5003,1.4285714285714286
5004,0.64540817
5005,0.0
5006,0.0
5007,0.0
5008,0.0
5009,0.0
5010,0.0
5011,2.442857157142857
5012,0.0
5013,1.5
5014,0.39999999999999997
5015,1.5501700857142855
5016,0.0
5017,7.208209571428573
5018,4.642829283333334
5019,13.959602899999998
5020,0.8992347042857143
5021,0.0
5022,0.0
5023,0.0
5024,0.7841940333333333
5025,0.0
5026,1.6257994285714286
5027,3.6285714142857137
5028,0.0
5029,0.0
5030,0.0
5031,0.0
5032,0.0
5033,0.0
5034,0.7619047714285714
5035,0.0
5036,0.0
5037,0.6666667
5038,0.0
5039,0.0
5040,0.0
5041,0.0
5042,0.0
5043,0.0
5044,1.4285714285714286
5045,0.0
5046,0.7394557942857142
5047,2.0
5048,2.0714285714285716
5049,0.0
5050,0.0
5051,0.0
5052,0.0
5053,0.2536232
5054,0.0
5055,2.7073953857142854
5056,0.0
5057,0.6
5058,0.0
5059,0.5982143074999999
5060,0.0
5061,3.9
5062,0.0
5063,0.7619047857142858
5064,0.0
5065,0.0
5066,1.8428571428571432
5067,0.0
5068,1.6785547857142855
5069,0.0
5070,0.36734693142857144
5071,0.0
5072,1.0357142857142858
5073,0.0
5074,0.0
5075,5.2323992428571415
5076,1.0
5077,0.24285713714285714
5078,3.2324170714285714
5079,2.6741461125
5080,0.0
5081,0.0
5082,0.2857142857142857
5083,2.13333338
5084,0.0
5085,0.0
5086,3.0
5087,0.0
5088,0.23809524285714284
5089,0.40000001999999996
5090,2.630160942857143
5091,0.5880952428571428
5092,0.0
