p4n,w4n
1.5762661007933931,2.5938605343447225
0.0,0.0
0.0,0.0
0.0,0.0
-0.06887366480385808,1.9951734274115243
0.0,1.3010218377322698
0.0,0.4362198891801584
0.0,0.0
0.0,0.0
0.0,2.7081831875410405
0.0,0.4305035522259826
0.0,1.5805111617054202
0.0,0.9708522808080566
0.0,0.0
0.0,0.018697742480845676
0.0,0.4652203088291934
0.0,0.0
0.0,0.0
0.0,0.0
0.0,5.621477493836927
0.0,0.4999970785719453
0.0,0.5719619208436272
0.0,0.9564407451687271
0.0,1.068138823413694
0.0,0.4884503641434272
0.0,0.0
0.1659817490602026,3.4202255588493844
0.0,0.0
0.0,0.0
0.0,0.0
0.0,0.21498421701414666
0.0,2.6272588258936116
0.0,0.0
0.0,0.4884503641434272
1.529343584618521,3.902792155609695
3.3108568156379032,12.21955906725891
0.0,0.4322495402260808
0.0,0.4322495402260808
0.0,0.0
0.2760359034582385,3.5316215180537514
0.0,0.0
0.0,0.45333284242228233
0.6268979285991179,1.979953026001395
0.0,0.1598132178956356
0.0,0.4190948036137175
0.0,0.0
0.0,0.0
0.0,0.0
0.0,0.122823510909681
1.2294994330740359,1.614749716537018
0.0,0.6936127425479958
0.0,0.0
1.4246382136170739,3.03772389022653
2.019994528491144,6.49194371575221
1.1930988690078421,9.585075142119164
1.6642730042390395,5.622415837119799
-0.023442268667318383,0.9370683894829707
0.0,0.0
0.0,0.12245486441274538
0.0,0.0
0.9897585114340002,1.7634087429545442
0.0,0.0
0.0,0.7315616999458767
0.0,0.0
0.0,0.0
0.6452668890299104,2.168054899637302
0.0,0.0
1.8546693546771418,9.649606885795656
0.0,-0.15919314579379293
0.0,0.41621407069701977
1.6116785689706195,1.7652954582415816
0.9002685543992763,2.7485888317120555
0.0,0.4992655860389485
0.0,0.49212901789609065
0.0,0.0
0.0,0.0
0.0,0.0
0.0,0.6482848709029565
0.0,2.900708760822438
0.0,0.0
0.0,0.0
6.5456136922099715,17.147096969874084
0.9371520249849661,3.4006604388757626
0.0,0.0
2.970531865514966,7.214683913527796
0.0,0.26470221083378326
0.0,0.49800374502311995
0.0,0.9483290956138808
0.0,2.063235576269805
0.0,0.0
0.0,0.0
0.0,0.0
0.0,0.0
0.0,0.0
0.0,0.5905876884930594
0.0,0.0
0.0,0.4353409573470749
0.0,0.2817378077573102
0.0,0.689312637216874
0.0,0.36978752416966043
0.0,0.49791893675369936
0.0,0.8403702759046108
0.0,0.0
0.0,0.4692616805370151
0.0,0.43952048994958814
0.0,0.43952048994958814
0.0,0.0
0.0,0.4560791905148729
0.7793889343027068,1.756448417325395
0.0,0.0
0.0,0.0
0.0,0.0
0.0,1.1119603044842377
0.0,0.0
0.0,0.0
0.0,0.4485603770976
0.0,0.9015124081708548
0.0,0.8560377724451478
0.0,0.7323329419193426
0.0,0.0
0.0,0.0
0.0,0.39569965867437085
0.0,0.3416649604301903
0.0,0.0
0.0,0.0
1.083189691429636,2.7310434724181025
0.0,0.0
0.0,1.3651354002277252
0.0,0.8775973518388541
2.3710732082797636,2.6855366041398816
1.6545263137908188,2.7109052928375212
2.130972863070041,2.947850818337316
0.0,0.4295637682783724
0.0,0.0
0.0,0.31037493178875736
0.0,0.0
2.9586479927919487,27.517596010792087
1.355091994133983,2.9008405773464343
0.0,0.0
0.0,0.0
0.0,1.4950396879307757
0.0,0.4997617130469679
1.0296294216953497,2.6770920633359614
0.6239229968175068,2.150087194139455
0.0,0.0
0.0,0.24295727064000633
0.0,0.49563213584018834
0.0,0.0
0.0,0.1308267633011895
0.0,1.5519156307721602
0.0,0.0
2.006558953213112,6.3647138008266095
0.3041890458906298,1.029812221001038
0.0,0.0
0.0,0.0
0.7428154360667983,2.9268566820004738
2.1786008101797076,7.3389101169802045
0.0,0.8049505855975203
0.0,0.15707774117622705
0.8400274514022847,4.979219484845442
0.18430334018468736,5.022594718582
0.5338978894503319,2.068212190167179
0.09264272420390024,0.9166996888239676
0.4336208310821781,1.9143269824960067
1.544622707154994,3.0131659894245035
0.0,0.9589910197280096
1.4759827410720125,2.350850840410994
0.0,0.3516837892547573
0.0,0.7221215517125974
0.0,0.0
0.5482923925261269,3.1501076912917005
0.26925807287463543,2.0515074465141234
0.0,0.0
1.567252188990297,4.456357270926933
0.0,0.46794932794548844
0.0,0.0
0.0,0.9330122370456643
5.534714087275262,9.790769502200284
3.1322397093156797,5.115544693448813
0.0,0.46816863548246496
0.0,0.0
0.0,0.0
0.0,0.49961332816135184
0.0,0.49961332816135184
2.437532537393735,3.1886768975112023
0.0,0.0
2.5110583817940393,3.889349880087397
0.8662081337555103,1.778528379628396
0.5750448090682964,2.1119395158392
0.0,0.0
0.21574735062895334,1.8188701026131273
0.0,0.0
0.0,0.0
0.0,0.5698561024266529
0.0,0.4442301635544593
0.0,0.0
0.0,0.32857568849823593
0.0,1.7185804840812902
0.9208520443767957,2.099683786151953
1.592321171823875,2.0813408289895756
0.0,0.0
0.0,0.3911403653541464
0.6695731642665481,2.435012021115276
0.0,0.0
0.0,0.0
0.0,0.0
0.0,0.9149841397382894
0.0,0.0
0.0,0.0
0.9121900080080931,1.9098962702740145
0.0,0.0
3.458559881310502,8.650580845187314
0.0,0.9454444878320517
0.5047439301659442,3.8777802254473626
0.0,0.0
0.0,0.0
0.0,0.0
0.0,0.0
1.8082955724274867,4.069418661893057
0.0,0.960624068830219
0.0,0.0
0.0,0.1563544971663533
0.0,0.0
0.0,0.0
0.0,0.36872369164856145
0.0,0.3877185997770663
0.0,0.4984965573432018
0.0,0.0
1.565306311976828,5.235856930673658
0.0,0.9960447200450551
0.811391460828748,4.302444042586879
0.0,0.3644570782286017
0.0,0.7361280023275152
0.0,0.3901705828096681
1.3097095343739222,3.5674904110050956
1.124849504641127,3.8596755672670287
0.0,0.43873172311909414
0.0,0.0
1.5653685524155985,10.988296242511005
0.0,0.2283681542981129
0.0,0.0
0.0,0.2961135406402696
0.0,0.0
0.0,3.123757881428725
0.4305474444181343,2.3134105699452787
0.0,0.0
0.4602864906675094,2.3212276301193544
0.3615434505708298,1.3477204083584284
0.0,0.8348190398567512
0.23663255458788957,3.6255449605353895
0.0,0.48969556125292163
0.0,0.0
2.650387031825088,16.417821065883654
0.0,0.41408921588877773
0.0,0.0
1.8084380335472616,5.619689622721579
0.0,0.0
0.0,0.3749647719339883
0.0,0.3153350437047938
0.0,0.7717413921807299
0.0,0.3710301916800287
0.6122611485349407,2.885742214082438
1.391342790397052,1.6956713951985258
1.18552044050236,2.9358581516752267
0.20960326166175186,3.871291393641423
0.0,0.0
0.7363612301553293,1.6430019307003043
0.4776706730793924,2.3505984558102457
0.0,0.2683593794740029
0.0,0.9104055538654728
0.0,0.3222941991938321
0.0,0.7329053224110755
0.0,0.27549686010693564
0.0,0.0
0.0,0.0
0.0,0.4999595260324735
0.0,0.49000289572663547
0.0,0.4990750456799893
0.0,0.3299760218625756
8.090584238573236,17.08980978047839
2.37456323573246,9.7901260394454
0.0,0.0
0.0750737196638741,2.2567657152499567
0.0,0.3561872161426922
0.0,0.43680566923541597
0.0,0.0
0.0,1.1209096657489703
0.0,1.3137373373410874
0.0,0.0
0.0,0.0
0.0,0.0
0.0,0.0
3.272385141625202,5.789242815257555
0.0,0.0
0.0,0.2746062896944447
0.3596887176883898,2.3668434883872664
0.0,0.04834373063296205
0.0,0.0
0.013173603314125582,4.325967674793116
0.0,0.0
0.0,0.0
0.0,0.0
0.0,0.0
0.0,0.37509465144310095
0.0,0.0
0.18513521139785682,3.7859877641049846
0.0,-0.5424966330362959
1.0688955293037425,3.575190453342784
0.0,0.5246309879827119
0.0,0.0
0.0,0.0
0.0,0.1388990358679344
0.0,0.8166500997792505
0.0,0.4160362573087754
0.0,0.0
0.0,0.48885071920998896
0.0,0.8872772448071425
6.821717486915233,14.720345665666294
0.0,0.0
0.0,0.0
0.0,0.0
0.0,0.59473778961361
0.0,0.0
0.0,0.0
0.0,0.647526559514877
1.6119155223836914,4.378406217915379
0.0,0.4272652380300418
1.5667207246751567,11.806220931952032
0.5823310175567564,2.509539639292825
0.0,0.0
0.0,0.0
0.0,0.41826692903856083
0.0,0.49397483351962845
0.0,0.9516010155896808
0.0,0.4999972768025924
0.0,0.99082730890053
0.0,0.0
0.0,0.0
0.0,0.0
0.6564617977556985,2.303046537924213
1.994416543208981,1.9972082716044905
2.7958851968112115,4.739880209502238
0.7514190992948895,2.4168441937697835
0.0,1.2691045518481285
3.4691963753017676,9.327632447965787
0.0,0.5406169332066091
3.2352514759247875,7.023215709803342
0.0,0.0
0.0,0.0
0.0,0.3043016849748075
0.0,0.9138144311234757
0.0,0.0
1.6294203358252026,4.338148915269844
0.0,-0.02616244231005558
0.0,0.0
0.0,0.0
0.0,0.2578800688481407
0.0,0.2921909246568908
0.0,0.4206099327223066
0.0,-0.112327695680949
0.0,0.08389896604404656
0.0,0.0
0.0,0.0
0.0,0.43687869534038226
0.0,-0.15334696996167518
0.0,0.0
0.0,0.20775619104776105
0.0,0.0
0.0,0.9667272392357795
0.0,0.3604979629834887
0.0,0.6629223901704785
0.0,0.0
0.0,0.0
0.0,0.0
0.661185393582367,4.208681115057585
0.0,0.0
0.3615099340653575,2.1936219263318564
0.0,1.3173834785521463
0.0,0.7500254070803711
0.0,0.0
7.789738860311533,15.717448649085554
0.0,0.0
0.0,0.0
0.0,0.0
10.98457441198293,21.59573870099644
0.0,0.27190874468782705
0.0,0.0
0.0,0.0
1.4280770051758582,3.0200667550852254
0.0,1.496801080043072
0.0,0.0
0.0,0.0
4.279489907425476,19.608102540085994
0.0,0.0
0.0,0.0
0.0,0.0
0.0,0.0
0.0,0.0
0.0,0.0
0.0,0.0
4.916992795580451,21.045055139840805
0.0,0.0
0.0,0.0
0.0,0.0
0.0,0.0
0.0,0.0
0.0,0.0
0.0,0.0
0.0,0.0
0.0,0.0
0.0,0.0
0.0,0.0
0.0,0.0
0.0,0.0
0.0,0.0
0.0,0.0
0.0,0.0
0.0,0.0
3.9524358121477086,13.636334435845331
0.0,0.42962307272705214
0.0,0.0
0.6757678964906341,2.8825042284088345
0.8676962496536595,1.711921683364191
0.0,0.0
0.0,0.0
0.0,0.0
0.640831777155259,2.0500954088983363
-0.535061347978426,-0.49664443126527913
0.33463935009154877,0.05333296893381617
0.0,0.0
0.0,0.0
0.0,0.0
0.0,0.0
0.0,0.0
0.0,0.0
0.0,0.0
0.0,0.0
0.0,0.0
0.0,0.0
0.0,0.0
0.0,0.0
0.0,0.0
0.0,0.0
0.0,0.0
0.0,0.0
0.0,-0.5253871288755798
0.0,0.0
0.0,0.4566071873234936
0.0,0.4694757246579418
1.654301353659339,2.2489189345609453
0.0,-0.07151647804964187
0.0,-0.06207848759214101
0.0,0.0
0.0,0.0
0.0,0.0
0.0,0.0
0.0,0.27128179396113844
0.0,0.0
0.0,0.0
0.0,0.0
0.0,0.0
2.265127943837041,2.9817795667412943
0.0,0.459551302042196
0.0,0.0
1.852966453391283,1.9264832266956415
1.9264832266956415,1.963241613347821
1.9264832266956415,1.963241613347821
5.707774703670163,24.84052140252664
0.0,0.0
0.0,0.0
0.0,0.0
0.0,0.0
0.0,0.0
6.257284950771787,14.273384033035521
0.0,0.44834016719501196
0.0,0.0
0.0,0.0
0.0,0.0
0.0,0.0
0.0,0.42404027849804155
0.0,0.22848054309004073
0.0,0.9718021102761484
0.0,0.0
0.6000488085681691,1.7750703035746929
0.0,0.0
0.0,0.0
0.0,0.3458665967738847
1.5671746899161045,1.7835873449580522
0.0,0.0
0.0,0.30666934766819864
0.0,2.1025177756111475
9.470914684122167,18.243419221105405
0.0,0.23251180191212642
0.0,0.48095613746308574
0.0,0.0
0.0,0.04631853672244168
0.0,-0.07986570735729512
0.0,0.122823510909681
0.0,-0.08743000759523895
0.0,0.0
0.0,0.0
0.0,0.0
2.0,2.0
2.601987214472484,4.062030415330812
2.0,2.0
0.0,0.7684215332065036
0.5526108606699434,1.2425948556038826
0.0,0.0
0.0,0.0
0.0,0.0
0.0,0.0
0.0,-0.06149454416509394
1.5840974625311994,2.6672927827359074
0.0,0.0
0.0,0.0
0.0,0.0
0.0,1.009079438640618
0.0,0.0
0.0,0.0
0.0,1.2578309003232206
0.0,1.2234956891666136
0.0,0.0
0.0,0.0
0.0,1.0279831671496529
0.0,0.0
0.0,0.2517020443435509
0.0,0.0
0.0,-0.24086512830665668
0.0,0.4831075560530059
1.354104884204554,3.0811329369808638
0.0,0.0
0.0,0.5635549282643004
0.0,0.5
0.3577525285381828,5.681117847980439
0.0,0.0
0.0,0.0
0.0,1.896548205891322
0.0,0.0
1.997138756224237,3.6791137770590105
0.0,0.4783167501640544
0.0,0.0
0.24656157243638344,1.4982433848656835
0.0,0.0
4.543794221557029,14.975047018777708
3.4748283832047044,10.24900870658507
0.0,1.1894852916719074
0.0,1.3191687681028974
0.0,0.717170154119418
0.0,0.7275260325817009
0.0,1.2665827965006002
0.0,0.0
1.9808506316623666,3.301786615031027
0.0,3.6739115524894146
0.0,0.4889953635622666
0.0,0.14531457306735932
0.0,0.49995806438107954
0.0,0.0
1.0182940079371199,2.18634551880443
0.5992052995687086,5.471673193811336
0.0,0.0
0.0,0.8001090872701222
0.0,0.0
0.0,0.0
0.0,0.0
0.0,0.15433892360909124
0.0,0.4331794179145325
0.0,0.7750579997130875
0.0,0.5489144383638521
0.0,0.0
0.0,1.1872205768359052
0.0,0.0
0.0,0.0
0.0,1.4938419194900074
0.0,0.0
0.0,0.0
0.0,1.3774079543889999
0.0,0.0
0.0,0.3639886589152386
0.0,0.0
0.0,1.1351056398572676
0.0,0.7988406175382738
0.5458153630610453,3.1101519638284945
0.0,0.0
0.0,0.4040419706193067
0.0,0.3949196016734337
0.0,0.3949196016734337
0.0,0.3737984044378188
0.0,0.4344895448392906
0.0,0.0
0.0,0.496602471597099
0.0,0.0
0.0,0.5143062814127217
0.0,0.0
0.0,0.0
0.8454929621520982,1.8081945432838293
0.0,0.0
0.0,1.0302465370789682
0.0,0.0
0.0,0.0
0.0,0.0
0.800254337533282,8.73047873793624
0.0,0.0
0.0,0.9141545422353157
0.0,0.4979412402751752
0.0,0.18731649221187677
0.0,0.9333166008433815
0.0,0.4192986294568445
0.0,1.1411833646517813
0.0,0.0
0.0,0.15354292316133314
0.0,0.0
0.0,0.22747037393431663
0.0,4.119098328024841
0.0,0.29673550851332886
0.0,0.1693910830771477
0.0,0.06395178698706377
0.0,0.0
0.0,0.26873831469488274
0.0,0.14374970558766248
0.0,-0.07361568933290515
0.0,0.8957168040198398
1.6456645271481307,3.563961107572805
0.0,0.4395985828395924
0.0,0.0
0.0,0.4615723028539925
0.0,0.37534162151917344
0.0,0.6504762275849547
0.0,0.0
0.0,0.0
0.0,0.0
0.8566804772514283,1.4283402386257142
0.0,0.0
0.0,2.370400741668041
0.0,0.38308781833589806
0.0,0.46487625908310176
0.0,0.0
2.807597646825095,12.647564220065725
0.0,0.49859243352210075
0.0,2.0834724544944203
0.0,0.0
0.830457770342844,3.675028934075051
0.0,1.402857722507039
0.6490631027011753,2.7729486695542302
0.0,0.8199350028029421
0.0,0.0
0.0,0.4973415257536803
0.0,0.2778606832208024
0.0,0.004209499818372202
0.0,0.0
0.0,0.7729375414495882
0.0,0.4905358493028421
0.0,0.0
0.0,0.495958963721113
0.0,0.42597464374355754
0.0,-0.11336628548637062
0.0,0.44821526747300877
0.0,0.37507453466580387
0.0,0.0
0.0,0.8202949285728003
0.0,0.952314891833268
0.0,-0.054522359104226266
0.0,0.22038230281440335
0.0,0.0
0.0,0.13601544598448848
1.044226953805203,7.925360298373945
0.0,0.30666934766819864
0.0,0.0
0.0,0.0
0.0,0.0
0.0,0.0
0.0,0.6952205865551588
1.8281981726964958,4.965117974721759
0.0,0.9647458287099693
0.0,1.557167223080042
0.19520740953959123,6.174761725318861
0.0,0.0
0.0,0.46147144215222424
0.0,-0.24035006544327192
0.336320314595276,2.2908989449291686
0.0,0.596211561336669
0.0,0.0
0.0,-0.15331905034355464
0.0,0.4972365758113457
0.0,0.49491519082495905
0.0,1.4953304597135675
0.0,0.0
2.0739436556105098,8.073000140425021
0.6683769314095632,1.6152587283330457
0.0,-0.1685077274933387
0.0,0.0
0.0,0.0
0.0,1.0841670294582695
0.0,0.18610821330507
0.0,0.0
0.0,0.0
0.0,0.0
0.0,0.0
0.0,0.8946057901990648
0.0,0.27378293333861153
0.0,0.0
0.0,0.0
0.0,1.9144331129008587
0.8138859556981289,2.5615149683814713
0.0,0.2994281772619096
0.0,0.8188418036583556
0.0,0.0
0.0,-0.0024441731281528954
0.1728663760134782,6.70407103840651
0.0,0.33199861637767497
0.0,0.49001740124125337
0.3359513984035249,2.20992194690628
0.0,0.9462187934713182
0.0,0.24475183907043732
2.4171672267126847,3.177276377733639
0.0,0.46866769207590636
0.0,0.37162591016121016
0.0,0.3788005358630359
0.0,0.46004358201009893
0.0,0.46121655831021635
0.0,0.4648296946875063
0.0,0.0
0.0,0.0
3.3620876435111446,13.840579648653051
0.0,1.6361302486475542
0.0,1.3115121542884485
0.0,0.0
0.0,0.11254085771684394
0.0,0.28882174268860256
1.0900957597487129,4.381290845279116
0.0,0.2308428417612196
0.0,0.973299946109641
0.0,0.2749688087357747
6.992235094963039,13.698629225413836
0.0,1.1475903049676193
0.0,0.0
0.0,0.0
1.5632117976509368,1.7816058988254684
0.0,1.2153708133210455
5.12752203272488,12.783237677155512
0.0,0.0
0.0,0.0
0.0,0.45831716852630006
0.0,0.9594398007028521
0.0,0.49376097394355545
0.0,1.7896584590174542
0.44105075740907695,2.9925844180068935
0.0,0.0
0.0,0.0
0.0,0.05055282082579095
0.0,0.768429038212916
0.0,1.4365646100013225
0.0,0.49733951989191383
0.0,0.35995585426894694
0.0,1.3381787449243772
0.0,0.8769290355898485
0.5824041482150112,3.8359047828413533
0.0,0.3992534419487091
0.0,1.7433443635069528
0.0,0.1291010639216119
0.0,2.8748492979515894
0.0,0.42975872088904093
0.0,0.3283962783786769
0.0,0.0
0.0,0.0
0.0,0.0
0.43822739135277383,1.8829524395748565
0.0,0.01626507109955816
0.0,0.0
30.29288311182979,47.712094102815094
0.0,0.0
1.6787188983242702,2.1322510904167293
0.0,0.49630508651541905
0.0,0.0
0.0,0.0
0.0,1.1303627546270576
0.0,0.11457284167230063
0.0,0.051740609426002886
0.0,0.10857719667765765
0.0,0.30263781304436704
0.0,0.6912895256513918
0.0,1.6218508022767697
0.0,0.49812670827442074
0.0,0.5811906619896954
0.0,0.0
0.0,0.0
0.0,1.1878720642091416
-0.10772786223756495,-0.06902476433778365
0.0,0.42851393030645973
0.0,1.066638632439727
0.0,0.2980188556783715
0.0,0.5
0.0,0.2693244791836123
0.0,-0.16525894049996076
3.165529028724902,7.501480222903982
0.0,0.49769350391765577
0.0,0.43404609368020614
0.0,0.2980188556783715
0.0,0.3396739781357696
0.0,0.4999551449946944
0.0,0.9020141290072541
0.0,0.0
0.0,0.3886825985212985
0.0,0.27665182652495707
0.0,0.2683177291231315
0.0,0.19759722779491407
0.0,0.44054856403277354
0.9742756289322739,4.6686126378360635
0.0,0.0
0.0768320841124604,1.2061190039850453
0.0,0.29703026353607953
0.0,0.3911403653541464
0.0,0.329970236408988
0.0,0.0
0.7677612707237964,1.673919236163525
0.0,0.21855081268510881
0.0,0.0
0.0,0.4332041638112064
0.0,0.3755173514011178
0.0,0.387106397752056
0.0,0.0
0.0,0.0
0.0,1.103281744780157
0.0,0.0
0.0,0.0
0.0,0.0
2.9053868099349125,11.26175459003629
1.0909592162966413,1.5454796081483209
0.0,-0.021029256085948154
0.0,0.284888838326021
0.0,0.2072062669264718
0.0,0.0
0.0,0.0
0.0,0.8398793204121857
1.0794112925781567,7.1162518397348835
0.0,0.0
0.0,0.3246910223178804
0.0,0.0
0.0,0.45653078898362875
0.0,0.0
0.0,1.5761385903436003
0.0,0.10847219505078445
0.0,0.49450882858463796
0.2609890163209446,2.883116032258596
1.6344459946153318,1.817222997307666
0.0,0.0
0.0,0.9338775498325799
0.0,0.0
0.0,1.2598523709602714
0.0,0.0
2.439276136901292,4.171869510338526
0.0,0.5920497586973227
0.0,0.3233734815486506
0.0,0.4370986339095243
0.0,0.7152653847319915
0.0,0.09438596455282544
0.0,0.3980479360519618
0.0,0.0
1.3673127444275635,5.04585317681922
0.0,0.0
0.0,0.42901518035186026
0.0,1.7703669286022155
0.0,0.9999833754353873
0.0,0.0
0.0,0.48355719364226835
0.0,0.0
5.384027449455225,28.608060585884044
0.0,0.49833227355488835
0.0,2.3388225185290805
0.0,0.4755983862619042
0.0,0.1630644115405343
0.0,0.3208342178315463
0.0,1.1471784013296211
0.0,0.41784082533853756
0.0,0.14261166768846445
0.0,0.6470536218762717
0.44353367688891504,3.687382304173707
0.0,0.3826389541746258
0.0,-0.06998130215392188
0.0,1.3563062257536342
0.0,0.0
0.0,0.0
0.0,0.667386147230321
0.0,0.49963010880438685
0.0,0.5
0.0,3.1615440990908175
0.0,0.44771765904447236
0.0,0.3857098577604222
0.0,0.4032400410368247
0.0,0.8408626423699834
0.0,0.41997633972662696
1.2866908731049587,3.239211594027439
0.0,3.443839861546123
0.0,0.49926531349347303
0.0,0.0
0.0,-0.062497782375697544
0.0,0.011958627724106517
0.0,0.492435294051189
0.0,1.9097094364094036
0.0,0.0
0.0,0.0
0.0,0.6751149496776608
1.3075279032525804,2.777936252418047
0.0,0.49739001020570306
0.0,0.24611594200194692
0.0,0.14351050155205214
0.0,0.0
0.7471436225090358,3.14150210836243
2.4988357983295533,4.9397035916943235
0.0,0.0
0.0,0.49818600278569036
1.4409733490180825,5.500495998482706
0.0,0.154689042024531
0.0,0.33840696521464125
0.0,0.0
0.0,0.1388990358679344
0.0,0.8841556260588795
0.0,0.0
0.0,0.44054856403277354
0.0,0.41820228718021585
0.0,0.35282097386924294
0.4841803280832926,3.1957815724578706
0.569367489307453,4.03959423781004
0.0,0.49687589347105005
15.26521141263283,39.390852136947004
0.0,0.4999788984484944
0.0,0.38763836517251365
0.0,0.7325357762645854
0.0,0.5
0.0,0.0
0.0,0.4945831918409077
0.0,0.8731126196142561
0.0,0.8764210405163948
0.0,0.0
0.0,0.0
0.0,0.0
1.2450071934436424,5.889064249608177
0.0,0.4536997461491167
0.12931029530109714,1.097944833210626
0.0,0.495518587771975
0.0,0.0
0.0,0.4083716510401796
0.0,0.3999570743125239
0.0,0.0
0.0,0.0
0.0,0.4070315817906909
1.7128911629754007,1.8564455814877003
0.0,0.8844694052447594
0.0,0.4974342208635498
0.0,0.4390808335241084
0.0,0.9965033204493787
0.0,0.4694337538358805
0.0,0.0
0.0,0.0
0.0,0.5
0.0,0.936163421733693
0.0,0.0
0.0,0.36073847122958225
0.0,0.0
0.0,1.2810782485544678
0.0,0.0
0.0,0.4231589949186739
0.0,0.1020638267346008
0.12386745059005397,1.5260877731846831
0.3284150512572514,2.827172940532903
0.0,0.0
0.0,0.0
0.0,0.0
0.0,0.0
0.0,0.8624403638569735
0.0,0.39401310363267905
0.0,0.3035839729815204
0.0,0.0
0.0,0.42033180923703395
0.0,-0.20319218646377415
0.0,0.3215848966647373
0.0,0.47098959845794286
0.0,0.4011418487670735
0.0,0.26508522611280116
0.0,0.0
0.0,0.0
0.0,0.46114557780653753
0.0,0.4330131825683237
0.0,0.3418147543393081
0.0,0.0
0.0,0.35121079736021926
0.0,0.45419211577566804
0.0,0.0
0.0,0.0
0.0,0.0
0.0,0.0
0.0,0.07221602993097007
0.0,0.0
1.3031827303028387,4.11914249134621
0.0,0.5
0.0,0.0
0.0,1.9761211601109403
0.0,0.0
0.0,0.3125632611736611
0.0,0.6950061813305534
0.0,0.0
0.0,0.0
0.8805695421647194,1.7763119373082346
0.0,0.909963000768367
0.0,0.33042936765263736
1.2119180354128045,6.6934881061069476
0.0,0.09204381919240213
0.0,-0.20884518896127474
0.0,0.763398040175417
0.0,0.4958331221151623
0.0,0.0
0.0,0.4215496101015161
0.0,0.4998712991043234
0.0,0.3673858788589772
0.0,0.0
0.0,0.3133390174411867
0.0,0.401695737503618
0.0,0.0
0.0,0.0
0.0,0.0
0.0,0.0
0.0,0.4469252847824666
0.0,1.3171792432829963
2.40593466257101,9.490387533775746
0.0,0.0
0.2213069219113826,0.5120311460124931
0.0,0.3184501627825354
0.0,0.4961331402155442
0.0,0.38958218711022813
0.0,0.0
2.5735995663742735,5.494536878564757
0.0,0.4893627304071883
0.02104958216034965,1.6578070571731736
1.2609462018666344,2.3955741529512156
0.0,0.4059367809787442
0.0,0.34343786093199924
0.0,0.8772559239796398
0.0,0.0
0.0,0.0
0.743937738592731,2.7554736644517677
0.0,0.424441812539669
0.0,0.0
0.0,0.38364295064917525
0.0,0.0
0.0,0.0
0.0,2.0856098199568804
0.6910960361905993,2.6999574117226226
0.0,0.39226637533556263
0.6163411190583297,2.0984575022615672
0.0,0.0
0.0,0.0
0.0,0.778945202228136
0.0,0.0
0.0,0.3665863300444527
0.0,0.8318087407961946
0.0,0.08801566627226648
0.0,0.0
0.0,0.3882796936408064
0.0,0.49624049551467253
0.0,0.0
0.3805248362965977,3.57964895287974
0.0,0.40176541813124134
0.0,0.5505678574167263
0.0,0.0
0.0,0.0
0.0,0.4680495594496912
0.0,0.614423256198422
0.0,0.17730915665063082
0.0,0.0
0.0,0.0
0.0,0.0
0.0,0.0
0.25694589204449136,1.1050474006472963
0.459684395373081,0.8598510471538284
0.0,0.4998790558706958
-0.011254331538757224,0.2494282395522837
0.0,0.0
0.0,0.2861655490983367
1.5169237958062973,2.3690534797592067
0.0,0.0
0.0,0.9049139618178966
0.0,0.44477952151794214
0.0,0.49059386044264974
0.0,0.0
1.0958889406760668,5.97208949693916
0.0,0.0
0.23482252851306734,2.9190018618937117
0.0,0.3626660609852548
0.0,0.0
0.5094428830321364,6.969650975957363
0.0,0.0
0.0,0.0
0.0,0.38481461968473285
0.0,0.0
0.0,0.0
0.0,0.0
0.0,0.0
0.0,0.016767707033716196
0.0,0.3788764018726681
0.0,1.4497628451762783
0.0,0.1156830719237804
0.0,0.48446458034714746
0.0,0.4887840143887951
0.43135909880468354,2.5364519759309676
0.0,0.4995614835613289
0.47396991745652806,2.551379115306502
0.43787628705423853,2.615106432558859
0.0,0.49777725785441984
0.0,0.12193020863033753
-0.16472754952191385,0.5235334328341701
0.7128951716866607,4.138436314021779
1.54844292207226,2.4946655248875285
0.0,0.0
0.0,0.0
0.0,0.24331298238353688
0.0,0.37579509598728833
0.0,0.9995903439170577
0.0,0.7693529457508856
0.0,0.16891476584722515
0.0,0.0
0.0,2.255214109289147
0.0,0.0
0.0,0.0
0.0,0.15681620490741438
0.0,0.0
0.0,0.4087217935231422
0.0,0.4998866784726199
2.5780832779398977,2.789041638969949
0.13881385376395078,4.504384178764554
0.0,-0.028013383630422356
0.0,0.154689042024531
1.0493852251792233,1.5246926125896116
0.0,0.17844483296544825
0.3084365067100445,3.1085334380579215
0.0,0.48685507034325093
0.0,3.2054054478008718
0.0,0.9281514382900911
0.0,0.26546109030584225
1.1168212212244362,1.5584106106122182
0.0,0.0
0.0,0.4053151272556088
0.6616675882730828,2.295797447803533
0.0,0.4986736839239792
0.0,0.6729758402085847
0.0,0.39049918082552176
0.0,1.8430150636319307
0.0,1.7905899041558053
0.0,0.0
0.0,0.99226472687955
1.4589367453502338,1.7294683726751168
0.0,0.0
0.0,0.0
0.0,1.7086645601171044
0.0,0.8336459167173491
0.0,1.27521206400895
0.0,-0.2706053635686271
0.0,0.928402058020209
-0.09167925169713262,4.068825323965478
0.0,0.0
1.2105086503803473,2.7530990452469117
0.0,0.0
0.0,0.27109514491517755
0.0,0.4177155798304357
0.0,0.35946507902553115
0.0,0.3208305704228365
0.0,0.0
0.0,0.492925917379118
0.0,0.499894505789213
0.0,0.257537451121625
0.0,0.47463332956892434
0.15350145199767593,0.590825861396963
0.0,0.09427682639879001
0.35465566175434865,2.435795565326012
0.0,0.694601381687571
0.0,0.0
0.0,0.23057020515597515
0.0,0.0
0.0,0.49838129788823843
0.0,1.2503394262316516
0.0,2.8169026363365695
0.0,0.3171254070214339
0.0,1.4522430775771416
0.0,0.0
0.0,2.3883704811103037
-0.08636212029760126,0.7941509165598086
0.0,0.1255762716060643
0.0,0.08347791907149593
0.0,0.5208363645428679
0.0,0.5407005196455499
0.0,0.46147388553273994
0.0,0.3299741495023568
1.8669525534923495,4.310905704465595
0.0,0.0
0.0,0.7137938847057004
0.0,0.0
0.0,0.0
0.0,0.3963340135776067
0.0,0.0
0.0,0.5
0.0,1.0
0.0,0.5
2.0,2.4992846890560596
2.0,2.0
2.0,2.0
0.0,0.4073366195990894
0.0,0.49892941095945453
0.0,0.0
0.0,0.0
0.0,0.8175110069641334
0.0,0.8175110069641334
0.0,0.8175110069641334
0.0,0.8175110069641334
0.0,0.4087555034820667
0.0,0.38005795995639813
0.0,0.38005795995639813
0.0,0.0
0.0,0.0
1.7063724379057739,1.9905463934349934
1.375,1.9446531407063605
1.4107414893636707,1.9786060854029124
0.0,0.0
0.0,0.385954091563219
0.0,0.46970364745109505
0.0,0.0
0.0,0.5
0.0,0.49991467623367136
1.7255933556187024,1.8627966778093512
1.4991891163128244,1.7495945581564123
0.0,0.0
0.0,0.5
0.0,0.5
0.0,0.5
0.0,0.5
0.0,0.5
1.3533814907584563,1.6766907453792281
0.0,2.429598793434448
0.0,0.0
0.1224031510160461,5.408210910425228
0.0,0.24030491978729157
0.0,0.14847382158335753
0.0,1.2025707840106952
0.0,0.0
0.0,0.4374637716768457
0.0,0.4877453903731895
0.0,0.0
0.0,0.2859132835178287
0.0,0.0
0.0,0.0
0.4045119408015895,0.9245300001086605
2.400121086307853,3.133306669352687
0.0,0.14698852705495824
1.831365770127226,1.915682885063613
0.0,1.1189342143273917
-0.05979642812611495,0.01560972465146647
0.0,0.1945300368142993
0.0,0.0
0.0,0.5390195188576816
0.0,0.0
0.0,0.0
0.0,0.0
5.926187967719247,15.480614855041281
0.0,0.4166589770674334
0.0,0.0
0.0,0.0
0.0,0.3906852424679645
0.0,0.0
0.31968391508867944,2.229454939045958
0.7095783411044718,1.635092568160058
0.0,0.0
0.0,0.43085535603061853
1.0346165110191723,2.269749950678081
0.0,0.0
1.562945915644003,4.451202189875164
0.0,0.0
0.0,0.0
0.0,0.0
0.0,0.0
0.0,0.5
0.0,0.5
0.0,1.0
0.0,1.0
0.0,0.5
0.0,1.5
0.0,0.0
0.0,0.5
1.9985693781121183,1.9992846890560594
1.9985693781121183,1.9992846890560594
0.0,0.0
0.0,0.0
0.0,0.8260740190803744
0.0,0.37057635651885845
1.1199253158250295,8.262010669810165
0.0,1.4263405204142734
0.0,0.28253912584320195
0.0,0.2683813763471518
0.0,1.0137751693500092
0.0,0.0
0.0,1.5139715090477124
0.0,-0.21584530994482526
0.0,0.15058198131282008
0.0,-0.014156070170694382
0.0,0.4601587434657185
0.0,3.5607457391568973
0.0,0.0
0.0,0.284125206150879
0.8322692871346054,2.3107895658945132
2.0813488168192067,14.24944725619919
1.6536207298274113,5.679894650610478
0.0,1.4534104278648274
8.542756430502154,17.371720842152858
0.0,1.882421602687714
0.1557643752482492,1.5738220244405534
0.0,1.224961566857043
0.08052575218344156,1.5200164418107893
0.0,0.0
0.0,0.49845836431246315
0.0,0.0
0.0,2.316058733006854
0.0,0.49985863853069856
0.0,0.39569965867437085
0.0,0.0
0.0,0.17106914485846225
0.0,3.3776157446174926
0.0,0.0
0.0,0.46602968239121245
0.4779985822942863,4.967758933268792
0.0,0.4008312037842514
4.033111452298731,11.093591186616829
8.452318594105357,24.769262299957596
0.0,0.7823689950865516
0.6408787900582235,3.218588628292992
2.217298817458536,12.036450973496217
4.940182858884347,9.689375352924964
0.3558338561753567,2.277116653212694
0.9199461746020139,1.9166727560837133
0.0,1.2347846896104397
0.0,0.8637433085012106
0.0,0.2912205824770637
0.0,0.9283476552512289
2.0794833750652515,7.014671458419338
1.9992069107551869,7.09237923134595
1.7248298417660761,12.143364178294508
2.2792802510547414,14.518727702662577
1.1835011999969576,4.88726449051377
1.8480005315387573,4.218686079973622
0.9293006726207373,1.9186569131918845
1.7607987939430199,10.519602343207952
1.674365975869847,12.683937109737647
0.0,0.9657747773210632
2.0903045200125723,7.865911944067665
1.5839434333432054,1.7919717166716027
0.0,0.3397118426335691
0.8238784952316163,3.476846574778665
0.0,0.42705646231649
6.108530431947143,12.825068378218552
0.0,0.0
2.475199684061662,6.632878886386702
1.8515348819956912,3.22298668741098
0.7473738731138206,7.842341667158138
2.8347299416745737,6.911375888246695
3.8173533581979022,5.281527999822664
0.0,1.3311119278909957
0.418516201854321,2.4194628884269673
0.0,1.4869300649547903
0.0,0.4965692194422694
0.0,1.3232133107472155
0.0,1.1564684808174055
2.29439983719715,6.335202653038616
12.204099643170299,25.554714020570025
0.5115792002451642,2.934689423327171
0.0,0.9405497766511329
0.0,0.45881634727548415
0.30811865718095877,2.2427971782830065
1.1969916611941187,7.731057314592485
0.0,0.0
0.0,0.0
0.0,0.0
5.418262713045966,21.953170263010744
0.0,0.0
0.0,0.0
0.0,2.230604675449888
0.0,0.0
0.0,0.0
0.0,0.8546570805898506
0.0,0.4957006787777105
0.3614112507923168,3.0728913114148493
0.0,0.0
0.5322404159378612,3.8095464445263794
0.5965190443268884,1.5568209143777811
0.9471156480823759,2.5246081418966075
1.00618050016619,1.7567009254133727
5.672520660092669,13.444203475756145
0.0,0.3879901638806562
0.0,1.3201735515495376
0.0,0.8049496744643848
9.807807237650156,47.46129512982431
19.29644336430897,48.75994910741244
14.610748760991193,39.09607187553378
9.406852139532973,29.07363942709054
1.4941681881959445,1.7470840940979724
22.2156730772244,38.605528344340165
7.192959136358741,15.332432752715814
0.0,1.2087567208363328
0.0,0.0
0.0,1.3351523671612018
0.0,0.4592978420914761
0.0,0.43240330911952046
0.0,1.198546201461433
1.3669875774569178,4.721688095555085
0.0,0.7527445267296179
0.6135132105157286,5.751686469977328
21.43007998596121,50.21955400384823
0.0,3.4760555173207175
8.069003586754942,38.59416892995728
-1.201389216810498,-0.7395105908270555
0.0,0.14657831958537312
0.0,0.0
-0.6218620871335654,-1.2454198835474206
1.8047761466776189,6.13449831546347
-0.5979091072979464,-0.9021110174011922
0.0,1.1159320807814312
4.451246385449414,12.89062234369835
7.051321154684012,12.28578851741489
0.0,0.0
-1.0458920413877968,-2.4598534049425225
-0.15194817161364407,-0.7288057020269066
-1.3821763755982042,-1.2242179371694484
1.516924418660464,1.758462209330232
0.5520115617100544,3.438740119103807
0.9282766675990186,10.66503349910364
0.0,0.1485477102892538
0.0,0.4969657511608959
1.030667792710396,3.8721229472356202
0.0,1.5131186191115802
0.0,0.4995614835613289
0.0,0.9540740411570441
0.0,0.5050764651816294
1.0788544627087175,4.678198598542763
0.0,0.9965387971357716
0.0,0.49138344854125415
1.6470207232427412,3.7133430250132857
0.6087315964518647,2.69650770927578
1.1642593033109645,2.410483866179811
0.0,0.4772436197068296
0.0,2.25156469256634
4.229063723948212,12.13772502400812
0.0,0.8784967085392448
0.22277324582251717,2.363510772584494
1.359608903713693,1.6501024301549143
0.0,0.3922635018236442
2.889876697008157,10.747437539263974
3.986798462155094,11.30092237979165
0.2719475447718348,1.6775015129227622
0.0,0.23757425137614757
0.0,0.0
0.0,1.7652704360876537
0.0,1.2685218564302694
0.0,0.9128967558085923
4.120719956123075,15.669363048708977
0.0,1.4831762834388604
-0.4860165997902918,-0.9561631724531052
0.0,1.9294109284448455
-0.778810729390039,-1.7166967076563941
0.9994197162541454,1.9984465708934467
5.1042686849459376,12.948298412686885
1.4892450165638358,13.754917841738237
1.0879954470037185,2.2461789978078284
0.6160870619013294,2.5202808070672815
0.27197118171742196,3.1667995261875044
0.0,0.0
1.2455746478930285,3.0905119401804866
0.0,1.4864792897074883
0.9128690084036393,2.9976765516426136
11.805538175044891,27.513848162763857
3.377941380520182,5.677113090897592
1.106942407599443,8.849757845626584
-0.5245422134880937,-1.4754305499799856
1.4860018029071127,6.427741577634668
0.0,3.2541969415596546
0.0,0.013647237371706103
0.0,0.0
14.941031476618631,41.08908813031572
0.0,0.3122825099361483
0.0,0.15282899589637722
0.9621426479683146,4.275516942175781
0.0,0.558977530984482
0.0,1.9418525957096164
0.24965783283577386,2.95598569631922
0.0,0.0
0.08386530226383636,1.2661701112148924
0.0,0.7872967236625933
1.5113959008340188,3.9266260928117176
0.0,0.6377541841566836
7.904401868354924,13.055372438769043
0.0,0.4037063574670111
0.0,0.0
4.7006386668043705,16.152960079467903
0.0,0.0
0.054951643791981614,1.4390283044496868
0.0,0.5787122220010593
5.7464490331169635,24.034172206241728
0.0,0.4995426122671929
0.0,1.8203529664173408
0.0,2.2956528138624397
0.3367447306861337,1.5675085553290393
0.04805834858911539,1.0988915842774118
0.0,0.36001654998355426
1.473959919794871,1.7369799598974356
0.2524712903814173,5.716519784843545
0.0,1.5170864076656299
0.0,3.291442058566453
2.192513029449408,11.089184540383675
0.0,0.15287143494795213
1.0417820021552142,7.0950990112168455
0.9567212587937034,4.979556303398118
1.1414443538193237,3.3306744564074693
0.0,0.06586244499038962
1.000112803777951,3.527598656839377
0.0,-0.13750269651145208
1.9887779437007795,1.9943889718503898
0.11322045657178262,0.240208635424556
0.0,0.10099382052160957
0.0,0.8307451244071807
0.0,0.42076558869718056
0.0,0.08913253862432267
0.0,0.4206799797739339
2.629931007021188,21.448273087204786
0.7384940722171636,2.480262806269098
0.0,0.0
0.0,0.19314228925493615
0.7571666842775189,2.103465907179361
1.971139748823901,9.202738753018778
0.0,0.49814220752167226
18.68193506986855,43.55793052482714
3.986492892240747,22.3691325823756
0.0,0.5984089127087528
0.0,0.18181859132597722
9.347043028142398,22.43607421371738
0.0,0.46147144215222424
0.0,0.0
0.0,0.4557278452813832
0.9096478910778272,1.9890305101277632
0.0,0.945146147790812
0.26060776546137654,2.4438402446575287
1.3709692324978435,12.440621485564698
0.37931726203433597,2.0411623673475363
0.0,0.41023807769402554
0.0,0.42685534217236343
0.0,0.0
0.0,0.15811580434271372
9.047068389084338,42.75876729368454
0.0,2.768140004145176
0.0,0.0550994714062872
0.0,-0.06363667664447503
3.8320857350249433,8.072700365365273
0.0,0.39958627186622364
0.0,0.08472368816269568
2.7609977958164578,6.080887379790247
3.4583250846804865,9.773138844226938
0.0,0.013650213412076027
1.2310699250128938,3.3493149641259965
0.0,0.29105470367778774
0.0,0.41274055186114644
0.0,0.4971075154532535
1.4135868139056997,5.389584906546542
1.181916283074942,4.041506928007202
0.10362978902352463,0.7978094916868199
0.0,0.13005876403087527
1.6569779476075963,1.8284889738037982
0.0,0.0
-0.20236944600230772,0.6646925909900572
4.441047283774511,24.261096975698507
6.768286017230445,16.1031164429465
0.0,0.018697742480845676
0.0,0.8003032771502938
0.0,0.35121079736021926
11.600318270208893,23.841147281066192
0.0,0.8565530237479413
0.0,0.21817093266067267
0.0,0.0
2.0270100716881023,8.587117189936146
0.0,6.271260441871334
0.0,0.0
0.0,1.2045324703363407
0.0,0.19803575770298182
0.0,0.2328946899689976
0.0,1.3223768358453152
0.0,0.0
5.731594427120719,14.407880355526222
0.0,0.19568858824827925
3.306143635562085,10.461914341553735
0.0,0.7371853092092948
0.0,0.34419552955273036
1.3128588736358369,7.7062192637990705
1.8476131473721964,6.502135476295565
0.0,0.3342748819785404
5.729387181145496,21.503228943086526
0.3501000554717708,2.4434323437678347
0.0,0.45853895304187753
0.0,0.4644144543546005
0.0,0.9112045352386431
0.3907532283384348,1.6846217366825544
0.6305403009428615,2.2344635864508575
0.0,0.4190074191837417
0.0,0.9699801273601832
0.6733490745671239,11.28892097182212
1.0465363728312536,6.289135843572863
0.6268097094939205,1.9750999714772257
0.0,0.7960413920924795
1.0966065780449887,3.8996875710250185
0.6326051827875906,5.0576508482499785
0.0,8.253603658881719
4.394572385764783,15.298192673971052
0.0,0.3604979629834887
0.0,0.0
0.0,0.4958110522283834
0.0,0.7107710622524366
1.091057374451094,7.677192786395206
0.0,1.9341393547234942
1.884923984527907,5.533836494720788
4.422915147769405,11.908735178890144
1.1751558574222276,3.5362941622209014
12.840435238344636,44.54566825818317
0.0,1.3570346672303424
0.0,0.4927803505357169
0.0,0.4934931907416121
0.0,1.5146158103598095
0.5539473949974155,3.2253893649603587
1.1919184956758202,4.204256412216484
0.6650634066259781,2.1921352426893366
3.6193594286344606,8.1759551948651
2.423313300126965,6.6573757268254585
0.0,0.0
0.0,1.1082696533957765
0.0,0.45090134269864535
0.0,0.0
0.14482457778570756,1.3919274373808117
0.0,0.27132478643818836
0.0,-0.36272053711046637
0.0,-0.13661977011232107
0.0,1.3660616154773402
0.35067526227840773,0.7934906625104915
5.909834624744783,8.845683897054212
0.0,0.4745037489965198
0.0,0.869051220017358
0.5642801442199149,2.331646775641901
0.0,0.0
0.0,0.0
0.0,0.0
0.0,0.0
1.397578768588332,3.688311266062661
0.0,0.7819681739046616
0.0,0.43199835617635074
0.0,0.24487570013838103
0.0,0.4917912994240716
0.4135070254944702,3.3649246317290786
0.0,0.5
0.0,0.492371994754187
0.0,0.492371994754187
0.0,0.29337520255806915
0.0,1.540550039220921
0.0,0.49831077102065763
0.0,0.0
0.0,0.0
0.0,0.0
1.440655130409501,3.7724183386899046
-0.4585160065126937,-1.2675907623537728
0.0,0.23689535408625143
0.4907014426323498,2.460965572144737
13.060249129692265,25.1576286881228
4.308182199078942,10.327502925792787
4.624968020116087,11.33952795679908
16.619701681042827,29.858025745658388
2.94390188736827,9.567390736579192
10.832181381562272,37.684143164506104
-0.8758019634147407,-1.8368654743585573
-2.2329141712875398,-0.9995603177374894
0.0,1.424756477137847
4.5271834969828335,21.67682615347467
0.23340518728029447,3.245549984845301
0.781916654443241,3.932570431646728
1.6600176478071456,1.8300088239035728
0.0,0.3307858558310902
7.472076215881037,26.95436464401143
1.22594126635134,3.062481601033881
0.499351714114738,2.8847461134620676
4.644128617488702,13.297741667892701
2.1386069524657936,2.5693034762328972
4.589958635170167,10.290179945719434
8.691913720761068,33.122502134902476
0.0,0.43112995388408326
0.0,0.22889398478423062
8.14612655149806,19.016977216900415
1.0609662844288592,2.490741137282431
2.6244153304794824,7.650065900260221
1.3097518706896496,3.8233879576451715
3.0980293953617126,7.521901953807855
0.0,1.4234316747022273
0.1997632797769735,1.9592817439750243
0.0,1.98443866137026
1.1365825167213974,11.795737290291465
5.202438832974911,9.53025605329332
0.0,2.5263007517171294
0.22483359605743833,3.8221044852977544
0.9587332130181159,3.4448142833483244
2.862661261960629,5.3786317903415295
1.412533632540929,5.46944785338962
1.1248513804876366,2.877751540986481
-0.4746640353029948,-0.44149367032255943
0.4069968823513713,3.2401487087626624
0.0,0.4958780661087687
1.5030037427068565,7.934508327968505
1.9131973120863348,9.972899914109137
5.646087063898907,17.45445977435604
0.0,0.021946452554007952
8.457472871002835,19.426494145965997
5.4322079699140735,14.96125975252032
2.72856147260495,13.72192324582657
0.7499219523378634,2.61645923298152
0.8406557804159293,2.919651122092776
0.0,1.9901069859740297
1.0839952492194689,2.279917475546124
0.0,1.2011633823686279
0.0,1.7160994744662772
16.134579080668495,35.33890508174899
0.0,0.25805251131494117
-0.41672954608609974,-0.5145778308591648
1.5069099716904137,3.152919959106338
1.3536043855008009,7.28786492492298
0.07122635662546954,0.7292417739587298
6.3664673948952775,16.229867117435422
0.2980067641654476,2.031064966947259
0.7931035075515088,4.364816067297844
0.0,0.4998266410934948
0.46235451973205216,3.3602462006882163
0.0,1.3279957954969142
0.2684876485731933,3.03501266476458
0.4261341061997951,2.51707114364596
-0.3444240886471659,-0.4684348330831838
3.3127877560295467,3.6556747951627426
0.0,2.727168810108763
-0.19639265487881824,-0.5485557041658273
1.6874341031760065,13.006054567872695
0.5895956913463339,3.528039096751068
0.0,1.9505984785815111
4.148363998899485,12.969296970089582
-1.6778982064073589,-1.1775179622023133
0.6884475196040842,1.4958872206246285
1.9999829661901858,10.015928710581282
0.0,2.245189843085739
2.104703799932491,16.25330739522797
0.0,0.8860933374663595
1.0166081839467058,2.7225701334369106
1.1978846969546944,4.600467431801917
0.0,0.9979484906004575
0.0,0.4995530712600526
1.6754732659199822,6.573729310123534
2.624095538558325,7.034457931360576
0.0,0.35788271357530704
0.0,0.2544989248166686
0.0,0.3860297120413255
0.33202552680921404,3.3271710983898544
1.8709096663121703,4.84361688204269
0.0,1.7879162202393486
0.0,0.4560687794505371
3.0653302478320317,4.776530362374967
0.0,0.8345455966989556
0.0,0.9003557476502687
0.0,0.0
0.0,0.1988307935332085
0.9503697311452126,4.484325792067503
0.002960244018018446,0.296144389854241
0.0,1.2343828637328567
0.7680895254230508,2.1668391196682704
0.48386815537074596,2.6447835285742056
0.06832221608413991,0.6274966869899459
0.0,0.08676580679403673
0.0,0.4684882192608588
5.942146403878175,17.87182768083462
-0.01625262743120065,0.3154690135534418
0.0,0.9192169693394308
0.014523879783189798,3.806885956850162
0.0,3.317332464181484
0.0,0.8775146584001221
1.0015907214199435,2.3272332962474813
0.0,0.0
1.245710878820636,3.402124976350607
0.0,0.10746763427643512
0.0,0.5298514600363908
0.0,-0.34640574592767925
0.0,0.0
0.0,0.9921424276807485
0.0,0.9922298315100069
0.0,0.4334990929076996
0.0,0.5316869174585508
0.0,0.33743679948906175
0.4685389725030813,1.2674718695008245
0.0,0.226642390029793
0.0,0.3292666610689127
0.0,0.39875569453902304
0.6528849179532044,2.883846674135678
0.0,0.13591130026883125
0.0,0.258865464854741
0.0,0.5795851586919388
0.0,0.27330884026853264
0.0,1.2323604092630736
0.0,1.1698078565372547
0.0,0.4858224663167557
0.0,0.8787848605286326
1.1718513855736727,3.4398846044748987
0.0,0.06340115679823313
0.0,1.5021070958723048
0.016569102083629324,1.2005648274719651
0.0,0.18499103952467733
0.0,0.34112877910665884
0.0,0.6492042662406232
0.0,0.35252111417239107
0.0,0.9826046992888486
0.0,1.5179585160959028
0.0,0.45231489183326795
0.0,1.7259772178700357
0.0,0.0
0.0,0.32085328800429735
4.0693527752236704,9.893167699735764
0.0,0.9714811351326871
0.0,0.4951815267451103
0.0,1.2117597003702294
0.0,0.989757485631574
0.0,1.7402520687318113
0.0,1.25477195392481
0.5189326072196871,1.3573307532242898
3.235307688389413,4.5831138117713355
0.3969967381434235,3.467526233979172
0.0,0.18827012651964165
0.0,0.28352563477344944
1.3550503085478955,5.537355804780935
1.3424625653362958,1.671231282668148
0.0,0.0
0.0,0.029934624554306313
0.0,0.9098460883571151
0.0,-0.17370362270095493
1.7493290528545324,1.8351290205949011
0.0,0.49368450487884785
2.4441816244529675,6.68928562088137
0.4510600635640294,2.537486336956096
1.2214376807415364,3.1852767639371935
0.1574806734247278,1.7397854652124565
0.0,1.8871264530461291
0.0,1.236194620962839
0.0,0.16682415094527087
3.174012366492778,3.610560282549506
0.0,0.8760358573335152
0.0,1.6111932857970688
0.9421954868039314,1.9819682033512596
0.0,1.0606919429438197
0.0,0.49862356958704285
0.7239569090182723,3.5197450092783775
0.0,0.4973415257536803
0.0,1.5399895129792442
0.0,1.1478847668913381
0.28780877760783374,1.2795781475670152
0.0,0.30515643075140464
0.5433877115181156,3.0803342392975326
0.0,4.306217627393161
0.0,0.6768795210057525
0.0,0.4291813009073716
0.0,0.4447902068217081
0.0,0.44203331740143864
0.0,0.9444057943960642
0.0,0.9057638263171268
0.0,0.6777165613723442
0.0,0.03849583805259548
0.0,2.904987695569478
0.0,0.19215344146525157
0.6388089122542875,2.1921586138522158
0.0,0.3850905325457043
0.0,0.31466539626548545
0.0,0.8193738622170466
0.7376689083523309,3.157044141538793
0.0,0.43895629544381076
0.0,0.3941039175853678
0.051361343652936715,2.6802495766570393
0.0,0.49966525637012976
0.0,0.7733175648083955
0.0,0.6960258408977544
0.0,0.20135271156756052
0.0,0.20748555560425908
0.0,0.38433551160740037
0.0,0.21504892547994464
0.0,0.37034585904503514
0.0,0.28703243162974734
0.0,0.24340061586226425
0.2645943303466406,1.1651978039063973
0.0,0.8573701295542313
0.0,0.3177818272558481
0.0,0.36822416792914026
0.0,0.3156504031231291
0.0,0.2982357289896883
0.38840960015406917,3.1279623061549415
0.0,0.4005688697932322
0.0,0.4693994811538436
0.0,0.45701535931427273
0.33213091085801827,1.878076447780881
0.0,0.4476108262550714
0.0,0.42342407977206803
2.829498111254413,9.294417311872788
0.0,0.27381206332257063
0.7756008558531795,2.224506304642305
0.8666851563901518,1.858145870329514
0.0,0.18486980667644826
0.0,1.462005155486883
0.2978609198585398,1.1529772607654523
1.1968538299601914,3.5447517066163385
0.0,1.0359601902586404
0.0,0.49687746156555457
0.0,0.9969086299478545
0.0,0.3649851492298456
0.0,0.8949829158850795
0.0,0.0
0.0,0.7674034855962668
0.0,0.42680657969436175
0.0,0.46608673849076826
0.0,0.17041246709485006
0.0,0.417858800282754
1.5196508932146657,1.7598254466073329
0.0,0.49807271709592393
0.0,0.4303701499076361
0.0,0.5546468011527984
0.0,0.0
0.0,0.0
0.0,0.0
0.0,-0.05976077086684467
0.0,0.10037118657003857
0.0,0.7853180154275772
0.0,0.21997609477752558
0.0,0.3223077426195347
0.704971907500058,1.9645250275523154
0.05480219169750346,3.2982908766232937
0.5963810012114275,3.6357582702754003
0.0,0.15535690287828502
0.49675308909865057,2.164236956681401
0.0,0.49935256220532803
0.49620257137626306,2.7123617752505944
0.0,0.4983255733229326
0.0,0.1439321147291463
0.0,1.019610069324972
0.0,0.27437986390979796
0.0,0.26361871206038956
0.0,0.40553660745429576
0.0,1.9420432573503184
0.0,0.20604495440008558
0.0,0.1699394825874435
0.0,0.4967220860145111
0.0,1.77041395301943
0.0,0.4867874268035536
0.0,1.144651021837026
0.0,0.8886825985212985
0.0,0.4179975848594806
0.0,0.41703259293615613
0.0,0.3726990103733013
0.0,0.4969644381954661
0.0,0.49571923185000777
2.3411810675572093,9.59136224108047
0.38578820601949254,0.8178941030097463
0.9128869802423638,1.908622909004695
1.308729422394375,5.777917572730696
0.0,0.2878855533066805
0.9559270502364683,2.7188570189117085
0.0,0.3939170609293993
0.0,1.338097214957474
0.0,0.6587056652096099
0.0,1.711841530409485
0.0,1.2245320715045014
0.0,3.2413510581952747
0.0,0.32172412862081246
0.049438056256815854,0.9650764458167327
0.6913323607556027,2.865889205372385
3.4358828676134507,4.895671459733139
0.0,0.10067339938119815
0.0,2.155145733356132
0.0,0.27718597265436673
0.0,0.48909007753070755
0.0,1.0388323518912737
0.0,0.5
0.0,1.2274739122919067
0.0,0.49990978902020033
0.0,0.44790056114319393
0.0,0.9268712659728066
0.0,0.7594922663485774
0.0,2.3019191534261383
0.0,0.4973306053266284
0.0,0.7536884512817679
0.0,0.8192410098687504
0.0,0.30237685596053904
0.0,0.45955328619026736
0.0,0.46463341972219013
0.0,1.294324205029501
0.0,0.801989186876931
0.0,0.33806679260054584
0.0,0.41820228718021585
0.0,0.7473180336983364
0.0,0.4255142270555863
0.0,0.49769350391765577
0.0,0.499851629503935
1.5464056093528729,3.212418851101604
0.0,0.4741949622694451
0.0,0.31502375771986363
0.0,0.31535346693119426
0.0,0.04205217775975437
0.9232784301837249,1.798085022563774
1.7959281983827307,4.323068916468971
1.1889106069255446,2.4175761496316666
0.0,1.820983249250149
0.0,0.4066807888867423
0.0,-0.10981436632287932
0.0,1.693874308091065
0.0,0.2911631321194634
0.0,0.4064210385350757
0.0,0.49101098944444255
0.0,-0.3289253996760596
0.0,0.0
0.0,0.4681128902202847
4.775033006009349,12.498610963166497
0.0,0.2585499260942346
0.6623591921855148,1.5747156413132852
0.0,0.07714542588860167
0.0,0.8922635018236441
0.8201723198703841,3.5009129111865036
0.0,1.051196142744603
0.0,0.7577543862746351
0.0,0.4881650168124693
0.0,0.31710546353286906
0.0,0.0
0.0,0.43616499388498087
0.0,0.41055956410111505
0.0,0.09547076980382557
0.0,-0.0882533476653034
0.0,0.33199861637767497
0.0,0.36269458232837704
0.5182298978519257,1.8862657458346472
0.8484593705740118,3.656095060000766
0.3082641748792242,1.9976572409027944
0.0,0.1504650587542058
0.0,0.3845332998258663
0.16629126169927064,0.9161035592155725
1.2871046221034876,3.8551781647383803
0.0,0.8383190301943564
1.7818089096746703,1.8909044548373353
0.0,0.33403918732258847
0.8271907801946121,2.512672356753832
0.0,0.41115451841948597
0.0,0.3668352721141918
0.0,0.32368964706419506
0.0,0.35467174726570716
0.0,0.16891476584722515
0.0,-0.08332997135523147
0.4048459592945002,4.973546807332125
0.0,0.03988030279755622
0.7854730811386403,4.2731296096152995
0.0,0.1395859788867249
0.0,0.7868692108532096
0.0,1.1242113184246305
0.0,1.5640277613936155
0.0,0.015859558224479264
0.5641764111777068,3.690305338204946
0.8545840805638272,2.2602257544652526
0.0,0.4998727548433123
0.0,0.4811424562636103
0.3354481667717029,2.7176111175883744
0.0,0.47463332956892434
0.4169750904685815,2.2767337566430212
1.6652486075080148,2.861577820680936
0.12898845410540244,1.4582247253237408
0.0,0.4864248930351237
0.6092568356148418,1.8258728714876493
0.0,0.0
0.0,0.90819443036526
3.434862177373901,5.106996184328937
1.3207383742917012,1.6603691871458506
1.0795955022362873,3.0425432035697444
0.0,1.5105152358063794
0.942022662194154,2.3111275822839485
2.3818423958803083,4.368567808917762
0.0,0.4517901921397346
0.0,0.19267620798711124
0.0,0.7481318207152019
0.0,-0.11278332465310409
0.0,0.1771752615388993
0.0,0.7041923131166559
0.0,0.49917386791241597
0.0,0.9369086828243425
0.0,0.7188382733494431
4.380358047993089,4.690179023996545
0.0,0.46473083212315314
0.0,-0.0004806232373527064
0.0,0.4206799797739339
0.0,0.3043016849748075
1.4662595008554629,8.159484961481764
0.9177556105238658,1.8786442335030786
0.0,0.4102535500617316
0.0,0.7303991572054624
0.0,0.4911213754501222
6.384033431691365,6.692016715845682
0.0,0.24030491978729157
0.0,0.4460716741572559
0.0,0.3737880000546703
0.0,-0.251095276867116
0.0,0.4966339705723421
0.0,0.4304614838046259
0.0,0.7402602446319259
1.6402512898802701,1.820125644940135
0.0,0.49527941854695273
0.0,0.4999974937888283
0.0,0.49217728897241936
0.0,0.05564089292857555
0.0,0.0
0.0,0.0
0.0,0.42705646231649
0.0,0.27603779141033274
0.0,0.0
0.0,0.664593002323697
0.0,0.0
0.0,0.46602968239121245
0.0,0.0
0.0,0.0
0.0,0.0
0.0,0.05309454320190197
0.0,0.0
0.0,0.0
0.0,0.0
0.0,0.3735989459062888
0.0,0.0
0.0,0.0
0.0,0.0
0.0,0.0
0.0,0.0
0.0,0.0
0.0,0.4957359287623313
0.0,0.0
0.0,0.0
0.0,0.0
0.0,0.0
0.0,0.0
0.0,0.0
0.0,0.0
1.7261697871948896,4.7611486585019716
0.0,0.4087555034820667
0.0,0.15707774117622705
0.0,0.0
0.0,0.0
0.0,0.0
0.0,0.0
0.0,0.0
0.0,0.0
0.0,0.0
0.0,0.0
0.0,0.0
0.0,0.0
0.0,0.0
0.0,0.0
0.0,0.9530256227249739
0.0,0.0
0.0,0.3963340135776067
0.0,0.4144940986931157
0.5688894492336993,2.0736529321731956
1.7046456689606857,2.2404755496478286
1.7046456689606857,2.2404755496478286
0.0,0.0
0.834342756206742,2.1855401326242974
2.8132213604547003,4.406788215187985
0.0,0.0
0.0,0.0
0.0,0.0
0.588913123657393,5.079664348362801
0.0,0.0
0.0,0.0
0.0,0.0
0.0,0.0
19.219658685946847,59.710727057390024
0.0,0.0
0.0,0.0
0.0,0.0
0.0,0.0
0.0,0.0
0.0,0.5
0.0,0.0
0.0,0.0
0.0,0.5
0.0,0.5
0.0,0.0
0.0,0.3565382876717255
0.3487887460158698,1.7445499319643198
0.0,-0.16195065433017797
0.0,0.0
0.0,0.9736199086961449
0.8546905647761609,1.510151505874849
0.0,0.10004813560198125
0.0,0.0
2.5932103913220788,20.966808553817266
0.0,0.0
0.0,0.0
0.0,0.0
0.0,0.0
0.0,0.0
0.0,0.0
0.0,0.2717315902253562
0.0,0.0
0.4709688832698211,2.215647603132942
0.0,0.0
0.0,0.0
0.0,0.0
0.0,0.039641625102114435
0.4166869078159226,1.9971582390103113
0.0,0.15678300091251188
0.0,0.0076626554338216635
0.0,0.0
0.0,0.0
0.0,0.0
0.0,0.0
0.0,0.0
0.0,0.0
-0.3780990281977059,0.28820128969621045
0.5174541124877836,1.9738998653726576
0.42539372291055844,3.3310268295920125
0.0,0.49861973722938224
0.0,0.0
0.0,0.0
0.0,0.0
0.0,0.0
0.0,0.0
0.0,0.0
0.0,0.0
0.0,0.0
0.0,0.0
0.0,0.0
0.0,0.0
3.5571819726681078,13.178718087257362
0.0,0.0
0.0,0.0
0.0,0.0
0.15973506069325552,4.71480057468575
0.0,0.25587172441117023
0.0,0.0
0.0,0.0
1.238122340134695,3.7862408225337605
0.0,0.0
3.610521972006493,22.477500957974065
1.1270624403242144,15.926024382553017
0.0,0.1993238547961224
1.0311750776566078,4.875914763809329
2.3876355914167107,5.455873043087314
0.0,0.0
1.8922763841142958,2.444124192565353
0.0,0.0
0.0,1.4147464864474406
0.0,0.7459075345349779
0.0,0.0
0.0,0.465918025594339
2.2955771769836186,3.8231375343382283
0.0,0.0
0.0,1.2736145705753712
0.0,0.8605132276058836
0.0,0.4986899972156027
0.0,-0.20871040134756544
0.0,0.0
0.0,0.0
0.0,0.0
0.0,0.0
3.023202779641048,10.187511939051067
1.3112150048029494,3.315115033912936
2.4137989952617103,5.169055528996395
1.301572815057607,4.329868767232769
0.0,0.4475782946489566
0.0,0.0
0.0,0.9989479457292434
0.0,0.1976562374120927
0.0,0.0
0.0,0.452745599480471
0.0,2.0865914140227546
0.0,0.49288729820339916
0.0,0.0
0.0,0.3093058272651404
0.0,0.9901020151414482
0.7623665050669495,6.079403652677805
0.0,0.0
0.0,0.18345266598613713
0.0,0.0
0.0,0.0
0.0,0.0
0.0,0.0
0.0,0.0
0.0,0.332605178116238
0.0,0.785695953843569
0.0,0.7473773225234647
1.4315865002659371,4.951441554187014
0.0,0.7324922184619433
0.0,0.8251362945110234
0.0,0.0
0.1613149391169877,2.0428097926512576
0.854225293014238,1.4271126465071189
0.0,0.0
0.0,0.0
1.7836434714036176,2.3918217357018086
0.0,0.4997421475485797
0.0,0.7645809536549073
0.0,0.48199899818263275
0.0,0.0
0.5632295222908781,2.1689836608062074
0.0,3.278869903368095
0.0,0.7086954000272355
0.0,0.49999889286869414
0.0,0.4161344293096843
0.0,0.0
0.0,0.0
0.0,0.0
0.0,0.4988369751153663
0.0,0.4988369751153663
0.0,0.0
0.0,0.26353879616426773
0.0,1.0609362574920376
0.0,0.35913145660396817
0.0,0.0
0.0,0.8860727822397801
0.0,-0.035279885342695896
0.0,0.624164427131582
0.0,0.0
0.0,0.43828953328965137
0.0,0.4803352502566621
0.0,0.43246564863807363
0.0,1.7609885778939174
1.0224361494585372,8.61198220834157
0.0,0.0
0.0,0.0
0.0,0.0
0.0,0.22157924182461386
0.0,0.22157924182461386
0.0,0.0
0.0,0.0
0.0,0.0
0.0,0.3742173980489496
0.0,0.28897934080876775
1.1998411514269116,6.6926732605701105
0.7819423267416508,3.780662885631539
0.0,0.0
0.0,0.49716308287176103
0.0,0.49716308287176103
0.0,0.0
0.0,0.0
0.0,0.0
0.0,0.33728071616693023
0.0,0.0
0.0,0.0
1.7453756128372693,1.8726878064186345
0.9809758853267534,2.7486680220586437
0.0,0.0
1.6771670355302908,1.8385835177651453
0.0,0.31208142110655956
2.1388087837975887,6.323832563815352
0.29337912512268005,3.088506290672017
0.0,0.0
0.0,0.0
0.0,0.0
0.0,0.0
0.0,0.0
0.0,0.0
0.0,0.0
1.391000021950108,3.1507414177721103
0.0,0.4947293334418207
0.0,0.49780558359000987
0.0,0.0
0.0,0.0
0.0,0.4980102005086805
0.0,1.4690927794198472
0.0,0.0
0.0,1.1729639403861567
0.0,0.4099573855745025
0.0,0.29337520255806915
0.0,0.0
0.03571847156466444,0.6421016446240261
0.0,0.0
0.9875663028032895,4.16883527003363
0.0,0.0
0.0,0.0
0.0,0.0
0.0,0.0
0.0,0.0
0.0,0.0
0.0,0.5
0.0,0.5
0.0,0.5
0.0,0.5
0.0,1.0
0.0,0.0
0.0,0.1590440060624857
0.0,0.7723697733911304
0.0,0.0
0.0,0.48274431742110047
0.0,0.48274431742110047
0.0,0.0
0.0,0.0
0.0,0.38181388832296537
0.0,0.0
0.0,0.0
0.0,0.0
1.3907180949044133,3.0040769274273664
1.27509181788864,3.2003213249324434
0.0,0.0
0.0,0.7368502968022298
0.0,0.20906669338977293
0.0,0.0
0.0,0.0
0.0,0.0
0.0,0.0
0.8541205410155761,2.5861951610040985
0.0,0.0
0.0,0.49985136640707045
0.19978326688244302,1.6930474322012636
0.0,0.0
0.0,0.0
0.0,0.0
0.0,0.471327374215741
0.0,0.0
0.0,0.0
0.0,0.0
0.0,0.4213186762530118
0.0,0.0
0.0,0.0
0.0,0.0
0.0,0.0
0.0,0.6456168205365697
2.0899505299417247,4.264812299634631
0.0,0.0
0.0,-0.14829989824272294
0.0,0.4977183769765223
0.0,0.9475782946489566
0.0,0.38277402160766766
0.0,0.0
0.0,0.4411903197400492
0.0,0.14351050155205214
0.0,1.9220580728144208
0.0,0.7501267667795656
1.1936072118827359,9.278691655910631
0.47011495957052335,5.058558578008352
0.0,0.499301068545682
8.766337704926164,17.317730219657566
0.0,0.0
12.23244846447262,31.782715343573404
0.0,0.0
6.52548769548854,10.683933434182292
0.0,0.0
6.678153269301272,9.756949852200876
0.0,0.40302517447831315
0.0,0.0
0.0,0.0
0.0,0.0
0.0,0.0
0.0,0.0
0.0,0.0
0.0,0.438511680784903
0.0,0.9415777505256208
0.0,0.38421335949551433
0.3073116615609331,2.8223116580202774
1.2397760029469465,3.6455902370522946
0.0,0.4346590029270247
0.0,0.0
0.0,0.0
0.0,0.0
0.0,-0.22282715226507946
0.0,1.9062789619055602
0.0,0.9994645336050001
0.0,0.0
0.0,-0.12277990162784297
0.0,0.0
0.0,0.0
0.0,0.8515208023579108
0.0,0.0
0.0,0.0
0.10599529133872881,1.0799460093042692
0.0,0.49940021407780344
0.0,0.0
0.0,0.9067442599001917
0.0,0.2928966951752605
0.0,0.3339441122185898
0.0,0.40924704090903286
0.0,0.0
0.0,0.9065143553422541
0.0,0.0
0.0,0.0
0.0,0.0
0.0,0.0
0.0,0.0
0.0,0.0
0.0,0.0
0.0,0.0
0.0,0.0
0.0,0.3398143990060897
0.0,0.29656054462846637
0.4175948921694557,1.1639914131385796
0.0,0.0
0.0,0.0
0.23875767990611207,4.989812090536947
1.1741160773855215,3.467626743109122
2.164923888646864,2.9994152745841722
0.0,1.2181599513338814
0.0,0.0
1.7524225576100627,1.8762112788050314
0.0,0.0
0.0,0.5381041747263492
0.0,-0.13370571621160365
0.2696006877276093,1.1348003438638046
0.0,0.09385868417648457
0.0,-0.03984703203511909
0.0,0.0
0.0,0.0
0.0,0.26311184699711226
0.0,0.2741323674011483
0.0,0.0
0.0,0.0
0.0,1.0790829644303823
0.0,0.0
0.0,0.21520421367155615
0.0,0.4845421723435812
0.0,0.0
0.0,4.861537413462295
0.0,0.0
0.0,0.09071676932202791
0.0,0.0
0.0,0.3730025251145985
0.0,0.0
0.0,0.0
0.4455525231124927,1.3582540748691712
0.0,0.0
0.0,1.404131051556703
0.0,0.0
0.0,0.0
0.0,0.0
0.0,0.0
0.0,0.0
0.0,0.0
0.0,0.0
0.0,0.0
0.0,0.32999214822190737
0.0,0.0
0.0,0.0
0.0,0.0
0.0,0.03957492495022074
0.0,0.03957492495022074
0.0,0.0
0.0,0.0
0.0,0.19514921778099015
0.0,0.0
0.0,0.0
0.0,-0.09646982800900689
1.664493976317901,3.4404500276206598
0.0,0.1634456377893573
0.0,0.0
0.0,0.0
0.0,0.0
0.0,0.0
0.0,0.0
0.0,0.49239976314775363
0.0,0.25181769377634494
0.0,0.4274927945449478
0.0,0.0
0.0,0.2627080550014313
0.0,0.0
0.0,0.4513625696793571
2.7554377238687326,3.3369069225588426
0.0,0.0
0.0,2.030209056356557
0.0,0.998650584161898
0.0,0.0
0.0,0.4999944404268425
0.0,0.0
0.0,0.0
0.0,0.18863482567633671
0.0,0.0
0.0,0.0
0.0,0.0
0.23786610901689148,2.090812823394253
0.0,0.0
2.2394120322407622,2.6197060161203813
2.2905659092015367,3.7631476548093192
0.0,0.0
0.0,0.0
0.0,1.8936464191677185
0.0,0.4066509536994468
0.0,0.0
0.0,0.0
0.0,0.0
0.0,0.37098667762793547
0.0,0.0
0.0,0.0
4.212579772692409,7.5743723882984515
0.0,0.794288069970717
0.0,0.0
0.0,0.0
0.0,0.15058198131282008
0.0,0.0
0.0,0.0
0.0,0.27627448467332805
0.0,0.0
0.0,0.0
0.0,0.0
0.32260693125262707,1.7500244847204227
0.0,1.3861098225382058
0.0,0.0
0.12325816682467859,2.3200125632614443
0.0,0.0
0.0,0.35352855669147565
1.911897432049988,4.779223544855227
0.0,0.35352855669147565
0.0,0.3758001014846065
0.0,0.0
0.0,0.0
0.0,2.1238690034985486
0.0,0.0
0.0,0.0
0.0,2.4942548859837252
0.0,0.0
0.0,0.0
0.0,0.42058718726989514
1.1188333724639183,3.3318671879247845
0.0,0.5
0.0,0.0
0.0,0.5
2.3317524835680556,3.496371560028203
0.0,0.6792009816135902
0.0,0.0
0.0,0.0
0.0,0.34640057294266363
0.0,-0.24892967905810306
0.0,0.0
0.0,0.0
0.0,0.0
0.4899839797470631,2.6916123768877336
0.4960623344484535,4.026896558126024
0.0,0.0
0.0,0.0
0.0,0.0
1.0014362979730225,1.5007181489865113
0.0,0.4366863591880189
0.7951113639410898,6.388941559400633
0.0,0.0
0.0,0.278756335827108
0.0,0.0
0.0,0.0
0.0,0.0
0.0,0.0
0.06376317946707968,0.7072337879097739
4.769248517635333,24.86438381712998
0.0,0.0
0.0,0.0
0.0,0.0
0.0,0.0
0.0,0.0
0.0,0.0
0.0,0.0
0.0,0.19274448823335347
0.0,0.4988974411869993
0.0,0.0
0.5046383419043878,8.191202097177278
0.0,0.4611389031846912
0.0,0.0
0.0,0.4611389031846912
0.0,0.6544986047914647
0.0,0.43642674553882005
0.0,0.0
0.0,0.3736549054794761
0.0,0.0
0.0,0.0
0.0,0.0
0.0,0.4374323426818097
0.0,0.0
0.0,0.0
0.0,0.6977555807736889
0.5430197549424809,1.4882768676687175
0.0,0.0
0.0,0.4712237654225915
0.0,0.4712237654225915
0.0,0.0
0.0,0.0
0.0,0.4991547598709572
0.0,0.0
3.3382177900383714,8.725833551452379
6.78034073766608,10.977717920852358
7.806762398737958,16.152949296162895
7.264164072378307,11.684870873738852
0.0,0.0
4.553563345367147,9.948646826518676
0.998437706350864,2.601383641108491
0.0,0.38174486005104513
0.0,0.0
0.0,0.0
0.046984364092836434,1.986311069872832
1.6117002200254353,2.1802276772270757
1.75,1.8419438242569508
1.6230737430710722,1.841490002113103
0.0,0.4525388249405241
0.0,0.0
0.0,0.0
0.0,0.0
0.0,0.4302399199959082
0.0,0.0
0.0,0.0
0.0,0.504933470625933
0.0,0.34574494194582994
0.0,0.0
0.0,0.0
0.0,1.2939554568341416
0.0,0.0
0.0,0.0
0.0,0.0
1.0727258293044766,1.5363629146522382
0.0,0.8687391170291292
0.0,0.0
0.0,0.5
0.0,0.5
0.0,-0.0882533476653034
-0.03188841563585994,0.42150786274281693
0.0,0.0
0.27393952824306445,1.4773075017403001
0.0,0.36860976549711716
0.0,0.2578676479410518
0.0,0.0
0.0,0.0
4.743529620812148,10.159128455191775
2.95103383077015,2.975516915385075
